season,week,team,opp,player,attempts,completions,passing_yards,passing_tds,interceptions,sacks,position,carries,rushing_yards,rushing_tds,fumbles_x,fumbles_lost_x,targets,receptions,receiving_yards,receiving_tds,air_yards,fumbles_y,fumbles_lost_y,fantasy_points_ppr,fantasy_points,offense_snaps,offense_pct,defense_snaps,defense_pct,st_snaps,st_pct
2025,1,ARI,NO,E.Higgins,0.0,0.0,0.0,0.0,0.0,0.0,,0.0,0.0,0.0,0.0,0.0,2.0,1.0,3.0,0.0,5.0,0.0,0.0,1.3,0.3,,,,,,
2025,1,ARI,NO,G.Dortch,0.0,0.0,0.0,0.0,0.0,0.0,,0.0,0.0,0.0,0.0,0.0,1.0,1.0,-2.0,0.0,-2.0,0.0,0.0,0.8,-0.2,,,,,,
2025,1,ARI,NO,J.Conner,0.0,0.0,0.0,0.0,0.0,0.0,,12.0,39.0,0.0,0.0,0.0,4.0,4.0,5.0,1.0,-15.0,0.0,0.0,14.4,10.4,,,,,,
2025,1,ARI,NO,K.Murray,34.0,21.0,163.0,2.0,0.0,5.0,QB,7.0,38.0,0.0,0.0,0.0,0.0,0.0,0.0,0.0,0.0,0.0,0.0,18.32,18.32,,,,,,
2025,1,ARI,NO,M.Harrison,0.0,0.0,0.0,0.0,0.0,0.0,,0.0,0.0,0.0,0.0,0.0,6.0,5.0,71.0,1.0,76.0,0.0,0.0,18.1,13.1,,,,,,
2025,1,ARI,NO,Mi.Wilson,0.0,0.0,0.0,0.0,0.0,0.0,,0.0,0.0,0.0,0.0,0.0,4.0,1.0,5.0,0.0,62.0,0.0,0.0,1.5,0.5,,,,,,
2025,1,ARI,NO,T.Benson,0.0,0.0,0.0,0.0,0.0,0.0,,8.0,69.0,0.0,0.0,0.0,1.0,1.0,6.0,0.0,-2.0,0.0,0.0,8.5,7.5,,,,,,
2025,1,ARI,NO,T.McBride,0.0,0.0,0.0,0.0,0.0,0.0,,0.0,0.0,0.0,0.0,0.0,9.0,6.0,61.0,0.0,35.0,0.0,0.0,12.1,6.1,,,,,,
2025,1,ARI,NO,T.Reiman,0.0,0.0,0.0,0.0,0.0,0.0,,0.0,0.0,0.0,0.0,0.0,1.0,1.0,10.0,0.0,5.0,0.0,0.0,2.0,1.0,,,,,,
2025,1,ARI,NO,Z.Jones,0.0,0.0,0.0,0.0,0.0,0.0,,0.0,0.0,0.0,0.0,0.0,1.0,1.0,4.0,0.0,2.0,0.0,0.0,1.4,0.4,,,,,,
2025,1,ATL,TB,B.Robinson,0.0,0.0,0.0,0.0,0.0,0.0,,12.0,24.0,0.0,0.0,0.0,7.0,6.0,100.0,1.0,-9.0,0.0,0.0,24.4,18.4,,,,,,
2025,1,ATL,TB,Cas.Washington,0.0,0.0,0.0,0.0,0.0,0.0,,0.0,0.0,0.0,0.0,0.0,6.0,3.0,33.0,0.0,99.0,0.0,0.0,6.3,3.3,,,,,,
2025,1,ATL,TB,D.London,0.0,0.0,0.0,0.0,0.0,0.0,,0.0,0.0,0.0,0.0,0.0,15.0,8.0,55.0,0.0,99.0,0.0,0.0,13.5,5.5,,,,,,
2025,1,ATL,TB,K.Hodge,0.0,0.0,0.0,0.0,0.0,0.0,,0.0,0.0,0.0,0.0,0.0,1.0,0.0,0.0,0.0,26.0,0.0,0.0,0.0,0.0,,,,,,
2025,1,ATL,TB,K.Pitts,0.0,0.0,0.0,0.0,0.0,0.0,,0.0,0.0,0.0,0.0,0.0,8.0,7.0,59.0,0.0,37.0,0.0,0.0,12.9,5.9,,,,,,
2025,1,ATL,TB,M.Penix,43.0,27.0,298.0,1.0,0.0,1.0,QB,6.0,21.0,1.0,1.0,0.0,0.0,0.0,0.0,0.0,0.0,0.0,0.0,24.02,24.02,,,,,,
2025,1,ATL,TB,R.McCloud,0.0,0.0,0.0,0.0,0.0,0.0,,0.0,0.0,0.0,0.0,0.0,5.0,3.0,51.0,0.0,36.0,0.0,0.0,8.1,5.1,,,,,,
2025,1,ATL,TB,T.Allgeier,0.0,0.0,0.0,0.0,0.0,0.0,,10.0,24.0,0.0,0.0,0.0,0.0,0.0,0.0,0.0,0.0,0.0,0.0,2.4,2.4,,,,,,
2025,1,BAL,BUF,D.Henry,0.0,0.0,0.0,0.0,0.0,0.0,,18.0,169.0,2.0,1.0,1.0,1.0,1.0,13.0,0.0,5.0,0.0,0.0,31.2,30.2,,,,,,
2025,1,BAL,BUF,D.Hopkins,0.0,0.0,0.0,0.0,0.0,0.0,,0.0,0.0,0.0,0.0,0.0,2.0,2.0,35.0,1.0,33.0,0.0,0.0,11.5,9.5,,,,,,
2025,1,BAL,BUF,J.Hill,0.0,0.0,0.0,0.0,0.0,0.0,,2.0,-14.0,0.0,1.0,0.0,2.0,1.0,3.0,0.0,-2.0,0.0,0.0,-0.1,-1.1,,,,,,
2025,1,BAL,BUF,L.Jackson,21.0,14.0,209.0,2.0,0.0,2.0,QB,6.0,70.0,1.0,0.0,0.0,0.0,0.0,0.0,0.0,0.0,0.0,0.0,29.36,29.36,,,,,,
2025,1,BAL,BUF,M.Andrews,0.0,0.0,0.0,0.0,0.0,0.0,,0.0,0.0,0.0,0.0,0.0,1.0,1.0,5.0,0.0,4.0,0.0,0.0,1.5,0.5,,,,,,
2025,1,BAL,BUF,R.Ali,0.0,0.0,0.0,0.0,0.0,0.0,,1.0,5.0,0.0,0.0,0.0,0.0,0.0,0.0,0.0,0.0,0.0,0.0,0.5,0.5,,,,,,
2025,1,BAL,BUF,R.Bateman,0.0,0.0,0.0,0.0,0.0,0.0,,0.0,0.0,0.0,0.0,0.0,4.0,2.0,10.0,0.0,42.0,0.0,0.0,3.0,1.0,,,,,,
2025,1,BAL,BUF,Z.Flowers,0.0,0.0,0.0,0.0,0.0,0.0,,2.0,8.0,0.0,0.0,0.0,9.0,7.0,143.0,1.0,91.0,0.0,0.0,28.1,21.1,,,,,,
2025,1,BUF,BAL,D.Kincaid,0.0,0.0,0.0,0.0,0.0,0.0,,0.0,0.0,0.0,0.0,0.0,5.0,4.0,48.0,1.0,40.0,1.0,0.0,14.8,10.8,,,,,,
2025,1,BUF,BAL,D.Knox,0.0,0.0,0.0,0.0,0.0,0.0,,0.0,0.0,0.0,0.0,0.0,2.0,2.0,20.0,0.0,3.0,0.0,0.0,4.0,2.0,,,,,,
2025,1,BUF,BAL,E.Moore,0.0,0.0,0.0,0.0,0.0,0.0,,1.0,8.0,0.0,0.0,0.0,1.0,1.0,3.0,0.0,3.0,0.0,0.0,2.1,1.1,,,,,,
2025,1,BUF,BAL,J.Allen,50.0,33.0,394.0,2.0,0.0,1.0,QB,14.0,30.0,2.0,0.0,0.0,0.0,0.0,0.0,0.0,0.0,0.0,0.0,38.76,38.76,,,,,,
2025,1,BUF,BAL,J.Cook,0.0,0.0,0.0,0.0,0.0,0.0,,13.0,44.0,1.0,0.0,0.0,5.0,5.0,58.0,0.0,-6.0,0.0,0.0,21.2,16.2,,,,,,
2025,1,BUF,BAL,J.Hawes,0.0,0.0,0.0,0.0,0.0,0.0,,0.0,0.0,0.0,0.0,0.0,1.0,1.0,29.0,0.0,26.0,0.0,0.0,3.9,2.9,,,,,,
2025,1,BUF,BAL,J.Palmer,0.0,0.0,0.0,0.0,0.0,0.0,,0.0,0.0,0.0,0.0,0.0,9.0,5.0,61.0,0.0,115.0,0.0,0.0,11.1,6.1,,,,,,
2025,1,BUF,BAL,K.Coleman,0.0,0.0,0.0,0.0,0.0,0.0,,0.0,0.0,0.0,0.0,0.0,13.0,8.0,112.0,1.0,132.0,0.0,0.0,25.2,17.2,,,,,,
2025,1,BUF,BAL,K.Shakir,0.0,0.0,0.0,0.0,0.0,0.0,,0.0,0.0,0.0,0.0,0.0,9.0,6.0,64.0,0.0,85.0,0.0,0.0,12.4,6.4,,,,,,
2025,1,BUF,BAL,R.Davis,0.0,0.0,0.0,0.0,0.0,0.0,,1.0,2.0,0.0,0.0,0.0,1.0,1.0,-1.0,0.0,-7.0,0.0,0.0,1.1,0.1,,,,,,
2025,1,BUF,BAL,Ty.Johnson,0.0,0.0,0.0,0.0,0.0,0.0,,2.0,24.0,0.0,0.0,0.0,2.0,0.0,0.0,0.0,9.0,0.0,0.0,2.4,2.4,,,,,,
2025,1,CAR,JAX,B.Young,36.0,18.0,154.0,1.0,2.0,1.0,QB,5.0,40.0,0.0,1.0,1.0,0.0,0.0,0.0,0.0,0.0,0.0,0.0,12.16,12.16,,,,,,
2025,1,CAR,JAX,C.Hubbard,0.0,0.0,0.0,0.0,0.0,0.0,,16.0,57.0,0.0,0.0,0.0,5.0,3.0,32.0,1.0,-14.0,0.0,0.0,17.9,14.9,,,,,,
2025,1,CAR,JAX,H.Renfrow,0.0,0.0,0.0,0.0,0.0,0.0,,0.0,0.0,0.0,0.0,0.0,6.0,2.0,11.0,0.0,66.0,0.0,0.0,3.1,1.1,,,,,,
2025,1,CAR,JAX,J.Sanders,0.0,0.0,0.0,0.0,0.0,0.0,,0.0,0.0,0.0,0.0,0.0,3.0,2.0,27.0,0.0,41.0,0.0,0.0,4.7,2.7,,,,,,
2025,1,CAR,JAX,R.Dowdle,0.0,0.0,0.0,0.0,0.0,0.0,,3.0,12.0,0.0,0.0,0.0,3.0,2.0,4.0,0.0,-1.0,0.0,0.0,3.6,1.6,,,,,,
2025,1,CAR,JAX,T.Etienne,0.0,0.0,0.0,0.0,0.0,0.0,,1.0,4.0,0.0,0.0,0.0,0.0,0.0,0.0,0.0,0.0,0.0,0.0,0.4,0.4,,,,,,
2025,1,CAR,JAX,T.McMillan,0.0,0.0,0.0,0.0,0.0,0.0,,0.0,0.0,0.0,0.0,0.0,9.0,5.0,68.0,0.0,104.0,0.0,0.0,11.8,6.8,,,,,,
2025,1,CAR,JAX,T.Tremble,0.0,0.0,0.0,0.0,0.0,0.0,,0.0,0.0,0.0,0.0,0.0,1.0,1.0,2.0,0.0,0.0,0.0,0.0,1.2,0.2,,,,,,
2025,1,CAR,JAX,X.Legette,0.0,0.0,0.0,0.0,0.0,0.0,,0.0,0.0,0.0,0.0,0.0,7.0,3.0,10.0,0.0,61.0,0.0,0.0,4.0,1.0,,,,,,
2025,1,CHI,MIN,C.Kmet,0.0,0.0,0.0,0.0,0.0,0.0,,0.0,0.0,0.0,0.0,0.0,4.0,1.0,31.0,0.0,57.0,0.0,0.0,4.1,3.1,,,,,,
2025,1,CHI,MIN,C.Loveland,0.0,0.0,0.0,0.0,0.0,0.0,,0.0,0.0,0.0,0.0,0.0,2.0,2.0,12.0,0.0,5.0,0.0,0.0,3.2,1.2,,,,,,
2025,1,CHI,MIN,C.Williams,37.0,21.0,210.0,1.0,0.0,2.0,QB,6.0,58.0,1.0,0.0,0.0,0.0,0.0,0.0,0.0,0.0,0.0,0.0,24.2,24.2,,,,,,
2025,1,CHI,MIN,D.Moore,0.0,0.0,0.0,0.0,0.0,0.0,,3.0,8.0,0.0,0.0,0.0,5.0,3.0,57.0,0.0,94.0,0.0,0.0,9.5,6.5,,,,,,
2025,1,CHI,MIN,D.Swift,0.0,0.0,0.0,0.0,0.0,0.0,,17.0,53.0,0.0,0.0,0.0,5.0,3.0,12.0,0.0,-3.0,0.0,0.0,9.5,6.5,,,,,,
2025,1,CHI,MIN,K.Monangai,0.0,0.0,0.0,0.0,0.0,0.0,,0.0,0.0,0.0,0.0,0.0,1.0,1.0,11.0,0.0,5.0,0.0,0.0,2.1,1.1,,,,,,
2025,1,CHI,MIN,L.Burden,0.0,0.0,0.0,0.0,0.0,0.0,,0.0,0.0,0.0,0.0,0.0,1.0,1.0,-3.0,0.0,-5.0,0.0,0.0,0.7,-0.3,,,,,,
2025,1,CHI,MIN,O.Zaccheaus,0.0,0.0,0.0,0.0,0.0,0.0,,0.0,0.0,0.0,0.0,0.0,7.0,4.0,42.0,0.0,59.0,0.0,0.0,8.2,4.2,,,,,,
2025,1,CHI,MIN,R.Odunze,0.0,0.0,0.0,0.0,0.0,0.0,,0.0,0.0,0.0,0.0,0.0,9.0,6.0,37.0,1.0,55.0,1.0,1.0,15.7,9.7,,,,,,
2025,1,CIN,CLE,C.Brown,0.0,0.0,0.0,0.0,0.0,0.0,,21.0,43.0,1.0,0.0,0.0,3.0,2.0,8.0,0.0,0.0,0.0,0.0,13.1,11.1,,,,,,
2025,1,CIN,CLE,D.Sample,0.0,0.0,0.0,0.0,0.0,0.0,,0.0,0.0,0.0,0.0,0.0,1.0,0.0,0.0,0.0,2.0,0.0,0.0,0.0,0.0,,,,,,
2025,1,CIN,CLE,J.Burrow,26.0,14.0,113.0,1.0,0.0,3.0,QB,2.0,3.0,0.0,0.0,0.0,0.0,0.0,0.0,0.0,0.0,0.0,0.0,8.82,8.82,,,,,,
2025,1,CIN,CLE,J.Chase,0.0,0.0,0.0,0.0,0.0,0.0,,0.0,0.0,0.0,0.0,0.0,5.0,2.0,26.0,0.0,88.0,0.0,0.0,4.6,2.6,,,,,,
2025,1,CIN,CLE,M.Gesicki,0.0,0.0,0.0,0.0,0.0,0.0,,0.0,0.0,0.0,0.0,0.0,3.0,1.0,14.0,0.0,26.0,0.0,0.0,2.4,1.4,,,,,,
2025,1,CIN,CLE,N.Fant,0.0,0.0,0.0,0.0,0.0,0.0,,0.0,0.0,0.0,0.0,0.0,5.0,4.0,26.0,1.0,2.0,0.0,0.0,12.6,8.6,,,,,,
2025,1,CIN,CLE,S.Perine,0.0,0.0,0.0,0.0,0.0,0.0,,0.0,0.0,0.0,0.0,0.0,2.0,2.0,6.0,0.0,2.0,0.0,0.0,2.6,0.6,,,,,,
2025,1,CIN,CLE,T.Higgins,0.0,0.0,0.0,0.0,0.0,0.0,,0.0,0.0,0.0,0.0,0.0,4.0,3.0,33.0,0.0,49.0,0.0,0.0,6.3,3.3,,,,,,
2025,1,CLE,CIN,C.Tillman,0.0,0.0,0.0,0.0,0.0,0.0,,0.0,0.0,0.0,0.0,0.0,8.0,5.0,52.0,1.0,67.0,0.0,0.0,16.2,11.2,,,,,,
2025,1,CLE,CIN,D.Njoku,0.0,0.0,0.0,0.0,0.0,0.0,,0.0,0.0,0.0,0.0,0.0,6.0,3.0,37.0,0.0,41.0,0.0,0.0,6.7,3.7,,,,,,
2025,1,CLE,CIN,D.Sampson,0.0,0.0,0.0,0.0,0.0,0.0,,12.0,29.0,0.0,0.0,0.0,8.0,8.0,64.0,0.0,-25.0,0.0,0.0,17.3,9.3,,,,,,
2025,1,CLE,CIN,H.Fannin,0.0,0.0,0.0,0.0,0.0,0.0,,1.0,3.0,0.0,0.0,0.0,9.0,7.0,63.0,0.0,65.0,0.0,0.0,13.6,6.6,,,,,,
2025,1,CLE,CIN,I.Bond,0.0,0.0,0.0,0.0,0.0,0.0,,0.0,0.0,0.0,0.0,0.0,1.0,1.0,5.0,0.0,-4.0,0.0,0.0,1.5,0.5,,,,,,
2025,1,CLE,CIN,J.Flacco,47.0,31.0,290.0,1.0,2.0,2.0,QB,2.0,6.0,0.0,0.0,0.0,0.0,0.0,0.0,0.0,0.0,0.0,0.0,14.2,14.2,,,,,,
2025,1,CLE,CIN,J.Ford,0.0,0.0,0.0,0.0,0.0,0.0,,6.0,8.0,0.0,0.0,0.0,1.0,1.0,-3.0,0.0,-5.0,0.0,0.0,1.5,0.5,,,,,,
2025,1,CLE,CIN,J.Jeudy,0.0,0.0,0.0,0.0,0.0,0.0,,0.0,0.0,0.0,0.0,0.0,8.0,5.0,66.0,0.0,97.0,0.0,0.0,11.6,6.6,,,,,,
2025,1,CLE,CIN,J.Thrash,0.0,0.0,0.0,0.0,0.0,0.0,,0.0,0.0,0.0,0.0,0.0,1.0,1.0,6.0,0.0,6.0,0.0,0.0,1.6,0.6,,,,,,
2025,1,CLE,CIN,R.Sanders,0.0,0.0,0.0,0.0,0.0,0.0,,3.0,3.0,1.0,0.0,0.0,0.0,0.0,0.0,0.0,0.0,0.0,0.0,6.3,6.3,,,,,,
2025,1,DAL,PHI,B.Spann-Ford,0.0,0.0,0.0,0.0,0.0,0.0,,0.0,0.0,0.0,0.0,0.0,1.0,0.0,0.0,0.0,26.0,0.0,0.0,0.0,0.0,,,,,,
2025,1,DAL,PHI,C.Lamb,0.0,0.0,0.0,0.0,0.0,0.0,,0.0,0.0,0.0,0.0,0.0,13.0,7.0,110.0,0.0,182.0,0.0,0.0,18.0,11.0,,,,,,
2025,1,DAL,PHI,D.Prescott,34.0,21.0,188.0,0.0,0.0,0.0,QB,1.0,3.0,0.0,0.0,0.0,0.0,0.0,0.0,0.0,0.0,0.0,0.0,7.82,7.82,,,,,,
2025,1,DAL,PHI,G.Pickens,0.0,0.0,0.0,0.0,0.0,0.0,,0.0,0.0,0.0,0.0,0.0,4.0,3.0,30.0,0.0,52.0,0.0,0.0,6.0,3.0,,,,,,
2025,1,DAL,PHI,J.Ferguson,0.0,0.0,0.0,0.0,0.0,0.0,,0.0,0.0,0.0,0.0,0.0,6.0,5.0,23.0,0.0,35.0,0.0,0.0,7.3,2.3,,,,,,
2025,1,DAL,PHI,J.Tolbert,0.0,0.0,0.0,0.0,0.0,0.0,,0.0,0.0,0.0,0.0,0.0,2.0,1.0,0.0,0.0,9.0,0.0,0.0,1.0,0.0,,,,,,
2025,1,DAL,PHI,J.Williams,0.0,0.0,0.0,0.0,0.0,0.0,,15.0,54.0,2.0,0.0,0.0,3.0,2.0,10.0,0.0,3.0,0.0,0.0,20.4,18.4,,,,,,
2025,1,DAL,PHI,K.Turpin,0.0,0.0,0.0,0.0,0.0,0.0,,2.0,9.0,0.0,0.0,0.0,2.0,2.0,18.0,0.0,7.0,0.0,0.0,4.7,2.7,,,,,,
2025,1,DAL,PHI,L.Schoonmaker,0.0,0.0,0.0,0.0,0.0,0.0,,0.0,0.0,0.0,0.0,0.0,1.0,0.0,0.0,0.0,22.0,0.0,0.0,0.0,0.0,,,,,,
2025,1,DAL,PHI,M.Sanders,0.0,0.0,0.0,0.0,0.0,0.0,,4.0,53.0,0.0,1.0,1.0,1.0,1.0,-3.0,0.0,-5.0,0.0,0.0,6.0,5.0,,,,,,
2025,1,DEN,TEN,A.Prentice,0.0,0.0,0.0,0.0,0.0,0.0,,0.0,0.0,0.0,0.0,0.0,1.0,1.0,4.0,0.0,0.0,0.0,0.0,1.4,0.4,,,,,,
2025,1,DEN,TEN,A.Trautman,0.0,0.0,0.0,0.0,0.0,0.0,,0.0,0.0,0.0,0.0,0.0,1.0,1.0,5.0,0.0,5.0,0.0,0.0,1.5,0.5,,,,,,
2025,1,DEN,TEN,B.Nix,41.0,25.0,176.0,1.0,2.0,1.0,QB,8.0,18.0,0.0,0.0,0.0,0.0,0.0,0.0,0.0,0.0,0.0,0.0,10.84,10.84,,,,,,
2025,1,DEN,TEN,C.Sutton,0.0,0.0,0.0,0.0,0.0,0.0,,0.0,0.0,0.0,0.0,0.0,9.0,6.0,61.0,1.0,107.0,0.0,0.0,18.1,12.1,,,,,,
2025,1,DEN,TEN,E.Engram,0.0,0.0,0.0,0.0,0.0,0.0,,0.0,0.0,0.0,0.0,0.0,4.0,3.0,21.0,0.0,10.0,0.0,0.0,5.1,2.1,,,,,,
2025,1,DEN,TEN,J.Dobbins,0.0,0.0,0.0,0.0,0.0,0.0,,16.0,63.0,1.0,0.0,0.0,2.0,2.0,5.0,0.0,-3.0,0.0,0.0,14.8,12.8,,,,,,
2025,1,DEN,TEN,L.Krull,0.0,0.0,0.0,0.0,0.0,0.0,,0.0,0.0,0.0,0.0,0.0,2.0,1.0,6.0,0.0,9.0,0.0,0.0,1.6,0.6,,,,,,
2025,1,DEN,TEN,M.Mims,0.0,0.0,0.0,0.0,0.0,0.0,,0.0,0.0,0.0,0.0,0.0,4.0,3.0,12.0,0.0,35.0,0.0,0.0,4.2,1.2,,,,,,
2025,1,DEN,TEN,R.Harvey,0.0,0.0,0.0,0.0,0.0,0.0,,6.0,70.0,0.0,0.0,0.0,1.0,1.0,-1.0,0.0,-2.0,0.0,0.0,7.9,6.9,,,,,,
2025,1,DEN,TEN,T.Badie,0.0,0.0,0.0,0.0,0.0,0.0,,0.0,0.0,0.0,0.0,0.0,6.0,2.0,16.0,0.0,18.0,0.0,0.0,3.6,1.6,,,,,,
2025,1,DEN,TEN,T.Franklin,0.0,0.0,0.0,0.0,0.0,0.0,,0.0,0.0,0.0,0.0,0.0,6.0,4.0,44.0,0.0,45.0,0.0,0.0,8.4,4.4,,,,,,
2025,1,DEN,TEN,T.Sherfield,0.0,0.0,0.0,0.0,0.0,0.0,,0.0,0.0,0.0,0.0,0.0,1.0,1.0,3.0,0.0,-2.0,0.0,0.0,1.3,0.3,,,,,,
2025,1,DET,GB,A.St. Brown,0.0,0.0,0.0,0.0,0.0,0.0,,0.0,0.0,0.0,0.0,0.0,6.0,4.0,45.0,0.0,53.0,0.0,0.0,8.5,4.5,,,,,,
2025,1,DET,GB,D.Montgomery,0.0,0.0,0.0,0.0,0.0,0.0,,11.0,25.0,0.0,0.0,0.0,4.0,4.0,18.0,0.0,4.0,0.0,0.0,8.3,4.3,,,,,,
2025,1,DET,GB,I.TeSlaa,0.0,0.0,0.0,0.0,0.0,0.0,,0.0,0.0,0.0,0.0,0.0,1.0,1.0,13.0,1.0,13.0,0.0,0.0,8.3,7.3,,,,,,
2025,1,DET,GB,J.Gibbs,0.0,0.0,0.0,0.0,0.0,0.0,,9.0,19.0,0.0,0.0,0.0,10.0,10.0,31.0,0.0,0.0,0.0,0.0,15.0,5.0,,,,,,
2025,1,DET,GB,J.Goff,43.0,31.0,225.0,1.0,1.0,4.0,QB,1.0,-1.0,0.0,0.0,0.0,0.0,0.0,0.0,0.0,0.0,0.0,0.0,11.9,11.9,,,,,,
2025,1,DET,GB,J.Williams,0.0,0.0,0.0,0.0,0.0,0.0,,1.0,3.0,0.0,0.0,0.0,5.0,4.0,23.0,0.0,26.0,0.0,0.0,6.6,2.6,,,,,,
2025,1,DET,GB,K.Raymond,0.0,0.0,0.0,0.0,0.0,0.0,,0.0,0.0,0.0,0.0,0.0,3.0,2.0,16.0,0.0,23.0,0.0,0.0,3.6,1.6,,,,,,
2025,1,DET,GB,S.LaPorta,0.0,0.0,0.0,0.0,0.0,0.0,,0.0,0.0,0.0,0.0,0.0,9.0,6.0,79.0,0.0,45.0,0.0,0.0,13.9,7.9,,,,,,
2025,1,GB,DET,C.Brooks,0.0,0.0,0.0,0.0,0.0,0.0,,1.0,1.0,0.0,0.0,0.0,1.0,1.0,2.0,0.0,2.0,0.0,0.0,1.3,0.3,,,,,,
2025,1,GB,DET,D.Wicks,0.0,0.0,0.0,0.0,0.0,0.0,,0.0,0.0,0.0,0.0,0.0,2.0,2.0,30.0,0.0,27.0,0.0,0.0,5.0,3.0,,,,,,
2025,1,GB,DET,E.Wilson,0.0,0.0,0.0,0.0,0.0,0.0,,1.0,4.0,0.0,0.0,0.0,0.0,0.0,0.0,0.0,0.0,0.0,0.0,0.4,0.4,,,,,,
2025,1,GB,DET,J.FitzPatrick,0.0,0.0,0.0,0.0,0.0,0.0,,0.0,0.0,0.0,0.0,0.0,1.0,1.0,2.0,0.0,2.0,0.0,0.0,1.2,0.2,,,,,,
2025,1,GB,DET,J.Jacobs,0.0,0.0,0.0,0.0,0.0,0.0,,19.0,66.0,1.0,0.0,0.0,1.0,1.0,4.0,0.0,1.0,0.0,0.0,14.0,13.0,,,,,,
2025,1,GB,DET,J.Love,22.0,16.0,188.0,2.0,0.0,0.0,QB,3.0,4.0,0.0,0.0,0.0,0.0,0.0,0.0,0.0,0.0,0.0,0.0,15.92,15.92,,,,,,
2025,1,GB,DET,J.Reed,0.0,0.0,0.0,0.0,0.0,0.0,,0.0,0.0,0.0,0.0,0.0,5.0,3.0,45.0,1.0,70.0,0.0,0.0,13.5,10.5,,,,,,
2025,1,GB,DET,L.Musgrave,0.0,0.0,0.0,0.0,0.0,0.0,,0.0,0.0,0.0,0.0,0.0,1.0,1.0,4.0,0.0,1.0,0.0,0.0,1.4,0.4,,,,,,
2025,1,GB,DET,M.Golden,0.0,0.0,0.0,0.0,0.0,0.0,,0.0,0.0,0.0,0.0,0.0,2.0,2.0,16.0,0.0,10.0,0.0,0.0,3.6,1.6,,,,,,
2025,1,GB,DET,R.Doubs,0.0,0.0,0.0,0.0,0.0,0.0,,0.0,0.0,0.0,0.0,0.0,4.0,2.0,68.0,0.0,92.0,0.0,0.0,8.8,6.8,,,,,,
2025,1,GB,DET,S.Williams,0.0,0.0,0.0,0.0,0.0,0.0,,0.0,0.0,0.0,0.0,0.0,1.0,1.0,1.0,0.0,-3.0,0.0,0.0,1.1,0.1,,,,,,
2025,1,GB,DET,T.Kraft,0.0,0.0,0.0,0.0,0.0,0.0,,1.0,3.0,0.0,0.0,0.0,4.0,2.0,16.0,1.0,51.0,0.0,0.0,9.9,7.9,,,,,,
2025,1,HOU,LA,C.Stover,0.0,0.0,0.0,0.0,0.0,0.0,,0.0,0.0,0.0,0.0,0.0,4.0,4.0,22.0,0.0,9.0,0.0,0.0,6.2,2.2,,,,,,
2025,1,HOU,LA,C.Stroud,30.0,19.0,188.0,0.0,1.0,3.0,QB,5.0,32.0,0.0,0.0,0.0,0.0,0.0,0.0,0.0,0.0,0.0,0.0,9.72,9.72,,,,,,
2025,1,HOU,LA,D.Ogunbowale,0.0,0.0,0.0,0.0,0.0,0.0,,2.0,9.0,0.0,0.0,0.0,2.0,2.0,17.0,0.0,5.0,1.0,1.0,4.6,2.6,,,,,,
2025,1,HOU,LA,D.Pierce,0.0,0.0,0.0,0.0,0.0,0.0,,3.0,5.0,0.0,0.0,0.0,1.0,0.0,0.0,0.0,-4.0,0.0,0.0,0.5,0.5,,,,,,
2025,1,HOU,LA,D.Schultz,0.0,0.0,0.0,0.0,0.0,0.0,,0.0,0.0,0.0,0.0,0.0,5.0,3.0,28.0,0.0,25.0,0.0,0.0,5.8,2.8,,,,,,
2025,1,HOU,LA,J.Higgins,0.0,0.0,0.0,0.0,0.0,0.0,,0.0,0.0,0.0,0.0,0.0,3.0,2.0,32.0,0.0,52.0,0.0,0.0,5.2,3.2,,,,,,
2025,1,HOU,LA,J.Noel,0.0,0.0,0.0,0.0,0.0,0.0,,0.0,0.0,0.0,0.0,0.0,2.0,1.0,7.0,0.0,2.0,0.0,0.0,1.7,0.7,,,,,,
2025,1,HOU,LA,J.Watson,0.0,0.0,0.0,0.0,0.0,0.0,,0.0,0.0,0.0,0.0,0.0,2.0,2.0,27.0,0.0,14.0,0.0,0.0,4.7,2.7,,,,,,
2025,1,HOU,LA,N.Chubb,0.0,0.0,0.0,0.0,0.0,0.0,,13.0,60.0,0.0,0.0,0.0,1.0,0.0,0.0,0.0,5.0,0.0,0.0,6.0,6.0,,,,,,
2025,1,HOU,LA,N.Collins,0.0,0.0,0.0,0.0,0.0,0.0,,0.0,0.0,0.0,0.0,0.0,5.0,3.0,25.0,0.0,35.0,0.0,0.0,5.5,2.5,,,,,,
2025,1,HOU,LA,W.Marks,0.0,0.0,0.0,0.0,0.0,0.0,,3.0,3.0,0.0,0.0,0.0,0.0,0.0,0.0,0.0,0.0,0.0,0.0,0.3,0.3,,,,,,
2025,1,HOU,LA,X.Hutchinson,0.0,0.0,0.0,0.0,0.0,0.0,,1.0,5.0,0.0,0.0,0.0,2.0,2.0,30.0,0.0,29.0,0.0,0.0,5.5,3.5,,,,,,
2025,1,IND,MIA,A.Dulin,0.0,0.0,0.0,0.0,0.0,0.0,,1.0,15.0,0.0,0.0,0.0,0.0,0.0,0.0,0.0,0.0,0.0,0.0,1.5,1.5,,,,,,
2025,1,IND,MIA,A.Mitchell,0.0,0.0,0.0,0.0,0.0,0.0,,0.0,0.0,0.0,0.0,0.0,2.0,2.0,21.0,0.0,21.0,0.0,0.0,4.1,2.1,,,,,,
2025,1,IND,MIA,A.Pierce,0.0,0.0,0.0,0.0,0.0,0.0,,0.0,0.0,0.0,0.0,0.0,3.0,1.0,36.0,0.0,61.0,0.0,0.0,4.6,3.6,,,,,,
2025,1,IND,MIA,D.Giddens,0.0,0.0,0.0,0.0,0.0,0.0,,12.0,41.0,0.0,0.0,0.0,0.0,0.0,0.0,0.0,0.0,0.0,0.0,4.1,4.1,,,,,,
2025,1,IND,MIA,D.Jones,30.0,22.0,272.0,1.0,0.0,1.0,QB,7.0,26.0,2.0,0.0,0.0,0.0,0.0,0.0,0.0,0.0,0.0,0.0,29.48,29.48,,,,,,
2025,1,IND,MIA,J.Downs,0.0,0.0,0.0,0.0,0.0,0.0,,0.0,0.0,0.0,0.0,0.0,3.0,2.0,12.0,0.0,13.0,0.0,0.0,3.2,1.2,,,,,,
2025,1,IND,MIA,J.Taylor,0.0,0.0,0.0,0.0,0.0,0.0,,18.0,71.0,0.0,0.0,0.0,3.0,3.0,27.0,0.0,-2.0,0.0,0.0,12.8,9.8,,,,,,
2025,1,IND,MIA,M.Alie-Cox,0.0,0.0,0.0,0.0,0.0,0.0,,0.0,0.0,0.0,0.0,0.0,1.0,1.0,20.0,0.0,2.0,0.0,0.0,3.0,2.0,,,,,,
2025,1,IND,MIA,M.Pittman,0.0,0.0,0.0,0.0,0.0,0.0,,0.0,0.0,0.0,0.0,0.0,8.0,6.0,80.0,1.0,54.0,0.0,0.0,20.0,14.0,,,,,,
2025,1,IND,MIA,T.Warren,0.0,0.0,0.0,0.0,0.0,0.0,,1.0,3.0,0.0,0.0,0.0,9.0,7.0,76.0,0.0,47.0,0.0,0.0,14.9,7.9,,,,,,
2025,1,IND,MIA,U.Bentley,0.0,0.0,0.0,0.0,0.0,0.0,,1.0,0.0,0.0,0.0,0.0,0.0,0.0,0.0,0.0,0.0,0.0,0.0,0.0,0.0,,,,,,
2025,1,JAX,CAR,B.Strange,0.0,0.0,0.0,0.0,0.0,0.0,,0.0,0.0,0.0,0.0,0.0,4.0,4.0,59.0,0.0,36.0,0.0,0.0,9.9,5.9,,,,,,
2025,1,JAX,CAR,B.Thomas,0.0,0.0,0.0,0.0,0.0,0.0,,1.0,9.0,1.0,0.0,0.0,7.0,1.0,11.0,0.0,92.0,0.0,0.0,9.0,8.0,,,,,,
2025,1,JAX,CAR,B.Tuten,0.0,0.0,0.0,0.0,0.0,0.0,,3.0,11.0,0.0,0.0,0.0,0.0,0.0,0.0,0.0,0.0,0.0,0.0,1.1,1.1,,,,,,
2025,1,JAX,CAR,D.Brown,0.0,0.0,0.0,0.0,0.0,0.0,,2.0,6.0,0.0,0.0,0.0,4.0,3.0,52.0,0.0,54.0,0.0,0.0,8.8,5.8,,,,,,
2025,1,JAX,CAR,H.Long,0.0,0.0,0.0,0.0,0.0,0.0,,0.0,0.0,0.0,0.0,0.0,1.0,1.0,6.0,1.0,6.0,0.0,0.0,7.6,6.6,,,,,,
2025,1,JAX,CAR,J.Mundt,0.0,0.0,0.0,0.0,0.0,0.0,,0.0,0.0,0.0,0.0,0.0,1.0,0.0,0.0,0.0,-3.0,0.0,0.0,0.0,0.0,,,,,,
2025,1,JAX,CAR,L.Allen,0.0,0.0,0.0,0.0,0.0,0.0,,1.0,7.0,0.0,0.0,0.0,1.0,1.0,4.0,0.0,-4.0,0.0,0.0,2.1,1.1,,,,,,
2025,1,JAX,CAR,T.Bigsby,0.0,0.0,0.0,0.0,0.0,0.0,,5.0,12.0,0.0,0.0,0.0,0.0,0.0,0.0,0.0,0.0,0.0,0.0,1.2,1.2,,,,,,
2025,1,JAX,CAR,T.Etienne,0.0,0.0,0.0,0.0,0.0,0.0,,16.0,143.0,0.0,0.0,0.0,3.0,3.0,13.0,0.0,-10.0,0.0,0.0,18.6,15.6,,,,,,
2025,1,JAX,CAR,T.Hunter,0.0,0.0,0.0,0.0,0.0,0.0,,0.0,0.0,0.0,0.0,0.0,8.0,6.0,33.0,0.0,59.0,0.0,0.0,9.3,3.3,,,,,,
2025,1,JAX,CAR,T.Lawrence,31.0,19.0,178.0,1.0,1.0,0.0,QB,4.0,12.0,0.0,0.0,0.0,0.0,0.0,0.0,0.0,0.0,0.0,0.0,11.32,11.32,,,,,,
2025,1,KC,LAC,I.Pacheco,0.0,0.0,0.0,0.0,0.0,0.0,,5.0,25.0,0.0,0.0,0.0,3.0,2.0,3.0,0.0,-12.0,0.0,0.0,4.8,2.8,,,,,,
2025,1,KC,LAC,J.Brownlee,0.0,0.0,0.0,0.0,0.0,0.0,,0.0,0.0,0.0,0.0,0.0,1.0,0.0,0.0,0.0,9.0,0.0,0.0,0.0,0.0,,,,,,
2025,1,KC,LAC,J.Smith-Schuster,0.0,0.0,0.0,0.0,0.0,0.0,,0.0,0.0,0.0,0.0,0.0,5.0,5.0,55.0,0.0,29.0,0.0,0.0,10.5,5.5,,,,,,
2025,1,KC,LAC,K.Hunt,0.0,0.0,0.0,0.0,0.0,0.0,,5.0,16.0,0.0,0.0,0.0,3.0,2.0,10.0,0.0,-2.0,0.0,0.0,4.6,2.6,,,,,,
2025,1,KC,LAC,M.Brown,0.0,0.0,0.0,0.0,0.0,0.0,,0.0,0.0,0.0,0.0,0.0,16.0,10.0,99.0,0.0,101.0,1.0,0.0,19.9,9.9,,,,,,
2025,1,KC,LAC,N.Gray,0.0,0.0,0.0,0.0,0.0,0.0,,0.0,0.0,0.0,0.0,0.0,2.0,1.0,3.0,0.0,3.0,0.0,0.0,1.3,0.3,,,,,,
2025,1,KC,LAC,P.Mahomes,42.0,24.0,258.0,1.0,0.0,2.0,QB,6.0,57.0,1.0,0.0,0.0,0.0,0.0,0.0,0.0,0.0,0.0,0.0,26.02,26.02,,,,,,
2025,1,KC,LAC,T.Kelce,0.0,0.0,0.0,0.0,0.0,0.0,,0.0,0.0,0.0,0.0,0.0,4.0,2.0,47.0,1.0,24.0,0.0,0.0,12.7,10.7,,,,,,
2025,1,KC,LAC,T.Thornton,0.0,0.0,0.0,0.0,0.0,0.0,,0.0,0.0,0.0,0.0,0.0,4.0,2.0,41.0,0.0,115.0,0.0,0.0,6.1,4.1,,,,,,
2025,1,KC,LAC,X.Worthy,0.0,0.0,0.0,0.0,0.0,0.0,,1.0,0.0,0.0,0.0,0.0,1.0,0.0,0.0,0.0,4.0,0.0,0.0,0.0,0.0,,,,,,
2025,1,LA,HOU,B.Corum,0.0,0.0,0.0,0.0,0.0,0.0,,1.0,2.0,0.0,0.0,0.0,1.0,1.0,14.0,0.0,-2.0,0.0,0.0,2.6,1.6,,,,,,
2025,1,LA,HOU,C.Parkinson,0.0,0.0,0.0,0.0,0.0,0.0,,0.0,0.0,0.0,0.0,0.0,2.0,2.0,-6.0,0.0,0.0,1.0,1.0,1.4,-0.6,,,,,,
2025,1,LA,HOU,D.Adams,0.0,0.0,0.0,0.0,0.0,0.0,,0.0,0.0,0.0,0.0,0.0,8.0,4.0,51.0,0.0,70.0,0.0,0.0,9.1,5.1,,,,,,
2025,1,LA,HOU,D.Allen,0.0,0.0,0.0,0.0,0.0,0.0,,0.0,0.0,0.0,0.0,0.0,2.0,1.0,13.0,1.0,35.0,0.0,0.0,8.3,7.3,,,,,,
2025,1,LA,HOU,J.Whittington,0.0,0.0,0.0,0.0,0.0,0.0,,1.0,5.0,0.0,0.0,0.0,0.0,0.0,0.0,0.0,0.0,0.0,0.0,0.5,0.5,,,,,,
2025,1,LA,HOU,K.Williams,0.0,0.0,0.0,0.0,0.0,0.0,,18.0,66.0,1.0,0.0,0.0,2.0,1.0,3.0,0.0,-12.0,0.0,0.0,13.9,12.9,,,,,,
2025,1,LA,HOU,M.Stafford,32.0,21.0,245.0,1.0,0.0,3.0,QB,4.0,-2.0,0.0,1.0,0.0,0.0,0.0,0.0,0.0,0.0,0.0,0.0,13.6,13.6,,,,,,
2025,1,LA,HOU,P.Nacua,0.0,0.0,0.0,0.0,0.0,0.0,,1.0,1.0,0.0,0.0,0.0,11.0,10.0,130.0,0.0,98.0,0.0,0.0,23.1,13.1,,,,,,
2025,1,LA,HOU,T.Atwell,0.0,0.0,0.0,0.0,0.0,0.0,,0.0,0.0,0.0,0.0,0.0,1.0,1.0,4.0,0.0,4.0,0.0,0.0,1.4,0.4,,,,,,
2025,1,LA,HOU,X.Smith,0.0,0.0,0.0,0.0,0.0,0.0,,0.0,0.0,0.0,0.0,0.0,1.0,1.0,36.0,0.0,36.0,0.0,0.0,4.6,3.6,,,,,,
2025,1,LAC,KC,D.Davis,0.0,0.0,0.0,0.0,0.0,0.0,,1.0,3.0,0.0,0.0,0.0,0.0,0.0,0.0,0.0,0.0,0.0,0.0,0.3,0.3,,,,,,
2025,1,LAC,KC,J.Herbert,37.0,25.0,318.0,3.0,0.0,3.0,QB,7.0,32.0,0.0,0.0,0.0,0.0,0.0,0.0,0.0,0.0,0.0,0.0,27.92,27.92,,,,,,
2025,1,LAC,KC,K.Allen,0.0,0.0,0.0,0.0,0.0,0.0,,0.0,0.0,0.0,0.0,0.0,10.0,7.0,68.0,1.0,89.0,0.0,0.0,19.8,12.8,,,,,,
2025,1,LAC,KC,K.Lambert-Smith,0.0,0.0,0.0,0.0,0.0,0.0,,0.0,0.0,0.0,0.0,0.0,1.0,0.0,0.0,0.0,30.0,0.0,0.0,0.0,0.0,,,,,,
2025,1,LAC,KC,L.McConkey,0.0,0.0,0.0,0.0,0.0,0.0,,0.0,0.0,0.0,0.0,0.0,9.0,6.0,74.0,0.0,97.0,0.0,0.0,13.4,7.4,,,,,,
2025,1,LAC,KC,N.Harris,0.0,0.0,0.0,0.0,0.0,0.0,,1.0,5.0,0.0,0.0,0.0,1.0,1.0,5.0,0.0,5.0,0.0,0.0,2.0,1.0,,,,,,
2025,1,LAC,KC,O.Hampton,0.0,0.0,0.0,0.0,0.0,0.0,,15.0,48.0,0.0,0.0,0.0,2.0,2.0,13.0,0.0,-4.0,0.0,0.0,8.1,6.1,,,,,,
2025,1,LAC,KC,Q.Johnston,0.0,0.0,0.0,0.0,0.0,0.0,,0.0,0.0,0.0,0.0,0.0,7.0,5.0,79.0,2.0,87.0,0.0,0.0,24.9,19.9,,,,,,
2025,1,LAC,KC,T.Conklin,0.0,0.0,0.0,0.0,0.0,0.0,,1.0,2.0,0.0,0.0,0.0,2.0,2.0,50.0,0.0,28.0,1.0,0.0,7.2,5.2,,,,,,
2025,1,LAC,KC,T.Harris,0.0,0.0,0.0,0.0,0.0,0.0,,0.0,0.0,0.0,0.0,0.0,1.0,1.0,11.0,0.0,5.0,0.0,0.0,2.1,1.1,,,,,,
2025,1,LAC,KC,W.Dissly,0.0,0.0,0.0,0.0,0.0,0.0,,0.0,0.0,0.0,0.0,0.0,1.0,1.0,18.0,0.0,5.0,0.0,0.0,2.8,1.8,,,,,,
2025,1,LV,NE,A.Bachman,0.0,0.0,0.0,0.0,0.0,0.0,,0.0,0.0,0.0,0.0,0.0,1.0,0.0,0.0,0.0,4.0,0.0,0.0,0.0,0.0,,,,,,
2025,1,LV,NE,A.Jeanty,0.0,0.0,0.0,0.0,0.0,0.0,,19.0,38.0,1.0,0.0,0.0,2.0,2.0,2.0,0.0,-4.0,0.0,0.0,12.0,10.0,,,,,,
2025,1,LV,NE,B.Bowers,0.0,0.0,0.0,0.0,0.0,0.0,,0.0,0.0,0.0,0.0,0.0,8.0,5.0,103.0,0.0,80.0,0.0,0.0,15.3,10.3,,,,,,
2025,1,LV,NE,D.Thornton,0.0,0.0,0.0,0.0,0.0,0.0,,0.0,0.0,0.0,0.0,0.0,4.0,2.0,45.0,0.0,100.0,0.0,0.0,6.5,4.5,,,,,,
2025,1,LV,NE,G.Smith,38.0,24.0,362.0,1.0,1.0,4.0,QB,2.0,10.0,0.0,0.0,0.0,0.0,0.0,0.0,0.0,0.0,0.0,0.0,18.48,18.48,,,,,,
2025,1,LV,NE,J.Bech,0.0,0.0,0.0,0.0,0.0,0.0,,0.0,0.0,0.0,0.0,0.0,1.0,1.0,23.0,0.0,13.0,0.0,0.0,3.3,2.3,,,,,,
2025,1,LV,NE,J.Meyers,0.0,0.0,0.0,0.0,0.0,0.0,,0.0,0.0,0.0,0.0,0.0,10.0,8.0,97.0,0.0,81.0,0.0,0.0,17.7,9.7,,,,,,
2025,1,LV,NE,M.Mayer,0.0,0.0,0.0,0.0,0.0,0.0,,0.0,0.0,0.0,0.0,0.0,4.0,4.0,38.0,0.0,14.0,0.0,0.0,7.8,3.8,,,,,,
2025,1,LV,NE,T.Tucker,0.0,0.0,0.0,0.0,0.0,0.0,,0.0,0.0,0.0,0.0,0.0,3.0,2.0,54.0,1.0,63.0,0.0,0.0,13.4,11.4,,,,,,
2025,1,LV,NE,Z.White,0.0,0.0,0.0,0.0,0.0,0.0,,3.0,8.0,0.0,0.0,0.0,0.0,0.0,0.0,0.0,0.0,0.0,0.0,0.8,0.8,,,,,,
2025,1,MIA,IND,A.Ingold,0.0,0.0,0.0,0.0,0.0,0.0,,0.0,0.0,0.0,0.0,0.0,2.0,1.0,1.0,0.0,11.0,0.0,0.0,1.1,0.1,,,,,,
2025,1,MIA,IND,D.Achane,0.0,0.0,0.0,0.0,0.0,0.0,,7.0,55.0,0.0,0.0,0.0,4.0,3.0,20.0,1.0,-3.0,0.0,0.0,16.5,13.5,,,,,,
2025,1,MIA,IND,D.Eskridge,0.0,0.0,0.0,0.0,0.0,0.0,,0.0,0.0,0.0,0.0,0.0,2.0,1.0,9.0,0.0,33.0,0.0,0.0,1.9,0.9,,,,,,
2025,1,MIA,IND,J.Hill,0.0,0.0,0.0,0.0,0.0,0.0,,0.0,0.0,0.0,0.0,0.0,1.0,0.0,0.0,0.0,0.0,0.0,0.0,0.0,0.0,,,,,,
2025,1,MIA,IND,J.Waddle,0.0,0.0,0.0,0.0,0.0,0.0,,0.0,0.0,0.0,0.0,0.0,5.0,4.0,30.0,0.0,21.0,0.0,0.0,7.0,3.0,,,,,,
2025,1,MIA,IND,M.Washington,0.0,0.0,0.0,0.0,0.0,0.0,,1.0,9.0,0.0,0.0,0.0,5.0,2.0,20.0,0.0,51.0,0.0,0.0,4.9,2.9,,,,,,
2025,1,MIA,IND,N.Westbrook-Ikhine,0.0,0.0,0.0,0.0,0.0,0.0,,0.0,0.0,0.0,0.0,0.0,2.0,1.0,7.0,0.0,13.0,0.0,0.0,1.7,0.7,,,,,,
2025,1,MIA,IND,O.Gordon,0.0,0.0,0.0,0.0,0.0,0.0,,2.0,4.0,0.0,0.0,0.0,1.0,1.0,-1.0,0.0,-5.0,0.0,0.0,1.3,0.3,,,,,,
2025,1,MIA,IND,T.Conner,0.0,0.0,0.0,0.0,0.0,0.0,,0.0,0.0,0.0,0.0,0.0,4.0,2.0,20.0,0.0,27.0,0.0,0.0,4.0,2.0,,,,,,
2025,1,MIA,IND,T.Hill,0.0,0.0,0.0,0.0,0.0,0.0,,0.0,0.0,0.0,0.0,0.0,6.0,4.0,40.0,0.0,86.0,0.0,0.0,8.0,4.0,,,,,,
2025,1,MIA,IND,T.Tagovailoa,27.0,14.0,114.0,1.0,2.0,3.0,QB,1.0,7.0,0.0,0.0,0.0,0.0,0.0,0.0,0.0,0.0,0.0,0.0,7.26,7.26,,,,,,
2025,1,MIA,IND,Z.Wilson,8.0,5.0,32.0,0.0,0.0,0.0,QB,1.0,3.0,0.0,0.0,0.0,0.0,0.0,0.0,0.0,0.0,0.0,0.0,1.58,1.58,,,,,,
2025,1,MIN,CHI,A.Jones,0.0,0.0,0.0,0.0,0.0,0.0,,8.0,23.0,0.0,0.0,0.0,3.0,3.0,44.0,1.0,21.0,0.0,0.0,15.7,12.7,,,,,,
2025,1,MIN,CHI,A.Thielen,0.0,0.0,0.0,0.0,0.0,0.0,,0.0,0.0,0.0,0.0,0.0,2.0,0.0,0.0,0.0,7.0,0.0,0.0,0.0,0.0,,,,,,
2025,1,MIN,CHI,J.Jefferson,0.0,0.0,0.0,0.0,0.0,0.0,,1.0,4.0,0.0,0.0,0.0,7.0,4.0,44.0,1.0,69.0,0.0,0.0,14.8,10.8,,,,,,
2025,1,MIN,CHI,J.Mason,0.0,0.0,0.0,0.0,0.0,0.0,,15.0,68.0,0.0,0.0,0.0,1.0,1.0,7.0,0.0,-5.0,0.0,0.0,8.5,7.5,,,,,,
2025,1,MIN,CHI,J.McCarthy,25.0,13.0,143.0,2.0,1.0,3.0,QB,2.0,25.0,1.0,0.0,0.0,0.0,0.0,0.0,0.0,0.0,0.0,0.0,21.22,21.22,,,,,,
2025,1,MIN,CHI,J.Nailor,0.0,0.0,0.0,0.0,0.0,0.0,,0.0,0.0,0.0,0.0,0.0,3.0,1.0,28.0,0.0,15.0,0.0,0.0,3.8,2.8,,,,,,
2025,1,MIN,CHI,J.Oliver,0.0,0.0,0.0,0.0,0.0,0.0,,0.0,0.0,0.0,0.0,0.0,2.0,1.0,5.0,0.0,-3.0,0.0,0.0,1.5,0.5,,,,,,
2025,1,MIN,CHI,T.Hockenson,0.0,0.0,0.0,0.0,0.0,0.0,,0.0,0.0,0.0,0.0,0.0,4.0,3.0,15.0,0.0,13.0,0.0,0.0,4.5,1.5,,,,,,
2025,1,NE,LV,A.Gibson,0.0,0.0,0.0,0.0,0.0,0.0,,1.0,3.0,0.0,0.0,0.0,1.0,0.0,0.0,0.0,4.0,0.0,0.0,0.3,0.3,,,,,,
2025,1,NE,LV,A.Hooper,0.0,0.0,0.0,0.0,0.0,0.0,,0.0,0.0,0.0,0.0,0.0,1.0,1.0,10.0,0.0,3.0,0.0,0.0,2.0,1.0,,,,,,
2025,1,NE,LV,D.Douglas,0.0,0.0,0.0,0.0,0.0,0.0,,1.0,4.0,0.0,0.0,0.0,7.0,2.0,-2.0,1.0,22.0,0.0,0.0,8.2,6.2,,,,,,
2025,1,NE,LV,D.Maye,50.0,30.0,287.0,1.0,1.0,4.0,QB,4.0,11.0,0.0,0.0,0.0,1.0,1.0,2.0,0.0,-8.0,0.0,0.0,16.78,15.78,,,,,,
2025,1,NE,LV,H.Henry,0.0,0.0,0.0,0.0,0.0,0.0,,0.0,0.0,0.0,0.0,0.0,8.0,4.0,66.0,0.0,117.0,0.0,0.0,10.6,6.6,,,,,,
2025,1,NE,LV,K.Boutte,0.0,0.0,0.0,0.0,0.0,0.0,,0.0,0.0,0.0,0.0,0.0,8.0,6.0,103.0,0.0,137.0,0.0,0.0,16.3,10.3,,,,,,
2025,1,NE,LV,K.Williams,0.0,0.0,0.0,0.0,0.0,0.0,,0.0,0.0,0.0,0.0,0.0,1.0,1.0,12.0,0.0,12.0,0.0,0.0,2.2,1.2,,,,,,
2025,1,NE,LV,M.Hollins,0.0,0.0,0.0,0.0,0.0,0.0,,0.0,0.0,0.0,0.0,0.0,2.0,1.0,3.0,0.0,13.0,0.0,0.0,1.3,0.3,,,,,,
2025,1,NE,LV,R.Stevenson,0.0,0.0,0.0,0.0,0.0,0.0,,7.0,15.0,0.0,0.0,0.0,3.0,2.0,12.0,0.0,3.0,0.0,0.0,4.7,2.7,,,,,,
2025,1,NE,LV,S.Diggs,0.0,0.0,0.0,0.0,0.0,0.0,,0.0,0.0,0.0,0.0,0.0,7.0,6.0,57.0,0.0,61.0,0.0,0.0,11.7,5.7,,,,,,
2025,1,NE,LV,T.Henderson,0.0,0.0,0.0,0.0,0.0,0.0,,5.0,27.0,0.0,0.0,0.0,6.0,6.0,24.0,0.0,-19.0,0.0,0.0,11.1,5.1,,,,,,
2025,1,NO,ARI,A.Kamara,0.0,0.0,0.0,0.0,0.0,0.0,,11.0,45.0,1.0,0.0,0.0,2.0,2.0,12.0,0.0,-3.0,0.0,0.0,13.7,11.7,,,,,,
2025,1,NO,ARI,B.Cooks,0.0,0.0,0.0,0.0,0.0,0.0,,0.0,0.0,0.0,0.0,0.0,4.0,3.0,26.0,0.0,18.0,0.0,0.0,5.6,2.6,,,,,,
2025,1,NO,ARI,C.Olave,0.0,0.0,0.0,0.0,0.0,0.0,,0.0,0.0,0.0,0.0,0.0,13.0,7.0,54.0,0.0,97.0,0.0,0.0,12.4,5.4,,,,,,
2025,1,NO,ARI,D.Neal,0.0,0.0,0.0,0.0,0.0,0.0,,2.0,9.0,0.0,0.0,0.0,0.0,0.0,0.0,0.0,0.0,0.0,0.0,0.9,0.9,,,,,,
2025,1,NO,ARI,D.Vele,0.0,0.0,0.0,0.0,0.0,0.0,,0.0,0.0,0.0,0.0,0.0,2.0,1.0,13.0,0.0,16.0,0.0,0.0,2.3,1.3,,,,,,
2025,1,NO,ARI,J.Johnson,0.0,0.0,0.0,0.0,0.0,0.0,,0.0,0.0,0.0,0.0,0.0,11.0,8.0,76.0,0.0,89.0,0.0,0.0,15.6,7.6,,,,,,
2025,1,NO,ARI,K.Miller,0.0,0.0,0.0,0.0,0.0,0.0,,5.0,24.0,0.0,0.0,0.0,0.0,0.0,0.0,0.0,0.0,0.0,0.0,2.4,2.4,,,,,,
2025,1,NO,ARI,R.Shaheed,0.0,0.0,0.0,0.0,0.0,0.0,,0.0,0.0,0.0,0.0,0.0,9.0,6.0,33.0,0.0,79.0,0.0,0.0,9.3,3.3,,,,,,
2025,1,NO,ARI,S.Rattler,47.0,27.0,214.0,0.0,0.0,1.0,QB,4.0,29.0,0.0,0.0,0.0,0.0,0.0,0.0,0.0,0.0,0.0,0.0,11.46,11.46,,,,,,
2025,1,NYG,WAS,C.Skattebo,0.0,0.0,0.0,0.0,0.0,0.0,,2.0,-3.0,0.0,0.0,0.0,2.0,2.0,12.0,0.0,1.0,0.0,0.0,2.9,0.9,,,,,,
2025,1,NYG,WAS,D.Bellinger,0.0,0.0,0.0,0.0,0.0,0.0,,0.0,0.0,0.0,0.0,0.0,1.0,1.0,14.0,0.0,14.0,0.0,0.0,2.4,1.4,,,,,,
2025,1,NYG,WAS,D.Singletary,0.0,0.0,0.0,0.0,0.0,0.0,,3.0,9.0,0.0,0.0,0.0,0.0,0.0,0.0,0.0,0.0,0.0,0.0,0.9,0.9,,,,,,
2025,1,NYG,WAS,D.Slayton,0.0,0.0,0.0,0.0,0.0,0.0,,0.0,0.0,0.0,0.0,0.0,1.0,0.0,0.0,0.0,16.0,0.0,0.0,0.0,0.0,,,,,,
2025,1,NYG,WAS,M.Nabers,0.0,0.0,0.0,0.0,0.0,0.0,,0.0,0.0,0.0,0.0,0.0,12.0,5.0,71.0,0.0,122.0,0.0,0.0,12.1,7.1,,,,,,
2025,1,NYG,WAS,R.Wilson,39.0,17.0,168.0,0.0,0.0,2.0,QB,8.0,44.0,0.0,1.0,0.0,0.0,0.0,0.0,0.0,0.0,0.0,0.0,11.12,11.12,,,,,,
2025,1,NYG,WAS,T.Johnson,0.0,0.0,0.0,0.0,0.0,0.0,,0.0,0.0,0.0,0.0,0.0,3.0,1.0,5.0,0.0,-2.0,0.0,0.0,1.5,0.5,,,,,,
2025,1,NYG,WAS,T.Tracy,0.0,0.0,0.0,0.0,0.0,0.0,,10.0,24.0,0.0,0.0,0.0,5.0,2.0,11.0,0.0,-1.0,0.0,0.0,5.5,3.5,,,,,,
2025,1,NYG,WAS,W.Robinson,0.0,0.0,0.0,0.0,0.0,0.0,,0.0,0.0,0.0,0.0,0.0,8.0,6.0,55.0,0.0,25.0,0.0,0.0,11.5,5.5,,,,,,
2025,1,NYJ,PIT,B.Allen,0.0,0.0,0.0,0.0,0.0,0.0,,7.0,9.0,1.0,0.0,0.0,0.0,0.0,0.0,0.0,0.0,0.0,0.0,6.9,6.9,,,,,,
2025,1,NYJ,PIT,B.Hall,0.0,0.0,0.0,0.0,0.0,0.0,,19.0,107.0,0.0,0.0,0.0,4.0,2.0,38.0,0.0,-13.0,0.0,0.0,16.5,14.5,,,,,,
2025,1,NYJ,PIT,G.Wilson,0.0,0.0,0.0,0.0,0.0,0.0,,0.0,0.0,0.0,0.0,0.0,10.0,7.0,95.0,1.0,86.0,0.0,0.0,22.5,15.5,,,,,,
2025,1,NYJ,PIT,I.Davis,0.0,0.0,0.0,0.0,0.0,0.0,,2.0,18.0,0.0,0.0,0.0,0.0,0.0,0.0,0.0,0.0,0.0,0.0,1.8,1.8,,,,,,
2025,1,NYJ,PIT,J.Fields,24.0,16.0,218.0,1.0,0.0,1.0,QB,12.0,48.0,2.0,0.0,0.0,0.0,0.0,0.0,0.0,0.0,0.0,0.0,29.52,29.52,,,,,,
2025,1,NYJ,PIT,J.Reynolds,0.0,0.0,0.0,0.0,0.0,0.0,,0.0,0.0,0.0,0.0,0.0,3.0,2.0,18.0,0.0,30.0,0.0,0.0,3.8,1.8,,,,,,
2025,1,NYJ,PIT,J.Ruckert,0.0,0.0,0.0,0.0,0.0,0.0,,0.0,0.0,0.0,0.0,0.0,2.0,2.0,16.0,0.0,14.0,0.0,0.0,3.6,1.6,,,,,,
2025,1,NYJ,PIT,M.Taylor,0.0,0.0,0.0,0.0,0.0,0.0,,0.0,0.0,0.0,0.0,0.0,1.0,1.0,20.0,0.0,18.0,0.0,0.0,3.0,2.0,,,,,,
2025,1,NYJ,PIT,T.Johnson,0.0,0.0,0.0,0.0,0.0,0.0,,0.0,0.0,0.0,0.0,0.0,2.0,2.0,31.0,0.0,20.0,0.0,0.0,5.1,3.1,,,,,,
2025,1,PHI,DAL,A.Brown,0.0,0.0,0.0,0.0,0.0,0.0,,0.0,0.0,0.0,0.0,0.0,1.0,1.0,8.0,0.0,8.0,0.0,0.0,1.8,0.8,,,,,,
2025,1,PHI,DAL,A.Dillon,0.0,0.0,0.0,0.0,0.0,0.0,,3.0,10.0,0.0,0.0,0.0,0.0,0.0,0.0,0.0,0.0,0.0,0.0,1.0,1.0,,,,,,
2025,1,PHI,DAL,D.Goedert,0.0,0.0,0.0,0.0,0.0,0.0,,0.0,0.0,0.0,0.0,0.0,7.0,7.0,44.0,0.0,34.0,0.0,0.0,11.4,4.4,,,,,,
2025,1,PHI,DAL,D.Smith,0.0,0.0,0.0,0.0,0.0,0.0,,0.0,0.0,0.0,0.0,0.0,3.0,3.0,16.0,0.0,4.0,0.0,0.0,4.6,1.6,,,,,,
2025,1,PHI,DAL,J.Dotson,0.0,0.0,0.0,0.0,0.0,0.0,,0.0,0.0,0.0,0.0,0.0,3.0,3.0,59.0,0.0,48.0,0.0,0.0,8.9,5.9,,,,,,
2025,1,PHI,DAL,J.Hurts,24.0,19.0,152.0,0.0,0.0,1.0,QB,14.0,62.0,2.0,0.0,0.0,0.0,0.0,0.0,0.0,0.0,0.0,0.0,24.28,24.28,,,,,,
2025,1,PHI,DAL,K.Granson,0.0,0.0,0.0,0.0,0.0,0.0,,0.0,0.0,0.0,0.0,0.0,1.0,1.0,1.0,0.0,0.0,0.0,0.0,1.1,0.1,,,,,,
2025,1,PHI,DAL,S.Barkley,0.0,0.0,0.0,0.0,0.0,0.0,,18.0,60.0,1.0,0.0,0.0,5.0,4.0,24.0,0.0,-5.0,0.0,0.0,18.4,14.4,,,,,,
2025,1,PHI,DAL,W.Shipley,0.0,0.0,0.0,0.0,0.0,0.0,,3.0,26.0,0.0,0.0,0.0,0.0,0.0,0.0,0.0,0.0,0.0,0.0,2.6,2.6,,,,,,
2025,1,PIT,NYJ,A.Rodgers,34.0,22.0,244.0,4.0,0.0,4.0,QB,1.0,-1.0,0.0,0.0,0.0,0.0,0.0,0.0,0.0,0.0,0.0,0.0,25.66,25.66,,,,,,
2025,1,PIT,NYJ,B.Skowronek,0.0,0.0,0.0,0.0,0.0,0.0,,0.0,0.0,0.0,0.0,0.0,1.0,1.0,22.0,1.0,9.0,0.0,0.0,9.2,8.2,,,,,,
2025,1,PIT,NYJ,C.Austin,0.0,0.0,0.0,0.0,0.0,0.0,,0.0,0.0,0.0,0.0,0.0,6.0,4.0,70.0,1.0,84.0,0.0,0.0,17.0,13.0,,,,,,
2025,1,PIT,NYJ,D.Metcalf,0.0,0.0,0.0,0.0,0.0,0.0,,0.0,0.0,0.0,0.0,0.0,7.0,4.0,83.0,0.0,28.0,0.0,0.0,12.3,8.3,,,,,,
2025,1,PIT,NYJ,J.Smith,0.0,0.0,0.0,0.0,0.0,0.0,,0.0,0.0,0.0,0.0,0.0,6.0,5.0,15.0,1.0,-6.0,0.0,0.0,12.5,7.5,,,,,,
2025,1,PIT,NYJ,J.Warren,0.0,0.0,0.0,0.0,0.0,0.0,,11.0,37.0,0.0,0.0,0.0,2.0,2.0,22.0,1.0,3.0,0.0,0.0,13.9,11.9,,,,,,
2025,1,PIT,NYJ,K.Gainwell,0.0,0.0,0.0,0.0,0.0,0.0,,7.0,19.0,0.0,1.0,0.0,4.0,3.0,4.0,0.0,-10.0,0.0,0.0,5.3,2.3,,,,,,
2025,1,PIT,NYJ,K.Johnson,0.0,0.0,0.0,0.0,0.0,0.0,,1.0,-2.0,0.0,0.0,0.0,0.0,0.0,0.0,0.0,0.0,0.0,0.0,-0.2,-0.2,,,,,,
2025,1,PIT,NYJ,P.Freiermuth,0.0,0.0,0.0,0.0,0.0,0.0,,0.0,0.0,0.0,0.0,0.0,3.0,3.0,28.0,0.0,20.0,0.0,0.0,5.8,2.8,,,,,,
2025,1,SEA,SF,A.Barner,0.0,0.0,0.0,0.0,0.0,0.0,,1.0,2.0,0.0,0.0,0.0,2.0,1.0,0.0,0.0,3.0,0.0,0.0,1.2,0.2,,,,,,
2025,1,SEA,SF,C.Kupp,0.0,0.0,0.0,0.0,0.0,0.0,,0.0,0.0,0.0,0.0,0.0,3.0,2.0,15.0,0.0,20.0,0.0,0.0,3.5,1.5,,,,,,
2025,1,SEA,SF,E.Arroyo,0.0,0.0,0.0,0.0,0.0,0.0,,0.0,0.0,0.0,0.0,0.0,1.0,1.0,7.0,0.0,5.0,0.0,0.0,1.7,0.7,,,,,,
2025,1,SEA,SF,J.Milroe,0.0,0.0,0.0,0.0,0.0,0.0,,1.0,1.0,0.0,0.0,0.0,0.0,0.0,0.0,0.0,0.0,0.0,0.0,0.1,0.1,,,,,,
2025,1,SEA,SF,J.Smith-Njigba,0.0,0.0,0.0,0.0,0.0,0.0,,0.0,0.0,0.0,0.0,0.0,13.0,9.0,124.0,0.0,178.0,2.0,1.0,21.4,12.4,,,,,,
2025,1,SEA,SF,K.Walker,0.0,0.0,0.0,0.0,0.0,0.0,,10.0,20.0,0.0,0.0,0.0,3.0,3.0,4.0,0.0,-9.0,0.0,0.0,5.4,2.4,,,,,,
2025,1,SEA,SF,S.Darnold,24.0,16.0,150.0,0.0,0.0,1.0,QB,2.0,14.0,0.0,0.0,0.0,0.0,0.0,0.0,0.0,0.0,0.0,0.0,7.4,7.4,,,,,,
2025,1,SEA,SF,Z.Charbonnet,0.0,0.0,0.0,0.0,0.0,0.0,,12.0,47.0,1.0,0.0,0.0,0.0,0.0,0.0,0.0,0.0,0.0,0.0,10.7,10.7,,,,,,
2025,1,SF,SEA,B.Purdy,36.0,26.0,277.0,2.0,2.0,1.0,QB,5.0,17.0,0.0,0.0,0.0,0.0,0.0,0.0,0.0,0.0,0.0,0.0,18.78,18.78,,,,,,
2025,1,SF,SEA,B.Robinson,0.0,0.0,0.0,0.0,0.0,0.0,,9.0,33.0,0.0,0.0,0.0,2.0,1.0,4.0,0.0,0.0,0.0,0.0,4.7,3.7,,,,,,
2025,1,SF,SEA,C.McCaffrey,0.0,0.0,0.0,0.0,0.0,0.0,,22.0,69.0,0.0,0.0,0.0,10.0,9.0,73.0,0.0,20.0,0.0,0.0,23.2,14.2,,,,,,
2025,1,SF,SEA,G.Kittle,0.0,0.0,0.0,0.0,0.0,0.0,,0.0,0.0,0.0,0.0,0.0,4.0,4.0,25.0,1.0,22.0,0.0,0.0,12.5,8.5,,,,,,
2025,1,SF,SEA,J.Jennings,0.0,0.0,0.0,0.0,0.0,0.0,,0.0,0.0,0.0,0.0,0.0,5.0,2.0,16.0,0.0,42.0,0.0,0.0,3.6,1.6,,,,,,
2025,1,SF,SEA,J.Tonges,0.0,0.0,0.0,0.0,0.0,0.0,,0.0,0.0,0.0,0.0,0.0,3.0,3.0,15.0,1.0,9.0,0.0,0.0,10.5,7.5,,,,,,
2025,1,SF,SEA,K.Juszczyk,0.0,0.0,0.0,0.0,0.0,0.0,,0.0,0.0,0.0,0.0,0.0,2.0,2.0,32.0,0.0,22.0,0.0,0.0,5.2,3.2,,,,,,
2025,1,SF,SEA,L.Farrell,0.0,0.0,0.0,0.0,0.0,0.0,,0.0,0.0,0.0,0.0,0.0,1.0,1.0,4.0,0.0,4.0,0.0,0.0,1.4,0.4,,,,,,
2025,1,SF,SEA,R.Pearsall,0.0,0.0,0.0,0.0,0.0,0.0,,0.0,0.0,0.0,0.0,0.0,7.0,4.0,108.0,0.0,136.0,0.0,0.0,14.8,10.8,,,,,,
2025,1,TB,ATL,B.Irving,0.0,0.0,0.0,0.0,0.0,0.0,,14.0,37.0,0.0,0.0,0.0,4.0,4.0,8.0,1.0,-5.0,0.0,0.0,14.5,10.5,,,,,,
2025,1,TB,ATL,B.Mayfield,33.0,17.0,167.0,3.0,0.0,1.0,QB,5.0,39.0,0.0,0.0,0.0,0.0,0.0,0.0,0.0,0.0,0.0,0.0,22.58,22.58,,,,,,
2025,1,TB,ATL,C.Otton,0.0,0.0,0.0,0.0,0.0,0.0,,0.0,0.0,0.0,0.0,0.0,3.0,0.0,0.0,0.0,37.0,0.0,0.0,0.0,0.0,,,,,,
2025,1,TB,ATL,E.Egbuka,0.0,0.0,0.0,0.0,0.0,0.0,,1.0,9.0,0.0,0.0,0.0,6.0,4.0,67.0,2.0,71.0,0.0,0.0,23.6,19.6,,,,,,
2025,1,TB,ATL,M.Evans,0.0,0.0,0.0,0.0,0.0,0.0,,0.0,0.0,0.0,0.0,0.0,8.0,5.0,51.0,0.0,106.0,0.0,0.0,10.1,5.1,,,,,,
2025,1,TB,ATL,R.Miller,0.0,0.0,0.0,0.0,0.0,0.0,,0.0,0.0,0.0,0.0,0.0,1.0,0.0,0.0,0.0,15.0,0.0,0.0,0.0,0.0,,,,,,
2025,1,TB,ATL,R.White,0.0,0.0,0.0,0.0,0.0,0.0,,2.0,14.0,0.0,0.0,0.0,1.0,1.0,2.0,0.0,-3.0,0.0,0.0,2.6,1.6,,,,,,
2025,1,TB,ATL,S.Shepard,0.0,0.0,0.0,0.0,0.0,0.0,,0.0,0.0,0.0,0.0,0.0,6.0,3.0,39.0,0.0,86.0,0.0,0.0,6.9,3.9,,,,,,
2025,1,TB,ATL,S.Tucker,0.0,0.0,0.0,0.0,0.0,0.0,,1.0,2.0,0.0,0.0,0.0,0.0,0.0,0.0,0.0,0.0,0.0,0.0,0.2,0.2,,,,,,
2025,1,TB,ATL,T.Johnson,0.0,0.0,0.0,0.0,0.0,0.0,,0.0,0.0,0.0,0.0,0.0,1.0,0.0,0.0,0.0,5.0,0.0,0.0,0.0,0.0,,,,,,
2025,1,TEN,DEN,B.Oliver,0.0,0.0,0.0,0.0,0.0,0.0,,0.0,0.0,0.0,0.0,0.0,1.0,1.0,8.0,0.0,6.0,0.0,0.0,1.8,0.8,,,,,,
2025,1,TEN,DEN,C.Dike,0.0,0.0,0.0,0.0,0.0,0.0,,1.0,9.0,0.0,0.0,0.0,1.0,0.0,0.0,0.0,20.0,0.0,0.0,0.9,0.9,,,,,,
2025,1,TEN,DEN,C.Okonkwo,0.0,0.0,0.0,0.0,0.0,0.0,,0.0,0.0,0.0,0.0,0.0,4.0,3.0,19.0,0.0,15.0,0.0,0.0,4.9,1.9,,,,,,
2025,1,TEN,DEN,C.Ridley,0.0,0.0,0.0,0.0,0.0,0.0,,0.0,0.0,0.0,0.0,0.0,8.0,4.0,27.0,0.0,69.0,0.0,0.0,6.7,2.7,,,,,,
2025,1,TEN,DEN,C.Ward,34.0,12.0,112.0,0.0,0.0,6.0,QB,0.0,0.0,0.0,0.0,0.0,0.0,0.0,0.0,0.0,0.0,0.0,0.0,4.48,4.48,,,,,,
2025,1,TEN,DEN,E.Ayomanor,0.0,0.0,0.0,0.0,0.0,0.0,,0.0,0.0,0.0,0.0,0.0,7.0,2.0,13.0,0.0,133.0,0.0,0.0,3.3,1.3,,,,,,
2025,1,TEN,DEN,G.Helm,0.0,0.0,0.0,0.0,0.0,0.0,,0.0,0.0,0.0,0.0,0.0,2.0,1.0,16.0,0.0,32.0,0.0,0.0,2.6,1.6,,,,,,
2025,1,TEN,DEN,J.Chestnut,0.0,0.0,0.0,0.0,0.0,0.0,,2.0,2.0,0.0,0.0,0.0,0.0,0.0,0.0,0.0,0.0,0.0,0.0,0.2,0.2,,,,,,
2025,1,TEN,DEN,T.Lockett,0.0,0.0,0.0,0.0,0.0,0.0,,0.0,0.0,0.0,0.0,0.0,1.0,0.0,0.0,0.0,16.0,0.0,0.0,0.0,0.0,,,,,,
2025,1,TEN,DEN,T.Pollard,0.0,0.0,0.0,0.0,0.0,0.0,,18.0,60.0,0.0,1.0,1.0,1.0,1.0,29.0,0.0,-1.0,0.0,0.0,9.9,8.9,,,,,,
2025,1,WAS,NYG,A.Ekeler,0.0,0.0,0.0,0.0,0.0,0.0,,6.0,26.0,0.0,0.0,0.0,3.0,3.0,31.0,0.0,-7.0,0.0,0.0,8.7,5.7,,,,,,
2025,1,WAS,NYG,C.Moore,0.0,0.0,0.0,0.0,0.0,0.0,,0.0,0.0,0.0,0.0,0.0,1.0,1.0,34.0,0.0,34.0,0.0,0.0,4.4,3.4,,,,,,
2025,1,WAS,NYG,D.Samuel,0.0,0.0,0.0,0.0,0.0,0.0,,1.0,19.0,1.0,0.0,0.0,10.0,7.0,77.0,0.0,80.0,0.0,0.0,22.6,15.6,,,,,,
2025,1,WAS,NYG,J.Croskey-Merritt,0.0,0.0,0.0,0.0,0.0,0.0,,10.0,82.0,1.0,0.0,0.0,1.0,0.0,0.0,0.0,-5.0,0.0,0.0,14.2,14.2,,,,,,
2025,1,WAS,NYG,J.Daniels,33.0,19.0,233.0,1.0,0.0,3.0,QB,11.0,68.0,0.0,0.0,0.0,0.0,0.0,0.0,0.0,0.0,0.0,0.0,20.12,20.12,,,,,,
2025,1,WAS,NYG,J.Lane,0.0,0.0,0.0,0.0,0.0,0.0,,0.0,0.0,0.0,0.0,0.0,2.0,1.0,11.0,0.0,20.0,0.0,0.0,2.1,1.1,,,,,,
2025,1,WAS,NYG,J.McNichols,0.0,0.0,0.0,0.0,0.0,0.0,,4.0,25.0,0.0,0.0,0.0,0.0,0.0,0.0,0.0,0.0,0.0,0.0,2.5,2.5,,,,,,
2025,1,WAS,NYG,N.Brown,0.0,0.0,0.0,0.0,0.0,0.0,,0.0,0.0,0.0,0.0,0.0,3.0,2.0,27.0,0.0,34.0,0.0,0.0,4.7,2.7,,,,,,
2025,1,WAS,NYG,T.McLaurin,0.0,0.0,0.0,0.0,0.0,0.0,,0.0,0.0,0.0,0.0,0.0,4.0,2.0,27.0,0.0,77.0,0.0,0.0,4.7,2.7,,,,,,
2025,1,WAS,NYG,Z.Ertz,0.0,0.0,0.0,0.0,0.0,0.0,,0.0,0.0,0.0,0.0,0.0,5.0,3.0,26.0,1.0,42.0,0.0,0.0,11.6,8.6,,,,,,
2025,2,ARI,CAR,E.Higgins,0.0,0.0,0.0,0.0,0.0,0.0,,0.0,0.0,0.0,0.0,0.0,3.0,2.0,45.0,0.0,15.0,0.0,0.0,6.5,4.5,,,,,,
2025,2,ARI,CAR,G.Dortch,0.0,0.0,0.0,0.0,0.0,0.0,,0.0,0.0,0.0,0.0,0.0,1.0,1.0,11.0,0.0,11.0,0.0,0.0,2.1,1.1,,,,,,
2025,2,ARI,CAR,J.Brissett,0.0,0.0,0.0,0.0,0.0,0.0,,1.0,2.0,0.0,0.0,0.0,0.0,0.0,0.0,0.0,0.0,0.0,0.0,0.2,0.2,,,,,,
2025,2,ARI,CAR,J.Conner,0.0,0.0,0.0,0.0,0.0,0.0,,11.0,34.0,1.0,0.0,0.0,1.0,1.0,18.0,0.0,0.0,0.0,0.0,12.2,11.2,,,,,,
2025,2,ARI,CAR,K.Murray,26.0,17.0,220.0,1.0,1.0,1.0,QB,7.0,32.0,0.0,0.0,0.0,0.0,0.0,0.0,0.0,0.0,0.0,0.0,15.0,15.0,,,,,,
2025,2,ARI,CAR,M.Harrison,0.0,0.0,0.0,0.0,0.0,0.0,,0.0,0.0,0.0,0.0,0.0,5.0,2.0,27.0,0.0,27.0,0.0,0.0,4.7,2.7,,,,,,
2025,2,ARI,CAR,Mi.Wilson,0.0,0.0,0.0,0.0,0.0,0.0,,0.0,0.0,0.0,0.0,0.0,2.0,1.0,11.0,1.0,43.0,0.0,0.0,8.1,7.1,,,,,,
2025,2,ARI,CAR,T.Benson,0.0,0.0,0.0,0.0,0.0,0.0,,3.0,14.0,0.0,0.0,0.0,6.0,4.0,30.0,0.0,2.0,0.0,0.0,8.4,4.4,,,,,,
2025,2,ARI,CAR,T.McBride,0.0,0.0,0.0,0.0,0.0,0.0,,0.0,0.0,0.0,0.0,0.0,7.0,6.0,78.0,0.0,62.0,0.0,0.0,13.8,7.8,,,,,,
2025,2,ATL,MIN,B.Robinson,0.0,0.0,0.0,0.0,0.0,0.0,,22.0,143.0,0.0,0.0,0.0,5.0,3.0,25.0,0.0,7.0,0.0,0.0,19.8,16.8,,,,,,
2025,2,ATL,MIN,D.London,0.0,0.0,0.0,0.0,0.0,0.0,,0.0,0.0,0.0,0.0,0.0,4.0,3.0,49.0,0.0,33.0,1.0,1.0,7.9,4.9,,,,,,
2025,2,ATL,MIN,D.Mooney,0.0,0.0,0.0,0.0,0.0,0.0,,0.0,0.0,0.0,0.0,0.0,4.0,2.0,20.0,0.0,40.0,0.0,0.0,4.0,2.0,,,,,,
2025,2,ATL,MIN,K.Pitts,0.0,0.0,0.0,0.0,0.0,0.0,,0.0,0.0,0.0,0.0,0.0,5.0,4.0,37.0,0.0,29.0,0.0,0.0,7.7,3.7,,,,,,
2025,2,ATL,MIN,M.Penix,24.0,13.0,135.0,0.0,0.0,3.0,QB,1.0,-1.0,0.0,0.0,0.0,0.0,0.0,0.0,0.0,0.0,0.0,0.0,5.3,5.3,,,,,,
2025,2,ATL,MIN,R.McCloud,0.0,0.0,0.0,0.0,0.0,0.0,,0.0,0.0,0.0,0.0,0.0,2.0,0.0,0.0,0.0,20.0,0.0,0.0,0.0,0.0,,,,,,
2025,2,ATL,MIN,T.Allgeier,0.0,0.0,0.0,0.0,0.0,0.0,,16.0,76.0,1.0,0.0,0.0,1.0,1.0,4.0,0.0,3.0,0.0,0.0,15.0,14.0,,,,,,
2025,2,BAL,CLE,C.Rush,0.0,0.0,0.0,0.0,0.0,0.0,,3.0,-4.0,0.0,0.0,0.0,0.0,0.0,0.0,0.0,0.0,0.0,0.0,-0.4,-0.4,,,,,,
2025,2,BAL,CLE,D.Henry,0.0,0.0,0.0,0.0,0.0,0.0,,11.0,23.0,0.0,1.0,0.0,0.0,0.0,0.0,0.0,0.0,0.0,0.0,2.3,2.3,,,,,,
2025,2,BAL,CLE,D.Hopkins,0.0,0.0,0.0,0.0,0.0,0.0,,0.0,0.0,0.0,0.0,0.0,2.0,2.0,64.0,1.0,64.0,0.0,0.0,14.4,12.4,,,,,,
2025,2,BAL,CLE,D.Walker,0.0,0.0,0.0,0.0,0.0,0.0,,0.0,0.0,0.0,0.0,0.0,2.0,2.0,26.0,2.0,26.0,0.0,0.0,16.6,14.6,,,,,,
2025,2,BAL,CLE,J.Hill,0.0,0.0,0.0,0.0,0.0,0.0,,3.0,7.0,0.0,0.0,0.0,3.0,3.0,18.0,0.0,-8.0,0.0,0.0,5.5,2.5,,,,,,
2025,2,BAL,CLE,L.Jackson,32.0,19.0,225.0,4.0,0.0,3.0,QB,2.0,13.0,0.0,0.0,0.0,0.0,0.0,0.0,0.0,0.0,0.0,0.0,26.3,26.3,,,,,,
2025,2,BAL,CLE,M.Andrews,0.0,0.0,0.0,0.0,0.0,0.0,,1.0,2.0,0.0,0.0,0.0,3.0,1.0,2.0,0.0,6.0,0.0,0.0,1.4,0.4,,,,,,
2025,2,BAL,CLE,R.Bateman,0.0,0.0,0.0,0.0,0.0,0.0,,0.0,0.0,0.0,0.0,0.0,4.0,2.0,15.0,0.0,31.0,0.0,0.0,3.5,1.5,,,,,,
2025,2,BAL,CLE,T.Wallace,0.0,0.0,0.0,0.0,0.0,0.0,,0.0,0.0,0.0,0.0,0.0,2.0,2.0,25.0,1.0,18.0,0.0,0.0,10.5,8.5,,,,,,
2025,2,BAL,CLE,Z.Flowers,0.0,0.0,0.0,0.0,0.0,0.0,,1.0,4.0,0.0,0.0,0.0,11.0,7.0,75.0,0.0,134.0,0.0,0.0,14.9,7.9,,,,,,
2025,2,BAL,CLE,Z.Mitchell-Paden,0.0,0.0,0.0,0.0,0.0,0.0,,0.0,0.0,0.0,0.0,0.0,1.0,0.0,0.0,0.0,1.0,0.0,0.0,0.0,0.0,,,,,,
2025,2,BUF,NYJ,D.Kincaid,0.0,0.0,0.0,0.0,0.0,0.0,,0.0,0.0,0.0,0.0,0.0,6.0,4.0,37.0,0.0,29.0,0.0,0.0,7.7,3.7,,,,,,
2025,2,BUF,NYJ,D.Knox,0.0,0.0,0.0,0.0,0.0,0.0,,0.0,0.0,0.0,0.0,0.0,5.0,2.0,19.0,0.0,12.0,0.0,0.0,3.9,1.9,,,,,,
2025,2,BUF,NYJ,E.Moore,0.0,0.0,0.0,0.0,0.0,0.0,,2.0,6.0,1.0,0.0,0.0,1.0,1.0,31.0,0.0,12.0,0.0,0.0,10.7,9.7,,,,,,
2025,2,BUF,NYJ,J.Allen,26.0,14.0,148.0,0.0,0.0,1.0,QB,6.0,59.0,0.0,0.0,0.0,0.0,0.0,0.0,0.0,0.0,0.0,0.0,11.82,11.82,,,,,,
2025,2,BUF,NYJ,J.Cook,0.0,0.0,0.0,0.0,0.0,0.0,,21.0,132.0,2.0,1.0,0.0,1.0,1.0,3.0,0.0,-6.0,0.0,0.0,26.5,25.5,,,,,,
2025,2,BUF,NYJ,J.Hawes,0.0,0.0,0.0,0.0,0.0,0.0,,0.0,0.0,0.0,0.0,0.0,1.0,1.0,5.0,0.0,-2.0,0.0,0.0,1.5,0.5,,,,,,
2025,2,BUF,NYJ,J.Palmer,0.0,0.0,0.0,0.0,0.0,0.0,,0.0,0.0,0.0,0.0,0.0,3.0,2.0,47.0,0.0,47.0,0.0,0.0,6.7,4.7,,,,,,
2025,2,BUF,NYJ,K.Coleman,0.0,0.0,0.0,0.0,0.0,0.0,,0.0,0.0,0.0,0.0,0.0,3.0,3.0,26.0,0.0,26.0,0.0,0.0,5.6,2.6,,,,,,
2025,2,BUF,NYJ,K.Shakir,0.0,0.0,0.0,0.0,0.0,0.0,,0.0,0.0,0.0,0.0,0.0,2.0,1.0,12.0,0.0,15.0,0.0,0.0,2.2,1.2,,,,,,
2025,2,BUF,NYJ,M.Trubisky,2.0,1.0,32.0,0.0,0.0,0.0,QB,3.0,-3.0,0.0,0.0,0.0,0.0,0.0,0.0,0.0,0.0,0.0,0.0,0.98,0.98,,,,,,
2025,2,BUF,NYJ,R.Davis,0.0,0.0,0.0,0.0,0.0,0.0,,9.0,24.0,0.0,0.0,0.0,0.0,0.0,0.0,0.0,0.0,0.0,0.0,2.4,2.4,,,,,,
2025,2,BUF,NYJ,T.Shavers,0.0,0.0,0.0,0.0,0.0,0.0,,0.0,0.0,0.0,0.0,0.0,2.0,0.0,0.0,0.0,25.0,0.0,0.0,0.0,0.0,,,,,,
2025,2,BUF,NYJ,Ty.Johnson,0.0,0.0,0.0,0.0,0.0,0.0,,2.0,6.0,0.0,0.0,0.0,1.0,0.0,0.0,0.0,-4.0,0.0,0.0,0.6,0.6,,,,,,
2025,2,CAR,ARI,B.Tremayne,0.0,0.0,0.0,0.0,0.0,0.0,,0.0,0.0,0.0,0.0,0.0,5.0,3.0,48.0,0.0,62.0,0.0,0.0,7.8,4.8,,,,,,
2025,2,CAR,ARI,B.Young,58.0,35.0,328.0,3.0,1.0,3.0,QB,2.0,2.0,0.0,0.0,0.0,0.0,0.0,0.0,0.0,0.0,0.0,0.0,24.32,24.32,,,,,,
2025,2,CAR,ARI,C.Hubbard,0.0,0.0,0.0,0.0,0.0,0.0,,11.0,38.0,0.0,0.0,0.0,6.0,5.0,39.0,1.0,16.0,0.0,0.0,18.7,13.7,,,,,,
2025,2,CAR,ARI,H.Renfrow,0.0,0.0,0.0,0.0,0.0,0.0,,0.0,0.0,0.0,0.0,0.0,9.0,7.0,48.0,2.0,64.0,0.0,0.0,23.8,16.8,,,,,,
2025,2,CAR,ARI,J.Sanders,0.0,0.0,0.0,0.0,0.0,0.0,,0.0,0.0,0.0,0.0,0.0,9.0,7.0,54.0,0.0,56.0,0.0,0.0,12.4,5.4,,,,,,
2025,2,CAR,ARI,M.Evans,0.0,0.0,0.0,0.0,0.0,0.0,,0.0,0.0,0.0,0.0,0.0,1.0,1.0,9.0,0.0,5.0,0.0,0.0,1.9,0.9,,,,,,
2025,2,CAR,ARI,R.Dowdle,0.0,0.0,0.0,0.0,0.0,0.0,,7.0,9.0,0.0,0.0,0.0,1.0,1.0,10.0,0.0,4.0,0.0,0.0,2.9,1.9,,,,,,
2025,2,CAR,ARI,T.Etienne,0.0,0.0,0.0,0.0,0.0,0.0,,0.0,0.0,0.0,0.0,0.0,1.0,1.0,2.0,0.0,-3.0,0.0,0.0,1.2,0.2,,,,,,
2025,2,CAR,ARI,T.McMillan,0.0,0.0,0.0,0.0,0.0,0.0,,0.0,0.0,0.0,0.0,0.0,10.0,6.0,100.0,0.0,82.0,0.0,0.0,16.0,10.0,,,,,,
2025,2,CAR,ARI,T.Tremble,0.0,0.0,0.0,0.0,0.0,0.0,,0.0,0.0,0.0,0.0,0.0,3.0,3.0,20.0,0.0,18.0,0.0,0.0,5.0,2.0,,,,,,
2025,2,CAR,ARI,X.Legette,0.0,0.0,0.0,0.0,0.0,0.0,,1.0,0.0,0.0,0.0,0.0,8.0,1.0,-2.0,0.0,33.0,0.0,0.0,0.8,-0.2,,,,,,
2025,2,CHI,DET,C.Kmet,0.0,0.0,0.0,0.0,0.0,0.0,,0.0,0.0,0.0,0.0,0.0,2.0,2.0,29.0,0.0,17.0,0.0,0.0,4.9,2.9,,,,,,
2025,2,CHI,DET,C.Loveland,0.0,0.0,0.0,0.0,0.0,0.0,,0.0,0.0,0.0,0.0,0.0,1.0,0.0,0.0,0.0,22.0,0.0,0.0,0.0,0.0,,,,,,
2025,2,CHI,DET,C.Williams,34.0,19.0,207.0,2.0,1.0,4.0,QB,5.0,27.0,0.0,0.0,0.0,0.0,0.0,0.0,0.0,0.0,0.0,0.0,17.98,17.98,,,,,,
2025,2,CHI,DET,D.Moore,0.0,0.0,0.0,0.0,0.0,0.0,,0.0,0.0,0.0,0.0,0.0,6.0,5.0,46.0,0.0,38.0,0.0,0.0,9.6,4.6,,,,,,
2025,2,CHI,DET,D.Swift,0.0,0.0,0.0,0.0,0.0,0.0,,12.0,63.0,1.0,1.0,1.0,3.0,3.0,6.0,0.0,-5.0,0.0,0.0,15.9,12.9,,,,,,
2025,2,CHI,DET,K.Monangai,0.0,0.0,0.0,0.0,0.0,0.0,,7.0,28.0,0.0,0.0,0.0,3.0,1.0,8.0,0.0,6.0,0.0,0.0,4.6,3.6,,,,,,
2025,2,CHI,DET,L.Burden,0.0,0.0,0.0,0.0,0.0,0.0,,0.0,0.0,0.0,0.0,0.0,2.0,1.0,5.0,0.0,6.0,0.0,0.0,1.5,0.5,,,,,,
2025,2,CHI,DET,O.Zaccheaus,0.0,0.0,0.0,0.0,0.0,0.0,,1.0,9.0,0.0,0.0,0.0,5.0,2.0,12.0,0.0,53.0,0.0,0.0,4.1,2.1,,,,,,
2025,2,CHI,DET,R.Odunze,0.0,0.0,0.0,0.0,0.0,0.0,,0.0,0.0,0.0,0.0,0.0,11.0,7.0,128.0,2.0,200.0,0.0,0.0,31.8,24.8,,,,,,
2025,2,CHI,DET,T.Bagent,3.0,2.0,27.0,0.0,0.0,0.0,QB,2.0,7.0,0.0,1.0,0.0,0.0,0.0,0.0,0.0,0.0,0.0,0.0,1.78,1.78,,,,,,
2025,2,CIN,JAX,A.Iosivas,0.0,0.0,0.0,0.0,0.0,0.0,,0.0,0.0,0.0,0.0,0.0,5.0,1.0,12.0,0.0,62.0,0.0,0.0,2.2,1.2,,,,,,
2025,2,CIN,JAX,C.Brown,0.0,0.0,0.0,0.0,0.0,0.0,,16.0,47.0,0.0,0.0,0.0,3.0,2.0,18.0,0.0,8.0,0.0,0.0,8.5,6.5,,,,,,
2025,2,CIN,JAX,D.Sample,0.0,0.0,0.0,0.0,0.0,0.0,,0.0,0.0,0.0,0.0,0.0,2.0,1.0,7.0,0.0,-6.0,0.0,0.0,1.7,0.7,,,,,,
2025,2,CIN,JAX,J.Browning,33.0,21.0,241.0,2.0,3.0,1.0,QB,1.0,1.0,1.0,0.0,0.0,0.0,0.0,0.0,0.0,0.0,0.0,0.0,20.74,20.74,,,,,,
2025,2,CIN,JAX,J.Burrow,15.0,7.0,76.0,1.0,0.0,2.0,QB,0.0,0.0,0.0,0.0,0.0,0.0,0.0,0.0,0.0,0.0,0.0,0.0,7.04,7.04,,,,,,
2025,2,CIN,JAX,J.Chase,0.0,0.0,0.0,0.0,0.0,0.0,,0.0,0.0,0.0,0.0,0.0,16.0,14.0,165.0,1.0,112.0,0.0,0.0,36.5,22.5,,,,,,
2025,2,CIN,JAX,M.Gesicki,0.0,0.0,0.0,0.0,0.0,0.0,,0.0,0.0,0.0,0.0,0.0,4.0,3.0,18.0,0.0,46.0,0.0,0.0,4.8,1.8,,,,,,
2025,2,CIN,JAX,M.Tinsley,0.0,0.0,0.0,0.0,0.0,0.0,,0.0,0.0,0.0,0.0,0.0,1.0,1.0,13.0,1.0,13.0,0.0,0.0,8.3,7.3,,,,,,
2025,2,CIN,JAX,N.Fant,0.0,0.0,0.0,0.0,0.0,0.0,,0.0,0.0,0.0,0.0,0.0,4.0,3.0,28.0,0.0,25.0,0.0,0.0,5.8,2.8,,,,,,
2025,2,CIN,JAX,T.Higgins,0.0,0.0,0.0,0.0,0.0,0.0,,0.0,0.0,0.0,0.0,0.0,8.0,3.0,56.0,1.0,105.0,0.0,0.0,14.6,11.6,,,,,,
2025,2,CLE,BAL,C.Tillman,0.0,0.0,0.0,0.0,0.0,0.0,,0.0,0.0,0.0,0.0,0.0,7.0,2.0,22.0,1.0,72.0,0.0,0.0,10.2,8.2,,,,,,
2025,2,CLE,BAL,D.Gabriel,3.0,3.0,19.0,1.0,0.0,0.0,QB,0.0,0.0,0.0,0.0,0.0,0.0,0.0,0.0,0.0,0.0,0.0,0.0,4.76,4.76,,,,,,
2025,2,CLE,BAL,D.Njoku,0.0,0.0,0.0,0.0,0.0,0.0,,0.0,0.0,0.0,0.0,0.0,5.0,4.0,40.0,0.0,48.0,0.0,0.0,8.0,4.0,,,,,,
2025,2,CLE,BAL,D.Sampson,0.0,0.0,0.0,0.0,0.0,0.0,,4.0,6.0,0.0,0.0,0.0,3.0,3.0,13.0,1.0,7.0,0.0,0.0,10.9,7.9,,,,,,
2025,2,CLE,BAL,H.Fannin,0.0,0.0,0.0,0.0,0.0,0.0,,0.0,0.0,0.0,0.0,0.0,5.0,5.0,48.0,0.0,27.0,0.0,0.0,9.8,4.8,,,,,,
2025,2,CLE,BAL,I.Bond,0.0,0.0,0.0,0.0,0.0,0.0,,1.0,9.0,0.0,0.0,0.0,3.0,1.0,6.0,0.0,9.0,0.0,0.0,2.5,1.5,,,,,,
2025,2,CLE,BAL,J.Flacco,47.0,25.0,199.0,1.0,1.0,2.0,QB,1.0,8.0,0.0,0.0,0.0,0.0,0.0,0.0,0.0,0.0,0.0,0.0,11.76,11.76,,,,,,
2025,2,CLE,BAL,J.Ford,0.0,0.0,0.0,0.0,0.0,0.0,,6.0,31.0,0.0,0.0,0.0,6.0,5.0,23.0,0.0,-8.0,0.0,0.0,10.4,5.4,,,,,,
2025,2,CLE,BAL,J.Jeudy,0.0,0.0,0.0,0.0,0.0,0.0,,0.0,0.0,0.0,0.0,0.0,8.0,4.0,51.0,0.0,105.0,0.0,0.0,9.1,5.1,,,,,,
2025,2,CLE,BAL,J.Thrash,0.0,0.0,0.0,0.0,0.0,0.0,,0.0,0.0,0.0,0.0,0.0,1.0,1.0,5.0,0.0,3.0,0.0,0.0,1.5,0.5,,,,,,
2025,2,CLE,BAL,Q.Judkins,0.0,0.0,0.0,0.0,0.0,0.0,,10.0,61.0,0.0,0.0,0.0,3.0,3.0,10.0,0.0,2.0,0.0,0.0,10.1,7.1,,,,,,
2025,2,DAL,NYG,B.Spann-Ford,0.0,0.0,0.0,0.0,0.0,0.0,,0.0,0.0,0.0,0.0,0.0,1.0,1.0,3.0,0.0,1.0,0.0,0.0,1.3,0.3,,,,,,
2025,2,DAL,NYG,C.Lamb,0.0,0.0,0.0,0.0,0.0,0.0,,0.0,0.0,0.0,0.0,0.0,11.0,9.0,112.0,0.0,121.0,0.0,0.0,20.2,11.2,,,,,,
2025,2,DAL,NYG,D.Prescott,55.0,38.0,361.0,2.0,1.0,3.0,QB,3.0,17.0,0.0,1.0,0.0,0.0,0.0,0.0,0.0,0.0,0.0,0.0,23.14,23.14,,,,,,
2025,2,DAL,NYG,G.Pickens,0.0,0.0,0.0,0.0,0.0,0.0,,0.0,0.0,0.0,0.0,0.0,9.0,5.0,68.0,1.0,100.0,0.0,0.0,17.8,12.8,,,,,,
2025,2,DAL,NYG,J.Ferguson,0.0,0.0,0.0,0.0,0.0,0.0,,0.0,0.0,0.0,0.0,0.0,12.0,9.0,78.0,0.0,77.0,0.0,0.0,16.8,7.8,,,,,,
2025,2,DAL,NYG,J.Tolbert,0.0,0.0,0.0,0.0,0.0,0.0,,0.0,0.0,0.0,0.0,0.0,4.0,2.0,16.0,0.0,30.0,0.0,0.0,3.6,1.6,,,,,,
2025,2,DAL,NYG,J.Williams,0.0,0.0,0.0,0.0,0.0,0.0,,18.0,97.0,1.0,0.0,0.0,7.0,6.0,33.0,0.0,-15.0,0.0,0.0,25.0,19.0,,,,,,
2025,2,DAL,NYG,K.Turpin,0.0,0.0,0.0,0.0,0.0,0.0,,2.0,6.0,0.0,0.0,0.0,4.0,4.0,47.0,1.0,31.0,0.0,0.0,15.3,11.3,,,,,,
2025,2,DAL,NYG,L.Schoonmaker,0.0,0.0,0.0,0.0,0.0,0.0,,0.0,0.0,0.0,0.0,0.0,2.0,0.0,0.0,0.0,17.0,0.0,0.0,0.0,0.0,,,,,,
2025,2,DAL,NYG,M.Sanders,0.0,0.0,0.0,0.0,0.0,0.0,,5.0,15.0,1.0,0.0,0.0,2.0,2.0,4.0,0.0,-12.0,0.0,0.0,9.9,7.9,,,,,,
2025,2,DEN,IND,A.Trautman,0.0,0.0,0.0,0.0,0.0,0.0,,0.0,0.0,0.0,0.0,0.0,3.0,3.0,10.0,1.0,7.0,0.0,0.0,10.0,7.0,,,,,,
2025,2,DEN,IND,B.Nix,30.0,22.0,206.0,3.0,1.0,0.0,QB,3.0,20.0,0.0,0.0,0.0,0.0,0.0,0.0,0.0,0.0,0.0,0.0,21.24,21.24,,,,,,
2025,2,DEN,IND,C.Sutton,0.0,0.0,0.0,0.0,0.0,0.0,,0.0,0.0,0.0,0.0,0.0,4.0,1.0,6.0,0.0,47.0,0.0,0.0,1.6,0.6,,,,,,
2025,2,DEN,IND,E.Engram,0.0,0.0,0.0,0.0,0.0,0.0,,0.0,0.0,0.0,0.0,0.0,2.0,1.0,12.0,0.0,9.0,0.0,0.0,2.2,1.2,,,,,,
2025,2,DEN,IND,J.Dobbins,0.0,0.0,0.0,0.0,0.0,0.0,,14.0,76.0,1.0,0.0,0.0,2.0,1.0,9.0,0.0,0.0,0.0,0.0,15.5,14.5,,,,,,
2025,2,DEN,IND,M.Mims,0.0,0.0,0.0,0.0,0.0,0.0,,0.0,0.0,0.0,0.0,0.0,2.0,2.0,24.0,1.0,18.0,0.0,0.0,10.4,8.4,,,,,,
2025,2,DEN,IND,P.Bryant,0.0,0.0,0.0,0.0,0.0,0.0,,0.0,0.0,0.0,0.0,0.0,3.0,2.0,18.0,0.0,8.0,0.0,0.0,3.8,1.8,,,,,,
2025,2,DEN,IND,R.Harvey,0.0,0.0,0.0,0.0,0.0,0.0,,5.0,8.0,0.0,0.0,0.0,2.0,1.0,16.0,0.0,5.0,0.0,0.0,3.4,2.4,,,,,,
2025,2,DEN,IND,T.Badie,0.0,0.0,0.0,0.0,0.0,0.0,,1.0,3.0,0.0,0.0,0.0,2.0,2.0,19.0,0.0,-10.0,0.0,0.0,4.2,2.2,,,,,,
2025,2,DEN,IND,T.Franklin,0.0,0.0,0.0,0.0,0.0,0.0,,1.0,11.0,0.0,0.0,0.0,9.0,8.0,89.0,1.0,60.0,0.0,0.0,24.0,16.0,,,,,,
2025,2,DEN,IND,T.Sherfield,0.0,0.0,0.0,0.0,0.0,0.0,,0.0,0.0,0.0,0.0,0.0,1.0,1.0,3.0,0.0,3.0,0.0,0.0,1.3,0.3,,,,,,
2025,2,DET,CHI,A.St. Brown,0.0,0.0,0.0,0.0,0.0,0.0,,2.0,7.0,0.0,0.0,0.0,11.0,9.0,115.0,3.0,88.0,0.0,0.0,39.2,30.2,,,,,,
2025,2,DET,CHI,B.Wright,0.0,0.0,0.0,0.0,0.0,0.0,,0.0,0.0,0.0,0.0,0.0,3.0,3.0,28.0,1.0,3.0,0.0,0.0,11.8,8.8,,,,,,
2025,2,DET,CHI,C.Reynolds,0.0,0.0,0.0,0.0,0.0,0.0,,3.0,4.0,0.0,0.0,0.0,0.0,0.0,0.0,0.0,0.0,0.0,0.0,0.4,0.4,,,,,,
2025,2,DET,CHI,D.Montgomery,0.0,0.0,0.0,0.0,0.0,0.0,,11.0,57.0,1.0,0.0,0.0,1.0,1.0,4.0,0.0,-7.0,0.0,0.0,13.1,12.1,,,,,,
2025,2,DET,CHI,I.TeSlaa,0.0,0.0,0.0,0.0,0.0,0.0,,0.0,0.0,0.0,0.0,0.0,1.0,1.0,29.0,0.0,27.0,0.0,0.0,3.9,2.9,,,,,,
2025,2,DET,CHI,J.Gibbs,0.0,0.0,0.0,0.0,0.0,0.0,,12.0,94.0,1.0,0.0,0.0,3.0,3.0,10.0,0.0,-3.0,0.0,0.0,19.4,16.4,,,,,,
2025,2,DET,CHI,J.Goff,28.0,23.0,334.0,5.0,0.0,0.0,QB,1.0,6.0,0.0,0.0,0.0,0.0,0.0,0.0,0.0,0.0,0.0,0.0,33.96,33.96,,,,,,
2025,2,DET,CHI,J.Williams,0.0,0.0,0.0,0.0,0.0,0.0,,0.0,0.0,0.0,0.0,0.0,4.0,2.0,108.0,1.0,134.0,0.0,0.0,18.8,16.8,,,,,,
2025,2,DET,CHI,K.Raymond,0.0,0.0,0.0,0.0,0.0,0.0,,1.0,9.0,0.0,0.0,0.0,1.0,1.0,14.0,0.0,14.0,0.0,0.0,3.3,2.3,,,,,,
2025,2,DET,CHI,S.LaPorta,0.0,0.0,0.0,0.0,0.0,0.0,,0.0,0.0,0.0,0.0,0.0,4.0,3.0,26.0,0.0,18.0,0.0,0.0,5.6,2.6,,,,,,
2025,2,GB,WAS,C.Brooks,0.0,0.0,0.0,0.0,0.0,0.0,,0.0,0.0,0.0,0.0,0.0,4.0,3.0,27.0,0.0,-11.0,0.0,0.0,5.7,2.7,,,,,,
2025,2,GB,WAS,D.Wicks,0.0,0.0,0.0,0.0,0.0,0.0,,0.0,0.0,0.0,0.0,0.0,6.0,4.0,44.0,0.0,124.0,0.0,0.0,8.4,4.4,,,,,,
2025,2,GB,WAS,J.Jacobs,0.0,0.0,0.0,0.0,0.0,0.0,,23.0,84.0,1.0,0.0,0.0,0.0,0.0,0.0,0.0,0.0,0.0,0.0,14.4,14.4,,,,,,
2025,2,GB,WAS,J.Love,33.0,19.0,292.0,2.0,0.0,2.0,QB,3.0,12.0,0.0,0.0,0.0,0.0,0.0,0.0,0.0,0.0,0.0,0.0,20.88,20.88,,,,,,
2025,2,GB,WAS,L.Musgrave,0.0,0.0,0.0,0.0,0.0,0.0,,0.0,0.0,0.0,0.0,0.0,2.0,2.0,32.0,0.0,25.0,0.0,0.0,5.2,3.2,,,,,,
2025,2,GB,WAS,M.Golden,0.0,0.0,0.0,0.0,0.0,0.0,,2.0,15.0,0.0,0.0,0.0,2.0,0.0,0.0,0.0,81.0,0.0,0.0,1.5,1.5,,,,,,
2025,2,GB,WAS,M.Heath,0.0,0.0,0.0,0.0,0.0,0.0,,0.0,0.0,0.0,0.0,0.0,1.0,1.0,37.0,0.0,37.0,0.0,0.0,4.7,3.7,,,,,,
2025,2,GB,WAS,R.Doubs,0.0,0.0,0.0,0.0,0.0,0.0,,0.0,0.0,0.0,0.0,0.0,5.0,3.0,28.0,1.0,85.0,0.0,0.0,11.8,8.8,,,,,,
2025,2,GB,WAS,S.Williams,0.0,0.0,0.0,0.0,0.0,0.0,,2.0,24.0,0.0,0.0,0.0,0.0,0.0,0.0,0.0,0.0,0.0,0.0,2.4,2.4,,,,,,
2025,2,GB,WAS,T.Kraft,0.0,0.0,0.0,0.0,0.0,0.0,,0.0,0.0,0.0,0.0,0.0,7.0,6.0,124.0,1.0,56.0,0.0,0.0,24.4,18.4,,,,,,
2025,2,HOU,TB,C.Stroud,28.0,13.0,207.0,1.0,0.0,3.0,QB,4.0,27.0,0.0,0.0,0.0,0.0,0.0,0.0,0.0,0.0,0.0,0.0,14.98,14.98,,,,,,
2025,2,HOU,TB,D.Schultz,0.0,0.0,0.0,0.0,0.0,0.0,,0.0,0.0,0.0,0.0,0.0,4.0,3.0,29.0,0.0,20.0,0.0,0.0,5.9,2.9,,,,,,
2025,2,HOU,TB,H.Bryant,0.0,0.0,0.0,0.0,0.0,0.0,,0.0,0.0,0.0,0.0,0.0,1.0,0.0,0.0,0.0,14.0,0.0,0.0,0.0,0.0,,,,,,
2025,2,HOU,TB,J.Higgins,0.0,0.0,0.0,0.0,0.0,0.0,,0.0,0.0,0.0,0.0,0.0,1.0,1.0,28.0,0.0,4.0,0.0,0.0,3.8,2.8,,,,,,
2025,2,HOU,TB,J.Watson,0.0,0.0,0.0,0.0,0.0,0.0,,0.0,0.0,0.0,0.0,0.0,2.0,1.0,3.0,0.0,19.0,0.0,0.0,1.3,0.3,,,,,,
2025,2,HOU,TB,N.Chubb,0.0,0.0,0.0,0.0,0.0,0.0,,12.0,43.0,1.0,0.0,0.0,2.0,2.0,29.0,0.0,-7.0,0.0,0.0,15.2,13.2,,,,,,
2025,2,HOU,TB,N.Collins,0.0,0.0,0.0,0.0,0.0,0.0,,0.0,0.0,0.0,0.0,0.0,9.0,3.0,52.0,1.0,88.0,0.0,0.0,14.2,11.2,,,,,,
2025,2,HOU,TB,W.Marks,0.0,0.0,0.0,0.0,0.0,0.0,,3.0,14.0,0.0,0.0,0.0,1.0,1.0,37.0,0.0,5.0,0.0,0.0,6.1,5.1,,,,,,
2025,2,HOU,TB,X.Hutchinson,0.0,0.0,0.0,0.0,0.0,0.0,,0.0,0.0,0.0,0.0,0.0,3.0,2.0,29.0,0.0,33.0,0.0,0.0,4.9,2.9,,,,,,
2025,2,IND,DEN,A.Mitchell,0.0,0.0,0.0,0.0,0.0,0.0,,0.0,0.0,0.0,0.0,0.0,4.0,2.0,20.0,0.0,107.0,0.0,0.0,4.0,2.0,,,,,,
2025,2,IND,DEN,A.Pierce,0.0,0.0,0.0,0.0,0.0,0.0,,0.0,0.0,0.0,0.0,0.0,5.0,4.0,68.0,0.0,80.0,0.0,0.0,10.8,6.8,,,,,,
2025,2,IND,DEN,D.Giddens,0.0,0.0,0.0,0.0,0.0,0.0,,0.0,0.0,0.0,0.0,0.0,1.0,0.0,0.0,0.0,-6.0,0.0,0.0,0.0,0.0,,,,,,
2025,2,IND,DEN,D.Jones,35.0,23.0,316.0,1.0,0.0,1.0,QB,6.0,2.0,1.0,0.0,0.0,0.0,0.0,0.0,0.0,0.0,0.0,0.0,22.84,22.84,,,,,,
2025,2,IND,DEN,J.Downs,0.0,0.0,0.0,0.0,0.0,0.0,,0.0,0.0,0.0,0.0,0.0,8.0,6.0,51.0,0.0,58.0,0.0,0.0,11.1,5.1,,,,,,
2025,2,IND,DEN,J.Taylor,0.0,0.0,0.0,0.0,0.0,0.0,,25.0,165.0,0.0,0.0,0.0,2.0,2.0,50.0,1.0,2.0,0.0,0.0,29.5,27.5,,,,,,
2025,2,IND,DEN,M.Alie-Cox,0.0,0.0,0.0,0.0,0.0,0.0,,0.0,0.0,0.0,0.0,0.0,1.0,1.0,8.0,0.0,0.0,0.0,0.0,1.8,0.8,,,,,,
2025,2,IND,DEN,M.Pittman,0.0,0.0,0.0,0.0,0.0,0.0,,0.0,0.0,0.0,0.0,0.0,5.0,4.0,40.0,0.0,37.0,0.0,0.0,8.0,4.0,,,,,,
2025,2,IND,DEN,T.Warren,0.0,0.0,0.0,0.0,0.0,0.0,,1.0,0.0,0.0,0.0,0.0,7.0,4.0,79.0,0.0,55.0,0.0,0.0,11.9,7.9,,,,,,
2025,2,JAX,CIN,B.Strange,0.0,0.0,0.0,0.0,0.0,0.0,,0.0,0.0,0.0,0.0,0.0,5.0,3.0,17.0,0.0,31.0,0.0,0.0,4.7,1.7,,,,,,
2025,2,JAX,CIN,B.Thomas,0.0,0.0,0.0,0.0,0.0,0.0,,0.0,0.0,0.0,0.0,0.0,12.0,4.0,49.0,0.0,166.0,0.0,0.0,8.9,4.9,,,,,,
2025,2,JAX,CIN,B.Tuten,0.0,0.0,0.0,0.0,0.0,0.0,,8.0,42.0,0.0,0.0,0.0,2.0,2.0,32.0,1.0,-11.0,0.0,0.0,15.4,13.4,,,,,,
2025,2,JAX,CIN,D.Brown,0.0,0.0,0.0,0.0,0.0,0.0,,1.0,9.0,0.0,0.0,0.0,7.0,5.0,57.0,1.0,57.0,0.0,0.0,17.6,12.6,,,,,,
2025,2,JAX,CIN,L.Allen,0.0,0.0,0.0,0.0,0.0,0.0,,2.0,13.0,0.0,0.0,0.0,0.0,0.0,0.0,0.0,0.0,0.0,0.0,1.3,1.3,,,,,,
2025,2,JAX,CIN,P.Washington,0.0,0.0,0.0,0.0,0.0,0.0,,0.0,0.0,0.0,0.0,0.0,5.0,5.0,76.0,0.0,33.0,0.0,0.0,12.6,7.6,,,,,,
2025,2,JAX,CIN,T.Etienne,0.0,0.0,0.0,0.0,0.0,0.0,,14.0,71.0,0.0,0.0,0.0,3.0,2.0,18.0,1.0,-10.0,0.0,0.0,16.9,14.9,,,,,,
2025,2,JAX,CIN,T.Hunter,0.0,0.0,0.0,0.0,0.0,0.0,,0.0,0.0,0.0,0.0,0.0,6.0,3.0,22.0,0.0,30.0,0.0,0.0,5.2,2.2,,,,,,
2025,2,JAX,CIN,T.Lawrence,43.0,24.0,271.0,3.0,2.0,1.0,QB,2.0,4.0,0.0,1.0,0.0,0.0,0.0,0.0,0.0,0.0,0.0,0.0,21.24,21.24,,,,,,
2025,2,JAX,CIN,T.Patrick,0.0,0.0,0.0,0.0,0.0,0.0,,0.0,0.0,0.0,0.0,0.0,1.0,0.0,0.0,0.0,10.0,0.0,0.0,0.0,0.0,,,,,,
2025,2,KC,PHI,B.Smith,0.0,0.0,0.0,0.0,0.0,0.0,,1.0,2.0,0.0,0.0,0.0,1.0,0.0,0.0,0.0,0.0,0.0,0.0,0.2,0.2,,,,,,
2025,2,KC,PHI,I.Pacheco,0.0,0.0,0.0,0.0,0.0,0.0,,10.0,22.0,0.0,0.0,0.0,2.0,1.0,7.0,0.0,-4.0,0.0,0.0,3.9,2.9,,,,,,
2025,2,KC,PHI,J.Smith-Schuster,0.0,0.0,0.0,0.0,0.0,0.0,,0.0,0.0,0.0,0.0,0.0,3.0,1.0,5.0,0.0,19.0,0.0,0.0,1.5,0.5,,,,,,
2025,2,KC,PHI,K.Hunt,0.0,0.0,0.0,0.0,0.0,0.0,,8.0,31.0,0.0,1.0,0.0,1.0,1.0,3.0,0.0,-3.0,0.0,0.0,4.4,3.4,,,,,,
2025,2,KC,PHI,M.Brown,0.0,0.0,0.0,0.0,0.0,0.0,,0.0,0.0,0.0,0.0,0.0,5.0,5.0,30.0,0.0,22.0,0.0,0.0,8.0,3.0,,,,,,
2025,2,KC,PHI,N.Gray,0.0,0.0,0.0,0.0,0.0,0.0,,0.0,0.0,0.0,0.0,0.0,5.0,1.0,1.0,0.0,51.0,0.0,0.0,1.1,0.1,,,,,,
2025,2,KC,PHI,N.Remigio,0.0,0.0,0.0,0.0,0.0,0.0,,0.0,0.0,0.0,0.0,0.0,1.0,1.0,21.0,0.0,18.0,0.0,0.0,3.1,2.1,,,,,,
2025,2,KC,PHI,P.Mahomes,31.0,16.0,187.0,1.0,1.0,2.0,QB,7.0,66.0,1.0,0.0,0.0,0.0,0.0,0.0,0.0,0.0,0.0,0.0,23.08,23.08,,,,,,
2025,2,KC,PHI,T.Kelce,0.0,0.0,0.0,0.0,0.0,0.0,,0.0,0.0,0.0,0.0,0.0,6.0,4.0,61.0,0.0,37.0,0.0,0.0,10.1,6.1,,,,,,
2025,2,KC,PHI,T.Thornton,0.0,0.0,0.0,0.0,0.0,0.0,,0.0,0.0,0.0,0.0,0.0,5.0,2.0,59.0,1.0,169.0,0.0,0.0,13.9,11.9,,,,,,
2025,2,LA,TEN,B.Corum,0.0,0.0,0.0,0.0,0.0,0.0,,5.0,44.0,1.0,0.0,0.0,0.0,0.0,0.0,0.0,0.0,0.0,0.0,10.4,10.4,,,,,,
2025,2,LA,TEN,D.Adams,0.0,0.0,0.0,0.0,0.0,0.0,,0.0,0.0,0.0,0.0,0.0,13.0,6.0,106.0,1.0,138.0,1.0,0.0,22.6,16.6,,,,,,
2025,2,LA,TEN,D.Allen,0.0,0.0,0.0,0.0,0.0,0.0,,0.0,0.0,0.0,0.0,0.0,1.0,1.0,8.0,1.0,5.0,0.0,0.0,7.8,6.8,,,,,,
2025,2,LA,TEN,J.Whittington,0.0,0.0,0.0,0.0,0.0,0.0,,0.0,0.0,0.0,0.0,0.0,2.0,2.0,42.0,0.0,29.0,0.0,0.0,6.2,4.2,,,,,,
2025,2,LA,TEN,K.Williams,0.0,0.0,0.0,0.0,0.0,0.0,,17.0,66.0,0.0,0.0,0.0,2.0,2.0,14.0,0.0,7.0,0.0,0.0,10.0,8.0,,,,,,
2025,2,LA,TEN,M.Stafford,34.0,23.0,298.0,2.0,1.0,1.0,QB,2.0,-6.0,0.0,0.0,0.0,0.0,0.0,0.0,0.0,0.0,0.0,0.0,18.32,18.32,,,,,,
2025,2,LA,TEN,P.Nacua,0.0,0.0,0.0,0.0,0.0,0.0,,1.0,45.0,1.0,0.0,0.0,9.0,8.0,91.0,0.0,68.0,0.0,0.0,27.6,19.6,,,,,,
2025,2,LA,TEN,T.Atwell,0.0,0.0,0.0,0.0,0.0,0.0,,0.0,0.0,0.0,0.0,0.0,1.0,0.0,0.0,0.0,11.0,0.0,0.0,0.0,0.0,,,,,,
2025,2,LA,TEN,T.Higbee,0.0,0.0,0.0,0.0,0.0,0.0,,0.0,0.0,0.0,0.0,0.0,4.0,4.0,37.0,0.0,-4.0,0.0,0.0,7.7,3.7,,,,,,
2025,2,LAC,LV,J.Herbert,29.0,19.0,242.0,2.0,0.0,2.0,QB,9.0,31.0,0.0,2.0,1.0,0.0,0.0,0.0,0.0,0.0,0.0,0.0,20.78,20.78,,,,,,
2025,2,LAC,LV,K.Allen,0.0,0.0,0.0,0.0,0.0,0.0,,0.0,0.0,0.0,0.0,0.0,7.0,5.0,61.0,1.0,54.0,0.0,0.0,17.1,12.1,,,,,,
2025,2,LAC,LV,L.McConkey,0.0,0.0,0.0,0.0,0.0,0.0,,0.0,0.0,0.0,0.0,0.0,5.0,5.0,48.0,0.0,32.0,0.0,0.0,9.8,4.8,,,,,,
2025,2,LAC,LV,N.Harris,0.0,0.0,0.0,0.0,0.0,0.0,,8.0,28.0,0.0,0.0,0.0,2.0,2.0,20.0,0.0,5.0,0.0,0.0,6.8,4.8,,,,,,
2025,2,LAC,LV,O.Hampton,0.0,0.0,0.0,0.0,0.0,0.0,,8.0,24.0,0.0,0.0,0.0,2.0,1.0,1.0,0.0,2.0,0.0,0.0,3.5,2.5,,,,,,
2025,2,LAC,LV,Q.Johnston,0.0,0.0,0.0,0.0,0.0,0.0,,1.0,-2.0,0.0,0.0,0.0,7.0,3.0,71.0,1.0,115.0,0.0,0.0,15.9,12.9,,,,,,
2025,2,LAC,LV,T.Harris,0.0,0.0,0.0,0.0,0.0,0.0,,0.0,0.0,0.0,0.0,0.0,3.0,2.0,34.0,0.0,32.0,0.0,0.0,5.4,3.4,,,,,,
2025,2,LAC,LV,W.Dissly,0.0,0.0,0.0,0.0,0.0,0.0,,0.0,0.0,0.0,0.0,0.0,1.0,1.0,7.0,0.0,4.0,0.0,0.0,1.7,0.7,,,,,,
2025,2,LV,LAC,A.Jeanty,0.0,0.0,0.0,0.0,0.0,0.0,,11.0,43.0,0.0,0.0,0.0,4.0,3.0,1.0,0.0,-27.0,0.0,0.0,7.4,4.4,,,,,,
2025,2,LV,LAC,B.Bowers,0.0,0.0,0.0,0.0,0.0,0.0,,0.0,0.0,0.0,0.0,0.0,8.0,5.0,38.0,0.0,51.0,0.0,0.0,8.8,3.8,,,,,,
2025,2,LV,LAC,D.Laube,0.0,0.0,0.0,0.0,0.0,0.0,,0.0,0.0,0.0,0.0,0.0,2.0,2.0,17.0,0.0,-3.0,0.0,0.0,3.7,1.7,,,,,,
2025,2,LV,LAC,D.Thornton,0.0,0.0,0.0,0.0,0.0,0.0,,0.0,0.0,0.0,0.0,0.0,4.0,1.0,20.0,0.0,105.0,0.0,0.0,3.0,2.0,,,,,,
2025,2,LV,LAC,G.Smith,46.0,24.0,180.0,0.0,3.0,3.0,QB,5.0,20.0,0.0,0.0,0.0,0.0,0.0,0.0,0.0,0.0,0.0,0.0,6.2,6.2,,,,,,
2025,2,LV,LAC,J.Meyers,0.0,0.0,0.0,0.0,0.0,0.0,,0.0,0.0,0.0,0.0,0.0,12.0,6.0,68.0,0.0,101.0,0.0,0.0,12.8,6.8,,,,,,
2025,2,LV,LAC,M.Mayer,0.0,0.0,0.0,0.0,0.0,0.0,,0.0,0.0,0.0,0.0,0.0,2.0,2.0,9.0,0.0,7.0,0.0,0.0,2.9,0.9,,,,,,
2025,2,LV,LAC,T.Tucker,0.0,0.0,0.0,0.0,0.0,0.0,,1.0,7.0,0.0,0.0,0.0,8.0,3.0,12.0,0.0,60.0,0.0,0.0,4.9,1.9,,,,,,
2025,2,LV,LAC,Z.White,0.0,0.0,0.0,0.0,0.0,0.0,,2.0,-2.0,0.0,0.0,0.0,3.0,2.0,15.0,0.0,-3.0,0.0,0.0,3.3,1.3,,,,,,
2025,2,MIA,NE,A.Ingold,0.0,0.0,0.0,0.0,0.0,0.0,,0.0,0.0,0.0,0.0,0.0,2.0,2.0,13.0,0.0,9.0,0.0,0.0,3.3,1.3,,,,,,
2025,2,MIA,NE,D.Achane,0.0,0.0,0.0,0.0,0.0,0.0,,11.0,30.0,0.0,0.0,0.0,10.0,8.0,92.0,1.0,-9.0,0.0,0.0,26.2,18.2,,,,,,
2025,2,MIA,NE,D.Eskridge,0.0,0.0,0.0,0.0,0.0,0.0,,0.0,0.0,0.0,0.0,0.0,1.0,1.0,8.0,0.0,7.0,0.0,0.0,1.8,0.8,,,,,,
2025,2,MIA,NE,J.Waddle,0.0,0.0,0.0,0.0,0.0,0.0,,0.0,0.0,0.0,0.0,0.0,6.0,5.0,68.0,1.0,98.0,0.0,0.0,17.8,12.8,,,,,,
2025,2,MIA,NE,M.Washington,0.0,0.0,0.0,0.0,0.0,0.0,,3.0,23.0,0.0,0.0,0.0,2.0,1.0,2.0,0.0,6.0,0.0,0.0,3.5,2.5,,,,,,
2025,2,MIA,NE,N.Westbrook-Ikhine,0.0,0.0,0.0,0.0,0.0,0.0,,0.0,0.0,0.0,0.0,0.0,3.0,2.0,18.0,0.0,18.0,0.0,0.0,3.8,1.8,,,,,,
2025,2,MIA,NE,O.Gordon,0.0,0.0,0.0,0.0,0.0,0.0,,1.0,8.0,0.0,0.0,0.0,1.0,1.0,5.0,0.0,-3.0,0.0,0.0,2.3,1.3,,,,,,
2025,2,MIA,NE,T.Hill,0.0,0.0,0.0,0.0,0.0,0.0,,0.0,0.0,0.0,0.0,0.0,7.0,6.0,109.0,0.0,125.0,0.0,0.0,16.9,10.9,,,,,,
2025,2,MIA,NE,T.Tagovailoa,37.0,26.0,315.0,2.0,1.0,5.0,QB,0.0,0.0,0.0,0.0,0.0,0.0,0.0,0.0,0.0,0.0,0.0,0.0,19.6,19.6,,,,,,
2025,2,MIN,ATL,A.Jones,0.0,0.0,0.0,0.0,0.0,0.0,,5.0,23.0,0.0,0.0,0.0,1.0,0.0,0.0,0.0,-5.0,0.0,0.0,2.3,2.3,,,,,,
2025,2,MIN,ATL,A.Thielen,0.0,0.0,0.0,0.0,0.0,0.0,,0.0,0.0,0.0,0.0,0.0,3.0,2.0,26.0,0.0,58.0,0.0,0.0,4.6,2.6,,,,,,
2025,2,MIN,ATL,J.Jefferson,0.0,0.0,0.0,0.0,0.0,0.0,,0.0,0.0,0.0,0.0,0.0,6.0,3.0,81.0,0.0,102.0,1.0,0.0,11.1,8.1,,,,,,
2025,2,MIN,ATL,J.Mason,0.0,0.0,0.0,0.0,0.0,0.0,,9.0,30.0,0.0,0.0,0.0,3.0,2.0,8.0,0.0,-4.0,0.0,0.0,5.8,3.8,,,,,,
2025,2,MIN,ATL,J.McCarthy,27.0,11.0,158.0,0.0,2.0,6.0,QB,5.0,25.0,0.0,1.0,0.0,0.0,0.0,0.0,0.0,0.0,0.0,0.0,6.82,6.82,,,,,,
2025,2,MIN,ATL,J.Nailor,0.0,0.0,0.0,0.0,0.0,0.0,,0.0,0.0,0.0,0.0,0.0,5.0,3.0,31.0,0.0,82.0,0.0,0.0,6.1,3.1,,,,,,
2025,2,MIN,ATL,T.Hockenson,0.0,0.0,0.0,0.0,0.0,0.0,,0.0,0.0,0.0,0.0,0.0,3.0,1.0,12.0,0.0,19.0,0.0,0.0,2.2,1.2,,,,,,
2025,2,NE,MIA,A.Gibson,0.0,0.0,0.0,0.0,0.0,0.0,,5.0,27.0,0.0,0.0,0.0,1.0,1.0,1.0,0.0,-4.0,0.0,0.0,3.8,2.8,,,,,,
2025,2,NE,MIA,A.Hooper,0.0,0.0,0.0,0.0,0.0,0.0,,0.0,0.0,0.0,0.0,0.0,3.0,3.0,38.0,0.0,28.0,0.0,0.0,6.8,3.8,,,,,,
2025,2,NE,MIA,D.Douglas,0.0,0.0,0.0,0.0,0.0,0.0,,0.0,0.0,0.0,0.0,0.0,1.0,1.0,8.0,0.0,5.0,0.0,0.0,1.8,0.8,,,,,,
2025,2,NE,MIA,D.Maye,26.0,19.0,230.0,2.0,0.0,3.0,QB,10.0,31.0,1.0,1.0,0.0,0.0,0.0,0.0,0.0,0.0,0.0,0.0,26.3,26.3,,,,,,
2025,2,NE,MIA,H.Henry,0.0,0.0,0.0,0.0,0.0,0.0,,0.0,0.0,0.0,0.0,0.0,3.0,1.0,9.0,0.0,12.0,0.0,0.0,1.9,0.9,,,,,,
2025,2,NE,MIA,K.Boutte,0.0,0.0,0.0,0.0,0.0,0.0,,0.0,0.0,0.0,0.0,0.0,1.0,1.0,16.0,1.0,16.0,0.0,0.0,8.6,7.6,,,,,,
2025,2,NE,MIA,M.Hollins,0.0,0.0,0.0,0.0,0.0,0.0,,0.0,0.0,0.0,0.0,0.0,2.0,1.0,8.0,1.0,16.0,0.0,0.0,7.8,6.8,,,,,,
2025,2,NE,MIA,R.Stevenson,0.0,0.0,0.0,0.0,0.0,0.0,,12.0,54.0,0.0,0.0,0.0,5.0,5.0,88.0,0.0,25.0,0.0,0.0,19.2,14.2,,,,,,
2025,2,NE,MIA,S.Diggs,0.0,0.0,0.0,0.0,0.0,0.0,,0.0,0.0,0.0,0.0,0.0,5.0,4.0,32.0,0.0,34.0,0.0,0.0,7.2,3.2,,,,,,
2025,2,NE,MIA,T.Henderson,0.0,0.0,0.0,0.0,0.0,0.0,,3.0,10.0,0.0,0.0,0.0,2.0,2.0,30.0,0.0,2.0,0.0,0.0,6.0,4.0,,,,,,
2025,2,NO,SF,A.Kamara,0.0,0.0,0.0,0.0,0.0,0.0,,21.0,99.0,0.0,0.0,0.0,6.0,6.0,21.0,0.0,-13.0,1.0,1.0,18.0,12.0,,,,,,
2025,2,NO,SF,B.Cooks,0.0,0.0,0.0,0.0,0.0,0.0,,0.0,0.0,0.0,0.0,0.0,2.0,2.0,26.0,0.0,25.0,0.0,0.0,4.6,2.6,,,,,,
2025,2,NO,SF,C.Olave,0.0,0.0,0.0,0.0,0.0,0.0,,0.0,0.0,0.0,0.0,0.0,10.0,6.0,54.0,0.0,122.0,0.0,0.0,11.4,5.4,,,,,,
2025,2,NO,SF,D.Vele,0.0,0.0,0.0,0.0,0.0,0.0,,0.0,0.0,0.0,0.0,0.0,1.0,1.0,3.0,1.0,3.0,0.0,0.0,7.3,6.3,,,,,,
2025,2,NO,SF,J.Johnson,0.0,0.0,0.0,0.0,0.0,0.0,,0.0,0.0,0.0,0.0,0.0,9.0,5.0,49.0,1.0,55.0,0.0,0.0,15.9,10.9,,,,,,
2025,2,NO,SF,K.Miller,0.0,0.0,0.0,0.0,0.0,0.0,,5.0,8.0,0.0,0.0,0.0,1.0,1.0,2.0,0.0,2.0,0.0,0.0,2.0,1.0,,,,,,
2025,2,NO,SF,R.Shaheed,0.0,0.0,0.0,0.0,0.0,0.0,,0.0,0.0,0.0,0.0,0.0,5.0,4.0,52.0,1.0,56.0,0.0,0.0,15.2,11.2,,,,,,
2025,2,NO,SF,S.Rattler,37.0,25.0,207.0,3.0,0.0,3.0,QB,4.0,14.0,0.0,0.0,0.0,0.0,0.0,0.0,0.0,0.0,0.0,0.0,21.68,21.68,,,,,,
2025,2,NYG,DAL,C.Skattebo,0.0,0.0,0.0,0.0,0.0,0.0,,11.0,45.0,1.0,0.0,0.0,3.0,2.0,14.0,0.0,8.0,0.0,0.0,13.9,11.9,,,,,,
2025,2,NYG,DAL,D.Singletary,0.0,0.0,0.0,0.0,0.0,0.0,,1.0,4.0,0.0,0.0,0.0,1.0,1.0,-4.0,0.0,-7.0,0.0,0.0,1.0,0.0,,,,,,
2025,2,NYG,DAL,D.Slayton,0.0,0.0,0.0,0.0,0.0,0.0,,0.0,0.0,0.0,0.0,0.0,3.0,2.0,61.0,0.0,43.0,0.0,0.0,8.1,6.1,,,,,,
2025,2,NYG,DAL,J.Dart,0.0,0.0,0.0,0.0,0.0,0.0,,1.0,-3.0,0.0,0.0,0.0,0.0,0.0,0.0,0.0,0.0,0.0,0.0,-0.3,-0.3,,,,,,
2025,2,NYG,DAL,M.Nabers,0.0,0.0,0.0,0.0,0.0,0.0,,0.0,0.0,0.0,0.0,0.0,13.0,9.0,167.0,2.0,263.0,0.0,0.0,37.7,28.7,,,,,,
2025,2,NYG,DAL,R.Wilson,44.0,30.0,450.0,3.0,1.0,3.0,QB,3.0,23.0,0.0,0.0,0.0,0.0,0.0,0.0,0.0,0.0,0.0,0.0,31.3,31.3,,,,,,
2025,2,NYG,DAL,T.Johnson,0.0,0.0,0.0,0.0,0.0,0.0,,0.0,0.0,0.0,0.0,0.0,5.0,4.0,34.0,0.0,42.0,0.0,0.0,7.4,3.4,,,,,,
2025,2,NYG,DAL,T.Tracy,0.0,0.0,0.0,0.0,0.0,0.0,,5.0,15.0,0.0,0.0,0.0,5.0,4.0,36.0,0.0,1.0,0.0,0.0,9.1,5.1,,,,,,
2025,2,NYG,DAL,W.Robinson,0.0,0.0,0.0,0.0,0.0,0.0,,0.0,0.0,0.0,0.0,0.0,10.0,8.0,142.0,1.0,162.0,0.0,0.0,28.2,20.2,,,,,,
2025,2,NYJ,BUF,A.Smith,0.0,0.0,0.0,0.0,0.0,0.0,,1.0,-10.0,0.0,0.0,0.0,2.0,1.0,8.0,0.0,22.0,0.0,0.0,0.8,-0.2,,,,,,
2025,2,NYJ,BUF,B.Allen,0.0,0.0,0.0,0.0,0.0,0.0,,2.0,11.0,0.0,0.0,0.0,1.0,0.0,0.0,0.0,0.0,0.0,0.0,1.1,1.1,,,,,,
2025,2,NYJ,BUF,B.Hall,0.0,0.0,0.0,0.0,0.0,0.0,,10.0,29.0,0.0,0.0,0.0,3.0,2.0,9.0,0.0,-2.0,0.0,0.0,5.8,3.8,,,,,,
2025,2,NYJ,BUF,G.Wilson,0.0,0.0,0.0,0.0,0.0,0.0,,0.0,0.0,0.0,0.0,0.0,8.0,4.0,50.0,0.0,73.0,1.0,0.0,9.0,5.0,,,,,,
2025,2,NYJ,BUF,I.Davis,0.0,0.0,0.0,0.0,0.0,0.0,,0.0,0.0,0.0,0.0,0.0,3.0,1.0,6.0,0.0,25.0,0.0,0.0,1.6,0.6,,,,,,
2025,2,NYJ,BUF,J.Fields,13.0,3.0,27.0,0.0,0.0,2.0,QB,5.0,49.0,0.0,1.0,1.0,0.0,0.0,0.0,0.0,0.0,0.0,0.0,5.98,5.98,,,,,,
2025,2,NYJ,BUF,J.Ruckert,0.0,0.0,0.0,0.0,0.0,0.0,,0.0,0.0,0.0,0.0,0.0,1.0,1.0,5.0,1.0,5.0,0.0,0.0,7.5,6.5,,,,,,
2025,2,NYJ,BUF,M.Taylor,0.0,0.0,0.0,0.0,0.0,0.0,,0.0,0.0,0.0,0.0,0.0,2.0,1.0,5.0,0.0,8.0,0.0,0.0,1.5,0.5,,,,,,
2025,2,NYJ,BUF,T.Johnson,0.0,0.0,0.0,0.0,0.0,0.0,,0.0,0.0,0.0,0.0,0.0,1.0,0.0,0.0,0.0,22.0,0.0,0.0,0.0,0.0,,,,,,
2025,2,NYJ,BUF,T.Taylor,13.0,7.0,56.0,1.0,0.0,2.0,QB,3.0,21.0,0.0,0.0,0.0,0.0,0.0,0.0,0.0,0.0,0.0,0.0,8.34,8.34,,,,,,
2025,2,PHI,KC,A.Brown,0.0,0.0,0.0,0.0,0.0,0.0,,0.0,0.0,0.0,0.0,0.0,8.0,5.0,27.0,0.0,59.0,0.0,0.0,7.7,2.7,,,,,,
2025,2,PHI,KC,A.Dillon,0.0,0.0,0.0,0.0,0.0,0.0,,3.0,19.0,0.0,0.0,0.0,0.0,0.0,0.0,0.0,0.0,0.0,0.0,1.9,1.9,,,,,,
2025,2,PHI,KC,D.Smith,0.0,0.0,0.0,0.0,0.0,0.0,,0.0,0.0,0.0,0.0,0.0,6.0,4.0,53.0,0.0,104.0,0.0,0.0,9.3,5.3,,,,,,
2025,2,PHI,KC,G.Calcaterra,0.0,0.0,0.0,0.0,0.0,0.0,,0.0,0.0,0.0,0.0,0.0,2.0,1.0,6.0,0.0,9.0,0.0,0.0,1.6,0.6,,,,,,
2025,2,PHI,KC,J.Dotson,0.0,0.0,0.0,0.0,0.0,0.0,,0.0,0.0,0.0,0.0,0.0,1.0,1.0,4.0,0.0,-6.0,0.0,0.0,1.4,0.4,,,,,,
2025,2,PHI,KC,J.Hurts,24.0,15.0,101.0,0.0,0.0,2.0,QB,9.0,15.0,1.0,0.0,0.0,0.0,0.0,0.0,0.0,0.0,0.0,0.0,11.54,11.54,,,,,,
2025,2,PHI,KC,J.Metchie,0.0,0.0,0.0,0.0,0.0,0.0,,0.0,0.0,0.0,0.0,0.0,1.0,1.0,0.0,0.0,-3.0,0.0,0.0,1.0,0.0,,,,,,
2025,2,PHI,KC,K.Granson,0.0,0.0,0.0,0.0,0.0,0.0,,0.0,0.0,0.0,0.0,0.0,1.0,1.0,5.0,0.0,3.0,0.0,0.0,1.5,0.5,,,,,,
2025,2,PHI,KC,S.Barkley,0.0,0.0,0.0,0.0,0.0,0.0,,22.0,88.0,1.0,0.0,0.0,2.0,2.0,6.0,0.0,-9.0,0.0,0.0,17.4,15.4,,,,,,
2025,2,PIT,SEA,A.Rodgers,37.0,18.0,203.0,1.0,2.0,3.0,QB,1.0,3.0,0.0,0.0,0.0,0.0,0.0,0.0,0.0,0.0,0.0,0.0,10.42,10.42,,,,,,
2025,2,PIT,SEA,C.Austin,0.0,0.0,0.0,0.0,0.0,0.0,,0.0,0.0,0.0,0.0,0.0,4.0,1.0,22.0,0.0,89.0,0.0,0.0,3.2,2.2,,,,,,
2025,2,PIT,SEA,Co.Heyward,0.0,0.0,0.0,0.0,0.0,0.0,,0.0,0.0,0.0,0.0,0.0,1.0,1.0,6.0,0.0,5.0,0.0,0.0,1.6,0.6,,,,,,
2025,2,PIT,SEA,D.Metcalf,0.0,0.0,0.0,0.0,0.0,0.0,,0.0,0.0,0.0,0.0,0.0,6.0,3.0,20.0,1.0,45.0,0.0,0.0,11.0,8.0,,,,,,
2025,2,PIT,SEA,D.Washington,0.0,0.0,0.0,0.0,0.0,0.0,,0.0,0.0,0.0,0.0,0.0,2.0,0.0,0.0,0.0,14.0,0.0,0.0,0.0,0.0,,,,,,
2025,2,PIT,SEA,J.Smith,0.0,0.0,0.0,0.0,0.0,0.0,,0.0,0.0,0.0,0.0,0.0,4.0,4.0,27.0,0.0,2.0,0.0,0.0,6.7,2.7,,,,,,
2025,2,PIT,SEA,J.Warren,0.0,0.0,0.0,0.0,0.0,0.0,,14.0,48.0,0.0,0.0,0.0,4.0,4.0,86.0,0.0,0.0,0.0,0.0,17.4,13.4,,,,,,
2025,2,PIT,SEA,K.Gainwell,0.0,0.0,0.0,0.0,0.0,0.0,,5.0,20.0,0.0,0.0,0.0,5.0,3.0,16.0,0.0,-1.0,0.0,0.0,6.6,3.6,,,,,,
2025,2,PIT,SEA,K.Johnson,0.0,0.0,0.0,0.0,0.0,0.0,,1.0,1.0,0.0,0.0,0.0,0.0,0.0,0.0,0.0,0.0,0.0,0.0,0.1,0.1,,,,,,
2025,2,PIT,SEA,M.Rudolph,2.0,2.0,12.0,0.0,0.0,0.0,QB,0.0,0.0,0.0,0.0,0.0,0.0,0.0,0.0,0.0,0.0,0.0,0.0,0.48,0.48,,,,,,
2025,2,PIT,SEA,P.Freiermuth,0.0,0.0,0.0,0.0,0.0,0.0,,0.0,0.0,0.0,0.0,0.0,4.0,3.0,31.0,0.0,30.0,0.0,0.0,6.1,3.1,,,,,,
2025,2,PIT,SEA,R.Wilson,0.0,0.0,0.0,0.0,0.0,0.0,,0.0,0.0,0.0,0.0,0.0,2.0,1.0,7.0,0.0,23.0,0.0,0.0,1.7,0.7,,,,,,
2025,2,SEA,PIT,A.Barner,0.0,0.0,0.0,0.0,0.0,0.0,,1.0,2.0,0.0,0.0,0.0,3.0,2.0,26.0,1.0,-1.0,0.0,0.0,10.8,8.8,,,,,,
2025,2,SEA,PIT,C.Kupp,0.0,0.0,0.0,0.0,0.0,0.0,,0.0,0.0,0.0,0.0,0.0,9.0,7.0,90.0,0.0,60.0,0.0,0.0,16.0,9.0,,,,,,
2025,2,SEA,PIT,E.Arroyo,0.0,0.0,0.0,0.0,0.0,0.0,,0.0,0.0,0.0,0.0,0.0,3.0,2.0,31.0,0.0,6.0,0.0,0.0,5.1,3.1,,,,,,
2025,2,SEA,PIT,J.Smith-Njigba,0.0,0.0,0.0,0.0,0.0,0.0,,0.0,0.0,0.0,0.0,0.0,10.0,8.0,103.0,0.0,103.0,0.0,0.0,18.3,10.3,,,,,,
2025,2,SEA,PIT,K.Walker,0.0,0.0,0.0,0.0,0.0,0.0,,13.0,105.0,1.0,0.0,0.0,1.0,1.0,13.0,0.0,0.0,0.0,0.0,18.8,17.8,,,,,,
2025,2,SEA,PIT,S.Darnold,35.0,22.0,295.0,2.0,2.0,2.0,QB,0.0,0.0,0.0,0.0,0.0,0.0,0.0,0.0,0.0,0.0,0.0,0.0,17.8,17.8,,,,,,
2025,2,SEA,PIT,T.Horton,0.0,0.0,0.0,0.0,0.0,0.0,,0.0,0.0,0.0,0.0,0.0,4.0,2.0,32.0,1.0,79.0,0.0,0.0,11.2,9.2,,,,,,
2025,2,SEA,PIT,Z.Charbonnet,0.0,0.0,0.0,0.0,0.0,0.0,,15.0,10.0,0.0,0.0,0.0,0.0,0.0,0.0,0.0,0.0,0.0,0.0,1.0,1.0,,,,,,
2025,2,SF,NO,B.Robinson,0.0,0.0,0.0,0.0,0.0,0.0,,6.0,20.0,0.0,0.0,0.0,1.0,1.0,-1.0,0.0,-6.0,0.0,0.0,2.9,1.9,,,,,,
2025,2,SF,NO,B.Willis,0.0,0.0,0.0,0.0,0.0,0.0,,0.0,0.0,0.0,0.0,0.0,1.0,0.0,0.0,0.0,2.0,0.0,0.0,0.0,0.0,,,,,,
2025,2,SF,NO,C.McCaffrey,0.0,0.0,0.0,0.0,0.0,0.0,,13.0,55.0,0.0,0.0,0.0,7.0,6.0,52.0,1.0,22.0,0.0,0.0,22.7,16.7,,,,,,
2025,2,SF,NO,J.Jennings,0.0,0.0,0.0,0.0,0.0,0.0,,0.0,0.0,0.0,0.0,0.0,10.0,5.0,89.0,1.0,91.0,0.0,0.0,19.9,14.9,,,,,,
2025,2,SF,NO,J.Tonges,0.0,0.0,0.0,0.0,0.0,0.0,,0.0,0.0,0.0,0.0,0.0,5.0,4.0,31.0,0.0,7.0,0.0,0.0,7.1,3.1,,,,,,
2025,2,SF,NO,K.Bourne,0.0,0.0,0.0,0.0,0.0,0.0,,0.0,0.0,0.0,0.0,0.0,3.0,3.0,32.0,0.0,23.0,0.0,0.0,6.2,3.2,,,,,,
2025,2,SF,NO,K.Juszczyk,0.0,0.0,0.0,0.0,0.0,0.0,,0.0,0.0,0.0,0.0,0.0,1.0,1.0,5.0,0.0,3.0,0.0,0.0,1.5,0.5,,,,,,
2025,2,SF,NO,L.Farrell,0.0,0.0,0.0,0.0,0.0,0.0,,0.0,0.0,0.0,0.0,0.0,3.0,2.0,15.0,1.0,-3.0,0.0,0.0,9.5,7.5,,,,,,
2025,2,SF,NO,M.Jones,42.0,26.0,279.0,3.0,0.0,3.0,QB,6.0,6.0,0.0,1.0,0.0,0.0,0.0,0.0,0.0,0.0,0.0,0.0,23.76,23.76,,,,,,
2025,2,SF,NO,M.Valdes-Scantling,0.0,0.0,0.0,0.0,0.0,0.0,,0.0,0.0,0.0,0.0,0.0,1.0,0.0,0.0,0.0,16.0,0.0,0.0,0.0,0.0,,,,,,
2025,2,SF,NO,R.Pearsall,0.0,0.0,0.0,0.0,0.0,0.0,,1.0,-4.0,0.0,0.0,0.0,6.0,4.0,56.0,0.0,99.0,0.0,0.0,9.2,5.2,,,,,,
2025,2,TB,HOU,B.Irving,0.0,0.0,0.0,0.0,0.0,0.0,,17.0,71.0,0.0,0.0,0.0,6.0,6.0,50.0,0.0,-13.0,0.0,0.0,18.1,12.1,,,,,,
2025,2,TB,HOU,B.Mayfield,43.0,25.0,215.0,2.0,0.0,4.0,QB,3.0,33.0,0.0,0.0,0.0,0.0,0.0,0.0,0.0,0.0,0.0,0.0,19.9,19.9,,,,,,
2025,2,TB,HOU,C.Otton,0.0,0.0,0.0,0.0,0.0,0.0,,0.0,0.0,0.0,0.0,0.0,4.0,3.0,25.0,0.0,16.0,0.0,0.0,5.5,2.5,,,,,,
2025,2,TB,HOU,E.Egbuka,0.0,0.0,0.0,0.0,0.0,0.0,,0.0,0.0,0.0,0.0,0.0,7.0,4.0,29.0,1.0,81.0,0.0,0.0,12.9,8.9,,,,,,
2025,2,TB,HOU,M.Evans,0.0,0.0,0.0,0.0,0.0,0.0,,0.0,0.0,0.0,0.0,0.0,11.0,5.0,56.0,0.0,162.0,0.0,0.0,10.6,5.6,,,,,,
2025,2,TB,HOU,P.Durham,0.0,0.0,0.0,0.0,0.0,0.0,,0.0,0.0,0.0,0.0,0.0,1.0,0.0,0.0,0.0,5.0,0.0,0.0,0.0,0.0,,,,,,
2025,2,TB,HOU,R.Miller,0.0,0.0,0.0,0.0,0.0,0.0,,0.0,0.0,0.0,0.0,0.0,1.0,1.0,20.0,1.0,20.0,0.0,0.0,9.0,8.0,,,,,,
2025,2,TB,HOU,R.White,0.0,0.0,0.0,0.0,0.0,0.0,,10.0,65.0,1.0,0.0,0.0,2.0,2.0,1.0,0.0,-6.0,0.0,0.0,14.6,12.6,,,,,,
2025,2,TB,HOU,S.Shepard,0.0,0.0,0.0,0.0,0.0,0.0,,0.0,0.0,0.0,0.0,0.0,4.0,4.0,34.0,0.0,29.0,0.0,0.0,7.4,3.4,,,,,,
2025,2,TEN,LA,C.Dike,0.0,0.0,0.0,0.0,0.0,0.0,,2.0,9.0,0.0,0.0,0.0,5.0,2.0,-1.0,0.0,38.0,0.0,0.0,2.8,0.8,,,,,,
2025,2,TEN,LA,C.Okonkwo,0.0,0.0,0.0,0.0,0.0,0.0,,0.0,0.0,0.0,0.0,0.0,6.0,4.0,35.0,0.0,15.0,0.0,0.0,7.5,3.5,,,,,,
2025,2,TEN,LA,C.Ridley,0.0,0.0,0.0,0.0,0.0,0.0,,0.0,0.0,0.0,0.0,0.0,6.0,3.0,57.0,0.0,71.0,0.0,0.0,8.7,5.7,,,,,,
2025,2,TEN,LA,C.Ward,38.0,19.0,175.0,1.0,0.0,5.0,QB,4.0,8.0,0.0,0.0,0.0,0.0,0.0,0.0,0.0,0.0,0.0,0.0,11.8,11.8,,,,,,
2025,2,TEN,LA,E.Ayomanor,0.0,0.0,0.0,0.0,0.0,0.0,,0.0,0.0,0.0,0.0,0.0,6.0,4.0,56.0,1.0,69.0,0.0,0.0,15.6,11.6,,,,,,
2025,2,TEN,LA,G.Helm,0.0,0.0,0.0,0.0,0.0,0.0,,0.0,0.0,0.0,0.0,0.0,2.0,2.0,9.0,0.0,-1.0,0.0,0.0,2.9,0.9,,,,,,
2025,2,TEN,LA,T.Lockett,0.0,0.0,0.0,0.0,0.0,0.0,,0.0,0.0,0.0,0.0,0.0,3.0,2.0,9.0,0.0,11.0,0.0,0.0,2.9,0.9,,,,,,
2025,2,TEN,LA,T.Pollard,0.0,0.0,0.0,0.0,0.0,0.0,,20.0,92.0,0.0,0.0,0.0,1.0,0.0,0.0,0.0,-3.0,0.0,0.0,9.2,9.2,,,,,,
2025,2,TEN,LA,V.Jefferson,0.0,0.0,0.0,0.0,0.0,0.0,,0.0,0.0,0.0,0.0,0.0,2.0,2.0,10.0,0.0,9.0,0.0,0.0,3.0,1.0,,,,,,
2025,2,WAS,GB,A.Ekeler,0.0,0.0,0.0,0.0,0.0,0.0,,8.0,17.0,0.0,0.0,0.0,4.0,2.0,7.0,0.0,19.0,0.0,0.0,4.4,2.4,,,,,,
2025,2,WAS,GB,B.Sinnott,0.0,0.0,0.0,0.0,0.0,0.0,,0.0,0.0,0.0,0.0,0.0,1.0,1.0,7.0,0.0,7.0,0.0,0.0,1.7,0.7,,,,,,
2025,2,WAS,GB,D.Samuel,0.0,0.0,0.0,0.0,0.0,0.0,,0.0,0.0,0.0,0.0,0.0,8.0,7.0,44.0,1.0,5.0,0.0,0.0,17.4,10.4,,,,,,
2025,2,WAS,GB,J.Croskey-Merritt,0.0,0.0,0.0,0.0,0.0,0.0,,4.0,17.0,0.0,0.0,0.0,1.0,0.0,0.0,0.0,6.0,0.0,0.0,1.7,1.7,,,,,,
2025,2,WAS,GB,J.Daniels,47.0,24.0,200.0,2.0,0.0,4.0,QB,7.0,17.0,0.0,0.0,0.0,0.0,0.0,0.0,0.0,0.0,0.0,0.0,17.7,17.7,,,,,,
2025,2,WAS,GB,J.Lane,0.0,0.0,0.0,0.0,0.0,0.0,,0.0,0.0,0.0,0.0,0.0,4.0,1.0,2.0,0.0,16.0,0.0,0.0,1.2,0.2,,,,,,
2025,2,WAS,GB,L.McCaffrey,0.0,0.0,0.0,0.0,0.0,0.0,,0.0,0.0,0.0,0.0,0.0,2.0,1.0,19.0,0.0,17.0,0.0,0.0,2.9,1.9,,,,,,
2025,2,WAS,GB,N.Brown,0.0,0.0,0.0,0.0,0.0,0.0,,0.0,0.0,0.0,0.0,0.0,4.0,1.0,9.0,0.0,62.0,0.0,0.0,1.9,0.9,,,,,,
2025,2,WAS,GB,T.McLaurin,0.0,0.0,0.0,0.0,0.0,0.0,,0.0,0.0,0.0,0.0,0.0,9.0,5.0,48.0,0.0,110.0,0.0,0.0,9.8,4.8,,,,,,
2025,2,WAS,GB,Z.Ertz,0.0,0.0,0.0,0.0,0.0,0.0,,0.0,0.0,0.0,0.0,0.0,8.0,6.0,64.0,1.0,45.0,0.0,0.0,18.4,12.4,,,,,,
2025,3,ARI,SF,E.Demercado,0.0,0.0,0.0,0.0,0.0,0.0,,2.0,0.0,0.0,0.0,0.0,1.0,0.0,0.0,0.0,1.0,0.0,0.0,0.0,0.0,,,,,,
2025,3,ARI,SF,E.Higgins,0.0,0.0,0.0,0.0,0.0,0.0,,0.0,0.0,0.0,0.0,0.0,1.0,1.0,7.0,0.0,5.0,0.0,0.0,1.7,0.7,,,,,,
2025,3,ARI,SF,G.Dortch,0.0,0.0,0.0,0.0,0.0,0.0,,1.0,5.0,0.0,0.0,0.0,2.0,2.0,3.0,0.0,-5.0,0.0,0.0,2.8,0.8,,,,,,
2025,3,ARI,SF,J.Conner,0.0,0.0,0.0,0.0,0.0,0.0,,9.0,22.0,0.0,1.0,0.0,4.0,3.0,15.0,0.0,6.0,0.0,0.0,6.7,3.7,,,,,,
2025,3,ARI,SF,K.Murray,36.0,22.0,159.0,1.0,0.0,1.0,QB,6.0,37.0,0.0,0.0,0.0,0.0,0.0,0.0,0.0,0.0,0.0,0.0,14.06,14.06,,,,,,
2025,3,ARI,SF,M.Harrison,0.0,0.0,0.0,0.0,0.0,0.0,,0.0,0.0,0.0,0.0,0.0,6.0,3.0,44.0,0.0,90.0,0.0,0.0,7.4,4.4,,,,,,
2025,3,ARI,SF,Mi.Wilson,0.0,0.0,0.0,0.0,0.0,0.0,,0.0,0.0,0.0,0.0,0.0,2.0,1.0,5.0,0.0,17.0,0.0,0.0,1.5,0.5,,,,,,
2025,3,ARI,SF,T.Benson,0.0,0.0,0.0,0.0,0.0,0.0,,10.0,42.0,0.0,0.0,0.0,4.0,3.0,9.0,0.0,-12.0,0.0,0.0,8.1,5.1,,,,,,
2025,3,ARI,SF,T.McBride,0.0,0.0,0.0,0.0,0.0,0.0,,0.0,0.0,0.0,0.0,0.0,8.0,5.0,43.0,1.0,28.0,0.0,0.0,15.3,10.3,,,,,,
2025,3,ARI,SF,T.Reiman,0.0,0.0,0.0,0.0,0.0,0.0,,0.0,0.0,0.0,0.0,0.0,3.0,2.0,8.0,0.0,12.0,0.0,0.0,2.8,0.8,,,,,,
2025,3,ARI,SF,Z.Jones,0.0,0.0,0.0,0.0,0.0,0.0,,0.0,0.0,0.0,0.0,0.0,3.0,2.0,25.0,0.0,37.0,0.0,0.0,4.5,2.5,,,,,,
2025,3,ATL,CAR,B.Robinson,0.0,0.0,0.0,0.0,0.0,0.0,,13.0,72.0,0.0,0.0,0.0,6.0,5.0,39.0,0.0,-4.0,0.0,0.0,16.1,11.1,,,,,,
2025,3,ATL,CAR,C.Woerner,0.0,0.0,0.0,0.0,0.0,0.0,,0.0,0.0,0.0,0.0,0.0,1.0,1.0,-5.0,0.0,-5.0,0.0,0.0,0.5,-0.5,,,,,,
2025,3,ATL,CAR,D.London,0.0,0.0,0.0,0.0,0.0,0.0,,0.0,0.0,0.0,0.0,0.0,8.0,5.0,55.0,0.0,101.0,0.0,0.0,10.5,5.5,,,,,,
2025,3,ATL,CAR,D.Mooney,0.0,0.0,0.0,0.0,0.0,0.0,,0.0,0.0,0.0,0.0,0.0,11.0,4.0,44.0,0.0,125.0,0.0,0.0,8.4,4.4,,,,,,
2025,3,ATL,CAR,D.Sills,0.0,0.0,0.0,0.0,0.0,0.0,,0.0,0.0,0.0,0.0,0.0,2.0,1.0,9.0,0.0,36.0,0.0,0.0,1.9,0.9,,,,,,
2025,3,ATL,CAR,K.Cousins,7.0,5.0,29.0,0.0,0.0,0.0,QB,0.0,0.0,0.0,0.0,0.0,0.0,0.0,0.0,0.0,0.0,0.0,0.0,1.16,1.16,,,,,,
2025,3,ATL,CAR,K.Pitts,0.0,0.0,0.0,0.0,0.0,0.0,,0.0,0.0,0.0,0.0,0.0,6.0,4.0,39.0,0.0,38.0,0.0,0.0,7.9,3.9,,,,,,
2025,3,ATL,CAR,M.Penix,36.0,18.0,172.0,0.0,2.0,0.0,QB,2.0,9.0,0.0,0.0,0.0,0.0,0.0,0.0,0.0,0.0,0.0,0.0,5.78,5.78,,,,,,
2025,3,ATL,CAR,N.Carter,0.0,0.0,0.0,0.0,0.0,0.0,,7.0,46.0,0.0,1.0,1.0,0.0,0.0,0.0,0.0,0.0,0.0,0.0,4.6,4.6,,,,,,
2025,3,ATL,CAR,R.McCloud,0.0,0.0,0.0,0.0,0.0,0.0,,0.0,0.0,0.0,0.0,0.0,5.0,2.0,20.0,0.0,33.0,0.0,0.0,4.0,2.0,,,,,,
2025,3,ATL,CAR,T.Allgeier,0.0,0.0,0.0,0.0,0.0,0.0,,1.0,4.0,0.0,0.0,0.0,2.0,1.0,0.0,0.0,-5.0,0.0,0.0,1.4,0.4,,,,,,
2025,3,BAL,DET,C.Kolar,0.0,0.0,0.0,0.0,0.0,0.0,,0.0,0.0,0.0,0.0,0.0,3.0,2.0,22.0,0.0,34.0,0.0,0.0,4.2,2.2,,,,,,
2025,3,BAL,DET,D.Henry,1.0,0.0,0.0,0.0,0.0,0.0,QB,12.0,50.0,1.0,1.0,1.0,1.0,1.0,7.0,0.0,-2.0,0.0,0.0,12.7,11.7,,,,,,
2025,3,BAL,DET,D.Hopkins,0.0,0.0,0.0,0.0,0.0,0.0,,0.0,0.0,0.0,0.0,0.0,2.0,1.0,13.0,0.0,24.0,0.0,0.0,2.3,1.3,,,,,,
2025,3,BAL,DET,D.Walker,0.0,0.0,0.0,0.0,0.0,0.0,,0.0,0.0,0.0,0.0,0.0,1.0,1.0,34.0,0.0,32.0,0.0,0.0,4.4,3.4,,,,,,
2025,3,BAL,DET,J.Hill,0.0,0.0,0.0,0.0,0.0,0.0,,0.0,0.0,0.0,0.0,0.0,4.0,3.0,45.0,0.0,17.0,0.0,0.0,7.5,4.5,,,,,,
2025,3,BAL,DET,L.Jackson,35.0,21.0,288.0,3.0,0.0,7.0,QB,7.0,35.0,0.0,0.0,0.0,0.0,0.0,0.0,0.0,0.0,0.0,0.0,27.02,27.02,,,,,,
2025,3,BAL,DET,M.Andrews,0.0,0.0,0.0,0.0,0.0,0.0,,0.0,0.0,0.0,0.0,0.0,6.0,6.0,91.0,2.0,65.0,0.0,0.0,27.1,21.1,,,,,,
2025,3,BAL,DET,R.Bateman,0.0,0.0,0.0,0.0,0.0,0.0,,0.0,0.0,0.0,0.0,0.0,7.0,5.0,63.0,1.0,95.0,0.0,0.0,17.3,12.3,,,,,,
2025,3,BAL,DET,T.Wallace,0.0,0.0,0.0,0.0,0.0,0.0,,0.0,0.0,0.0,0.0,0.0,1.0,0.0,0.0,0.0,10.0,0.0,0.0,0.0,0.0,,,,,,
2025,3,BAL,DET,Z.Flowers,0.0,0.0,0.0,0.0,0.0,0.0,,0.0,0.0,0.0,0.0,0.0,4.0,2.0,13.0,0.0,9.0,0.0,0.0,3.3,1.3,,,,,,
2025,3,BUF,MIA,D.Kincaid,0.0,0.0,0.0,0.0,0.0,0.0,,0.0,0.0,0.0,0.0,0.0,6.0,5.0,66.0,1.0,41.0,0.0,0.0,17.6,12.6,,,,,,
2025,3,BUF,MIA,E.Moore,0.0,0.0,0.0,0.0,0.0,0.0,,1.0,11.0,0.0,0.0,0.0,3.0,2.0,30.0,0.0,7.0,0.0,0.0,6.1,4.1,,,,,,
2025,3,BUF,MIA,J.Allen,30.0,22.0,213.0,3.0,0.0,2.0,QB,4.0,25.0,0.0,1.0,0.0,0.0,0.0,0.0,0.0,0.0,0.0,0.0,23.02,23.02,,,,,,
2025,3,BUF,MIA,J.Cook,0.0,0.0,0.0,0.0,0.0,0.0,,19.0,108.0,1.0,0.0,0.0,3.0,3.0,10.0,0.0,5.0,0.0,0.0,20.8,17.8,,,,,,
2025,3,BUF,MIA,J.Hawes,0.0,0.0,0.0,0.0,0.0,0.0,,0.0,0.0,0.0,0.0,0.0,1.0,1.0,5.0,1.0,5.0,0.0,0.0,7.5,6.5,,,,,,
2025,3,BUF,MIA,J.Palmer,0.0,0.0,0.0,0.0,0.0,0.0,,0.0,0.0,0.0,0.0,0.0,1.0,1.0,5.0,0.0,5.0,0.0,0.0,1.5,0.5,,,,,,
2025,3,BUF,MIA,K.Coleman,0.0,0.0,0.0,0.0,0.0,0.0,,0.0,0.0,0.0,0.0,0.0,4.0,3.0,20.0,0.0,13.0,0.0,0.0,5.0,2.0,,,,,,
2025,3,BUF,MIA,K.Shakir,0.0,0.0,0.0,0.0,0.0,0.0,,0.0,0.0,0.0,0.0,0.0,4.0,4.0,45.0,1.0,0.0,0.0,0.0,14.5,10.5,,,,,,
2025,3,BUF,MIA,R.Davis,0.0,0.0,0.0,0.0,0.0,0.0,,0.0,0.0,0.0,0.0,0.0,1.0,0.0,0.0,0.0,7.0,0.0,0.0,0.0,0.0,,,,,,
2025,3,BUF,MIA,T.Shavers,0.0,0.0,0.0,0.0,0.0,0.0,,0.0,0.0,0.0,0.0,0.0,2.0,2.0,24.0,0.0,8.0,0.0,0.0,4.4,2.4,,,,,,
2025,3,BUF,MIA,Ty.Johnson,0.0,0.0,0.0,0.0,0.0,0.0,,3.0,13.0,0.0,0.0,0.0,2.0,1.0,8.0,0.0,1.0,0.0,0.0,3.1,2.1,,,,,,
2025,3,CAR,ATL,A.Dalton,0.0,0.0,0.0,0.0,0.0,0.0,,1.0,-1.0,0.0,0.0,0.0,0.0,0.0,0.0,0.0,0.0,0.0,0.0,-0.1,-0.1,,,,,,
2025,3,CAR,ATL,B.Tremayne,0.0,0.0,0.0,0.0,0.0,0.0,,0.0,0.0,0.0,0.0,0.0,2.0,2.0,15.0,0.0,9.0,0.0,0.0,3.5,1.5,,,,,,
2025,3,CAR,ATL,B.Young,25.0,16.0,121.0,0.0,0.0,1.0,QB,2.0,8.0,1.0,0.0,0.0,0.0,0.0,0.0,0.0,0.0,0.0,0.0,11.64,11.64,,,,,,
2025,3,CAR,ATL,C.Hubbard,0.0,0.0,0.0,0.0,0.0,0.0,,17.0,73.0,0.0,0.0,0.0,3.0,2.0,3.0,0.0,13.0,0.0,0.0,9.6,7.6,,,,,,
2025,3,CAR,ATL,D.Moore,0.0,0.0,0.0,0.0,0.0,0.0,,0.0,0.0,0.0,0.0,0.0,1.0,1.0,5.0,0.0,5.0,0.0,0.0,1.5,0.5,,,,,,
2025,3,CAR,ATL,H.Renfrow,0.0,0.0,0.0,0.0,0.0,0.0,,0.0,0.0,0.0,0.0,0.0,4.0,2.0,6.0,0.0,23.0,0.0,0.0,2.6,0.6,,,,,,
2025,3,CAR,ATL,J.Sanders,0.0,0.0,0.0,0.0,0.0,0.0,,0.0,0.0,0.0,0.0,0.0,2.0,2.0,11.0,0.0,1.0,0.0,0.0,3.1,1.1,,,,,,
2025,3,CAR,ATL,M.Evans,0.0,0.0,0.0,0.0,0.0,0.0,,0.0,0.0,0.0,0.0,0.0,1.0,1.0,9.0,0.0,7.0,0.0,0.0,1.9,0.9,,,,,,
2025,3,CAR,ATL,R.Dowdle,0.0,0.0,0.0,0.0,0.0,0.0,,10.0,30.0,1.0,0.0,0.0,1.0,1.0,8.0,0.0,-7.0,0.0,0.0,10.8,9.8,,,,,,
2025,3,CAR,ATL,T.McMillan,0.0,0.0,0.0,0.0,0.0,0.0,,0.0,0.0,0.0,0.0,0.0,8.0,3.0,48.0,0.0,78.0,0.0,0.0,7.8,4.8,,,,,,
2025,3,CAR,ATL,T.Tremble,0.0,0.0,0.0,0.0,0.0,0.0,,0.0,0.0,0.0,0.0,0.0,2.0,2.0,16.0,0.0,4.0,0.0,0.0,3.6,1.6,,,,,,
2025,3,CHI,DAL,C.Kmet,0.0,0.0,0.0,0.0,0.0,0.0,,0.0,0.0,0.0,0.0,0.0,1.0,1.0,10.0,1.0,10.0,0.0,0.0,8.0,7.0,,,,,,
2025,3,CHI,DAL,C.Loveland,0.0,0.0,0.0,0.0,0.0,0.0,,0.0,0.0,0.0,0.0,0.0,3.0,1.0,31.0,0.0,65.0,0.0,0.0,4.1,3.1,,,,,,
2025,3,CHI,DAL,C.Williams,28.0,19.0,298.0,4.0,0.0,0.0,QB,5.0,12.0,0.0,0.0,0.0,0.0,0.0,0.0,0.0,0.0,0.0,0.0,29.12,29.12,,,,,,
2025,3,CHI,DAL,D.Moore,0.0,0.0,0.0,0.0,0.0,0.0,,3.0,7.0,0.0,0.0,0.0,5.0,4.0,21.0,1.0,30.0,0.0,0.0,12.8,8.8,,,,,,
2025,3,CHI,DAL,D.Swift,0.0,0.0,0.0,0.0,0.0,0.0,,13.0,33.0,0.0,0.0,0.0,4.0,3.0,45.0,0.0,-9.0,0.0,0.0,10.8,7.8,,,,,,
2025,3,CHI,DAL,K.Monangai,0.0,0.0,0.0,0.0,0.0,0.0,,6.0,16.0,0.0,0.0,0.0,1.0,1.0,4.0,0.0,-2.0,0.0,0.0,3.0,2.0,,,,,,
2025,3,CHI,DAL,L.Burden,0.0,0.0,0.0,0.0,0.0,0.0,,1.0,7.0,0.0,0.0,0.0,3.0,3.0,101.0,1.0,64.0,0.0,0.0,19.8,16.8,,,,,,
2025,3,CHI,DAL,O.Zaccheaus,0.0,0.0,0.0,0.0,0.0,0.0,,1.0,12.0,0.0,0.0,0.0,4.0,3.0,24.0,0.0,13.0,0.0,0.0,6.6,3.6,,,,,,
2025,3,CHI,DAL,R.Odunze,0.0,0.0,0.0,0.0,0.0,0.0,,0.0,0.0,0.0,0.0,0.0,7.0,3.0,62.0,1.0,79.0,0.0,0.0,15.2,12.2,,,,,,
2025,3,CIN,MIN,B.Rypien,1.0,0.0,0.0,0.0,0.0,1.0,QB,0.0,0.0,0.0,0.0,0.0,0.0,0.0,0.0,0.0,0.0,0.0,0.0,0.0,0.0,,,,,,
2025,3,CIN,MIN,C.Brown,0.0,0.0,0.0,0.0,0.0,0.0,,10.0,3.0,0.0,1.0,0.0,5.0,4.0,17.0,0.0,17.0,0.0,0.0,6.0,2.0,,,,,,
2025,3,CIN,MIN,C.Grandy,0.0,0.0,0.0,0.0,0.0,0.0,,0.0,0.0,0.0,0.0,0.0,1.0,1.0,6.0,0.0,-2.0,1.0,0.0,1.6,0.6,,,,,,
2025,3,CIN,MIN,D.Sample,0.0,0.0,0.0,0.0,0.0,0.0,,0.0,0.0,0.0,0.0,0.0,3.0,2.0,20.0,1.0,9.0,0.0,0.0,10.0,8.0,,,,,,
2025,3,CIN,MIN,J.Browning,30.0,19.0,140.0,1.0,2.0,3.0,QB,1.0,3.0,0.0,0.0,0.0,0.0,0.0,0.0,0.0,0.0,0.0,0.0,7.9,7.9,,,,,,
2025,3,CIN,MIN,J.Chase,0.0,0.0,0.0,0.0,0.0,0.0,,1.0,9.0,0.0,0.0,0.0,6.0,5.0,50.0,0.0,30.0,1.0,1.0,10.9,5.9,,,,,,
2025,3,CIN,MIN,M.Gesicki,0.0,0.0,0.0,0.0,0.0,0.0,,0.0,0.0,0.0,0.0,0.0,3.0,1.0,6.0,0.0,18.0,0.0,0.0,1.6,0.6,,,,,,
2025,3,CIN,MIN,M.Tinsley,0.0,0.0,0.0,0.0,0.0,0.0,,0.0,0.0,0.0,0.0,0.0,1.0,0.0,0.0,0.0,0.0,0.0,0.0,0.0,0.0,,,,,,
2025,3,CIN,MIN,N.Fant,0.0,0.0,0.0,0.0,0.0,0.0,,0.0,0.0,0.0,0.0,0.0,5.0,5.0,26.0,0.0,13.0,1.0,1.0,7.6,2.6,,,,,,
2025,3,CIN,MIN,S.Perine,0.0,0.0,0.0,0.0,0.0,0.0,,4.0,21.0,0.0,1.0,1.0,0.0,0.0,0.0,0.0,0.0,0.0,0.0,2.1,2.1,,,,,,
2025,3,CIN,MIN,T.Brooks,0.0,0.0,0.0,0.0,0.0,0.0,,5.0,17.0,0.0,0.0,0.0,0.0,0.0,0.0,0.0,0.0,0.0,0.0,1.7,1.7,,,,,,
2025,3,CIN,MIN,T.Higgins,0.0,0.0,0.0,0.0,0.0,0.0,,0.0,0.0,0.0,0.0,0.0,2.0,1.0,15.0,0.0,39.0,0.0,0.0,2.5,1.5,,,,,,
2025,3,CLE,GB,C.Tillman,0.0,0.0,0.0,0.0,0.0,0.0,,0.0,0.0,0.0,0.0,0.0,3.0,3.0,26.0,0.0,23.0,0.0,0.0,5.6,2.6,,,,,,
2025,3,CLE,GB,D.Njoku,0.0,0.0,0.0,0.0,0.0,0.0,,0.0,0.0,0.0,0.0,0.0,7.0,5.0,40.0,0.0,24.0,0.0,0.0,9.0,4.0,,,,,,
2025,3,CLE,GB,D.Sampson,0.0,0.0,0.0,0.0,0.0,0.0,,1.0,2.0,0.0,0.0,0.0,0.0,0.0,0.0,0.0,0.0,0.0,0.0,0.2,0.2,,,,,,
2025,3,CLE,GB,H.Fannin,0.0,0.0,0.0,0.0,0.0,0.0,,0.0,0.0,0.0,0.0,0.0,4.0,3.0,25.0,0.0,6.0,0.0,0.0,5.5,2.5,,,,,,
2025,3,CLE,GB,I.Bond,0.0,0.0,0.0,0.0,0.0,0.0,,0.0,0.0,0.0,0.0,0.0,4.0,2.0,16.0,0.0,66.0,0.0,0.0,3.6,1.6,,,,,,
2025,3,CLE,GB,J.Flacco,38.0,21.0,142.0,0.0,1.0,2.0,QB,0.0,0.0,0.0,0.0,0.0,0.0,0.0,0.0,0.0,0.0,0.0,0.0,4.68,4.68,,,,,,
2025,3,CLE,GB,J.Ford,0.0,0.0,0.0,0.0,0.0,0.0,,0.0,0.0,0.0,0.0,0.0,4.0,4.0,10.0,0.0,-5.0,0.0,0.0,5.0,1.0,,,,,,
2025,3,CLE,GB,J.Jeudy,0.0,0.0,0.0,0.0,0.0,0.0,,0.0,0.0,0.0,0.0,0.0,5.0,1.0,17.0,0.0,90.0,0.0,0.0,2.7,1.7,,,,,,
2025,3,CLE,GB,J.Thrash,0.0,0.0,0.0,0.0,0.0,0.0,,0.0,0.0,0.0,0.0,0.0,3.0,2.0,7.0,0.0,30.0,0.0,0.0,2.7,0.7,,,,,,
2025,3,CLE,GB,L.Wypler,0.0,0.0,0.0,0.0,0.0,0.0,,0.0,0.0,0.0,0.0,0.0,1.0,0.0,0.0,0.0,1.0,0.0,0.0,0.0,0.0,,,,,,
2025,3,CLE,GB,Q.Judkins,0.0,0.0,0.0,0.0,0.0,0.0,,18.0,94.0,1.0,0.0,0.0,2.0,1.0,1.0,0.0,7.0,0.0,0.0,16.5,15.5,,,,,,
2025,3,DAL,CHI,D.Prescott,43.0,31.0,251.0,1.0,2.0,2.0,QB,0.0,0.0,0.0,0.0,0.0,0.0,0.0,0.0,0.0,0.0,0.0,0.0,12.04,12.04,,,,,,
2025,3,DAL,CHI,G.Pickens,0.0,0.0,0.0,0.0,0.0,0.0,,0.0,0.0,0.0,0.0,0.0,9.0,5.0,68.0,1.0,76.0,0.0,0.0,17.8,12.8,,,,,,
2025,3,DAL,CHI,J.Ferguson,0.0,0.0,0.0,0.0,0.0,0.0,,0.0,0.0,0.0,0.0,0.0,14.0,13.0,82.0,0.0,42.0,0.0,0.0,21.2,8.2,,,,,,
2025,3,DAL,CHI,J.Milton,5.0,3.0,41.0,0.0,1.0,0.0,QB,0.0,0.0,0.0,0.0,0.0,0.0,0.0,0.0,0.0,0.0,0.0,0.0,0.64,0.64,,,,,,
2025,3,DAL,CHI,J.Tolbert,0.0,0.0,0.0,0.0,0.0,0.0,,0.0,0.0,0.0,0.0,0.0,7.0,3.0,24.0,0.0,40.0,0.0,0.0,5.4,2.4,,,,,,
2025,3,DAL,CHI,J.Williams,0.0,0.0,0.0,0.0,0.0,0.0,,10.0,76.0,0.0,1.0,1.0,5.0,5.0,16.0,0.0,-16.0,0.0,0.0,14.2,9.2,,,,,,
2025,3,DAL,CHI,K.Turpin,0.0,0.0,0.0,0.0,0.0,0.0,,1.0,4.0,0.0,0.0,0.0,3.0,2.0,64.0,0.0,73.0,0.0,0.0,8.8,6.8,,,,,,
2025,3,DAL,CHI,L.Schoonmaker,0.0,0.0,0.0,0.0,0.0,0.0,,0.0,0.0,0.0,0.0,0.0,1.0,1.0,5.0,0.0,5.0,0.0,0.0,1.5,0.5,,,,,,
2025,3,DAL,CHI,M.Sanders,0.0,0.0,0.0,0.0,0.0,0.0,,9.0,41.0,0.0,0.0,0.0,3.0,3.0,12.0,0.0,10.0,0.0,0.0,8.3,5.3,,,,,,
2025,3,DAL,CHI,R.Flournoy,0.0,0.0,0.0,0.0,0.0,0.0,,0.0,0.0,0.0,0.0,0.0,3.0,2.0,21.0,0.0,25.0,0.0,0.0,4.1,2.1,,,,,,
2025,3,DEN,LAC,B.Nix,27.0,14.0,153.0,1.0,0.0,2.0,QB,8.0,33.0,0.0,0.0,0.0,0.0,0.0,0.0,0.0,0.0,0.0,0.0,13.42,13.42,,,,,,
2025,3,DEN,LAC,C.Sutton,0.0,0.0,0.0,0.0,0.0,0.0,,0.0,0.0,0.0,0.0,0.0,8.0,6.0,118.0,1.0,146.0,0.0,0.0,23.8,17.8,,,,,,
2025,3,DEN,LAC,J.Dobbins,0.0,0.0,0.0,0.0,0.0,0.0,,11.0,83.0,1.0,0.0,0.0,2.0,1.0,0.0,0.0,-13.0,0.0,0.0,15.3,14.3,,,,,,
2025,3,DEN,LAC,L.Krull,0.0,0.0,0.0,0.0,0.0,0.0,,0.0,0.0,0.0,0.0,0.0,2.0,1.0,9.0,0.0,11.0,0.0,0.0,1.9,0.9,,,,,,
2025,3,DEN,LAC,M.Mims,0.0,0.0,0.0,0.0,0.0,0.0,,0.0,0.0,0.0,0.0,0.0,4.0,1.0,4.0,0.0,88.0,0.0,0.0,1.4,0.4,,,,,,
2025,3,DEN,LAC,R.Harvey,0.0,0.0,0.0,0.0,0.0,0.0,,2.0,2.0,0.0,0.0,0.0,3.0,3.0,14.0,0.0,-6.0,0.0,0.0,4.6,1.6,,,,,,
2025,3,DEN,LAC,T.Franklin,0.0,0.0,0.0,0.0,0.0,0.0,,0.0,0.0,0.0,0.0,0.0,4.0,2.0,8.0,0.0,12.0,0.0,0.0,2.8,0.8,,,,,,
2025,3,DET,BAL,A.St. Brown,0.0,0.0,0.0,0.0,0.0,0.0,,0.0,0.0,0.0,0.0,0.0,8.0,7.0,77.0,1.0,79.0,0.0,0.0,20.7,13.7,,,,,,
2025,3,DET,BAL,D.Montgomery,0.0,0.0,0.0,0.0,0.0,0.0,,12.0,151.0,2.0,0.0,0.0,1.0,1.0,13.0,0.0,4.0,0.0,0.0,29.4,28.4,,,,,,
2025,3,DET,BAL,I.TeSlaa,0.0,0.0,0.0,0.0,0.0,0.0,,0.0,0.0,0.0,0.0,0.0,2.0,0.0,0.0,0.0,31.0,0.0,0.0,0.0,0.0,,,,,,
2025,3,DET,BAL,J.Gibbs,0.0,0.0,0.0,0.0,0.0,0.0,,22.0,67.0,2.0,0.0,0.0,6.0,5.0,32.0,0.0,1.0,0.0,0.0,26.9,21.9,,,,,,
2025,3,DET,BAL,J.Goff,28.0,20.0,202.0,1.0,0.0,0.0,QB,4.0,6.0,0.0,1.0,0.0,0.0,0.0,0.0,0.0,0.0,0.0,0.0,12.68,12.68,,,,,,
2025,3,DET,BAL,J.Williams,0.0,0.0,0.0,0.0,0.0,0.0,,0.0,0.0,0.0,0.0,0.0,3.0,2.0,43.0,0.0,54.0,0.0,0.0,6.3,4.3,,,,,,
2025,3,DET,BAL,K.Raymond,0.0,0.0,0.0,0.0,0.0,0.0,,0.0,0.0,0.0,0.0,0.0,2.0,1.0,4.0,0.0,9.0,0.0,0.0,1.4,0.4,,,,,,
2025,3,DET,BAL,S.LaPorta,0.0,0.0,0.0,0.0,0.0,0.0,,0.0,0.0,0.0,0.0,0.0,4.0,4.0,33.0,0.0,25.0,0.0,0.0,7.3,3.3,,,,,,
2025,3,GB,CLE,D.Wicks,0.0,0.0,0.0,0.0,0.0,0.0,,0.0,0.0,0.0,0.0,0.0,4.0,2.0,21.0,0.0,23.0,0.0,0.0,4.1,2.1,,,,,,
2025,3,GB,CLE,E.Wilson,0.0,0.0,0.0,0.0,0.0,0.0,,6.0,25.0,0.0,0.0,0.0,0.0,0.0,0.0,0.0,0.0,0.0,0.0,2.5,2.5,,,,,,
2025,3,GB,CLE,J.FitzPatrick,0.0,0.0,0.0,0.0,0.0,0.0,,0.0,0.0,0.0,0.0,0.0,2.0,2.0,12.0,1.0,5.0,0.0,0.0,9.2,7.2,,,,,,
2025,3,GB,CLE,J.Jacobs,0.0,0.0,0.0,0.0,0.0,0.0,,16.0,30.0,0.0,1.0,0.0,9.0,5.0,44.0,0.0,-24.0,0.0,0.0,12.4,7.4,,,,,,
2025,3,GB,CLE,J.Love,30.0,18.0,183.0,1.0,1.0,5.0,QB,4.0,18.0,0.0,0.0,0.0,0.0,0.0,0.0,0.0,0.0,0.0,0.0,12.12,12.12,,,,,,
2025,3,GB,CLE,M.Golden,0.0,0.0,0.0,0.0,0.0,0.0,,3.0,9.0,0.0,0.0,0.0,4.0,4.0,52.0,0.0,34.0,0.0,0.0,10.1,6.1,,,,,,
2025,3,GB,CLE,R.Doubs,0.0,0.0,0.0,0.0,0.0,0.0,,0.0,0.0,0.0,0.0,0.0,2.0,2.0,25.0,0.0,10.0,0.0,0.0,4.5,2.5,,,,,,
2025,3,GB,CLE,S.Williams,0.0,0.0,0.0,0.0,0.0,0.0,,2.0,-1.0,0.0,0.0,0.0,0.0,0.0,0.0,0.0,0.0,0.0,0.0,-0.1,-0.1,,,,,,
2025,3,GB,CLE,T.Kraft,0.0,0.0,0.0,0.0,0.0,0.0,,0.0,0.0,0.0,0.0,0.0,4.0,3.0,29.0,0.0,0.0,0.0,0.0,5.9,2.9,,,,,,
2025,3,HOU,JAX,C.Kirk,0.0,0.0,0.0,0.0,0.0,0.0,,0.0,0.0,0.0,0.0,0.0,8.0,3.0,25.0,0.0,98.0,0.0,0.0,5.5,2.5,,,,,,
2025,3,HOU,JAX,C.Stroud,40.0,25.0,204.0,1.0,2.0,2.0,QB,4.0,22.0,0.0,0.0,0.0,0.0,0.0,0.0,0.0,0.0,0.0,0.0,12.36,12.36,,,,,,
2025,3,HOU,JAX,D.Schultz,0.0,0.0,0.0,0.0,0.0,0.0,,0.0,0.0,0.0,0.0,0.0,6.0,5.0,39.0,0.0,37.0,0.0,0.0,8.9,3.9,,,,,,
2025,3,HOU,JAX,J.Higgins,0.0,0.0,0.0,0.0,0.0,0.0,,0.0,0.0,0.0,0.0,0.0,1.0,1.0,5.0,0.0,5.0,0.0,0.0,1.5,0.5,,,,,,
2025,3,HOU,JAX,J.Noel,0.0,0.0,0.0,0.0,0.0,0.0,,0.0,0.0,0.0,0.0,0.0,1.0,1.0,4.0,0.0,-4.0,0.0,0.0,1.4,0.4,,,,,,
2025,3,HOU,JAX,N.Chubb,0.0,0.0,0.0,0.0,0.0,0.0,,9.0,38.0,0.0,0.0,0.0,4.0,3.0,2.0,0.0,-7.0,0.0,0.0,7.0,4.0,,,,,,
2025,3,HOU,JAX,N.Collins,0.0,0.0,0.0,0.0,0.0,0.0,,0.0,0.0,0.0,0.0,0.0,11.0,8.0,104.0,1.0,139.0,1.0,1.0,24.4,16.4,,,,,,
2025,3,HOU,JAX,W.Marks,0.0,0.0,0.0,0.0,0.0,0.0,,6.0,27.0,0.0,0.0,0.0,2.0,1.0,9.0,0.0,-1.0,0.0,0.0,4.6,3.6,,,,,,
2025,3,HOU,JAX,X.Hutchinson,0.0,0.0,0.0,0.0,0.0,0.0,,0.0,0.0,0.0,0.0,0.0,3.0,3.0,16.0,0.0,9.0,0.0,0.0,4.6,1.6,,,,,,
2025,3,IND,TEN,A.Mitchell,0.0,0.0,0.0,0.0,0.0,0.0,,0.0,0.0,0.0,0.0,0.0,2.0,0.0,0.0,0.0,-1.0,0.0,0.0,0.0,0.0,,,,,,
2025,3,IND,TEN,A.Pierce,0.0,0.0,0.0,0.0,0.0,0.0,,0.0,0.0,0.0,0.0,0.0,5.0,4.0,67.0,0.0,101.0,0.0,0.0,10.7,6.7,,,,,,
2025,3,IND,TEN,A.Richardson,0.0,0.0,0.0,0.0,0.0,0.0,,4.0,-1.0,0.0,0.0,0.0,0.0,0.0,0.0,0.0,0.0,0.0,0.0,-0.1,-0.1,,,,,,
2025,3,IND,TEN,D.Giddens,0.0,0.0,0.0,0.0,0.0,0.0,,1.0,3.0,0.0,0.0,0.0,0.0,0.0,0.0,0.0,0.0,0.0,0.0,0.3,0.3,,,,,,
2025,3,IND,TEN,D.Jones,25.0,18.0,228.0,1.0,0.0,0.0,QB,4.0,27.0,0.0,0.0,0.0,0.0,0.0,0.0,0.0,0.0,0.0,0.0,15.82,15.82,,,,,,
2025,3,IND,TEN,J.Downs,0.0,0.0,0.0,0.0,0.0,0.0,,0.0,0.0,0.0,0.0,0.0,3.0,2.0,34.0,0.0,47.0,0.0,0.0,5.4,3.4,,,,,,
2025,3,IND,TEN,J.Taylor,0.0,0.0,0.0,0.0,0.0,0.0,,17.0,102.0,3.0,0.0,0.0,4.0,3.0,16.0,0.0,-11.0,0.0,0.0,32.8,29.8,,,,,,
2025,3,IND,TEN,M.Pittman,0.0,0.0,0.0,0.0,0.0,0.0,,0.0,0.0,0.0,0.0,0.0,6.0,6.0,73.0,1.0,32.0,0.0,0.0,19.3,13.3,,,,,,
2025,3,IND,TEN,T.Goodson,0.0,0.0,0.0,0.0,0.0,0.0,,2.0,6.0,0.0,0.0,0.0,0.0,0.0,0.0,0.0,0.0,0.0,0.0,0.6,0.6,,,,,,
2025,3,IND,TEN,T.Warren,0.0,0.0,0.0,0.0,0.0,0.0,,0.0,0.0,0.0,0.0,0.0,5.0,3.0,38.0,0.0,7.0,0.0,0.0,6.8,3.8,,,,,,
2025,3,JAX,HOU,B.Strange,0.0,0.0,0.0,0.0,0.0,0.0,,0.0,0.0,0.0,0.0,0.0,7.0,6.0,61.0,0.0,41.0,0.0,0.0,12.1,6.1,,,,,,
2025,3,JAX,HOU,B.Thomas,0.0,0.0,0.0,0.0,0.0,0.0,,0.0,0.0,0.0,0.0,0.0,6.0,2.0,55.0,0.0,64.0,0.0,0.0,7.5,5.5,,,,,,
2025,3,JAX,HOU,B.Tuten,0.0,0.0,0.0,0.0,0.0,0.0,,6.0,21.0,1.0,0.0,0.0,1.0,0.0,0.0,0.0,3.0,0.0,0.0,8.1,8.1,,,,,,
2025,3,JAX,HOU,D.Brown,0.0,0.0,0.0,0.0,0.0,0.0,,0.0,0.0,0.0,0.0,0.0,3.0,2.0,7.0,0.0,51.0,0.0,0.0,2.7,0.7,,,,,,
2025,3,JAX,HOU,H.Long,0.0,0.0,0.0,0.0,0.0,0.0,,0.0,0.0,0.0,0.0,0.0,3.0,2.0,12.0,0.0,9.0,0.0,0.0,3.2,1.2,,,,,,
2025,3,JAX,HOU,J.Mundt,0.0,0.0,0.0,0.0,0.0,0.0,,0.0,0.0,0.0,0.0,0.0,1.0,1.0,7.0,0.0,2.0,0.0,0.0,1.7,0.7,,,,,,
2025,3,JAX,HOU,L.Allen,0.0,0.0,0.0,0.0,0.0,0.0,,0.0,0.0,0.0,0.0,0.0,1.0,1.0,9.0,0.0,3.0,0.0,0.0,1.9,0.9,,,,,,
2025,3,JAX,HOU,P.Washington,0.0,0.0,0.0,0.0,0.0,0.0,,0.0,0.0,0.0,0.0,0.0,11.0,4.0,34.0,0.0,137.0,0.0,0.0,7.4,3.4,,,,,,
2025,3,JAX,HOU,T.Etienne,0.0,0.0,0.0,0.0,0.0,0.0,,16.0,56.0,1.0,0.0,0.0,2.0,0.0,0.0,0.0,-10.0,0.0,0.0,11.6,11.6,,,,,,
2025,3,JAX,HOU,T.Hunter,0.0,0.0,0.0,0.0,0.0,0.0,,0.0,0.0,0.0,0.0,0.0,2.0,1.0,21.0,0.0,16.0,0.0,0.0,3.1,2.1,,,,,,
2025,3,JAX,HOU,T.Lawrence,42.0,20.0,222.0,0.0,1.0,2.0,QB,2.0,9.0,0.0,0.0,0.0,0.0,0.0,0.0,0.0,0.0,0.0,0.0,8.78,8.78,,,,,,
2025,3,JAX,HOU,T.Patrick,0.0,0.0,0.0,0.0,0.0,0.0,,0.0,0.0,0.0,0.0,0.0,1.0,1.0,16.0,0.0,3.0,0.0,0.0,2.6,1.6,,,,,,
2025,3,KC,NYG,B.Smith,0.0,0.0,0.0,0.0,0.0,0.0,,2.0,13.0,0.0,0.0,0.0,1.0,0.0,0.0,0.0,0.0,0.0,0.0,1.3,1.3,,,,,,
2025,3,KC,NYG,I.Pacheco,0.0,0.0,0.0,0.0,0.0,0.0,,10.0,45.0,0.0,0.0,0.0,1.0,1.0,3.0,0.0,-3.0,0.0,0.0,5.8,4.8,,,,,,
2025,3,KC,NYG,J.Smith-Schuster,0.0,0.0,0.0,0.0,0.0,0.0,,0.0,0.0,0.0,0.0,0.0,4.0,4.0,55.0,0.0,18.0,0.0,0.0,9.5,5.5,,,,,,
2025,3,KC,NYG,K.Hunt,0.0,0.0,0.0,0.0,0.0,0.0,,10.0,34.0,1.0,0.0,0.0,1.0,1.0,10.0,0.0,-3.0,0.0,0.0,11.4,10.4,,,,,,
2025,3,KC,NYG,M.Brown,0.0,0.0,0.0,0.0,0.0,0.0,,0.0,0.0,0.0,0.0,0.0,6.0,4.0,42.0,0.0,85.0,0.0,0.0,8.2,4.2,,,,,,
2025,3,KC,NYG,N.Gray,0.0,0.0,0.0,0.0,0.0,0.0,,0.0,0.0,0.0,0.0,0.0,6.0,3.0,17.0,0.0,17.0,0.0,0.0,4.7,1.7,,,,,,
2025,3,KC,NYG,N.Remigio,0.0,0.0,0.0,0.0,0.0,0.0,,1.0,11.0,0.0,0.0,0.0,0.0,0.0,0.0,0.0,0.0,0.0,0.0,1.1,1.1,,,,,,
2025,3,KC,NYG,P.Mahomes,39.0,22.0,224.0,1.0,0.0,2.0,QB,5.0,2.0,0.0,0.0,0.0,0.0,0.0,0.0,0.0,0.0,0.0,0.0,13.16,13.16,,,,,,
2025,3,KC,NYG,T.Kelce,0.0,0.0,0.0,0.0,0.0,0.0,,0.0,0.0,0.0,0.0,0.0,7.0,4.0,26.0,0.0,31.0,0.0,0.0,6.6,2.6,,,,,,
2025,3,KC,NYG,T.Thornton,0.0,0.0,0.0,0.0,0.0,0.0,,0.0,0.0,0.0,0.0,0.0,9.0,5.0,71.0,1.0,169.0,0.0,0.0,18.1,13.1,,,,,,
2025,3,LA,PHI,B.Corum,0.0,0.0,0.0,0.0,0.0,0.0,,8.0,53.0,0.0,0.0,0.0,0.0,0.0,0.0,0.0,0.0,0.0,0.0,5.3,5.3,,,,,,
2025,3,LA,PHI,D.Adams,0.0,0.0,0.0,0.0,0.0,0.0,,0.0,0.0,0.0,0.0,0.0,8.0,3.0,56.0,1.0,125.0,0.0,0.0,14.6,11.6,,,,,,
2025,3,LA,PHI,D.Allen,0.0,0.0,0.0,0.0,0.0,0.0,,0.0,0.0,0.0,0.0,0.0,1.0,1.0,3.0,0.0,0.0,0.0,0.0,1.3,0.3,,,,,,
2025,3,LA,PHI,J.Karty,1.0,0.0,0.0,0.0,0.0,0.0,QB,0.0,0.0,0.0,0.0,0.0,0.0,0.0,0.0,0.0,0.0,0.0,0.0,0.0,0.0,,,,,,
2025,3,LA,PHI,J.Whittington,0.0,0.0,0.0,0.0,0.0,0.0,,2.0,7.0,0.0,0.0,0.0,3.0,2.0,7.0,0.0,6.0,0.0,0.0,3.4,1.4,,,,,,
2025,3,LA,PHI,K.Williams,0.0,0.0,0.0,0.0,0.0,0.0,,20.0,94.0,0.0,0.0,0.0,3.0,2.0,18.0,1.0,-5.0,0.0,0.0,19.2,17.2,,,,,,
2025,3,LA,PHI,M.Stafford,34.0,19.0,196.0,2.0,1.0,1.0,QB,0.0,0.0,0.0,0.0,0.0,0.0,0.0,0.0,0.0,0.0,0.0,0.0,14.84,14.84,,,,,,
2025,3,LA,PHI,P.Nacua,0.0,0.0,0.0,0.0,0.0,0.0,,1.0,6.0,0.0,0.0,0.0,15.0,11.0,112.0,0.0,131.0,0.0,0.0,22.8,11.8,,,,,,
2025,3,LA,PHI,T.Atwell,0.0,0.0,0.0,0.0,0.0,0.0,,0.0,0.0,0.0,0.0,0.0,1.0,0.0,0.0,0.0,3.0,0.0,0.0,0.0,0.0,,,,,,
2025,3,LA,PHI,T.Higbee,0.0,0.0,0.0,0.0,0.0,0.0,,0.0,0.0,0.0,0.0,0.0,2.0,0.0,0.0,0.0,-92.0,0.0,0.0,0.0,0.0,,,,,,
2025,3,LAC,DEN,D.Davis,0.0,0.0,0.0,0.0,0.0,0.0,,1.0,2.0,0.0,0.0,0.0,0.0,0.0,0.0,0.0,0.0,0.0,0.0,0.2,0.2,,,,,,
2025,3,LAC,DEN,J.Herbert,52.0,28.0,300.0,1.0,1.0,5.0,QB,2.0,6.0,0.0,0.0,0.0,0.0,0.0,0.0,0.0,0.0,0.0,0.0,15.6,15.6,,,,,,
2025,3,LAC,DEN,K.Allen,0.0,0.0,0.0,0.0,0.0,0.0,,0.0,0.0,0.0,0.0,0.0,11.0,7.0,65.0,1.0,108.0,0.0,0.0,19.5,12.5,,,,,,
2025,3,LAC,DEN,L.McConkey,0.0,0.0,0.0,0.0,0.0,0.0,,0.0,0.0,0.0,0.0,0.0,7.0,4.0,41.0,0.0,60.0,0.0,0.0,8.1,4.1,,,,,,
2025,3,LAC,DEN,N.Harris,0.0,0.0,0.0,0.0,0.0,0.0,,6.0,28.0,0.0,0.0,0.0,0.0,0.0,0.0,0.0,0.0,0.0,0.0,2.8,2.8,,,,,,
2025,3,LAC,DEN,O.Gadsden,0.0,0.0,0.0,0.0,0.0,0.0,,0.0,0.0,0.0,0.0,0.0,7.0,5.0,46.0,0.0,58.0,0.0,0.0,9.6,4.6,,,,,,
2025,3,LAC,DEN,O.Hampton,0.0,0.0,0.0,0.0,0.0,0.0,,19.0,70.0,1.0,0.0,0.0,7.0,6.0,59.0,0.0,-5.0,1.0,0.0,24.9,18.9,,,,,,
2025,3,LAC,DEN,Q.Johnston,0.0,0.0,0.0,0.0,0.0,0.0,,0.0,0.0,0.0,0.0,0.0,9.0,6.0,89.0,0.0,113.0,0.0,0.0,14.9,8.9,,,,,,
2025,3,LAC,DEN,T.Conklin,0.0,0.0,0.0,0.0,0.0,0.0,,0.0,0.0,0.0,0.0,0.0,2.0,0.0,0.0,0.0,-1.0,0.0,0.0,0.0,0.0,,,,,,
2025,3,LAC,DEN,T.Fisk,0.0,0.0,0.0,0.0,0.0,0.0,,0.0,0.0,0.0,0.0,0.0,1.0,0.0,0.0,0.0,20.0,0.0,0.0,0.0,0.0,,,,,,
2025,3,LAC,DEN,T.Harris,0.0,0.0,0.0,0.0,0.0,0.0,,0.0,0.0,0.0,0.0,0.0,1.0,0.0,0.0,0.0,34.0,0.0,0.0,0.0,0.0,,,,,,
2025,3,LV,WAS,A.Jeanty,0.0,0.0,0.0,0.0,0.0,0.0,,18.0,63.0,0.0,0.0,0.0,0.0,0.0,0.0,0.0,0.0,0.0,0.0,6.3,6.3,,,,,,
2025,3,LV,WAS,B.Bowers,0.0,0.0,0.0,0.0,0.0,0.0,,0.0,0.0,0.0,0.0,0.0,6.0,4.0,38.0,0.0,31.0,0.0,0.0,7.8,3.8,,,,,,
2025,3,LV,WAS,D.Laube,0.0,0.0,0.0,0.0,0.0,0.0,,3.0,2.0,0.0,0.0,0.0,1.0,0.0,0.0,0.0,0.0,0.0,0.0,0.2,0.2,,,,,,
2025,3,LV,WAS,D.Thornton,0.0,0.0,0.0,0.0,0.0,0.0,,0.0,0.0,0.0,0.0,0.0,4.0,2.0,29.0,0.0,53.0,0.0,0.0,4.9,2.9,,,,,,
2025,3,LV,WAS,G.Smith,35.0,19.0,289.0,3.0,0.0,5.0,QB,2.0,5.0,0.0,0.0,0.0,0.0,0.0,0.0,0.0,0.0,0.0,0.0,24.06,24.06,,,,,,
2025,3,LV,WAS,J.Bech,0.0,0.0,0.0,0.0,0.0,0.0,,0.0,0.0,0.0,0.0,0.0,1.0,1.0,10.0,0.0,10.0,0.0,0.0,2.0,1.0,,,,,,
2025,3,LV,WAS,J.Meyers,0.0,0.0,0.0,0.0,0.0,0.0,,0.0,0.0,0.0,0.0,0.0,4.0,3.0,63.0,0.0,65.0,0.0,0.0,9.3,6.3,,,,,,
2025,3,LV,WAS,M.Mayer,0.0,0.0,0.0,0.0,0.0,0.0,,0.0,0.0,0.0,0.0,0.0,1.0,0.0,0.0,0.0,1.0,0.0,0.0,0.0,0.0,,,,,,
2025,3,LV,WAS,T.Tucker,0.0,0.0,0.0,0.0,0.0,0.0,,1.0,4.0,0.0,0.0,0.0,9.0,8.0,145.0,3.0,127.0,0.0,0.0,40.9,32.9,,,,,,
2025,3,LV,WAS,Z.White,0.0,0.0,0.0,0.0,0.0,0.0,,5.0,19.0,0.0,0.0,0.0,2.0,1.0,4.0,0.0,3.0,0.0,0.0,3.3,2.3,,,,,,
2025,3,MIA,BUF,D.Achane,0.0,0.0,0.0,0.0,0.0,0.0,,12.0,62.0,0.0,0.0,0.0,9.0,7.0,22.0,0.0,-5.0,0.0,0.0,15.4,8.4,,,,,,
2025,3,MIA,BUF,J.Hill,0.0,0.0,0.0,0.0,0.0,0.0,,0.0,0.0,0.0,0.0,0.0,1.0,1.0,4.0,0.0,1.0,0.0,0.0,1.4,0.4,,,,,,
2025,3,MIA,BUF,J.Waddle,0.0,0.0,0.0,0.0,0.0,0.0,,0.0,0.0,0.0,0.0,0.0,6.0,5.0,39.0,1.0,25.0,0.0,0.0,14.9,9.9,,,,,,
2025,3,MIA,BUF,M.Washington,0.0,0.0,0.0,0.0,0.0,0.0,,2.0,20.0,0.0,0.0,0.0,5.0,3.0,12.0,0.0,17.0,0.0,0.0,6.2,3.2,,,,,,
2025,3,MIA,BUF,O.Gordon,0.0,0.0,0.0,0.0,0.0,0.0,,9.0,38.0,1.0,0.0,0.0,0.0,0.0,0.0,0.0,0.0,0.0,0.0,9.8,9.8,,,,,,
2025,3,MIA,BUF,T.Conner,0.0,0.0,0.0,0.0,0.0,0.0,,0.0,0.0,0.0,0.0,0.0,2.0,1.0,13.0,0.0,7.0,0.0,0.0,2.3,1.3,,,,,,
2025,3,MIA,BUF,T.Hill,0.0,0.0,0.0,0.0,0.0,0.0,,0.0,0.0,0.0,0.0,0.0,10.0,5.0,49.0,1.0,148.0,0.0,0.0,15.9,10.9,,,,,,
2025,3,MIA,BUF,T.Tagovailoa,34.0,22.0,146.0,2.0,1.0,0.0,QB,2.0,10.0,0.0,1.0,0.0,0.0,0.0,0.0,0.0,0.0,0.0,0.0,13.84,13.84,,,,,,
2025,3,MIN,CIN,A.Thielen,0.0,0.0,0.0,0.0,0.0,0.0,,0.0,0.0,0.0,0.0,0.0,2.0,0.0,0.0,0.0,29.0,0.0,0.0,0.0,0.0,,,,,,
2025,3,MIN,CIN,C.Akers,0.0,0.0,0.0,0.0,0.0,0.0,,5.0,19.0,0.0,0.0,0.0,1.0,0.0,0.0,0.0,-6.0,0.0,0.0,1.9,1.9,,,,,,
2025,3,MIN,CIN,C.Wentz,23.0,14.0,173.0,2.0,0.0,3.0,QB,2.0,4.0,0.0,0.0,0.0,0.0,0.0,0.0,0.0,0.0,0.0,0.0,15.32,15.32,,,,,,
2025,3,MIN,CIN,J.Jefferson,0.0,0.0,0.0,0.0,0.0,0.0,,0.0,0.0,0.0,0.0,0.0,7.0,5.0,75.0,0.0,49.0,0.0,0.0,12.5,7.5,,,,,,
2025,3,MIN,CIN,J.Mason,0.0,0.0,0.0,0.0,0.0,0.0,,16.0,116.0,2.0,0.0,0.0,0.0,0.0,0.0,0.0,0.0,0.0,0.0,23.6,23.6,,,,,,
2025,3,MIN,CIN,J.Nailor,0.0,0.0,0.0,0.0,0.0,0.0,,0.0,0.0,0.0,0.0,0.0,5.0,3.0,37.0,0.0,64.0,0.0,0.0,6.7,3.7,,,,,,
2025,3,MIN,CIN,J.Oliver,0.0,0.0,0.0,0.0,0.0,0.0,,0.0,0.0,0.0,0.0,0.0,1.0,1.0,12.0,1.0,6.0,0.0,0.0,8.2,7.2,,,,,,
2025,3,MIN,CIN,M.Brosmer,4.0,2.0,29.0,0.0,0.0,0.0,QB,0.0,0.0,0.0,0.0,0.0,0.0,0.0,0.0,0.0,0.0,0.0,0.0,1.16,1.16,,,,,,
2025,3,MIN,CIN,T.Felton,0.0,0.0,0.0,0.0,0.0,0.0,,0.0,0.0,0.0,0.0,0.0,1.0,1.0,9.0,0.0,7.0,0.0,0.0,1.9,0.9,,,,,,
2025,3,MIN,CIN,T.Hockenson,0.0,0.0,0.0,0.0,0.0,0.0,,0.0,0.0,0.0,0.0,0.0,6.0,5.0,49.0,1.0,45.0,0.0,0.0,15.9,10.9,,,,,,
2025,3,MIN,CIN,Z.Scott,0.0,0.0,0.0,0.0,0.0,0.0,,8.0,30.0,0.0,1.0,0.0,1.0,1.0,20.0,0.0,-6.0,0.0,0.0,6.0,5.0,,,,,,
2025,3,NE,PIT,A.Gibson,0.0,0.0,0.0,0.0,0.0,0.0,,7.0,28.0,0.0,1.0,1.0,0.0,0.0,0.0,0.0,0.0,0.0,0.0,2.8,2.8,,,,,,
2025,3,NE,PIT,A.Hooper,0.0,0.0,0.0,0.0,0.0,0.0,,0.0,0.0,0.0,0.0,0.0,3.0,2.0,28.0,0.0,34.0,0.0,0.0,4.8,2.8,,,,,,
2025,3,NE,PIT,D.Douglas,0.0,0.0,0.0,0.0,0.0,0.0,,0.0,0.0,0.0,0.0,0.0,5.0,2.0,7.0,0.0,27.0,0.0,0.0,2.7,0.7,,,,,,
2025,3,NE,PIT,D.Maye,42.0,28.0,268.0,2.0,1.0,5.0,QB,7.0,45.0,0.0,0.0,0.0,0.0,0.0,0.0,0.0,0.0,0.0,0.0,22.22,22.22,,,,,,
2025,3,NE,PIT,H.Henry,0.0,0.0,0.0,0.0,0.0,0.0,,0.0,0.0,0.0,0.0,0.0,11.0,8.0,90.0,2.0,67.0,0.0,0.0,29.0,21.0,,,,,,
2025,3,NE,PIT,K.Boutte,0.0,0.0,0.0,0.0,0.0,0.0,,0.0,0.0,0.0,0.0,0.0,3.0,2.0,28.0,0.0,28.0,0.0,0.0,4.8,2.8,,,,,,
2025,3,NE,PIT,K.Williams,0.0,0.0,0.0,0.0,0.0,0.0,,0.0,0.0,0.0,0.0,0.0,1.0,1.0,8.0,0.0,7.0,0.0,0.0,1.8,0.8,,,,,,
2025,3,NE,PIT,M.Hollins,0.0,0.0,0.0,0.0,0.0,0.0,,0.0,0.0,0.0,0.0,0.0,4.0,4.0,27.0,0.0,21.0,0.0,0.0,6.7,2.7,,,,,,
2025,3,NE,PIT,R.Stevenson,0.0,0.0,0.0,0.0,0.0,0.0,,4.0,18.0,0.0,2.0,2.0,3.0,3.0,38.0,0.0,7.0,0.0,0.0,8.6,5.6,,,,,,
2025,3,NE,PIT,S.Diggs,0.0,0.0,0.0,0.0,0.0,0.0,,0.0,0.0,0.0,0.0,0.0,3.0,3.0,23.0,0.0,12.0,0.0,0.0,5.3,2.3,,,,,,
2025,3,NE,PIT,T.Henderson,0.0,0.0,0.0,0.0,0.0,0.0,,11.0,28.0,0.0,0.0,0.0,3.0,3.0,19.0,0.0,2.0,0.0,0.0,7.7,4.7,,,,,,
2025,3,NO,SEA,A.Kamara,0.0,0.0,0.0,0.0,0.0,0.0,,18.0,42.0,0.0,0.0,0.0,2.0,1.0,14.0,0.0,28.0,0.0,0.0,6.6,5.6,,,,,,
2025,3,NO,SEA,B.Cooks,0.0,0.0,0.0,0.0,0.0,0.0,,0.0,0.0,0.0,0.0,0.0,5.0,3.0,24.0,0.0,85.0,0.0,0.0,5.4,2.4,,,,,,
2025,3,NO,SEA,C.Olave,0.0,0.0,0.0,0.0,0.0,0.0,,0.0,0.0,0.0,0.0,0.0,14.0,10.0,57.0,0.0,92.0,0.0,0.0,15.7,5.7,,,,,,
2025,3,NO,SEA,J.Johnson,0.0,0.0,0.0,0.0,0.0,0.0,,0.0,0.0,0.0,0.0,0.0,8.0,6.0,51.0,0.0,33.0,0.0,0.0,11.1,5.1,,,,,,
2025,3,NO,SEA,J.Stoll,0.0,0.0,0.0,0.0,0.0,0.0,,0.0,0.0,0.0,0.0,0.0,3.0,2.0,21.0,1.0,27.0,0.0,0.0,10.1,8.1,,,,,,
2025,3,NO,SEA,K.Austin,0.0,0.0,0.0,0.0,0.0,0.0,,0.0,0.0,0.0,0.0,0.0,1.0,0.0,0.0,0.0,23.0,0.0,0.0,0.0,0.0,,,,,,
2025,3,NO,SEA,K.Miller,0.0,0.0,0.0,0.0,0.0,0.0,,7.0,27.0,0.0,0.0,0.0,2.0,2.0,9.0,0.0,-9.0,0.0,0.0,5.6,3.6,,,,,,
2025,3,NO,SEA,R.Shaheed,0.0,0.0,0.0,0.0,0.0,0.0,,0.0,0.0,0.0,0.0,0.0,6.0,4.0,42.0,0.0,68.0,0.0,0.0,8.2,4.2,,,,,,
2025,3,NO,SEA,S.Rattler,41.0,28.0,218.0,1.0,1.0,2.0,QB,2.0,10.0,0.0,0.0,0.0,0.0,0.0,0.0,0.0,0.0,0.0,0.0,12.72,12.72,,,,,,
2025,3,NO,SEA,T.Shough,2.0,0.0,0.0,0.0,0.0,0.0,QB,0.0,0.0,0.0,0.0,0.0,0.0,0.0,0.0,0.0,0.0,0.0,0.0,0.0,0.0,,,,,,
2025,3,NYG,KC,C.Manhertz,0.0,0.0,0.0,0.0,0.0,0.0,,0.0,0.0,0.0,0.0,0.0,1.0,1.0,7.0,0.0,1.0,0.0,0.0,1.7,0.7,,,,,,
2025,3,NYG,KC,C.Skattebo,0.0,0.0,0.0,0.0,0.0,0.0,,10.0,60.0,1.0,0.0,0.0,8.0,6.0,61.0,0.0,5.0,0.0,0.0,24.1,18.1,,,,,,
2025,3,NYG,KC,D.Bellinger,0.0,0.0,0.0,0.0,0.0,0.0,,0.0,0.0,0.0,0.0,0.0,1.0,1.0,6.0,0.0,6.0,0.0,0.0,1.6,0.6,,,,,,
2025,3,NYG,KC,D.Singletary,0.0,0.0,0.0,0.0,0.0,0.0,,4.0,11.0,0.0,0.0,0.0,0.0,0.0,0.0,0.0,0.0,0.0,0.0,1.1,1.1,,,,,,
2025,3,NYG,KC,D.Slayton,0.0,0.0,0.0,0.0,0.0,0.0,,0.0,0.0,0.0,0.0,0.0,4.0,4.0,30.0,0.0,25.0,0.0,0.0,7.0,3.0,,,,,,
2025,3,NYG,KC,J.Dart,0.0,0.0,0.0,0.0,0.0,0.0,,1.0,3.0,0.0,0.0,0.0,0.0,0.0,0.0,0.0,0.0,0.0,0.0,0.3,0.3,,,,,,
2025,3,NYG,KC,M.Nabers,0.0,0.0,0.0,0.0,0.0,0.0,,0.0,0.0,0.0,0.0,0.0,7.0,2.0,13.0,0.0,146.0,0.0,0.0,3.3,1.3,,,,,,
2025,3,NYG,KC,R.Wilson,34.0,18.0,160.0,0.0,2.0,2.0,QB,5.0,27.0,0.0,0.0,0.0,0.0,0.0,0.0,0.0,0.0,0.0,0.0,7.1,7.1,,,,,,
2025,3,NYG,KC,T.Johnson,0.0,0.0,0.0,0.0,0.0,0.0,,0.0,0.0,0.0,0.0,0.0,2.0,1.0,10.0,0.0,7.0,0.0,0.0,2.0,1.0,,,,,,
2025,3,NYG,KC,T.Tracy,0.0,0.0,0.0,0.0,0.0,0.0,,7.0,29.0,0.0,0.0,0.0,3.0,2.0,7.0,0.0,-8.0,0.0,0.0,5.6,3.6,,,,,,
2025,3,NYG,KC,W.Robinson,0.0,0.0,0.0,0.0,0.0,0.0,,0.0,0.0,0.0,0.0,0.0,4.0,1.0,26.0,0.0,88.0,0.0,0.0,3.6,2.6,,,,,,
2025,3,NYJ,TB,A.Lazard,0.0,0.0,0.0,0.0,0.0,0.0,,0.0,0.0,0.0,0.0,0.0,3.0,2.0,13.0,1.0,12.0,0.0,0.0,9.3,7.3,,,,,,
2025,3,NYJ,TB,A.Smith,0.0,0.0,0.0,0.0,0.0,0.0,,0.0,0.0,0.0,0.0,0.0,2.0,2.0,2.0,0.0,1.0,0.0,0.0,2.2,0.2,,,,,,
2025,3,NYJ,TB,B.Allen,0.0,0.0,0.0,0.0,0.0,0.0,,6.0,30.0,0.0,0.0,0.0,2.0,2.0,17.0,0.0,8.0,0.0,0.0,6.7,4.7,,,,,,
2025,3,NYJ,TB,B.Hall,0.0,0.0,0.0,0.0,0.0,0.0,,9.0,21.0,0.0,0.0,0.0,6.0,4.0,31.0,0.0,12.0,0.0,0.0,9.2,5.2,,,,,,
2025,3,NYJ,TB,G.Wilson,0.0,0.0,0.0,0.0,0.0,0.0,,0.0,0.0,0.0,0.0,0.0,13.0,10.0,84.0,1.0,75.0,0.0,0.0,24.4,14.4,,,,,,
2025,3,NYJ,TB,M.Taylor,0.0,0.0,0.0,0.0,0.0,0.0,,0.0,0.0,0.0,0.0,0.0,6.0,4.0,18.0,0.0,17.0,0.0,0.0,5.8,1.8,,,,,,
2025,3,NYJ,TB,T.Johnson,0.0,0.0,0.0,0.0,0.0,0.0,,0.0,0.0,0.0,0.0,0.0,3.0,2.0,32.0,0.0,36.0,0.0,0.0,5.2,3.2,,,,,,
2025,3,NYJ,TB,T.Taylor,40.0,26.0,197.0,2.0,1.0,4.0,QB,8.0,48.0,0.0,0.0,0.0,0.0,0.0,0.0,0.0,0.0,0.0,0.0,19.68,19.68,,,,,,
2025,3,PHI,LA,A.Brown,0.0,0.0,0.0,0.0,0.0,0.0,,0.0,0.0,0.0,0.0,0.0,10.0,6.0,109.0,1.0,120.0,0.0,0.0,22.9,16.9,,,,,,
2025,3,PHI,LA,D.Goedert,0.0,0.0,0.0,0.0,0.0,0.0,,0.0,0.0,0.0,0.0,0.0,2.0,1.0,33.0,1.0,30.0,0.0,0.0,10.3,9.3,,,,,,
2025,3,PHI,LA,D.Smith,0.0,0.0,0.0,0.0,0.0,0.0,,0.0,0.0,0.0,0.0,0.0,10.0,8.0,60.0,1.0,68.0,0.0,0.0,20.0,12.0,,,,,,
2025,3,PHI,LA,J.Dotson,0.0,0.0,0.0,0.0,0.0,0.0,,0.0,0.0,0.0,0.0,0.0,3.0,1.0,7.0,0.0,37.0,0.0,0.0,1.7,0.7,,,,,,
2025,3,PHI,LA,J.Hurts,37.0,21.0,226.0,3.0,0.0,4.0,QB,9.0,40.0,1.0,0.0,0.0,0.0,0.0,0.0,0.0,0.0,0.0,0.0,31.04,31.04,,,,,,
2025,3,PHI,LA,J.Metchie,0.0,0.0,0.0,0.0,0.0,0.0,,0.0,0.0,0.0,0.0,0.0,1.0,1.0,8.0,0.0,4.0,0.0,0.0,1.8,0.8,,,,,,
2025,3,PHI,LA,S.Barkley,0.0,0.0,0.0,0.0,0.0,0.0,,18.0,46.0,0.0,0.0,0.0,5.0,4.0,9.0,0.0,-2.0,0.0,0.0,9.5,5.5,,,,,,
2025,3,PIT,NE,A.Rodgers,23.0,16.0,139.0,2.0,1.0,0.0,QB,4.0,1.0,0.0,0.0,0.0,0.0,0.0,0.0,0.0,0.0,0.0,0.0,12.66,12.66,,,,,,
2025,3,PIT,NE,C.Austin,0.0,0.0,0.0,0.0,0.0,0.0,,0.0,0.0,0.0,0.0,0.0,5.0,3.0,34.0,1.0,71.0,0.0,0.0,12.4,9.4,,,,,,
2025,3,PIT,NE,D.Metcalf,0.0,0.0,0.0,0.0,0.0,0.0,,0.0,0.0,0.0,0.0,0.0,4.0,3.0,32.0,1.0,34.0,0.0,0.0,12.2,9.2,,,,,,
2025,3,PIT,NE,J.Smith,0.0,0.0,0.0,0.0,0.0,0.0,,0.0,0.0,0.0,0.0,0.0,3.0,3.0,23.0,0.0,8.0,1.0,0.0,5.3,2.3,,,,,,
2025,3,PIT,NE,J.Warren,0.0,0.0,0.0,0.0,0.0,0.0,,18.0,47.0,0.0,0.0,0.0,6.0,5.0,34.0,0.0,-20.0,0.0,0.0,13.1,8.1,,,,,,
2025,3,PIT,NE,K.Gainwell,0.0,0.0,0.0,0.0,0.0,0.0,,4.0,16.0,1.0,0.0,0.0,1.0,1.0,10.0,0.0,-4.0,0.0,0.0,9.6,8.6,,,,,,
2025,3,PIT,NE,P.Freiermuth,0.0,0.0,0.0,0.0,0.0,0.0,,0.0,0.0,0.0,0.0,0.0,3.0,1.0,6.0,0.0,23.0,0.0,0.0,1.6,0.6,,,,,,
2025,3,SEA,NO,A.Barner,0.0,0.0,0.0,0.0,0.0,0.0,,0.0,0.0,0.0,0.0,0.0,1.0,1.0,23.0,0.0,20.0,0.0,0.0,3.3,2.3,,,,,,
2025,3,SEA,NO,C.Kupp,0.0,0.0,0.0,0.0,0.0,0.0,,0.0,0.0,0.0,0.0,0.0,3.0,2.0,31.0,0.0,3.0,0.0,0.0,5.1,3.1,,,,,,
2025,3,SEA,NO,D.Lock,3.0,2.0,15.0,0.0,0.0,0.0,QB,1.0,-1.0,0.0,0.0,0.0,0.0,0.0,0.0,0.0,0.0,0.0,0.0,0.5,0.5,,,,,,
2025,3,SEA,NO,D.Young,0.0,0.0,0.0,0.0,0.0,0.0,,0.0,0.0,0.0,0.0,0.0,1.0,1.0,12.0,0.0,12.0,0.0,0.0,2.2,1.2,,,,,,
2025,3,SEA,NO,E.Arroyo,0.0,0.0,0.0,0.0,0.0,0.0,,0.0,0.0,0.0,0.0,0.0,1.0,0.0,0.0,0.0,10.0,0.0,0.0,0.0,0.0,,,,,,
2025,3,SEA,NO,E.Saubert,0.0,0.0,0.0,0.0,0.0,0.0,,0.0,0.0,0.0,0.0,0.0,1.0,1.0,12.0,0.0,6.0,0.0,0.0,2.2,1.2,,,,,,
2025,3,SEA,NO,G.Holani,0.0,0.0,0.0,0.0,0.0,0.0,,10.0,27.0,0.0,1.0,1.0,2.0,2.0,15.0,0.0,-1.0,0.0,0.0,6.2,4.2,,,,,,
2025,3,SEA,NO,J.Milroe,0.0,0.0,0.0,0.0,0.0,0.0,,1.0,3.0,0.0,0.0,0.0,0.0,0.0,0.0,0.0,0.0,0.0,0.0,0.3,0.3,,,,,,
2025,3,SEA,NO,J.Smith-Njigba,0.0,0.0,0.0,0.0,0.0,0.0,,0.0,0.0,0.0,0.0,0.0,6.0,5.0,96.0,1.0,87.0,0.0,0.0,20.6,15.6,,,,,,
2025,3,SEA,NO,J.Wright,0.0,0.0,0.0,0.0,0.0,0.0,,5.0,20.0,0.0,0.0,0.0,0.0,0.0,0.0,0.0,0.0,0.0,0.0,2.0,2.0,,,,,,
2025,3,SEA,NO,K.Walker,0.0,0.0,0.0,0.0,0.0,0.0,,16.0,38.0,2.0,0.0,0.0,1.0,1.0,12.0,0.0,2.0,0.0,0.0,18.0,17.0,,,,,,
2025,3,SEA,NO,S.Darnold,18.0,14.0,218.0,2.0,0.0,0.0,QB,0.0,0.0,0.0,0.0,0.0,0.0,0.0,0.0,0.0,0.0,0.0,0.0,16.72,16.72,,,,,,
2025,3,SEA,NO,T.Horton,0.0,0.0,0.0,0.0,0.0,0.0,,0.0,0.0,0.0,0.0,0.0,4.0,3.0,32.0,1.0,30.0,0.0,0.0,12.2,9.2,,,,,,
2025,3,SF,ARI,B.Robinson,0.0,0.0,0.0,0.0,0.0,0.0,,2.0,22.0,0.0,0.0,0.0,0.0,0.0,0.0,0.0,0.0,0.0,0.0,2.2,2.2,,,,,,
2025,3,SF,ARI,C.McCaffrey,0.0,0.0,0.0,0.0,0.0,0.0,,17.0,52.0,0.0,0.0,0.0,15.0,10.0,88.0,0.0,35.0,0.0,0.0,24.0,14.0,,,,,,
2025,3,SF,ARI,J.Tonges,0.0,0.0,0.0,0.0,0.0,0.0,,0.0,0.0,0.0,0.0,0.0,3.0,2.0,21.0,0.0,24.0,0.0,0.0,4.1,2.1,,,,,,
2025,3,SF,ARI,K.Bourne,0.0,0.0,0.0,0.0,0.0,0.0,,0.0,0.0,0.0,0.0,0.0,6.0,4.0,38.0,0.0,43.0,0.0,0.0,7.8,3.8,,,,,,
2025,3,SF,ARI,K.Juszczyk,0.0,0.0,0.0,0.0,0.0,0.0,,0.0,0.0,0.0,0.0,0.0,1.0,1.0,1.0,1.0,1.0,0.0,0.0,7.1,6.1,,,,,,
2025,3,SF,ARI,M.Jones,42.0,27.0,284.0,1.0,1.0,1.0,QB,1.0,-1.0,0.0,0.0,0.0,0.0,0.0,0.0,0.0,0.0,0.0,0.0,14.26,14.26,,,,,,
2025,3,SF,ARI,M.Valdes-Scantling,0.0,0.0,0.0,0.0,0.0,0.0,,0.0,0.0,0.0,0.0,0.0,1.0,1.0,9.0,0.0,8.0,0.0,0.0,1.9,0.9,,,,,,
2025,3,SF,ARI,R.Pearsall,0.0,0.0,0.0,0.0,0.0,0.0,,0.0,0.0,0.0,0.0,0.0,11.0,8.0,117.0,0.0,163.0,0.0,0.0,19.7,11.7,,,,,,
2025,3,SF,ARI,S.Moore,0.0,0.0,0.0,0.0,0.0,0.0,,0.0,0.0,0.0,0.0,0.0,1.0,1.0,10.0,0.0,10.0,0.0,0.0,2.0,1.0,,,,,,
2025,3,TB,NYJ,B.Irving,0.0,0.0,0.0,0.0,0.0,0.0,,25.0,66.0,0.0,0.0,0.0,4.0,4.0,33.0,0.0,-19.0,0.0,0.0,13.9,9.9,,,,,,
2025,3,TB,NYJ,B.Mayfield,30.0,19.0,233.0,1.0,0.0,1.0,QB,4.0,44.0,0.0,0.0,0.0,0.0,0.0,0.0,0.0,0.0,0.0,0.0,17.72,17.72,,,,,,
2025,3,TB,NYJ,E.Egbuka,0.0,0.0,0.0,0.0,0.0,0.0,,0.0,0.0,0.0,0.0,0.0,8.0,6.0,85.0,0.0,92.0,0.0,0.0,14.5,8.5,,,,,,
2025,3,TB,NYJ,M.Evans,0.0,0.0,0.0,0.0,0.0,0.0,,0.0,0.0,0.0,0.0,0.0,9.0,4.0,33.0,1.0,65.0,0.0,0.0,13.3,9.3,,,,,,
2025,3,TB,NYJ,R.Miller,0.0,0.0,0.0,0.0,0.0,0.0,,0.0,0.0,0.0,0.0,0.0,1.0,0.0,0.0,0.0,21.0,0.0,0.0,0.0,0.0,,,,,,
2025,3,TB,NYJ,R.White,0.0,0.0,0.0,0.0,0.0,0.0,,5.0,12.0,0.0,0.0,0.0,1.0,1.0,2.0,0.0,-7.0,0.0,0.0,2.4,1.4,,,,,,
2025,3,TB,NYJ,S.Shepard,0.0,0.0,0.0,0.0,0.0,0.0,,0.0,0.0,0.0,0.0,0.0,5.0,4.0,80.0,0.0,39.0,0.0,0.0,12.0,8.0,,,,,,
2025,3,TB,NYJ,T.Johnson,0.0,0.0,0.0,0.0,0.0,0.0,,0.0,0.0,0.0,0.0,0.0,1.0,0.0,0.0,0.0,41.0,0.0,0.0,0.0,0.0,,,,,,
2025,3,TEN,IND,C.Dike,0.0,0.0,0.0,0.0,0.0,0.0,,2.0,3.0,0.0,0.0,0.0,4.0,3.0,2.0,0.0,-6.0,0.0,0.0,3.5,0.5,,,,,,
2025,3,TEN,IND,C.Okonkwo,0.0,0.0,0.0,0.0,0.0,0.0,,0.0,0.0,0.0,0.0,0.0,6.0,5.0,66.0,0.0,39.0,0.0,0.0,11.6,6.6,,,,,,
2025,3,TEN,IND,C.Ridley,0.0,0.0,0.0,0.0,0.0,0.0,,0.0,0.0,0.0,0.0,0.0,7.0,1.0,27.0,0.0,89.0,0.0,0.0,3.7,2.7,,,,,,
2025,3,TEN,IND,C.Ward,42.0,23.0,219.0,1.0,1.0,4.0,QB,3.0,12.0,0.0,0.0,0.0,0.0,0.0,0.0,0.0,0.0,0.0,0.0,12.96,12.96,,,,,,
2025,3,TEN,IND,E.Ayomanor,0.0,0.0,0.0,0.0,0.0,0.0,,0.0,0.0,0.0,0.0,0.0,5.0,4.0,38.0,1.0,39.0,0.0,0.0,13.8,9.8,,,,,,
2025,3,TEN,IND,G.Helm,0.0,0.0,0.0,0.0,0.0,0.0,,0.0,0.0,0.0,0.0,0.0,3.0,3.0,27.0,0.0,7.0,0.0,0.0,5.7,2.7,,,,,,
2025,3,TEN,IND,J.Chestnut,0.0,0.0,0.0,0.0,0.0,0.0,,2.0,26.0,0.0,0.0,0.0,0.0,0.0,0.0,0.0,0.0,0.0,0.0,2.6,2.6,,,,,,
2025,3,TEN,IND,T.Lockett,0.0,0.0,0.0,0.0,0.0,0.0,,0.0,0.0,0.0,0.0,0.0,4.0,4.0,37.0,0.0,28.0,0.0,0.0,7.7,3.7,,,,,,
2025,3,TEN,IND,T.Pollard,0.0,0.0,0.0,0.0,0.0,0.0,,16.0,45.0,1.0,0.0,0.0,4.0,2.0,14.0,0.0,-1.0,0.0,0.0,13.9,11.9,,,,,,
2025,3,TEN,IND,V.Jefferson,0.0,0.0,0.0,0.0,0.0,0.0,,0.0,0.0,0.0,0.0,0.0,1.0,1.0,8.0,0.0,1.0,0.0,0.0,1.8,0.8,,,,,,
2025,3,WAS,LV,C.Moore,0.0,0.0,0.0,0.0,0.0,0.0,,0.0,0.0,0.0,0.0,0.0,2.0,2.0,25.0,0.0,17.0,0.0,0.0,4.5,2.5,,,,,,
2025,3,WAS,LV,C.Rodriguez,0.0,0.0,0.0,0.0,0.0,0.0,,11.0,39.0,0.0,0.0,0.0,0.0,0.0,0.0,0.0,0.0,0.0,0.0,3.9,3.9,,,,,,
2025,3,WAS,LV,D.Samuel,0.0,0.0,0.0,0.0,0.0,0.0,,3.0,18.0,0.0,0.0,0.0,3.0,2.0,11.0,0.0,6.0,0.0,0.0,4.9,2.9,,,,,,
2025,3,WAS,LV,J.Croskey-Merritt,0.0,0.0,0.0,0.0,0.0,0.0,,8.0,26.0,1.0,0.0,0.0,1.0,1.0,5.0,0.0,-6.0,0.0,0.0,10.1,9.1,,,,,,
2025,3,WAS,LV,J.Lane,0.0,0.0,0.0,0.0,0.0,0.0,,0.0,0.0,0.0,0.0,0.0,2.0,1.0,-2.0,0.0,15.0,0.0,0.0,0.8,-0.2,,,,,,
2025,3,WAS,LV,J.McNichols,0.0,0.0,0.0,0.0,0.0,0.0,,4.0,78.0,1.0,0.0,0.0,0.0,0.0,0.0,0.0,0.0,0.0,0.0,13.8,13.8,,,,,,
2025,3,WAS,LV,L.McCaffrey,0.0,0.0,0.0,0.0,0.0,0.0,,0.0,0.0,0.0,0.0,0.0,3.0,3.0,56.0,1.0,14.0,0.0,0.0,14.6,11.6,,,,,,
2025,3,WAS,LV,M.Mariota,22.0,15.0,207.0,1.0,0.0,1.0,QB,6.0,40.0,1.0,1.0,1.0,0.0,0.0,0.0,0.0,0.0,0.0,0.0,22.28,22.28,,,,,,
2025,3,WAS,LV,T.McLaurin,0.0,0.0,0.0,0.0,0.0,0.0,,0.0,0.0,0.0,0.0,0.0,4.0,3.0,74.0,0.0,57.0,0.0,0.0,10.4,7.4,,,,,,
2025,3,WAS,LV,Z.Ertz,0.0,0.0,0.0,0.0,0.0,0.0,,0.0,0.0,0.0,0.0,0.0,3.0,3.0,38.0,0.0,33.0,0.0,0.0,6.8,3.8,,,,,,
2025,4,ARI,SEA,E.Demercado,0.0,0.0,0.0,0.0,0.0,0.0,,2.0,8.0,0.0,0.0,0.0,2.0,2.0,13.0,1.0,-8.0,0.0,0.0,10.1,8.1,,,,,,
2025,4,ARI,SEA,G.Dortch,0.0,0.0,0.0,0.0,0.0,0.0,,1.0,4.0,0.0,0.0,0.0,5.0,4.0,35.0,0.0,-7.0,0.0,0.0,7.9,3.9,,,,,,
2025,4,ARI,SEA,K.Murray,47.0,27.0,200.0,2.0,2.0,6.0,QB,5.0,41.0,0.0,0.0,0.0,0.0,0.0,0.0,0.0,0.0,0.0,0.0,18.1,18.1,,,,,,
2025,4,ARI,SEA,M.Carter,0.0,0.0,0.0,0.0,0.0,0.0,,1.0,1.0,0.0,0.0,0.0,0.0,0.0,0.0,0.0,0.0,0.0,0.0,0.1,0.1,,,,,,
2025,4,ARI,SEA,M.Harrison,0.0,0.0,0.0,0.0,0.0,0.0,,0.0,0.0,0.0,0.0,0.0,10.0,6.0,66.0,1.0,99.0,1.0,1.0,18.6,12.6,,,,,,
2025,4,ARI,SEA,Mi.Wilson,0.0,0.0,0.0,0.0,0.0,0.0,,0.0,0.0,0.0,0.0,0.0,6.0,3.0,15.0,0.0,45.0,0.0,0.0,4.5,1.5,,,,,,
2025,4,ARI,SEA,T.Benson,0.0,0.0,0.0,0.0,0.0,0.0,,8.0,35.0,0.0,0.0,0.0,5.0,5.0,19.0,0.0,-10.0,0.0,0.0,10.4,5.4,,,,,,
2025,4,ARI,SEA,T.McBride,0.0,0.0,0.0,0.0,0.0,0.0,,0.0,0.0,0.0,0.0,0.0,11.0,7.0,52.0,0.0,79.0,0.0,0.0,12.2,5.2,,,,,,
2025,4,ARI,SEA,X.Weaver,0.0,0.0,0.0,0.0,0.0,0.0,,0.0,0.0,0.0,0.0,0.0,1.0,0.0,0.0,0.0,27.0,0.0,0.0,0.0,0.0,,,,,,
2025,4,ATL,WAS,B.Robinson,0.0,0.0,0.0,0.0,0.0,0.0,,17.0,75.0,1.0,1.0,0.0,5.0,4.0,106.0,0.0,32.0,0.0,0.0,28.1,24.1,,,,,,
2025,4,ATL,WAS,Cas.Washington,0.0,0.0,0.0,0.0,0.0,0.0,,0.0,0.0,0.0,0.0,0.0,3.0,1.0,19.0,0.0,75.0,0.0,0.0,2.9,1.9,,,,,,
2025,4,ATL,WAS,D.London,0.0,0.0,0.0,0.0,0.0,0.0,,0.0,0.0,0.0,0.0,0.0,10.0,8.0,110.0,1.0,122.0,0.0,0.0,25.0,17.0,,,,,,
2025,4,ATL,WAS,D.Mooney,0.0,0.0,0.0,0.0,0.0,0.0,,0.0,0.0,0.0,0.0,0.0,1.0,1.0,15.0,0.0,13.0,0.0,0.0,2.5,1.5,,,,,,
2025,4,ATL,WAS,K.Pitts,0.0,0.0,0.0,0.0,0.0,0.0,,0.0,0.0,0.0,0.0,0.0,5.0,5.0,70.0,1.0,42.0,0.0,0.0,18.0,13.0,,,,,,
2025,4,ATL,WAS,M.Penix,27.0,20.0,313.0,2.0,1.0,1.0,QB,4.0,2.0,0.0,0.0,0.0,0.0,0.0,0.0,0.0,0.0,0.0,0.0,19.72,19.72,,,,,,
2025,4,ATL,WAS,R.McCloud,0.0,0.0,0.0,0.0,0.0,0.0,,0.0,0.0,0.0,0.0,0.0,2.0,1.0,-7.0,0.0,-10.0,0.0,0.0,0.3,-0.7,,,,,,
2025,4,ATL,WAS,T.Allgeier,0.0,0.0,0.0,0.0,0.0,0.0,,16.0,51.0,1.0,0.0,0.0,0.0,0.0,0.0,0.0,0.0,0.0,0.0,11.1,11.1,,,,,,
2025,4,BAL,KC,C.Rush,13.0,9.0,52.0,0.0,0.0,0.0,QB,0.0,0.0,0.0,0.0,0.0,0.0,0.0,0.0,0.0,0.0,0.0,0.0,2.08,2.08,,,,,,
2025,4,BAL,KC,D.Henry,0.0,0.0,0.0,0.0,0.0,0.0,,8.0,42.0,0.0,0.0,0.0,3.0,2.0,16.0,0.0,-2.0,0.0,0.0,7.8,5.8,,,,,,
2025,4,BAL,KC,D.Hopkins,0.0,0.0,0.0,0.0,0.0,0.0,,0.0,0.0,0.0,0.0,0.0,1.0,0.0,0.0,0.0,20.0,0.0,0.0,0.0,0.0,,,,,,
2025,4,BAL,KC,J.Hill,0.0,0.0,0.0,0.0,0.0,0.0,,3.0,76.0,1.0,0.0,0.0,6.0,5.0,41.0,1.0,-20.0,0.0,0.0,28.7,23.7,,,,,,
2025,4,BAL,KC,L.Jackson,23.0,14.0,147.0,1.0,1.0,3.0,QB,6.0,48.0,0.0,0.0,0.0,0.0,0.0,0.0,0.0,0.0,0.0,0.0,13.68,13.68,,,,,,
2025,4,BAL,KC,M.Andrews,0.0,0.0,0.0,0.0,0.0,0.0,,0.0,0.0,0.0,0.0,0.0,8.0,7.0,30.0,0.0,41.0,0.0,0.0,10.0,3.0,,,,,,
2025,4,BAL,KC,R.Bateman,0.0,0.0,0.0,0.0,0.0,0.0,,0.0,0.0,0.0,0.0,0.0,2.0,1.0,24.0,0.0,30.0,0.0,0.0,3.4,2.4,,,,,,
2025,4,BAL,KC,T.Wallace,0.0,0.0,0.0,0.0,0.0,0.0,,0.0,0.0,0.0,0.0,0.0,2.0,1.0,14.0,0.0,21.0,0.0,0.0,2.4,1.4,,,,,,
2025,4,BAL,KC,Z.Flowers,0.0,0.0,0.0,0.0,0.0,0.0,,0.0,0.0,0.0,0.0,0.0,8.0,7.0,74.0,0.0,59.0,0.0,0.0,14.4,7.4,,,,,,
2025,4,BUF,NO,C.Samuel,0.0,0.0,0.0,0.0,0.0,0.0,,0.0,0.0,0.0,0.0,0.0,2.0,1.0,9.0,0.0,47.0,0.0,0.0,1.9,0.9,,,,,,
2025,4,BUF,NO,D.Kincaid,0.0,0.0,0.0,0.0,0.0,0.0,,0.0,0.0,0.0,0.0,0.0,2.0,1.0,28.0,1.0,37.0,0.0,0.0,9.8,8.8,,,,,,
2025,4,BUF,NO,D.Knox,0.0,0.0,0.0,0.0,0.0,0.0,,0.0,0.0,0.0,0.0,0.0,1.0,0.0,0.0,0.0,22.0,0.0,0.0,0.0,0.0,,,,,,
2025,4,BUF,NO,E.Moore,0.0,0.0,0.0,0.0,0.0,0.0,,1.0,0.0,0.0,0.0,0.0,0.0,0.0,0.0,0.0,0.0,0.0,0.0,0.0,0.0,,,,,,
2025,4,BUF,NO,J.Allen,25.0,16.0,209.0,2.0,1.0,3.0,QB,7.0,45.0,1.0,0.0,0.0,0.0,0.0,0.0,0.0,0.0,0.0,0.0,25.86,25.86,,,,,,
2025,4,BUF,NO,J.Cook,0.0,0.0,0.0,0.0,0.0,0.0,,22.0,117.0,1.0,0.0,0.0,4.0,3.0,18.0,0.0,4.0,0.0,0.0,22.5,19.5,,,,,,
2025,4,BUF,NO,J.Hawes,0.0,0.0,0.0,0.0,0.0,0.0,,0.0,0.0,0.0,0.0,0.0,1.0,1.0,15.0,0.0,3.0,0.0,0.0,2.5,1.5,,,,,,
2025,4,BUF,NO,J.Palmer,0.0,0.0,0.0,0.0,0.0,0.0,,0.0,0.0,0.0,0.0,0.0,3.0,2.0,25.0,0.0,22.0,0.0,0.0,4.5,2.5,,,,,,
2025,4,BUF,NO,K.Coleman,0.0,0.0,0.0,0.0,0.0,0.0,,0.0,0.0,0.0,0.0,0.0,4.0,3.0,45.0,0.0,81.0,0.0,0.0,7.5,4.5,,,,,,
2025,4,BUF,NO,K.Shakir,0.0,0.0,0.0,0.0,0.0,0.0,,0.0,0.0,0.0,0.0,0.0,5.0,5.0,69.0,1.0,8.0,0.0,0.0,17.9,12.9,,,,,,
2025,4,BUF,NO,R.Davis,0.0,0.0,0.0,0.0,0.0,0.0,,1.0,3.0,0.0,0.0,0.0,0.0,0.0,0.0,0.0,0.0,0.0,0.0,0.3,0.3,,,,,,
2025,4,BUF,NO,Ty.Johnson,0.0,0.0,0.0,0.0,0.0,0.0,,1.0,0.0,0.0,0.0,0.0,0.0,0.0,0.0,0.0,0.0,0.0,0.0,0.0,0.0,,,,,,
2025,4,CAR,NE,A.Dalton,6.0,5.0,58.0,1.0,0.0,0.0,QB,0.0,0.0,0.0,0.0,0.0,0.0,0.0,0.0,0.0,0.0,0.0,0.0,6.32,6.32,,,,,,
2025,4,CAR,NE,B.Tremayne,0.0,0.0,0.0,0.0,0.0,0.0,,0.0,0.0,0.0,0.0,0.0,4.0,3.0,36.0,0.0,30.0,1.0,0.0,6.6,3.6,,,,,,
2025,4,CAR,NE,B.Young,31.0,18.0,150.0,1.0,0.0,1.0,QB,1.0,3.0,0.0,0.0,0.0,0.0,0.0,0.0,0.0,0.0,0.0,0.0,10.3,10.3,,,,,,
2025,4,CAR,NE,C.Hubbard,0.0,0.0,0.0,0.0,0.0,0.0,,10.0,49.0,0.0,0.0,0.0,3.0,3.0,20.0,0.0,-6.0,0.0,0.0,9.9,6.9,,,,,,
2025,4,CAR,NE,D.Moore,0.0,0.0,0.0,0.0,0.0,0.0,,1.0,12.0,0.0,0.0,0.0,0.0,0.0,0.0,0.0,0.0,0.0,0.0,1.2,1.2,,,,,,
2025,4,CAR,NE,H.Renfrow,0.0,0.0,0.0,0.0,0.0,0.0,,0.0,0.0,0.0,0.0,0.0,2.0,2.0,10.0,0.0,7.0,0.0,0.0,3.0,1.0,,,,,,
2025,4,CAR,NE,J.Mitchell,0.0,0.0,0.0,0.0,0.0,0.0,,0.0,0.0,0.0,0.0,0.0,2.0,2.0,17.0,0.0,6.0,0.0,0.0,3.7,1.7,,,,,,
2025,4,CAR,NE,M.Evans,0.0,0.0,0.0,0.0,0.0,0.0,,0.0,0.0,0.0,0.0,0.0,4.0,3.0,23.0,1.0,4.0,0.0,0.0,11.3,8.3,,,,,,
2025,4,CAR,NE,R.Dowdle,0.0,0.0,0.0,0.0,0.0,0.0,,9.0,32.0,0.0,0.0,0.0,1.0,1.0,-2.0,0.0,-2.0,0.0,0.0,4.0,3.0,,,,,,
2025,4,CAR,NE,T.Etienne,0.0,0.0,0.0,0.0,0.0,0.0,,7.0,33.0,0.0,0.0,0.0,0.0,0.0,0.0,0.0,0.0,0.0,0.0,3.3,3.3,,,,,,
2025,4,CAR,NE,T.McMillan,0.0,0.0,0.0,0.0,0.0,0.0,,0.0,0.0,0.0,0.0,0.0,8.0,4.0,62.0,0.0,106.0,0.0,0.0,10.2,6.2,,,,,,
2025,4,CAR,NE,T.Tremble,0.0,0.0,0.0,0.0,0.0,0.0,,0.0,0.0,0.0,0.0,0.0,8.0,5.0,42.0,1.0,38.0,0.0,0.0,15.2,10.2,,,,,,
2025,4,CHI,LV,C.Kmet,0.0,0.0,0.0,0.0,0.0,0.0,,0.0,0.0,0.0,0.0,0.0,9.0,3.0,46.0,0.0,94.0,0.0,0.0,7.6,4.6,,,,,,
2025,4,CHI,LV,C.Williams,39.0,22.0,212.0,1.0,1.0,1.0,QB,8.0,13.0,0.0,2.0,0.0,0.0,0.0,0.0,0.0,0.0,0.0,0.0,12.78,12.78,,,,,,
2025,4,CHI,LV,D.Moore,0.0,0.0,0.0,0.0,0.0,0.0,,0.0,0.0,0.0,0.0,0.0,5.0,4.0,38.0,0.0,12.0,0.0,0.0,7.8,3.8,,,,,,
2025,4,CHI,LV,D.Swift,0.0,0.0,0.0,0.0,0.0,0.0,,14.0,38.0,1.0,0.0,0.0,6.0,4.0,22.0,0.0,4.0,0.0,0.0,16.0,12.0,,,,,,
2025,4,CHI,LV,K.Monangai,0.0,0.0,0.0,0.0,0.0,0.0,,4.0,18.0,0.0,0.0,0.0,0.0,0.0,0.0,0.0,0.0,0.0,0.0,1.8,1.8,,,,,,
2025,4,CHI,LV,L.Burden,0.0,0.0,0.0,0.0,0.0,0.0,,0.0,0.0,0.0,0.0,0.0,2.0,2.0,-4.0,0.0,-7.0,0.0,0.0,1.6,-0.4,,,,,,
2025,4,CHI,LV,O.Zaccheaus,0.0,0.0,0.0,0.0,0.0,0.0,,0.0,0.0,0.0,0.0,0.0,6.0,5.0,41.0,0.0,20.0,0.0,0.0,9.1,4.1,,,,,,
2025,4,CHI,LV,R.Odunze,0.0,0.0,0.0,0.0,0.0,0.0,,0.0,0.0,0.0,0.0,0.0,9.0,4.0,69.0,1.0,96.0,0.0,0.0,16.9,12.9,,,,,,
2025,4,CIN,DEN,A.Iosivas,0.0,0.0,0.0,0.0,0.0,0.0,,1.0,5.0,0.0,0.0,0.0,1.0,1.0,22.0,0.0,14.0,0.0,0.0,3.7,2.7,,,,,,
2025,4,CIN,DEN,C.Brown,0.0,0.0,0.0,0.0,0.0,0.0,,10.0,40.0,0.0,0.0,0.0,3.0,3.0,31.0,0.0,-2.0,0.0,0.0,10.1,7.1,,,,,,
2025,4,CIN,DEN,J.Browning,28.0,14.0,125.0,0.0,0.0,3.0,QB,3.0,4.0,0.0,0.0,0.0,0.0,0.0,0.0,0.0,0.0,0.0,0.0,5.4,5.4,,,,,,
2025,4,CIN,DEN,J.Chase,0.0,0.0,0.0,0.0,0.0,0.0,,0.0,0.0,0.0,0.0,0.0,8.0,5.0,23.0,0.0,46.0,0.0,0.0,7.3,2.3,,,,,,
2025,4,CIN,DEN,M.Gesicki,0.0,0.0,0.0,0.0,0.0,0.0,,0.0,0.0,0.0,0.0,0.0,1.0,1.0,8.0,0.0,5.0,0.0,0.0,1.8,0.8,,,,,,
2025,4,CIN,DEN,M.Tinsley,0.0,0.0,0.0,0.0,0.0,0.0,,0.0,0.0,0.0,0.0,0.0,2.0,1.0,9.0,0.0,27.0,0.0,0.0,1.9,0.9,,,,,,
2025,4,CIN,DEN,S.Perine,0.0,0.0,0.0,0.0,0.0,0.0,,1.0,4.0,0.0,0.0,0.0,1.0,0.0,0.0,0.0,-3.0,0.0,0.0,0.4,0.4,,,,,,
2025,4,CIN,DEN,T.Higgins,0.0,0.0,0.0,0.0,0.0,0.0,,0.0,0.0,0.0,0.0,0.0,6.0,3.0,32.0,0.0,79.0,0.0,0.0,6.2,3.2,,,,,,
2025,4,CLE,DET,B.Whiteheart,0.0,0.0,0.0,0.0,0.0,0.0,,0.0,0.0,0.0,0.0,0.0,1.0,0.0,0.0,0.0,26.0,0.0,0.0,0.0,0.0,,,,,,
2025,4,CLE,DET,C.Tillman,0.0,0.0,0.0,0.0,0.0,0.0,,0.0,0.0,0.0,0.0,0.0,2.0,1.0,6.0,0.0,24.0,0.0,0.0,1.6,0.6,,,,,,
2025,4,CLE,DET,D.Gabriel,1.0,0.0,0.0,0.0,0.0,0.0,QB,0.0,0.0,0.0,0.0,0.0,0.0,0.0,0.0,0.0,0.0,0.0,0.0,0.0,0.0,,,,,,
2025,4,CLE,DET,D.Njoku,0.0,0.0,0.0,0.0,0.0,0.0,,0.0,0.0,0.0,0.0,0.0,3.0,2.0,11.0,0.0,2.0,0.0,0.0,3.1,1.1,,,,,,
2025,4,CLE,DET,D.Sampson,0.0,0.0,0.0,0.0,0.0,0.0,,1.0,-2.0,0.0,0.0,0.0,1.0,0.0,0.0,0.0,-1.0,0.0,0.0,-0.2,-0.2,,,,,,
2025,4,CLE,DET,H.Fannin,0.0,0.0,0.0,0.0,0.0,0.0,,1.0,1.0,0.0,0.0,0.0,6.0,2.0,24.0,0.0,69.0,0.0,0.0,4.5,2.5,,,,,,
2025,4,CLE,DET,I.Bond,0.0,0.0,0.0,0.0,0.0,0.0,,0.0,0.0,0.0,0.0,0.0,6.0,3.0,58.0,0.0,84.0,0.0,0.0,8.8,5.8,,,,,,
2025,4,CLE,DET,J.Flacco,37.0,16.0,184.0,0.0,2.0,3.0,QB,3.0,-1.0,0.0,0.0,0.0,0.0,0.0,0.0,0.0,0.0,0.0,0.0,5.26,5.26,,,,,,
2025,4,CLE,DET,J.Ford,0.0,0.0,0.0,0.0,0.0,0.0,,1.0,-1.0,0.0,0.0,0.0,2.0,1.0,4.0,0.0,-2.0,0.0,0.0,1.3,0.3,,,,,,
2025,4,CLE,DET,J.Jeudy,0.0,0.0,0.0,0.0,0.0,0.0,,0.0,0.0,0.0,0.0,0.0,9.0,3.0,48.0,0.0,149.0,0.0,0.0,7.8,4.8,,,,,,
2025,4,CLE,DET,Q.Judkins,0.0,0.0,0.0,0.0,0.0,0.0,,21.0,82.0,1.0,0.0,0.0,4.0,4.0,33.0,0.0,-1.0,0.0,0.0,21.5,17.5,,,,,,
2025,4,DAL,GB,D.Prescott,41.0,31.0,319.0,3.0,0.0,1.0,QB,1.0,2.0,1.0,0.0,0.0,0.0,0.0,0.0,0.0,0.0,0.0,0.0,30.96,30.96,,,,,,
2025,4,DAL,GB,G.Pickens,0.0,0.0,0.0,0.0,0.0,0.0,,0.0,0.0,0.0,0.0,0.0,11.0,8.0,134.0,2.0,161.0,0.0,0.0,33.4,25.4,,,,,,
2025,4,DAL,GB,H.Luepke,0.0,0.0,0.0,0.0,0.0,0.0,,1.0,6.0,0.0,0.0,0.0,1.0,0.0,0.0,0.0,5.0,0.0,0.0,0.6,0.6,,,,,,
2025,4,DAL,GB,J.Ferguson,0.0,0.0,0.0,0.0,0.0,0.0,,0.0,0.0,0.0,0.0,0.0,7.0,7.0,40.0,1.0,16.0,0.0,0.0,17.0,10.0,,,,,,
2025,4,DAL,GB,J.Tolbert,0.0,0.0,0.0,0.0,0.0,0.0,,0.0,0.0,0.0,0.0,0.0,6.0,4.0,61.0,0.0,113.0,0.0,0.0,10.1,6.1,,,,,,
2025,4,DAL,GB,J.Williams,0.0,0.0,0.0,0.0,0.0,0.0,,20.0,85.0,1.0,0.0,0.0,3.0,3.0,15.0,0.0,-9.0,0.0,0.0,19.0,16.0,,,,,,
2025,4,DAL,GB,K.Turpin,0.0,0.0,0.0,0.0,0.0,0.0,,1.0,4.0,0.0,0.0,0.0,4.0,3.0,30.0,0.0,37.0,0.0,0.0,6.4,3.4,,,,,,
2025,4,DAL,GB,L.Schoonmaker,0.0,0.0,0.0,0.0,0.0,0.0,,0.0,0.0,0.0,0.0,0.0,2.0,2.0,8.0,0.0,4.0,0.0,0.0,2.8,0.8,,,,,,
2025,4,DAL,GB,M.Sanders,0.0,0.0,0.0,0.0,0.0,0.0,,2.0,8.0,0.0,0.0,0.0,2.0,2.0,17.0,0.0,-7.0,0.0,0.0,4.5,2.5,,,,,,
2025,4,DAL,GB,R.Flournoy,0.0,0.0,0.0,0.0,0.0,0.0,,1.0,12.0,0.0,0.0,0.0,2.0,2.0,14.0,0.0,7.0,0.0,0.0,4.6,2.6,,,,,,
2025,4,DEN,CIN,A.Prentice,0.0,0.0,0.0,0.0,0.0,0.0,,1.0,4.0,0.0,0.0,0.0,0.0,0.0,0.0,0.0,0.0,0.0,0.0,0.4,0.4,,,,,,
2025,4,DEN,CIN,A.Trautman,0.0,0.0,0.0,0.0,0.0,0.0,,0.0,0.0,0.0,0.0,0.0,3.0,2.0,32.0,0.0,11.0,0.0,0.0,5.2,3.2,,,,,,
2025,4,DEN,CIN,B.Nix,42.0,29.0,326.0,2.0,1.0,0.0,QB,6.0,7.0,1.0,0.0,0.0,0.0,0.0,0.0,0.0,0.0,0.0,0.0,26.74,26.74,,,,,,
2025,4,DEN,CIN,C.Sutton,0.0,0.0,0.0,0.0,0.0,0.0,,0.0,0.0,0.0,0.0,0.0,6.0,5.0,81.0,1.0,49.0,0.0,0.0,19.1,14.1,,,,,,
2025,4,DEN,CIN,E.Engram,0.0,0.0,0.0,0.0,0.0,0.0,,0.0,0.0,0.0,0.0,0.0,7.0,4.0,29.0,0.0,62.0,0.0,0.0,6.9,2.9,,,,,,
2025,4,DEN,CIN,J.Dobbins,0.0,0.0,0.0,0.0,0.0,0.0,,16.0,101.0,0.0,0.0,0.0,1.0,1.0,4.0,0.0,-3.0,0.0,0.0,11.5,10.5,,,,,,
2025,4,DEN,CIN,M.Mims,0.0,0.0,0.0,0.0,0.0,0.0,,1.0,16.0,1.0,0.0,0.0,6.0,6.0,69.0,0.0,21.0,0.0,0.0,20.5,14.5,,,,,,
2025,4,DEN,CIN,N.Adkins,0.0,0.0,0.0,0.0,0.0,0.0,,0.0,0.0,0.0,0.0,0.0,3.0,2.0,5.0,0.0,-3.0,0.0,0.0,2.5,0.5,,,,,,
2025,4,DEN,CIN,P.Bryant,0.0,0.0,0.0,0.0,0.0,0.0,,0.0,0.0,0.0,0.0,0.0,1.0,0.0,0.0,0.0,6.0,0.0,0.0,0.0,0.0,,,,,,
2025,4,DEN,CIN,R.Harvey,0.0,0.0,0.0,0.0,0.0,0.0,,14.0,58.0,0.0,0.0,0.0,5.0,4.0,40.0,1.0,15.0,0.0,0.0,19.8,15.8,,,,,,
2025,4,DEN,CIN,T.Badie,0.0,0.0,0.0,0.0,0.0,0.0,,0.0,0.0,0.0,0.0,0.0,2.0,1.0,11.0,0.0,8.0,0.0,0.0,2.1,1.1,,,,,,
2025,4,DEN,CIN,T.Franklin,0.0,0.0,0.0,0.0,0.0,0.0,,0.0,0.0,0.0,0.0,0.0,8.0,4.0,55.0,0.0,114.0,0.0,0.0,9.5,5.5,,,,,,
2025,4,DET,CLE,A.St. Brown,0.0,0.0,0.0,0.0,0.0,0.0,,0.0,0.0,0.0,0.0,0.0,7.0,7.0,70.0,2.0,36.0,0.0,0.0,26.0,19.0,,,,,,
2025,4,DET,CLE,D.Montgomery,0.0,0.0,0.0,0.0,0.0,0.0,,9.0,12.0,0.0,0.0,0.0,1.0,0.0,0.0,0.0,3.0,0.0,0.0,1.2,1.2,,,,,,
2025,4,DET,CLE,J.Gibbs,0.0,0.0,0.0,0.0,0.0,0.0,,15.0,91.0,1.0,0.0,0.0,2.0,2.0,6.0,0.0,-6.0,0.0,0.0,17.7,15.7,,,,,,
2025,4,DET,CLE,J.Goff,27.0,16.0,168.0,2.0,1.0,0.0,QB,0.0,0.0,0.0,0.0,0.0,0.0,0.0,0.0,0.0,0.0,0.0,0.0,13.72,13.72,,,,,,
2025,4,DET,CLE,J.Saylors,0.0,0.0,0.0,0.0,0.0,0.0,,2.0,11.0,0.0,0.0,0.0,0.0,0.0,0.0,0.0,0.0,0.0,0.0,1.1,1.1,,,,,,
2025,4,DET,CLE,J.Williams,0.0,0.0,0.0,0.0,0.0,0.0,,1.0,-3.0,0.0,0.0,0.0,8.0,2.0,40.0,0.0,215.0,0.0,0.0,5.7,3.7,,,,,,
2025,4,DET,CLE,K.Allen,0.0,0.0,0.0,0.0,0.0,0.0,,2.0,-2.0,0.0,0.0,0.0,0.0,0.0,0.0,0.0,0.0,0.0,0.0,-0.2,-0.2,,,,,,
2025,4,DET,CLE,K.Raymond,0.0,0.0,0.0,0.0,0.0,0.0,,0.0,0.0,0.0,0.0,0.0,3.0,2.0,13.0,0.0,16.0,0.0,0.0,3.3,1.3,,,,,,
2025,4,DET,CLE,S.LaPorta,0.0,0.0,0.0,0.0,0.0,0.0,,0.0,0.0,0.0,0.0,0.0,4.0,3.0,39.0,0.0,42.0,0.0,0.0,6.9,3.9,,,,,,
2025,4,GB,DAL,C.Brooks,0.0,0.0,0.0,0.0,0.0,0.0,,0.0,0.0,0.0,0.0,0.0,1.0,1.0,1.0,0.0,-5.0,0.0,0.0,1.1,0.1,,,,,,
2025,4,GB,DAL,D.Wicks,0.0,0.0,0.0,0.0,0.0,0.0,,0.0,0.0,0.0,0.0,0.0,4.0,2.0,19.0,0.0,67.0,0.0,0.0,3.9,1.9,,,,,,
2025,4,GB,DAL,E.Wilson,0.0,0.0,0.0,0.0,0.0,0.0,,8.0,44.0,0.0,0.0,0.0,3.0,3.0,37.0,0.0,-13.0,0.0,0.0,11.1,8.1,,,,,,
2025,4,GB,DAL,J.Jacobs,0.0,0.0,0.0,0.0,0.0,0.0,,22.0,86.0,2.0,0.0,0.0,4.0,4.0,71.0,0.0,-5.0,0.0,0.0,31.7,27.7,,,,,,
2025,4,GB,DAL,J.Love,44.0,31.0,337.0,3.0,0.0,1.0,QB,3.0,28.0,0.0,0.0,0.0,0.0,0.0,0.0,0.0,0.0,0.0,0.0,28.28,28.28,,,,,,
2025,4,GB,DAL,L.Musgrave,0.0,0.0,0.0,0.0,0.0,0.0,,0.0,0.0,0.0,0.0,0.0,1.0,1.0,6.0,0.0,6.0,0.0,0.0,1.6,0.6,,,,,,
2025,4,GB,DAL,M.Golden,0.0,0.0,0.0,0.0,0.0,0.0,,1.0,5.0,0.0,0.0,0.0,6.0,5.0,58.0,0.0,64.0,0.0,0.0,11.3,6.3,,,,,,
2025,4,GB,DAL,M.Heath,0.0,0.0,0.0,0.0,0.0,0.0,,0.0,0.0,0.0,0.0,0.0,1.0,1.0,9.0,0.0,8.0,0.0,0.0,1.9,0.9,,,,,,
2025,4,GB,DAL,R.Doubs,0.0,0.0,0.0,0.0,0.0,0.0,,0.0,0.0,0.0,0.0,0.0,8.0,6.0,58.0,3.0,84.0,0.0,0.0,29.8,23.8,,,,,,
2025,4,GB,DAL,S.Williams,0.0,0.0,0.0,0.0,0.0,0.0,,1.0,1.0,0.0,0.0,0.0,3.0,3.0,22.0,0.0,-6.0,0.0,0.0,5.3,2.3,,,,,,
2025,4,GB,DAL,T.Kraft,0.0,0.0,0.0,0.0,0.0,0.0,,0.0,0.0,0.0,0.0,0.0,5.0,5.0,56.0,0.0,1.0,0.0,0.0,10.6,5.6,,,,,,
2025,4,HOU,TEN,C.Kirk,0.0,0.0,0.0,0.0,0.0,0.0,,0.0,0.0,0.0,0.0,0.0,5.0,3.0,20.0,0.0,18.0,0.0,0.0,5.0,2.0,,,,,,
2025,4,HOU,TEN,C.Stroud,31.0,22.0,233.0,2.0,0.0,2.0,QB,4.0,11.0,0.0,0.0,0.0,0.0,0.0,0.0,0.0,0.0,0.0,0.0,18.42,18.42,,,,,,
2025,4,HOU,TEN,D.Schultz,0.0,0.0,0.0,0.0,0.0,0.0,,0.0,0.0,0.0,0.0,0.0,6.0,5.0,30.0,0.0,49.0,0.0,0.0,8.0,3.0,,,,,,
2025,4,HOU,TEN,J.Higgins,0.0,0.0,0.0,0.0,0.0,0.0,,0.0,0.0,0.0,0.0,0.0,1.0,1.0,24.0,1.0,24.0,0.0,0.0,9.4,8.4,,,,,,
2025,4,HOU,TEN,J.Noel,0.0,0.0,0.0,0.0,0.0,0.0,,1.0,2.0,0.0,0.0,0.0,1.0,1.0,-2.0,0.0,-9.0,0.0,0.0,1.0,0.0,,,,,,
2025,4,HOU,TEN,N.Chubb,0.0,0.0,0.0,0.0,0.0,0.0,,13.0,47.0,0.0,0.0,0.0,2.0,2.0,15.0,0.0,9.0,0.0,0.0,8.2,6.2,,,,,,
2025,4,HOU,TEN,N.Collins,0.0,0.0,0.0,0.0,0.0,0.0,,0.0,0.0,0.0,0.0,0.0,6.0,4.0,79.0,0.0,71.0,0.0,0.0,11.9,7.9,,,,,,
2025,4,HOU,TEN,W.Marks,0.0,0.0,0.0,0.0,0.0,0.0,,17.0,69.0,1.0,0.0,0.0,5.0,4.0,50.0,1.0,7.0,0.0,0.0,27.9,23.9,,,,,,
2025,4,HOU,TEN,X.Hutchinson,0.0,0.0,0.0,0.0,0.0,0.0,,0.0,0.0,0.0,0.0,0.0,3.0,2.0,17.0,0.0,13.0,0.0,0.0,3.7,1.7,,,,,,
2025,4,IND,LA,A.Dulin,0.0,0.0,0.0,0.0,0.0,0.0,,1.0,7.0,0.0,0.0,0.0,1.0,1.0,11.0,0.0,5.0,0.0,0.0,2.8,1.8,,,,,,
2025,4,IND,LA,A.Mitchell,0.0,0.0,0.0,0.0,0.0,0.0,,0.0,0.0,0.0,0.0,0.0,4.0,3.0,96.0,0.0,87.0,1.0,1.0,12.6,9.6,,,,,,
2025,4,IND,LA,D.Jones,35.0,24.0,262.0,1.0,2.0,2.0,QB,1.0,-1.0,0.0,0.0,0.0,0.0,0.0,0.0,0.0,0.0,0.0,0.0,12.38,12.38,,,,,,
2025,4,IND,LA,J.Downs,0.0,0.0,0.0,0.0,0.0,0.0,,0.0,0.0,0.0,0.0,0.0,5.0,4.0,24.0,0.0,21.0,0.0,0.0,6.4,2.4,,,,,,
2025,4,IND,LA,J.Taylor,0.0,0.0,0.0,0.0,0.0,0.0,,17.0,76.0,0.0,0.0,0.0,5.0,5.0,20.0,0.0,-16.0,0.0,0.0,14.6,9.6,,,,,,
2025,4,IND,LA,M.Pittman,0.0,0.0,0.0,0.0,0.0,0.0,,0.0,0.0,0.0,0.0,0.0,10.0,5.0,41.0,1.0,158.0,0.0,0.0,15.1,10.1,,,,,,
2025,4,IND,LA,T.Goodson,0.0,0.0,0.0,0.0,0.0,0.0,,0.0,0.0,0.0,0.0,0.0,1.0,1.0,0.0,0.0,-1.0,0.0,0.0,1.0,0.0,,,,,,
2025,4,IND,LA,T.Warren,0.0,0.0,0.0,0.0,0.0,0.0,,2.0,3.0,1.0,0.0,0.0,6.0,5.0,70.0,0.0,59.0,0.0,0.0,18.3,13.3,,,,,,
2025,4,JAX,SF,B.Strange,0.0,0.0,0.0,0.0,0.0,0.0,,0.0,0.0,0.0,0.0,0.0,7.0,6.0,45.0,0.0,27.0,0.0,0.0,10.5,4.5,,,,,,
2025,4,JAX,SF,B.Thomas,0.0,0.0,0.0,0.0,0.0,0.0,,1.0,7.0,0.0,0.0,0.0,7.0,5.0,49.0,0.0,68.0,0.0,0.0,10.6,5.6,,,,,,
2025,4,JAX,SF,B.Tuten,0.0,0.0,0.0,0.0,0.0,0.0,,4.0,14.0,0.0,0.0,0.0,1.0,1.0,8.0,0.0,1.0,0.0,0.0,3.2,2.2,,,,,,
2025,4,JAX,SF,H.Long,0.0,0.0,0.0,0.0,0.0,0.0,,0.0,0.0,0.0,0.0,0.0,3.0,3.0,23.0,1.0,15.0,0.0,0.0,11.3,8.3,,,,,,
2025,4,JAX,SF,J.Mundt,0.0,0.0,0.0,0.0,0.0,0.0,,0.0,0.0,0.0,0.0,0.0,1.0,0.0,0.0,0.0,9.0,0.0,0.0,0.0,0.0,,,,,,
2025,4,JAX,SF,L.Allen,0.0,0.0,0.0,0.0,0.0,0.0,,0.0,0.0,0.0,0.0,0.0,1.0,1.0,7.0,0.0,1.0,0.0,0.0,1.7,0.7,,,,,,
2025,4,JAX,SF,P.Washington,0.0,0.0,0.0,0.0,0.0,0.0,,1.0,-1.0,0.0,0.0,0.0,3.0,0.0,0.0,0.0,27.0,0.0,0.0,-0.1,-0.1,,,,,,
2025,4,JAX,SF,T.Etienne,0.0,0.0,0.0,0.0,0.0,0.0,,19.0,124.0,1.0,0.0,0.0,2.0,1.0,1.0,0.0,-5.0,0.0,0.0,19.5,18.5,,,,,,
2025,4,JAX,SF,T.Hunter,0.0,0.0,0.0,0.0,0.0,0.0,,0.0,0.0,0.0,0.0,0.0,5.0,3.0,42.0,0.0,57.0,1.0,0.0,7.2,4.2,,,,,,
2025,4,JAX,SF,T.Lawrence,32.0,21.0,174.0,1.0,0.0,0.0,QB,7.0,7.0,0.0,0.0,0.0,0.0,0.0,0.0,0.0,0.0,0.0,0.0,11.66,11.66,,,,,,
2025,4,JAX,SF,T.Patrick,0.0,0.0,0.0,0.0,0.0,0.0,,0.0,0.0,0.0,0.0,0.0,1.0,1.0,-1.0,0.0,-4.0,0.0,0.0,0.9,-0.1,,,,,,
2025,4,KC,BAL,B.Smith,0.0,0.0,0.0,0.0,0.0,0.0,,4.0,9.0,0.0,0.0,0.0,4.0,3.0,27.0,0.0,-4.0,0.0,0.0,6.6,3.6,,,,,,
2025,4,KC,BAL,G.Minshew,0.0,0.0,0.0,0.0,0.0,0.0,,2.0,-3.0,0.0,0.0,0.0,0.0,0.0,0.0,0.0,0.0,0.0,0.0,-0.3,-0.3,,,,,,
2025,4,KC,BAL,I.Pacheco,0.0,0.0,0.0,0.0,0.0,0.0,,7.0,35.0,0.0,0.0,0.0,3.0,2.0,13.0,1.0,-2.0,0.0,0.0,12.8,10.8,,,,,,
2025,4,KC,BAL,J.Smith-Schuster,0.0,0.0,0.0,0.0,0.0,0.0,,0.0,0.0,0.0,0.0,0.0,6.0,4.0,36.0,1.0,44.0,0.0,0.0,13.6,9.6,,,,,,
2025,4,KC,BAL,K.Hunt,0.0,0.0,0.0,0.0,0.0,0.0,,13.0,34.0,0.0,0.0,0.0,1.0,1.0,13.0,0.0,5.0,0.0,0.0,5.7,4.7,,,,,,
2025,4,KC,BAL,M.Brown,0.0,0.0,0.0,0.0,0.0,0.0,,0.0,0.0,0.0,0.0,0.0,5.0,3.0,38.0,1.0,39.0,0.0,0.0,12.8,9.8,,,,,,
2025,4,KC,BAL,N.Gray,0.0,0.0,0.0,0.0,0.0,0.0,,0.0,0.0,0.0,0.0,0.0,1.0,1.0,1.0,0.0,-3.0,0.0,0.0,1.1,0.1,,,,,,
2025,4,KC,BAL,P.Mahomes,38.0,25.0,270.0,4.0,0.0,1.0,QB,4.0,5.0,0.0,0.0,0.0,0.0,0.0,0.0,0.0,0.0,0.0,0.0,27.3,27.3,,,,,,
2025,4,KC,BAL,T.Kelce,0.0,0.0,0.0,0.0,0.0,0.0,,0.0,0.0,0.0,0.0,0.0,5.0,5.0,48.0,0.0,16.0,0.0,0.0,9.8,4.8,,,,,,
2025,4,KC,BAL,T.Thornton,0.0,0.0,0.0,0.0,0.0,0.0,,0.0,0.0,0.0,0.0,0.0,2.0,1.0,11.0,1.0,16.0,0.0,0.0,8.1,7.1,,,,,,
2025,4,KC,BAL,X.Worthy,0.0,0.0,0.0,0.0,0.0,0.0,,2.0,38.0,0.0,0.0,0.0,8.0,5.0,83.0,0.0,136.0,0.0,0.0,17.1,12.1,,,,,,
2025,4,LA,IND,B.Corum,0.0,0.0,0.0,0.0,0.0,0.0,,9.0,21.0,0.0,0.0,0.0,4.0,2.0,-5.0,0.0,1.0,0.0,0.0,3.6,1.6,,,,,,
2025,4,LA,IND,C.Parkinson,0.0,0.0,0.0,0.0,0.0,0.0,,0.0,0.0,0.0,0.0,0.0,2.0,2.0,17.0,0.0,9.0,0.0,0.0,3.7,1.7,,,,,,
2025,4,LA,IND,D.Adams,0.0,0.0,0.0,0.0,0.0,0.0,,0.0,0.0,0.0,0.0,0.0,6.0,4.0,56.0,1.0,69.0,0.0,0.0,15.6,11.6,,,,,,
2025,4,LA,IND,D.Allen,0.0,0.0,0.0,0.0,0.0,0.0,,0.0,0.0,0.0,0.0,0.0,1.0,1.0,0.0,0.0,-1.0,0.0,0.0,1.0,0.0,,,,,,
2025,4,LA,IND,J.Whittington,0.0,0.0,0.0,0.0,0.0,0.0,,0.0,0.0,0.0,0.0,0.0,1.0,1.0,7.0,0.0,5.0,0.0,0.0,1.7,0.7,,,,,,
2025,4,LA,IND,K.Williams,0.0,0.0,0.0,0.0,0.0,0.0,,13.0,77.0,0.0,1.0,1.0,4.0,3.0,17.0,0.0,0.0,0.0,0.0,12.4,9.4,,,,,,
2025,4,LA,IND,M.Stafford,44.0,29.0,375.0,3.0,0.0,3.0,QB,4.0,4.0,0.0,0.0,0.0,0.0,0.0,0.0,0.0,0.0,0.0,0.0,27.4,27.4,,,,,,
2025,4,LA,IND,P.Nacua,0.0,0.0,0.0,0.0,0.0,0.0,,0.0,0.0,0.0,0.0,0.0,15.0,13.0,170.0,1.0,172.0,0.0,0.0,36.0,23.0,,,,,,
2025,4,LA,IND,T.Atwell,0.0,0.0,0.0,0.0,0.0,0.0,,0.0,0.0,0.0,0.0,0.0,2.0,1.0,88.0,1.0,42.0,0.0,0.0,15.8,14.8,,,,,,
2025,4,LA,IND,T.Higbee,0.0,0.0,0.0,0.0,0.0,0.0,,0.0,0.0,0.0,0.0,0.0,5.0,2.0,25.0,0.0,45.0,0.0,0.0,4.5,2.5,,,,,,
2025,4,LAC,NYG,J.Herbert,43.0,23.0,203.0,1.0,2.0,2.0,QB,2.0,24.0,0.0,0.0,0.0,0.0,0.0,0.0,0.0,0.0,0.0,0.0,12.52,12.52,,,,,,
2025,4,LAC,NYG,K.Allen,0.0,0.0,0.0,0.0,0.0,0.0,,0.0,0.0,0.0,0.0,0.0,7.0,5.0,37.0,0.0,30.0,0.0,0.0,8.7,3.7,,,,,,
2025,4,LAC,NYG,L.McConkey,0.0,0.0,0.0,0.0,0.0,0.0,,0.0,0.0,0.0,0.0,0.0,6.0,1.0,11.0,0.0,57.0,0.0,0.0,2.1,1.1,,,,,,
2025,4,LAC,NYG,O.Gadsden,0.0,0.0,0.0,0.0,0.0,0.0,,0.0,0.0,0.0,0.0,0.0,3.0,2.0,16.0,0.0,19.0,0.0,0.0,3.6,1.6,,,,,,
2025,4,LAC,NYG,O.Hampton,0.0,0.0,0.0,0.0,0.0,0.0,,12.0,128.0,1.0,0.0,0.0,5.0,5.0,37.0,0.0,-4.0,0.0,0.0,27.5,22.5,,,,,,
2025,4,LAC,NYG,Q.Johnston,0.0,0.0,0.0,0.0,0.0,0.0,,0.0,0.0,0.0,0.0,0.0,13.0,8.0,98.0,1.0,143.0,0.0,0.0,23.8,15.8,,,,,,
2025,4,LAC,NYG,S.Matlock,0.0,0.0,0.0,0.0,0.0,0.0,,0.0,0.0,0.0,0.0,0.0,1.0,1.0,1.0,0.0,0.0,0.0,0.0,1.1,0.1,,,,,,
2025,4,LAC,NYG,T.Conklin,0.0,0.0,0.0,0.0,0.0,0.0,,0.0,0.0,0.0,0.0,0.0,1.0,1.0,3.0,0.0,-4.0,0.0,0.0,1.3,0.3,,,,,,
2025,4,LAC,NYG,T.Fisk,0.0,0.0,0.0,0.0,0.0,0.0,,0.0,0.0,0.0,0.0,0.0,1.0,0.0,0.0,0.0,4.0,0.0,0.0,0.0,0.0,,,,,,
2025,4,LAC,NYG,T.Harris,0.0,0.0,0.0,0.0,0.0,0.0,,0.0,0.0,0.0,0.0,0.0,1.0,0.0,0.0,0.0,-5.0,0.0,0.0,0.0,0.0,,,,,,
2025,4,LV,CHI,A.Jeanty,0.0,0.0,0.0,0.0,0.0,0.0,,21.0,138.0,1.0,1.0,1.0,2.0,2.0,17.0,2.0,7.0,0.0,0.0,35.5,33.5,,,,,,
2025,4,LV,CHI,B.Bowers,0.0,0.0,0.0,0.0,0.0,0.0,,0.0,0.0,0.0,0.0,0.0,6.0,5.0,46.0,0.0,12.0,0.0,0.0,9.6,4.6,,,,,,
2025,4,LV,CHI,D.Thornton,0.0,0.0,0.0,0.0,0.0,0.0,,0.0,0.0,0.0,0.0,0.0,2.0,0.0,0.0,0.0,22.0,0.0,0.0,0.0,0.0,,,,,,
2025,4,LV,CHI,G.Smith,21.0,14.0,117.0,2.0,3.0,0.0,QB,4.0,31.0,0.0,0.0,0.0,0.0,0.0,0.0,0.0,0.0,0.0,0.0,12.78,12.78,,,,,,
2025,4,LV,CHI,J.Meyers,0.0,0.0,0.0,0.0,0.0,0.0,,0.0,0.0,0.0,0.0,0.0,7.0,4.0,30.0,0.0,56.0,0.0,0.0,7.0,3.0,,,,,,
2025,4,LV,CHI,R.Mostert,0.0,0.0,0.0,0.0,0.0,0.0,,4.0,62.0,0.0,0.0,0.0,1.0,1.0,11.0,0.0,2.0,0.0,0.0,8.3,7.3,,,,,,
2025,4,LV,CHI,T.Tucker,0.0,0.0,0.0,0.0,0.0,0.0,,2.0,9.0,0.0,0.0,0.0,2.0,2.0,13.0,0.0,-2.0,0.0,0.0,4.2,2.2,,,,,,
2025,4,MIA,NYJ,D.Achane,0.0,0.0,0.0,0.0,0.0,0.0,,20.0,99.0,1.0,1.0,0.0,2.0,1.0,2.0,0.0,2.0,0.0,0.0,17.1,16.1,,,,,,
2025,4,MIA,NYJ,D.Waller,0.0,0.0,0.0,0.0,0.0,0.0,,0.0,0.0,0.0,0.0,0.0,4.0,3.0,27.0,2.0,45.0,0.0,0.0,17.7,14.7,,,,,,
2025,4,MIA,NYJ,J.Hill,0.0,0.0,0.0,0.0,0.0,0.0,,0.0,0.0,0.0,0.0,0.0,2.0,1.0,19.0,0.0,2.0,0.0,0.0,2.9,1.9,,,,,,
2025,4,MIA,NYJ,J.Waddle,0.0,0.0,0.0,0.0,0.0,0.0,,0.0,0.0,0.0,0.0,0.0,6.0,3.0,48.0,0.0,41.0,0.0,0.0,7.8,4.8,,,,,,
2025,4,MIA,NYJ,M.Washington,0.0,0.0,0.0,0.0,0.0,0.0,,2.0,8.0,0.0,0.0,0.0,3.0,2.0,13.0,0.0,9.0,0.0,0.0,4.1,2.1,,,,,,
2025,4,MIA,NYJ,N.Westbrook-Ikhine,0.0,0.0,0.0,0.0,0.0,0.0,,0.0,0.0,0.0,0.0,0.0,1.0,1.0,1.0,0.0,-4.0,0.0,0.0,1.1,0.1,,,,,,
2025,4,MIA,NYJ,O.Gordon,0.0,0.0,0.0,0.0,0.0,0.0,,6.0,10.0,0.0,0.0,0.0,1.0,0.0,0.0,0.0,2.0,0.0,0.0,1.0,1.0,,,,,,
2025,4,MIA,NYJ,T.Hill,0.0,0.0,0.0,0.0,0.0,0.0,,0.0,0.0,0.0,0.0,0.0,6.0,6.0,67.0,0.0,40.0,0.0,0.0,12.7,6.7,,,,,,
2025,4,MIA,NYJ,T.Tagovailoa,25.0,17.0,177.0,2.0,0.0,0.0,QB,3.0,6.0,0.0,1.0,0.0,0.0,0.0,0.0,0.0,0.0,0.0,0.0,15.68,15.68,,,,,,
2025,4,MIN,PIT,A.Thielen,0.0,0.0,0.0,0.0,0.0,0.0,,0.0,0.0,0.0,0.0,0.0,2.0,2.0,11.0,0.0,11.0,0.0,0.0,3.1,1.1,,,,,,
2025,4,MIN,PIT,C.Wentz,53.0,30.0,350.0,2.0,2.0,6.0,QB,2.0,12.0,0.0,0.0,0.0,0.0,0.0,0.0,0.0,0.0,0.0,0.0,21.2,21.2,,,,,,
2025,4,MIN,PIT,J.Addison,0.0,0.0,0.0,0.0,0.0,0.0,,0.0,0.0,0.0,0.0,0.0,8.0,4.0,114.0,0.0,113.0,0.0,0.0,15.4,11.4,,,,,,
2025,4,MIN,PIT,J.Jefferson,0.0,0.0,0.0,0.0,0.0,0.0,,0.0,0.0,0.0,0.0,0.0,11.0,10.0,126.0,0.0,132.0,0.0,0.0,22.6,12.6,,,,,,
2025,4,MIN,PIT,J.Mason,0.0,0.0,0.0,0.0,0.0,0.0,,16.0,57.0,0.0,1.0,0.0,3.0,3.0,15.0,0.0,-10.0,0.0,0.0,10.2,7.2,,,,,,
2025,4,MIN,PIT,J.Nailor,0.0,0.0,0.0,0.0,0.0,0.0,,0.0,0.0,0.0,0.0,0.0,5.0,1.0,2.0,1.0,21.0,0.0,0.0,7.2,6.2,,,,,,
2025,4,MIN,PIT,J.Oliver,0.0,0.0,0.0,0.0,0.0,0.0,,0.0,0.0,0.0,0.0,0.0,1.0,0.0,0.0,0.0,0.0,0.0,0.0,0.0,0.0,,,,,,
2025,4,MIN,PIT,T.Hockenson,0.0,0.0,0.0,0.0,0.0,0.0,,0.0,0.0,0.0,0.0,0.0,5.0,4.0,39.0,0.0,23.0,0.0,0.0,7.9,3.9,,,,,,
2025,4,MIN,PIT,Z.Scott,0.0,0.0,0.0,0.0,0.0,0.0,,2.0,1.0,0.0,0.0,0.0,8.0,6.0,43.0,1.0,46.0,0.0,0.0,16.4,10.4,,,,,,
2025,4,NE,CAR,A.Gibson,0.0,0.0,0.0,0.0,0.0,0.0,,6.0,27.0,1.0,0.0,0.0,0.0,0.0,0.0,0.0,0.0,0.0,0.0,8.7,8.7,,,,,,
2025,4,NE,CAR,A.Hooper,0.0,0.0,0.0,0.0,0.0,0.0,,0.0,0.0,0.0,0.0,0.0,1.0,1.0,24.0,0.0,-3.0,0.0,0.0,3.4,2.4,,,,,,
2025,4,NE,CAR,D.Maye,18.0,14.0,203.0,2.0,0.0,1.0,QB,3.0,11.0,1.0,0.0,0.0,0.0,0.0,0.0,0.0,0.0,0.0,0.0,23.22,23.22,,,,,,
2025,4,NE,CAR,H.Henry,0.0,0.0,0.0,0.0,0.0,0.0,,0.0,0.0,0.0,0.0,0.0,2.0,2.0,39.0,1.0,12.0,0.0,0.0,11.9,9.9,,,,,,
2025,4,NE,CAR,J.Dobbs,1.0,0.0,0.0,0.0,0.0,0.0,QB,3.0,-2.0,0.0,0.0,0.0,0.0,0.0,0.0,0.0,0.0,0.0,0.0,-0.2,-0.2,,,,,,
2025,4,NE,CAR,K.Boutte,0.0,0.0,0.0,0.0,0.0,0.0,,0.0,0.0,0.0,0.0,0.0,3.0,1.0,18.0,0.0,54.0,0.0,0.0,2.8,1.8,,,,,,
2025,4,NE,CAR,K.Williams,0.0,0.0,0.0,0.0,0.0,0.0,,1.0,-2.0,0.0,0.0,0.0,0.0,0.0,0.0,0.0,0.0,0.0,0.0,-0.2,-0.2,,,,,,
2025,4,NE,CAR,M.Hollins,0.0,0.0,0.0,0.0,0.0,0.0,,0.0,0.0,0.0,0.0,0.0,1.0,1.0,4.0,1.0,4.0,0.0,0.0,7.4,6.4,,,,,,
2025,4,NE,CAR,R.Stevenson,0.0,0.0,0.0,0.0,0.0,0.0,,9.0,38.0,0.0,0.0,0.0,1.0,1.0,3.0,0.0,-5.0,0.0,0.0,5.1,4.1,,,,,,
2025,4,NE,CAR,S.Diggs,0.0,0.0,0.0,0.0,0.0,0.0,,0.0,0.0,0.0,0.0,0.0,7.0,6.0,101.0,0.0,91.0,0.0,0.0,16.1,10.1,,,,,,
2025,4,NE,CAR,T.Henderson,0.0,0.0,0.0,0.0,0.0,0.0,,7.0,32.0,1.0,0.0,0.0,2.0,2.0,14.0,0.0,-6.0,0.0,0.0,12.6,10.6,,,,,,
2025,4,NO,BUF,A.Kamara,0.0,0.0,0.0,0.0,0.0,0.0,,15.0,70.0,0.0,0.0,0.0,5.0,4.0,2.0,0.0,-7.0,0.0,0.0,11.2,7.2,,,,,,
2025,4,NO,BUF,B.Cooks,0.0,0.0,0.0,0.0,0.0,0.0,,0.0,0.0,0.0,0.0,0.0,4.0,3.0,22.0,0.0,33.0,0.0,0.0,5.2,2.2,,,,,,
2025,4,NO,BUF,C.Olave,1.0,0.0,0.0,0.0,1.0,0.0,QB,0.0,0.0,0.0,0.0,0.0,6.0,3.0,20.0,1.0,32.0,0.0,0.0,10.0,7.0,,,,,,
2025,4,NO,BUF,J.Johnson,0.0,0.0,0.0,0.0,0.0,0.0,,0.0,0.0,0.0,0.0,0.0,3.0,3.0,28.0,0.0,14.0,0.0,0.0,5.8,2.8,,,,,,
2025,4,NO,BUF,J.Stoll,0.0,0.0,0.0,0.0,0.0,0.0,,0.0,0.0,0.0,0.0,0.0,1.0,1.0,7.0,0.0,1.0,0.0,0.0,1.7,0.7,,,,,,
2025,4,NO,BUF,K.Miller,0.0,0.0,0.0,0.0,0.0,0.0,,11.0,65.0,1.0,0.0,0.0,0.0,0.0,0.0,0.0,0.0,0.0,0.0,12.5,12.5,,,,,,
2025,4,NO,BUF,R.Shaheed,0.0,0.0,0.0,0.0,0.0,0.0,,2.0,5.0,0.0,0.0,0.0,5.0,4.0,47.0,0.0,47.0,0.0,0.0,9.2,5.2,,,,,,
2025,4,NO,BUF,S.Rattler,30.0,18.0,126.0,1.0,0.0,3.0,QB,7.0,49.0,0.0,0.0,0.0,1.0,0.0,0.0,0.0,4.0,0.0,0.0,13.94,13.94,,,,,,
2025,4,NYG,LAC,C.Skattebo,0.0,0.0,0.0,0.0,0.0,0.0,,26.0,79.0,0.0,0.0,0.0,2.0,2.0,11.0,0.0,-11.0,0.0,0.0,11.0,9.0,,,,,,
2025,4,NYG,LAC,D.Bellinger,0.0,0.0,0.0,0.0,0.0,0.0,,0.0,0.0,0.0,0.0,0.0,1.0,1.0,13.0,0.0,10.0,0.0,0.0,2.3,1.3,,,,,,
2025,4,NYG,LAC,D.Singletary,0.0,0.0,0.0,0.0,0.0,0.0,,7.0,28.0,0.0,0.0,0.0,0.0,0.0,0.0,0.0,0.0,0.0,0.0,2.8,2.8,,,,,,
2025,4,NYG,LAC,D.Slayton,0.0,0.0,0.0,0.0,0.0,0.0,,0.0,0.0,0.0,0.0,0.0,4.0,3.0,44.0,0.0,66.0,0.0,0.0,7.4,4.4,,,,,,
2025,4,NYG,LAC,J.Dart,25.0,13.0,111.0,1.0,0.0,5.0,QB,10.0,54.0,1.0,1.0,0.0,0.0,0.0,0.0,0.0,0.0,0.0,0.0,19.84,19.84,,,,,,
2025,4,NYG,LAC,M.Nabers,0.0,0.0,0.0,0.0,0.0,0.0,,0.0,0.0,0.0,0.0,0.0,3.0,2.0,20.0,0.0,24.0,0.0,0.0,4.0,2.0,,,,,,
2025,4,NYG,LAC,R.Wilson,2.0,1.0,8.0,0.0,0.0,1.0,QB,0.0,0.0,0.0,0.0,0.0,0.0,0.0,0.0,0.0,0.0,0.0,0.0,0.32,0.32,,,,,,
2025,4,NYG,LAC,T.Johnson,0.0,0.0,0.0,0.0,0.0,0.0,,0.0,0.0,0.0,0.0,0.0,5.0,3.0,17.0,1.0,38.0,0.0,0.0,10.7,7.7,,,,,,
2025,4,NYG,LAC,W.Robinson,0.0,0.0,0.0,0.0,0.0,0.0,,0.0,0.0,0.0,0.0,0.0,5.0,3.0,14.0,0.0,-5.0,0.0,0.0,4.4,1.4,,,,,,
2025,4,NYJ,MIA,A.Lazard,0.0,0.0,0.0,0.0,0.0,0.0,,0.0,0.0,0.0,0.0,0.0,1.0,1.0,8.0,0.0,5.0,0.0,0.0,1.8,0.8,,,,,,
2025,4,NYJ,MIA,B.Allen,0.0,0.0,0.0,0.0,0.0,0.0,,4.0,26.0,0.0,1.0,1.0,0.0,0.0,0.0,0.0,0.0,0.0,0.0,2.6,2.6,,,,,,
2025,4,NYJ,MIA,B.Hall,0.0,0.0,0.0,0.0,0.0,0.0,,14.0,81.0,0.0,0.0,0.0,6.0,5.0,30.0,0.0,27.0,0.0,0.0,16.1,11.1,,,,,,
2025,4,NYJ,MIA,G.Wilson,0.0,0.0,0.0,0.0,0.0,0.0,,0.0,0.0,0.0,0.0,0.0,8.0,6.0,82.0,1.0,78.0,0.0,0.0,20.2,14.2,,,,,,
2025,4,NYJ,MIA,I.Davis,0.0,0.0,0.0,0.0,0.0,0.0,,3.0,9.0,0.0,0.0,0.0,2.0,2.0,18.0,0.0,9.0,0.0,0.0,4.7,2.7,,,,,,
2025,4,NYJ,MIA,J.Fields,29.0,20.0,226.0,1.0,0.0,2.0,QB,8.0,81.0,1.0,0.0,0.0,0.0,0.0,0.0,0.0,0.0,0.0,0.0,27.14,27.14,,,,,,
2025,4,NYJ,MIA,J.Reynolds,0.0,0.0,0.0,0.0,0.0,0.0,,0.0,0.0,0.0,0.0,0.0,2.0,0.0,0.0,0.0,28.0,0.0,0.0,0.0,0.0,,,,,,
2025,4,NYJ,MIA,J.Ruckert,0.0,0.0,0.0,0.0,0.0,0.0,,0.0,0.0,0.0,0.0,0.0,1.0,1.0,12.0,0.0,3.0,0.0,0.0,2.2,1.2,,,,,,
2025,4,NYJ,MIA,M.Taylor,0.0,0.0,0.0,0.0,0.0,0.0,,0.0,0.0,0.0,0.0,0.0,7.0,5.0,65.0,0.0,55.0,0.0,0.0,11.5,6.5,,,,,,
2025,4,PHI,TB,A.Brown,0.0,0.0,0.0,0.0,0.0,0.0,,0.0,0.0,0.0,0.0,0.0,9.0,2.0,7.0,0.0,119.0,0.0,0.0,2.7,0.7,,,,,,
2025,4,PHI,TB,A.Dillon,0.0,0.0,0.0,0.0,0.0,0.0,,3.0,17.0,0.0,0.0,0.0,0.0,0.0,0.0,0.0,0.0,0.0,0.0,1.7,1.7,,,,,,
2025,4,PHI,TB,B.Mann,0.0,0.0,0.0,0.0,0.0,0.0,,1.0,-34.0,0.0,0.0,0.0,0.0,0.0,0.0,0.0,0.0,0.0,0.0,-3.4,-3.4,,,,,,
2025,4,PHI,TB,D.Goedert,0.0,0.0,0.0,0.0,0.0,0.0,,0.0,0.0,0.0,0.0,0.0,4.0,4.0,37.0,2.0,20.0,0.0,0.0,19.7,15.7,,,,,,
2025,4,PHI,TB,D.Smith,0.0,0.0,0.0,0.0,0.0,0.0,,0.0,0.0,0.0,0.0,0.0,2.0,2.0,29.0,0.0,22.0,0.0,0.0,4.9,2.9,,,,,,
2025,4,PHI,TB,G.Calcaterra,0.0,0.0,0.0,0.0,0.0,0.0,,0.0,0.0,0.0,0.0,0.0,2.0,1.0,16.0,0.0,7.0,0.0,0.0,2.6,1.6,,,,,,
2025,4,PHI,TB,J.Hurts,26.0,15.0,130.0,2.0,0.0,2.0,QB,9.0,62.0,0.0,2.0,0.0,0.0,0.0,0.0,0.0,0.0,0.0,0.0,19.4,19.4,,,,,,
2025,4,PHI,TB,J.Metchie,0.0,0.0,0.0,0.0,0.0,0.0,,0.0,0.0,0.0,0.0,0.0,2.0,2.0,10.0,0.0,5.0,0.0,0.0,3.0,1.0,,,,,,
2025,4,PHI,TB,S.Barkley,0.0,0.0,0.0,0.0,0.0,0.0,,19.0,43.0,1.0,0.0,0.0,4.0,4.0,31.0,0.0,-5.0,0.0,0.0,17.4,13.4,,,,,,
2025,4,PHI,TB,W.Shipley,0.0,0.0,0.0,0.0,0.0,0.0,,0.0,0.0,0.0,0.0,0.0,1.0,0.0,0.0,0.0,-1.0,0.0,0.0,0.0,0.0,,,,,,
2025,4,PIT,MIN,A.Rodgers,24.0,18.0,200.0,1.0,0.0,2.0,QB,3.0,8.0,0.0,1.0,0.0,0.0,0.0,0.0,0.0,0.0,0.0,0.0,12.8,12.8,,,,,,
2025,4,PIT,MIN,B.Skowronek,0.0,0.0,0.0,0.0,0.0,0.0,,0.0,0.0,0.0,0.0,0.0,1.0,0.0,0.0,0.0,11.0,0.0,0.0,0.0,0.0,,,,,,
2025,4,PIT,MIN,C.Austin,0.0,0.0,0.0,0.0,0.0,0.0,,0.0,0.0,0.0,0.0,0.0,2.0,2.0,13.0,0.0,4.0,0.0,0.0,3.3,1.3,,,,,,
2025,4,PIT,MIN,Co.Heyward,0.0,0.0,0.0,0.0,0.0,0.0,,1.0,2.0,0.0,0.0,0.0,0.0,0.0,0.0,0.0,0.0,0.0,0.0,0.2,0.2,,,,,,
2025,4,PIT,MIN,D.Metcalf,0.0,0.0,0.0,0.0,0.0,0.0,,0.0,0.0,0.0,0.0,0.0,5.0,5.0,126.0,1.0,34.0,0.0,0.0,23.6,18.6,,,,,,
2025,4,PIT,MIN,D.Washington,0.0,0.0,0.0,0.0,0.0,0.0,,0.0,0.0,0.0,0.0,0.0,3.0,3.0,20.0,0.0,10.0,0.0,0.0,5.0,2.0,,,,,,
2025,4,PIT,MIN,J.Smith,0.0,0.0,0.0,0.0,0.0,0.0,,0.0,0.0,0.0,0.0,0.0,3.0,2.0,6.0,0.0,2.0,0.0,0.0,2.6,0.6,,,,,,
2025,4,PIT,MIN,K.Gainwell,0.0,0.0,0.0,0.0,0.0,0.0,,19.0,99.0,2.0,0.0,0.0,6.0,6.0,35.0,0.0,7.0,0.0,0.0,31.4,25.4,,,,,,
2025,4,PIT,MIN,K.Johnson,0.0,0.0,0.0,0.0,0.0,0.0,,6.0,22.0,0.0,0.0,0.0,1.0,0.0,0.0,0.0,-3.0,0.0,0.0,2.2,2.2,,,,,,
2025,4,PIT,MIN,S.Miller,0.0,0.0,0.0,0.0,0.0,0.0,,0.0,0.0,0.0,0.0,0.0,1.0,0.0,0.0,0.0,8.0,0.0,0.0,0.0,0.0,,,,,,
2025,4,SEA,ARI,A.Barner,0.0,0.0,0.0,0.0,0.0,0.0,,0.0,0.0,0.0,0.0,0.0,3.0,3.0,32.0,1.0,22.0,0.0,0.0,12.2,9.2,,,,,,
2025,4,SEA,ARI,C.Kupp,0.0,0.0,0.0,0.0,0.0,0.0,,0.0,0.0,0.0,0.0,0.0,5.0,4.0,26.0,0.0,15.0,0.0,0.0,6.6,2.6,,,,,,
2025,4,SEA,ARI,E.Arroyo,0.0,0.0,0.0,0.0,0.0,0.0,,0.0,0.0,0.0,0.0,0.0,4.0,2.0,44.0,0.0,47.0,0.0,0.0,6.4,4.4,,,,,,
2025,4,SEA,ARI,J.Bobo,0.0,0.0,0.0,0.0,0.0,0.0,,0.0,0.0,0.0,0.0,0.0,1.0,1.0,17.0,0.0,13.0,0.0,0.0,2.7,1.7,,,,,,
2025,4,SEA,ARI,J.Smith-Njigba,0.0,0.0,0.0,0.0,0.0,0.0,,3.0,11.0,0.0,0.0,0.0,5.0,4.0,79.0,0.0,78.0,0.0,0.0,13.0,9.0,,,,,,
2025,4,SEA,ARI,K.Walker,0.0,0.0,0.0,0.0,0.0,0.0,,19.0,81.0,0.0,0.0,0.0,2.0,1.0,29.0,0.0,-2.0,0.0,0.0,12.0,11.0,,,,,,
2025,4,SEA,ARI,S.Darnold,29.0,18.0,242.0,1.0,0.0,3.0,QB,1.0,24.0,0.0,0.0,0.0,0.0,0.0,0.0,0.0,0.0,0.0,0.0,16.08,16.08,,,,,,
2025,4,SEA,ARI,T.Horton,0.0,0.0,0.0,0.0,0.0,0.0,,0.0,0.0,0.0,0.0,0.0,2.0,1.0,10.0,0.0,50.0,0.0,0.0,2.0,1.0,,,,,,
2025,4,SEA,ARI,Z.Charbonnet,0.0,0.0,0.0,0.0,0.0,0.0,,12.0,39.0,1.0,0.0,0.0,2.0,2.0,5.0,0.0,0.0,0.0,0.0,12.4,10.4,,,,,,
2025,4,SF,JAX,B.Purdy,40.0,22.0,309.0,2.0,2.0,1.0,QB,2.0,13.0,0.0,0.0,0.0,0.0,0.0,0.0,0.0,0.0,0.0,0.0,19.66,19.66,,,,,,
2025,4,SF,JAX,B.Robinson,0.0,0.0,0.0,0.0,0.0,0.0,,5.0,21.0,0.0,0.0,0.0,0.0,0.0,0.0,0.0,0.0,0.0,0.0,2.1,2.1,,,,,,
2025,4,SF,JAX,C.McCaffrey,0.0,0.0,0.0,0.0,0.0,0.0,,17.0,49.0,0.0,0.0,0.0,11.0,6.0,72.0,1.0,50.0,1.0,0.0,24.1,18.1,,,,,,
2025,4,SF,JAX,D.Robinson,0.0,0.0,0.0,0.0,0.0,0.0,,0.0,0.0,0.0,0.0,0.0,2.0,1.0,20.0,0.0,31.0,0.0,0.0,3.0,2.0,,,,,,
2025,4,SF,JAX,J.Jennings,0.0,0.0,0.0,0.0,0.0,0.0,,0.0,0.0,0.0,0.0,0.0,5.0,2.0,24.0,0.0,41.0,0.0,0.0,4.4,2.4,,,,,,
2025,4,SF,JAX,J.Tonges,0.0,0.0,0.0,0.0,0.0,0.0,,0.0,0.0,0.0,0.0,0.0,5.0,3.0,58.0,1.0,56.0,0.0,0.0,14.8,11.8,,,,,,
2025,4,SF,JAX,K.Bourne,0.0,0.0,0.0,0.0,0.0,0.0,,0.0,0.0,0.0,0.0,0.0,4.0,1.0,17.0,0.0,32.0,0.0,0.0,2.7,1.7,,,,,,
2025,4,SF,JAX,K.Juszczyk,0.0,0.0,0.0,0.0,0.0,0.0,,0.0,0.0,0.0,0.0,0.0,3.0,3.0,32.0,0.0,12.0,0.0,0.0,6.2,3.2,,,,,,
2025,4,SF,JAX,L.Farrell,0.0,0.0,0.0,0.0,0.0,0.0,,0.0,0.0,0.0,0.0,0.0,2.0,2.0,20.0,0.0,5.0,1.0,1.0,4.0,2.0,,,,,,
2025,4,SF,JAX,R.Pearsall,0.0,0.0,0.0,0.0,0.0,0.0,,0.0,0.0,0.0,0.0,0.0,5.0,4.0,46.0,0.0,66.0,0.0,0.0,8.6,4.6,,,,,,
2025,4,SF,JAX,S.Moore,0.0,0.0,0.0,0.0,0.0,0.0,,0.0,0.0,0.0,0.0,0.0,1.0,0.0,0.0,0.0,8.0,0.0,0.0,0.0,0.0,,,,,,
2025,4,TB,PHI,B.Irving,0.0,0.0,0.0,0.0,0.0,0.0,,15.0,63.0,0.0,1.0,1.0,5.0,5.0,102.0,1.0,-4.0,0.0,0.0,27.5,22.5,,,,,,
2025,4,TB,PHI,B.Mayfield,42.0,22.0,289.0,2.0,1.0,2.0,QB,2.0,13.0,0.0,0.0,0.0,0.0,0.0,0.0,0.0,0.0,0.0,0.0,19.86,19.86,,,,,,
2025,4,TB,PHI,C.Godwin,0.0,0.0,0.0,0.0,0.0,0.0,,0.0,0.0,0.0,0.0,0.0,10.0,3.0,26.0,0.0,146.0,0.0,0.0,5.6,2.6,,,,,,
2025,4,TB,PHI,C.Otton,0.0,0.0,0.0,0.0,0.0,0.0,,0.0,0.0,0.0,0.0,0.0,4.0,3.0,9.0,0.0,15.0,0.0,0.0,3.9,0.9,,,,,,
2025,4,TB,PHI,E.Egbuka,0.0,0.0,0.0,0.0,0.0,0.0,,1.0,0.0,0.0,0.0,0.0,10.0,4.0,101.0,1.0,148.0,0.0,0.0,20.1,16.1,,,,,,
2025,4,TB,PHI,R.White,0.0,0.0,0.0,0.0,0.0,0.0,,6.0,17.0,0.0,0.0,0.0,5.0,4.0,29.0,0.0,-8.0,0.0,0.0,8.6,4.6,,,,,,
2025,4,TB,PHI,S.Shepard,0.0,0.0,0.0,0.0,0.0,0.0,,1.0,6.0,0.0,0.0,0.0,4.0,2.0,14.0,0.0,22.0,0.0,0.0,4.0,2.0,,,,,,
2025,4,TB,PHI,T.Johnson,0.0,0.0,0.0,0.0,0.0,0.0,,1.0,5.0,0.0,0.0,0.0,1.0,1.0,8.0,0.0,0.0,0.0,0.0,2.3,1.3,,,,,,
2025,4,TEN,HOU,C.Dike,0.0,0.0,0.0,0.0,0.0,0.0,,1.0,-4.0,0.0,0.0,0.0,0.0,0.0,0.0,0.0,0.0,0.0,0.0,-0.4,-0.4,,,,,,
2025,4,TEN,HOU,C.Okonkwo,0.0,0.0,0.0,0.0,0.0,0.0,,0.0,0.0,0.0,0.0,0.0,3.0,1.0,4.0,0.0,11.0,0.0,0.0,1.4,0.4,,,,,,
2025,4,TEN,HOU,C.Ridley,0.0,0.0,0.0,0.0,0.0,0.0,,0.0,0.0,0.0,0.0,0.0,3.0,2.0,30.0,0.0,34.0,0.0,0.0,5.0,3.0,,,,,,
2025,4,TEN,HOU,C.Ward,28.0,10.0,108.0,0.0,1.0,2.0,QB,2.0,22.0,0.0,0.0,0.0,0.0,0.0,0.0,0.0,0.0,0.0,0.0,5.52,5.52,,,,,,
2025,4,TEN,HOU,E.Ayomanor,0.0,0.0,0.0,0.0,0.0,0.0,,0.0,0.0,0.0,0.0,0.0,7.0,2.0,44.0,0.0,102.0,0.0,0.0,6.4,4.4,,,,,,
2025,4,TEN,HOU,G.Helm,0.0,0.0,0.0,0.0,0.0,0.0,,0.0,0.0,0.0,0.0,0.0,1.0,1.0,12.0,0.0,10.0,0.0,0.0,2.2,1.2,,,,,,
2025,4,TEN,HOU,J.Chestnut,0.0,0.0,0.0,0.0,0.0,0.0,,1.0,0.0,0.0,0.0,0.0,1.0,0.0,0.0,0.0,9.0,0.0,0.0,0.0,0.0,,,,,,
2025,4,TEN,HOU,T.Lockett,0.0,0.0,0.0,0.0,0.0,0.0,,0.0,0.0,0.0,0.0,0.0,4.0,0.0,0.0,0.0,36.0,0.0,0.0,0.0,0.0,,,,,,
2025,4,TEN,HOU,T.Pollard,0.0,0.0,0.0,0.0,0.0,0.0,,14.0,64.0,0.0,0.0,0.0,3.0,3.0,12.0,0.0,-9.0,0.0,0.0,10.6,7.6,,,,,,
2025,4,TEN,HOU,V.Jefferson,0.0,0.0,0.0,0.0,0.0,0.0,,0.0,0.0,0.0,0.0,0.0,1.0,1.0,6.0,0.0,5.0,0.0,0.0,1.6,0.6,,,,,,
2025,4,WAS,ATL,C.Moore,0.0,0.0,0.0,0.0,0.0,0.0,,1.0,9.0,0.0,0.0,0.0,3.0,0.0,0.0,0.0,45.0,0.0,0.0,0.9,0.9,,,,,,
2025,4,WAS,ATL,C.Rodriguez,0.0,0.0,0.0,0.0,0.0,0.0,,7.0,59.0,0.0,0.0,0.0,0.0,0.0,0.0,0.0,0.0,0.0,0.0,5.9,5.9,,,,,,
2025,4,WAS,ATL,D.Samuel,0.0,0.0,0.0,0.0,0.0,0.0,,3.0,9.0,0.0,0.0,0.0,6.0,6.0,72.0,1.0,69.0,1.0,0.0,20.1,14.1,,,,,,
2025,4,WAS,ATL,J.Croskey-Merritt,0.0,0.0,0.0,0.0,0.0,0.0,,7.0,47.0,0.0,0.0,0.0,2.0,2.0,10.0,0.0,-1.0,0.0,0.0,7.7,5.7,,,,,,
2025,4,WAS,ATL,J.Lane,0.0,0.0,0.0,0.0,0.0,0.0,,0.0,0.0,0.0,0.0,0.0,3.0,2.0,18.0,0.0,56.0,0.0,0.0,3.8,1.8,,,,,,
2025,4,WAS,ATL,J.McNichols,0.0,0.0,0.0,0.0,0.0,0.0,,2.0,3.0,0.0,0.0,0.0,2.0,1.0,0.0,0.0,1.0,0.0,0.0,1.3,0.3,,,,,,
2025,4,WAS,ATL,L.McCaffrey,0.0,0.0,0.0,0.0,0.0,0.0,,0.0,0.0,0.0,0.0,0.0,3.0,2.0,21.0,1.0,52.0,0.0,0.0,10.1,8.1,,,,,,
2025,4,WAS,ATL,M.Mariota,30.0,16.0,156.0,2.0,1.0,2.0,QB,2.0,20.0,0.0,0.0,0.0,0.0,0.0,0.0,0.0,0.0,0.0,0.0,15.24,15.24,,,,,,
2025,4,WAS,ATL,T.Martin,0.0,0.0,0.0,0.0,0.0,0.0,,0.0,0.0,0.0,0.0,0.0,1.0,1.0,14.0,0.0,14.0,0.0,0.0,2.4,1.4,,,,,,
2025,4,WAS,ATL,Z.Ertz,0.0,0.0,0.0,0.0,0.0,0.0,,0.0,0.0,0.0,0.0,0.0,5.0,2.0,21.0,0.0,36.0,1.0,0.0,4.1,2.1,,,,,,
2025,5,ARI,TEN,E.Demercado,0.0,0.0,0.0,0.0,0.0,0.0,,3.0,81.0,0.0,1.0,1.0,0.0,0.0,0.0,0.0,0.0,0.0,0.0,8.1,8.1,,,,,,
2025,5,ARI,TEN,E.Higgins,0.0,0.0,0.0,0.0,0.0,0.0,,0.0,0.0,0.0,0.0,0.0,2.0,2.0,10.0,0.0,-4.0,0.0,0.0,3.0,1.0,,,,,,
2025,5,ARI,TEN,G.Dortch,0.0,0.0,0.0,0.0,0.0,0.0,,0.0,0.0,0.0,0.0,0.0,2.0,2.0,12.0,0.0,-6.0,0.0,0.0,3.2,1.2,,,,,,
2025,5,ARI,TEN,J.Brissett,1.0,0.0,0.0,0.0,0.0,0.0,QB,0.0,0.0,0.0,0.0,0.0,0.0,0.0,0.0,0.0,0.0,0.0,0.0,0.0,0.0,,,,,,
2025,5,ARI,TEN,K.Murray,34.0,23.0,220.0,0.0,0.0,3.0,QB,4.0,25.0,1.0,1.0,1.0,0.0,0.0,0.0,0.0,0.0,0.0,0.0,17.3,17.3,,,,,,
2025,5,ARI,TEN,M.Carter,0.0,0.0,0.0,0.0,0.0,0.0,,18.0,51.0,1.0,0.0,0.0,5.0,5.0,22.0,0.0,-1.0,0.0,0.0,18.3,13.3,,,,,,
2025,5,ARI,TEN,M.Harrison,0.0,0.0,0.0,0.0,0.0,0.0,,0.0,0.0,0.0,0.0,0.0,5.0,4.0,98.0,0.0,95.0,0.0,0.0,13.8,9.8,,,,,,
2025,5,ARI,TEN,Mi.Wilson,0.0,0.0,0.0,0.0,0.0,0.0,,0.0,0.0,0.0,0.0,0.0,4.0,2.0,16.0,0.0,45.0,0.0,0.0,3.6,1.6,,,,,,
2025,5,ARI,TEN,T.McBride,0.0,0.0,0.0,0.0,0.0,0.0,,0.0,0.0,0.0,0.0,0.0,7.0,5.0,41.0,0.0,44.0,0.0,0.0,9.1,4.1,,,,,,
2025,5,ARI,TEN,T.Reiman,0.0,0.0,0.0,0.0,0.0,0.0,,0.0,0.0,0.0,0.0,0.0,1.0,0.0,0.0,0.0,9.0,0.0,0.0,0.0,0.0,,,,,,
2025,5,ARI,TEN,Z.Jones,0.0,0.0,0.0,0.0,0.0,0.0,,0.0,0.0,0.0,0.0,0.0,3.0,2.0,8.0,0.0,35.0,0.0,0.0,2.8,0.8,,,,,,
2025,5,ARI,TEN,Z.Knight,0.0,0.0,0.0,0.0,0.0,0.0,,4.0,11.0,1.0,0.0,0.0,1.0,1.0,13.0,0.0,0.0,0.0,0.0,9.4,8.4,,,,,,
2025,5,BAL,HOU,C.Kolar,0.0,0.0,0.0,0.0,0.0,0.0,,0.0,0.0,0.0,0.0,0.0,1.0,1.0,10.0,0.0,10.0,0.0,0.0,2.0,1.0,,,,,,
2025,5,BAL,HOU,C.Rush,21.0,14.0,179.0,0.0,3.0,1.0,QB,0.0,0.0,0.0,0.0,0.0,0.0,0.0,0.0,0.0,0.0,0.0,0.0,4.16,4.16,,,,,,
2025,5,BAL,HOU,D.Henry,0.0,0.0,0.0,0.0,0.0,0.0,,15.0,33.0,1.0,0.0,0.0,1.0,0.0,0.0,0.0,0.0,0.0,0.0,9.3,9.3,,,,,,
2025,5,BAL,HOU,D.Hopkins,0.0,0.0,0.0,0.0,0.0,0.0,,0.0,0.0,0.0,0.0,0.0,2.0,2.0,46.0,0.0,23.0,0.0,0.0,6.6,4.6,,,,,,
2025,5,BAL,HOU,I.Likely,0.0,0.0,0.0,0.0,0.0,0.0,,0.0,0.0,0.0,0.0,0.0,1.0,1.0,12.0,0.0,11.0,0.0,0.0,2.2,1.2,,,,,,
2025,5,BAL,HOU,J.Hill,0.0,0.0,0.0,0.0,0.0,0.0,,1.0,3.0,0.0,0.0,0.0,2.0,1.0,9.0,0.0,-7.0,0.0,0.0,2.2,1.2,,,,,,
2025,5,BAL,HOU,K.Mitchell,0.0,0.0,0.0,0.0,0.0,0.0,,3.0,8.0,0.0,0.0,0.0,1.0,1.0,5.0,0.0,-5.0,0.0,0.0,2.3,1.3,,,,,,
2025,5,BAL,HOU,M.Andrews,0.0,0.0,0.0,0.0,0.0,0.0,,0.0,0.0,0.0,0.0,0.0,3.0,2.0,22.0,0.0,31.0,0.0,0.0,4.2,2.2,,,,,,
2025,5,BAL,HOU,R.Bateman,0.0,0.0,0.0,0.0,0.0,0.0,,0.0,0.0,0.0,0.0,0.0,3.0,0.0,0.0,0.0,55.0,0.0,0.0,0.0,0.0,,,,,,
2025,5,BAL,HOU,Z.Flowers,0.0,0.0,0.0,0.0,0.0,0.0,,0.0,0.0,0.0,0.0,0.0,5.0,5.0,72.0,0.0,42.0,0.0,0.0,12.2,7.2,,,,,,
2025,5,BAL,HOU,Z.Mitchell-Paden,0.0,0.0,0.0,0.0,0.0,0.0,,0.0,0.0,0.0,0.0,0.0,1.0,1.0,3.0,0.0,3.0,0.0,0.0,1.3,0.3,,,,,,
2025,5,BUF,NE,C.Samuel,0.0,0.0,0.0,0.0,0.0,0.0,,0.0,0.0,0.0,0.0,0.0,2.0,2.0,26.0,1.0,19.0,0.0,0.0,10.6,8.6,,,,,,
2025,5,BUF,NE,D.Kincaid,0.0,0.0,0.0,0.0,0.0,0.0,,0.0,0.0,0.0,0.0,0.0,6.0,6.0,108.0,0.0,75.0,0.0,0.0,16.8,10.8,,,,,,
2025,5,BUF,NE,D.Knox,0.0,0.0,0.0,0.0,0.0,0.0,,0.0,0.0,0.0,0.0,0.0,2.0,2.0,15.0,0.0,7.0,0.0,0.0,3.5,1.5,,,,,,
2025,5,BUF,NE,J.Allen,32.0,22.0,253.0,2.0,1.0,1.0,QB,9.0,53.0,0.0,1.0,1.0,0.0,0.0,0.0,0.0,0.0,0.0,0.0,22.42,22.42,,,,,,
2025,5,BUF,NE,J.Cook,0.0,0.0,0.0,0.0,0.0,0.0,,15.0,49.0,0.0,0.0,0.0,1.0,0.0,0.0,0.0,-4.0,0.0,0.0,4.9,4.9,,,,,,
2025,5,BUF,NE,J.Palmer,0.0,0.0,0.0,0.0,0.0,0.0,,0.0,0.0,0.0,0.0,0.0,2.0,2.0,36.0,0.0,36.0,0.0,0.0,5.6,3.6,,,,,,
2025,5,BUF,NE,K.Coleman,0.0,0.0,0.0,0.0,0.0,0.0,,0.0,0.0,0.0,0.0,0.0,7.0,4.0,23.0,1.0,76.0,1.0,1.0,12.3,8.3,,,,,,
2025,5,BUF,NE,K.Shakir,0.0,0.0,0.0,0.0,0.0,0.0,,1.0,5.0,0.0,0.0,0.0,9.0,6.0,45.0,0.0,13.0,0.0,0.0,11.0,5.0,,,,,,
2025,5,BUF,NE,R.Davis,0.0,0.0,0.0,0.0,0.0,0.0,,2.0,1.0,0.0,0.0,0.0,0.0,0.0,0.0,0.0,0.0,0.0,0.0,0.1,0.1,,,,,,
2025,5,BUF,NE,T.Shavers,0.0,0.0,0.0,0.0,0.0,0.0,,0.0,0.0,0.0,0.0,0.0,1.0,0.0,0.0,0.0,18.0,0.0,0.0,0.0,0.0,,,,,,
2025,5,BUF,NE,Ty.Johnson,0.0,0.0,0.0,0.0,0.0,0.0,,2.0,10.0,0.0,0.0,0.0,0.0,0.0,0.0,0.0,0.0,0.0,0.0,1.0,1.0,,,,,,
2025,5,CAR,MIA,B.Tremayne,0.0,0.0,0.0,0.0,0.0,0.0,,0.0,0.0,0.0,0.0,0.0,1.0,1.0,9.0,0.0,8.0,0.0,0.0,1.9,0.9,,,,,,
2025,5,CAR,MIA,B.Young,33.0,19.0,198.0,2.0,1.0,3.0,QB,3.0,1.0,0.0,0.0,0.0,0.0,0.0,0.0,0.0,0.0,0.0,0.0,15.02,15.02,,,,,,
2025,5,CAR,MIA,H.Renfrow,0.0,0.0,0.0,0.0,0.0,0.0,,0.0,0.0,0.0,0.0,0.0,3.0,1.0,7.0,0.0,21.0,0.0,0.0,1.7,0.7,,,,,,
2025,5,CAR,MIA,J.Mitchell,0.0,0.0,0.0,0.0,0.0,0.0,,0.0,0.0,0.0,0.0,0.0,1.0,1.0,11.0,0.0,1.0,0.0,0.0,2.1,1.1,,,,,,
2025,5,CAR,MIA,Ji.Horn,0.0,0.0,0.0,0.0,0.0,0.0,,2.0,10.0,0.0,0.0,0.0,3.0,2.0,21.0,0.0,25.0,0.0,0.0,5.1,3.1,,,,,,
2025,5,CAR,MIA,M.Evans,0.0,0.0,0.0,0.0,0.0,0.0,,0.0,0.0,0.0,0.0,0.0,1.0,1.0,4.0,1.0,2.0,0.0,0.0,7.4,6.4,,,,,,
2025,5,CAR,MIA,R.Dowdle,0.0,0.0,0.0,0.0,0.0,0.0,,23.0,206.0,1.0,0.0,0.0,4.0,3.0,28.0,0.0,-3.0,0.0,0.0,32.4,29.4,,,,,,
2025,5,CAR,MIA,T.Etienne,0.0,0.0,0.0,0.0,0.0,0.0,,4.0,22.0,0.0,0.0,0.0,1.0,1.0,7.0,0.0,4.0,0.0,0.0,3.9,2.9,,,,,,
2025,5,CAR,MIA,T.McMillan,0.0,0.0,0.0,0.0,0.0,0.0,,0.0,0.0,0.0,0.0,0.0,8.0,6.0,73.0,0.0,120.0,0.0,0.0,13.3,7.3,,,,,,
2025,5,CAR,MIA,T.Tremble,0.0,0.0,0.0,0.0,0.0,0.0,,0.0,0.0,0.0,0.0,0.0,2.0,1.0,7.0,0.0,16.0,0.0,0.0,1.7,0.7,,,,,,
2025,5,CAR,MIA,X.Legette,0.0,0.0,0.0,0.0,0.0,0.0,,0.0,0.0,0.0,0.0,0.0,3.0,2.0,31.0,1.0,51.0,0.0,0.0,11.1,9.1,,,,,,
2025,5,CIN,DET,A.Iosivas,0.0,0.0,0.0,0.0,0.0,0.0,,0.0,0.0,0.0,0.0,0.0,7.0,5.0,82.0,0.0,61.0,0.0,0.0,13.2,8.2,,,,,,
2025,5,CIN,DET,C.Brown,0.0,0.0,0.0,0.0,0.0,0.0,,8.0,27.0,0.0,0.0,0.0,8.0,7.0,21.0,0.0,-2.0,1.0,0.0,11.8,4.8,,,,,,
2025,5,CIN,DET,D.Sample,0.0,0.0,0.0,0.0,0.0,0.0,,0.0,0.0,0.0,0.0,0.0,1.0,1.0,-1.0,0.0,-1.0,0.0,0.0,0.9,-0.1,,,,,,
2025,5,CIN,DET,J.Browning,42.0,26.0,251.0,3.0,3.0,2.0,QB,4.0,31.0,0.0,0.0,0.0,0.0,0.0,0.0,0.0,0.0,0.0,0.0,22.14,22.14,,,,,,
2025,5,CIN,DET,J.Chase,0.0,0.0,0.0,0.0,0.0,0.0,,0.0,0.0,0.0,0.0,0.0,10.0,6.0,110.0,2.0,159.0,0.0,0.0,29.0,23.0,,,,,,
2025,5,CIN,DET,M.Gesicki,0.0,0.0,0.0,0.0,0.0,0.0,,0.0,0.0,0.0,0.0,0.0,5.0,2.0,15.0,0.0,38.0,0.0,0.0,3.5,1.5,,,,,,
2025,5,CIN,DET,S.Perine,0.0,0.0,0.0,0.0,0.0,0.0,,4.0,27.0,0.0,0.0,0.0,2.0,2.0,2.0,0.0,-4.0,0.0,0.0,4.9,2.9,,,,,,
2025,5,CIN,DET,T.Higgins,0.0,0.0,0.0,0.0,0.0,0.0,,0.0,0.0,0.0,0.0,0.0,7.0,3.0,22.0,1.0,88.0,0.0,0.0,11.2,8.2,,,,,,
2025,5,CLE,MIN,D.Gabriel,35.0,19.0,190.0,2.0,0.0,2.0,QB,2.0,5.0,0.0,0.0,0.0,0.0,0.0,0.0,0.0,0.0,0.0,0.0,16.1,16.1,,,,,,
2025,5,CLE,MIN,D.Njoku,0.0,0.0,0.0,0.0,0.0,0.0,,0.0,0.0,0.0,0.0,0.0,9.0,6.0,67.0,1.0,55.0,0.0,0.0,18.7,12.7,,,,,,
2025,5,CLE,MIN,D.Sampson,0.0,0.0,0.0,0.0,0.0,0.0,,1.0,-4.0,0.0,0.0,0.0,2.0,1.0,6.0,0.0,-4.0,0.0,0.0,1.2,0.2,,,,,,
2025,5,CLE,MIN,H.Fannin,0.0,0.0,0.0,0.0,0.0,0.0,,0.0,0.0,0.0,0.0,0.0,4.0,4.0,13.0,1.0,5.0,0.0,0.0,11.3,7.3,,,,,,
2025,5,CLE,MIN,I.Bond,0.0,0.0,0.0,0.0,0.0,0.0,,0.0,0.0,0.0,0.0,0.0,7.0,2.0,29.0,0.0,94.0,0.0,0.0,4.9,2.9,,,,,,
2025,5,CLE,MIN,J.Ford,0.0,0.0,0.0,0.0,0.0,0.0,,5.0,18.0,0.0,0.0,0.0,2.0,2.0,20.0,0.0,-7.0,0.0,0.0,5.8,3.8,,,,,,
2025,5,CLE,MIN,J.Jeudy,0.0,0.0,0.0,0.0,0.0,0.0,,0.0,0.0,0.0,0.0,0.0,5.0,2.0,15.0,0.0,49.0,0.0,0.0,3.5,1.5,,,,,,
2025,5,CLE,MIN,J.Thrash,0.0,0.0,0.0,0.0,0.0,0.0,,0.0,0.0,0.0,0.0,0.0,1.0,1.0,22.0,0.0,15.0,0.0,0.0,3.2,2.2,,,,,,
2025,5,CLE,MIN,M.Corley,0.0,0.0,0.0,0.0,0.0,0.0,,1.0,11.0,0.0,0.0,0.0,0.0,0.0,0.0,0.0,0.0,0.0,0.0,1.1,1.1,,,,,,
2025,5,CLE,MIN,Q.Judkins,0.0,0.0,0.0,0.0,0.0,0.0,,23.0,110.0,0.0,0.0,0.0,2.0,1.0,18.0,0.0,1.0,0.0,0.0,13.8,12.8,,,,,,
2025,5,DAL,NYJ,D.Prescott,30.0,18.0,237.0,4.0,0.0,1.0,QB,7.0,28.0,0.0,0.0,0.0,0.0,0.0,0.0,0.0,0.0,0.0,0.0,28.28,28.28,,,,,,
2025,5,DAL,NYJ,G.Pickens,0.0,0.0,0.0,0.0,0.0,0.0,,0.0,0.0,0.0,0.0,0.0,4.0,2.0,57.0,1.0,72.0,0.0,0.0,13.7,11.7,,,,,,
2025,5,DAL,NYJ,H.Luepke,0.0,0.0,0.0,0.0,0.0,0.0,,0.0,0.0,0.0,0.0,0.0,1.0,1.0,10.0,0.0,-5.0,0.0,0.0,2.0,1.0,,,,,,
2025,5,DAL,NYJ,J.Blue,0.0,0.0,0.0,0.0,0.0,0.0,,4.0,7.0,0.0,0.0,0.0,0.0,0.0,0.0,0.0,0.0,0.0,0.0,0.7,0.7,,,,,,
2025,5,DAL,NYJ,J.Ferguson,0.0,0.0,0.0,0.0,0.0,0.0,,0.0,0.0,0.0,0.0,0.0,9.0,7.0,49.0,2.0,21.0,0.0,0.0,23.9,16.9,,,,,,
2025,5,DAL,NYJ,J.Tolbert,0.0,0.0,0.0,0.0,0.0,0.0,,0.0,0.0,0.0,0.0,0.0,1.0,0.0,0.0,0.0,19.0,0.0,0.0,0.0,0.0,,,,,,
2025,5,DAL,NYJ,J.Williams,0.0,0.0,0.0,0.0,0.0,0.0,,16.0,135.0,1.0,0.0,0.0,2.0,1.0,4.0,1.0,2.0,0.0,0.0,26.9,25.9,,,,,,
2025,5,DAL,NYJ,L.Schoonmaker,0.0,0.0,0.0,0.0,0.0,0.0,,0.0,0.0,0.0,0.0,0.0,2.0,1.0,3.0,0.0,26.0,0.0,0.0,1.3,0.3,,,,,,
2025,5,DAL,NYJ,R.Flournoy,0.0,0.0,0.0,0.0,0.0,0.0,,2.0,10.0,0.0,0.0,0.0,9.0,6.0,114.0,0.0,86.0,0.0,0.0,18.4,12.4,,,,,,
2025,5,DEN,PHI,A.Prentice,0.0,0.0,0.0,0.0,0.0,0.0,,1.0,8.0,0.0,0.0,0.0,0.0,0.0,0.0,0.0,0.0,0.0,0.0,0.8,0.8,,,,,,
2025,5,DEN,PHI,A.Trautman,0.0,0.0,0.0,0.0,0.0,0.0,,0.0,0.0,0.0,0.0,0.0,1.0,1.0,11.0,0.0,3.0,0.0,0.0,2.1,1.1,,,,,,
2025,5,DEN,PHI,B.Nix,42.0,24.0,242.0,1.0,0.0,2.0,QB,3.0,22.0,0.0,0.0,0.0,0.0,0.0,0.0,0.0,0.0,0.0,0.0,15.88,15.88,,,,,,
2025,5,DEN,PHI,C.Sutton,0.0,0.0,0.0,0.0,0.0,0.0,,0.0,0.0,0.0,0.0,0.0,10.0,8.0,99.0,0.0,107.0,0.0,0.0,17.9,9.9,,,,,,
2025,5,DEN,PHI,E.Engram,0.0,0.0,0.0,0.0,0.0,0.0,,0.0,0.0,0.0,0.0,0.0,6.0,4.0,33.0,1.0,29.0,0.0,0.0,13.3,9.3,,,,,,
2025,5,DEN,PHI,J.Dobbins,0.0,0.0,0.0,0.0,0.0,0.0,,20.0,79.0,1.0,0.0,0.0,1.0,1.0,5.0,0.0,-3.0,0.0,0.0,15.4,14.4,,,,,,
2025,5,DEN,PHI,M.Mims,0.0,0.0,0.0,0.0,0.0,0.0,,1.0,9.0,0.0,0.0,0.0,5.0,2.0,10.0,0.0,85.0,0.0,0.0,3.9,1.9,,,,,,
2025,5,DEN,PHI,N.Adkins,0.0,0.0,0.0,0.0,0.0,0.0,,0.0,0.0,0.0,0.0,0.0,1.0,0.0,0.0,0.0,1.0,0.0,0.0,0.0,0.0,,,,,,
2025,5,DEN,PHI,R.Harvey,0.0,0.0,0.0,0.0,0.0,0.0,,4.0,12.0,0.0,0.0,0.0,3.0,3.0,18.0,0.0,6.0,0.0,0.0,6.0,3.0,,,,,,
2025,5,DEN,PHI,T.Badie,0.0,0.0,0.0,0.0,0.0,0.0,,0.0,0.0,0.0,0.0,0.0,2.0,1.0,16.0,0.0,-2.0,0.0,0.0,2.6,1.6,,,,,,
2025,5,DEN,PHI,T.Franklin,0.0,0.0,0.0,0.0,0.0,0.0,,0.0,0.0,0.0,0.0,0.0,6.0,3.0,35.0,0.0,66.0,0.0,0.0,6.5,3.5,,,,,,
2025,5,DEN,PHI,T.Sherfield,0.0,0.0,0.0,0.0,0.0,0.0,,0.0,0.0,0.0,0.0,0.0,2.0,1.0,15.0,0.0,38.0,0.0,0.0,2.5,1.5,,,,,,
2025,5,DET,CIN,A.St. Brown,0.0,0.0,0.0,0.0,0.0,0.0,,0.0,0.0,0.0,0.0,0.0,9.0,8.0,100.0,0.0,62.0,0.0,0.0,18.0,10.0,,,,,,
2025,5,DET,CIN,B.Wright,0.0,0.0,0.0,0.0,0.0,0.0,,0.0,0.0,0.0,0.0,0.0,3.0,2.0,9.0,1.0,0.0,0.0,0.0,8.9,6.9,,,,,,
2025,5,DET,CIN,D.Montgomery,1.0,1.0,3.0,1.0,0.0,0.0,QB,18.0,65.0,1.0,0.0,0.0,1.0,1.0,6.0,0.0,3.0,0.0,0.0,18.22,17.22,,,,,,
2025,5,DET,CIN,I.TeSlaa,0.0,0.0,0.0,0.0,0.0,0.0,,0.0,0.0,0.0,0.0,0.0,1.0,1.0,12.0,1.0,12.0,0.0,0.0,8.2,7.2,,,,,,
2025,5,DET,CIN,J.Gibbs,0.0,0.0,0.0,0.0,0.0,0.0,,12.0,54.0,0.0,0.0,0.0,2.0,2.0,33.0,1.0,-1.0,0.0,0.0,16.7,14.7,,,,,,
2025,5,DET,CIN,J.Goff,27.0,19.0,258.0,3.0,0.0,4.0,QB,2.0,-2.0,0.0,0.0,0.0,0.0,0.0,0.0,0.0,0.0,0.0,0.0,22.12,22.12,,,,,,
2025,5,DET,CIN,J.Williams,0.0,0.0,0.0,0.0,0.0,0.0,,1.0,1.0,0.0,0.0,0.0,1.0,1.0,9.0,0.0,7.0,0.0,0.0,2.0,1.0,,,,,,
2025,5,DET,CIN,S.LaPorta,0.0,0.0,0.0,0.0,0.0,0.0,,0.0,0.0,0.0,0.0,0.0,6.0,5.0,92.0,1.0,26.0,0.0,0.0,20.2,15.2,,,,,,
2025,5,HOU,BAL,B.Bates,0.0,0.0,0.0,0.0,0.0,0.0,,0.0,0.0,0.0,0.0,0.0,2.0,2.0,23.0,0.0,23.0,0.0,0.0,4.3,2.3,,,,,,
2025,5,HOU,BAL,B.Brooks,0.0,0.0,0.0,0.0,0.0,0.0,,2.0,15.0,0.0,0.0,0.0,0.0,0.0,0.0,0.0,0.0,0.0,0.0,1.5,1.5,,,,,,
2025,5,HOU,BAL,C.Kirk,0.0,0.0,0.0,0.0,0.0,0.0,,0.0,0.0,0.0,0.0,0.0,4.0,4.0,64.0,0.0,45.0,0.0,0.0,10.4,6.4,,,,,,
2025,5,HOU,BAL,C.Stroud,29.0,23.0,244.0,4.0,0.0,2.0,QB,1.0,30.0,0.0,0.0,0.0,0.0,0.0,0.0,0.0,0.0,0.0,0.0,28.76,28.76,,,,,,
2025,5,HOU,BAL,D.Mills,4.0,2.0,23.0,0.0,0.0,0.0,QB,3.0,3.0,0.0,0.0,0.0,0.0,0.0,0.0,0.0,0.0,0.0,0.0,1.22,1.22,,,,,,
2025,5,HOU,BAL,D.Pierce,0.0,0.0,0.0,0.0,0.0,0.0,,7.0,21.0,0.0,0.0,0.0,0.0,0.0,0.0,0.0,0.0,0.0,0.0,2.1,2.1,,,,,,
2025,5,HOU,BAL,D.Schultz,0.0,0.0,0.0,0.0,0.0,0.0,,0.0,0.0,0.0,0.0,0.0,6.0,5.0,60.0,0.0,44.0,0.0,0.0,11.0,6.0,,,,,,
2025,5,HOU,BAL,H.Bryant,0.0,0.0,0.0,0.0,0.0,0.0,,0.0,0.0,0.0,0.0,0.0,2.0,1.0,5.0,0.0,18.0,0.0,0.0,1.5,0.5,,,,,,
2025,5,HOU,BAL,J.Higgins,0.0,0.0,0.0,0.0,0.0,0.0,,0.0,0.0,0.0,0.0,0.0,4.0,4.0,32.0,0.0,25.0,0.0,0.0,7.2,3.2,,,,,,
2025,5,HOU,BAL,J.Noel,0.0,0.0,0.0,0.0,0.0,0.0,,1.0,5.0,0.0,0.0,0.0,3.0,2.0,13.0,1.0,20.0,0.0,0.0,9.8,7.8,,,,,,
2025,5,HOU,BAL,N.Chubb,0.0,0.0,0.0,0.0,0.0,0.0,,11.0,61.0,1.0,0.0,0.0,1.0,0.0,0.0,0.0,3.0,0.0,0.0,12.1,12.1,,,,,,
2025,5,HOU,BAL,N.Collins,0.0,0.0,0.0,0.0,0.0,0.0,,1.0,8.0,0.0,0.0,0.0,5.0,4.0,52.0,1.0,64.0,0.0,0.0,16.0,12.0,,,,,,
2025,5,HOU,BAL,W.Marks,0.0,0.0,0.0,0.0,0.0,0.0,,7.0,24.0,0.0,0.0,0.0,1.0,0.0,0.0,0.0,0.0,0.0,0.0,2.4,2.4,,,,,,
2025,5,HOU,BAL,X.Hutchinson,0.0,0.0,0.0,0.0,0.0,0.0,,0.0,0.0,0.0,0.0,0.0,3.0,3.0,18.0,2.0,17.0,0.0,0.0,16.8,13.8,,,,,,
2025,5,IND,LV,A.Abdullah,0.0,0.0,0.0,0.0,0.0,0.0,,2.0,6.0,1.0,0.0,0.0,0.0,0.0,0.0,0.0,0.0,0.0,0.0,6.6,6.6,,,,,,
2025,5,IND,LV,A.Dulin,0.0,0.0,0.0,0.0,0.0,0.0,,0.0,0.0,0.0,0.0,0.0,5.0,2.0,55.0,0.0,102.0,0.0,0.0,7.5,5.5,,,,,,
2025,5,IND,LV,A.Mitchell,0.0,0.0,0.0,0.0,0.0,0.0,,0.0,0.0,0.0,0.0,0.0,1.0,0.0,0.0,0.0,29.0,0.0,0.0,0.0,0.0,,,,,,
2025,5,IND,LV,A.Richardson,2.0,1.0,9.0,0.0,0.0,0.0,QB,0.0,0.0,0.0,0.0,0.0,1.0,1.0,9.0,0.0,2.0,0.0,0.0,2.26,1.26,,,,,,
2025,5,IND,LV,B.Raimann,0.0,0.0,0.0,0.0,0.0,0.0,,0.0,0.0,0.0,0.0,0.0,1.0,0.0,0.0,0.0,2.0,0.0,0.0,0.0,0.0,,,,,,
2025,5,IND,LV,D.Giddens,0.0,0.0,0.0,0.0,0.0,0.0,,5.0,22.0,0.0,0.0,0.0,1.0,0.0,0.0,0.0,0.0,0.0,0.0,2.2,2.2,,,,,,
2025,5,IND,LV,D.Jones,32.0,20.0,212.0,2.0,0.0,0.0,QB,1.0,2.0,0.0,0.0,0.0,0.0,0.0,0.0,0.0,0.0,0.0,0.0,16.68,16.68,,,,,,
2025,5,IND,LV,J.Downs,0.0,0.0,0.0,0.0,0.0,0.0,,0.0,0.0,0.0,0.0,0.0,8.0,6.0,54.0,0.0,58.0,0.0,0.0,11.4,5.4,,,,,,
2025,5,IND,LV,J.Taylor,0.0,0.0,0.0,0.0,0.0,0.0,,18.0,66.0,3.0,1.0,0.0,4.0,3.0,20.0,0.0,5.0,0.0,0.0,29.6,26.6,,,,,,
2025,5,IND,LV,M.Pittman,0.0,0.0,0.0,0.0,0.0,0.0,,0.0,0.0,0.0,0.0,0.0,8.0,5.0,39.0,1.0,25.0,0.0,0.0,14.9,9.9,,,,,,
2025,5,IND,LV,T.Warren,1.0,0.0,0.0,0.0,0.0,0.0,QB,0.0,0.0,0.0,0.0,0.0,5.0,4.0,44.0,1.0,33.0,0.0,0.0,14.4,10.4,,,,,,
2025,5,JAX,KC,B.Strange,0.0,0.0,0.0,0.0,0.0,0.0,,0.0,0.0,0.0,0.0,0.0,1.0,1.0,22.0,0.0,-2.0,0.0,0.0,3.2,2.2,,,,,,
2025,5,JAX,KC,B.Thomas,0.0,0.0,0.0,0.0,0.0,0.0,,0.0,0.0,0.0,0.0,0.0,6.0,4.0,80.0,0.0,92.0,0.0,0.0,12.0,8.0,,,,,,
2025,5,JAX,KC,B.Tuten,0.0,0.0,0.0,0.0,0.0,0.0,,4.0,6.0,0.0,0.0,0.0,1.0,1.0,5.0,0.0,-5.0,0.0,0.0,2.1,1.1,,,,,,
2025,5,JAX,KC,D.Brown,0.0,0.0,0.0,0.0,0.0,0.0,,0.0,0.0,0.0,0.0,0.0,4.0,2.0,15.0,0.0,34.0,0.0,0.0,3.5,1.5,,,,,,
2025,5,JAX,KC,H.Long,0.0,0.0,0.0,0.0,0.0,0.0,,0.0,0.0,0.0,0.0,0.0,1.0,1.0,3.0,0.0,3.0,0.0,0.0,1.3,0.3,,,,,,
2025,5,JAX,KC,J.Mundt,0.0,0.0,0.0,0.0,0.0,0.0,,0.0,0.0,0.0,0.0,0.0,1.0,1.0,7.0,0.0,5.0,0.0,0.0,1.7,0.7,,,,,,
2025,5,JAX,KC,P.Washington,0.0,0.0,0.0,0.0,0.0,0.0,,0.0,0.0,0.0,0.0,0.0,3.0,2.0,16.0,1.0,12.0,0.0,0.0,9.6,7.6,,,,,,
2025,5,JAX,KC,T.Etienne,0.0,0.0,0.0,0.0,0.0,0.0,,12.0,49.0,0.0,0.0,0.0,4.0,3.0,9.0,0.0,3.0,0.0,0.0,8.8,5.8,,,,,,
2025,5,JAX,KC,T.Hunter,0.0,0.0,0.0,0.0,0.0,0.0,,0.0,0.0,0.0,0.0,0.0,3.0,3.0,64.0,0.0,48.0,0.0,0.0,9.4,6.4,,,,,,
2025,5,JAX,KC,T.Lawrence,28.0,18.0,221.0,1.0,1.0,3.0,QB,10.0,54.0,2.0,1.0,1.0,0.0,0.0,0.0,0.0,0.0,0.0,0.0,29.24,29.24,,,,,,
2025,5,JAX,KC,T.Patrick,0.0,0.0,0.0,0.0,0.0,0.0,,0.0,0.0,0.0,0.0,0.0,1.0,0.0,0.0,0.0,19.0,0.0,0.0,0.0,0.0,,,,,,
2025,5,KC,JAX,B.Smith,0.0,0.0,0.0,0.0,0.0,0.0,,1.0,4.0,0.0,0.0,0.0,3.0,3.0,32.0,0.0,-6.0,0.0,0.0,6.6,3.6,,,,,,
2025,5,KC,JAX,I.Pacheco,0.0,0.0,0.0,0.0,0.0,0.0,,7.0,36.0,0.0,0.0,0.0,3.0,3.0,20.0,0.0,-8.0,0.0,0.0,8.6,5.6,,,,,,
2025,5,KC,JAX,J.Smith-Schuster,0.0,0.0,0.0,0.0,0.0,0.0,,0.0,0.0,0.0,0.0,0.0,3.0,2.0,17.0,0.0,9.0,0.0,0.0,3.7,1.7,,,,,,
2025,5,KC,JAX,K.Hunt,0.0,0.0,0.0,0.0,0.0,0.0,,7.0,49.0,2.0,0.0,0.0,1.0,1.0,8.0,0.0,2.0,0.0,0.0,18.7,17.7,,,,,,
2025,5,KC,JAX,M.Brown,0.0,0.0,0.0,0.0,0.0,0.0,,0.0,0.0,0.0,0.0,0.0,8.0,4.0,48.0,0.0,119.0,0.0,0.0,8.8,4.8,,,,,,
2025,5,KC,JAX,P.Mahomes,41.0,29.0,318.0,1.0,1.0,0.0,QB,6.0,60.0,1.0,0.0,0.0,0.0,0.0,0.0,0.0,0.0,0.0,0.0,27.72,27.72,,,,,,
2025,5,KC,JAX,T.Kelce,0.0,0.0,0.0,0.0,0.0,0.0,,0.0,0.0,0.0,0.0,0.0,8.0,7.0,61.0,1.0,33.0,0.0,0.0,19.1,12.1,,,,,,
2025,5,KC,JAX,T.Thornton,0.0,0.0,0.0,0.0,0.0,0.0,,0.0,0.0,0.0,0.0,0.0,5.0,3.0,90.0,0.0,129.0,0.0,0.0,12.0,9.0,,,,,,
2025,5,KC,JAX,X.Worthy,0.0,0.0,0.0,0.0,0.0,0.0,,1.0,9.0,0.0,0.0,0.0,9.0,6.0,42.0,0.0,117.0,0.0,0.0,11.1,5.1,,,,,,
2025,5,LA,SF,B.Corum,0.0,0.0,0.0,0.0,0.0,0.0,,1.0,13.0,0.0,0.0,0.0,2.0,0.0,0.0,0.0,15.0,0.0,0.0,1.3,1.3,,,,,,
2025,5,LA,SF,C.Parkinson,0.0,0.0,0.0,0.0,0.0,0.0,,0.0,0.0,0.0,0.0,0.0,1.0,0.0,0.0,0.0,8.0,0.0,0.0,0.0,0.0,,,,,,
2025,5,LA,SF,D.Adams,0.0,0.0,0.0,0.0,0.0,0.0,,0.0,0.0,0.0,0.0,0.0,11.0,5.0,88.0,0.0,171.0,0.0,0.0,13.8,8.8,,,,,,
2025,5,LA,SF,D.Allen,0.0,0.0,0.0,0.0,0.0,0.0,,0.0,0.0,0.0,0.0,0.0,2.0,2.0,24.0,0.0,18.0,0.0,0.0,4.4,2.4,,,,,,
2025,5,LA,SF,J.Whittington,0.0,0.0,0.0,0.0,0.0,0.0,,0.0,0.0,0.0,0.0,0.0,3.0,2.0,33.0,0.0,24.0,0.0,0.0,5.3,3.3,,,,,,
2025,5,LA,SF,K.Williams,0.0,0.0,0.0,0.0,0.0,0.0,,14.0,65.0,0.0,1.0,1.0,10.0,8.0,66.0,2.0,36.0,0.0,0.0,33.1,25.1,,,,,,
2025,5,LA,SF,M.Stafford,48.0,30.0,389.0,3.0,0.0,1.0,QB,1.0,0.0,0.0,1.0,1.0,0.0,0.0,0.0,0.0,0.0,0.0,0.0,27.56,27.56,,,,,,
2025,5,LA,SF,P.Nacua,0.0,0.0,0.0,0.0,0.0,0.0,,0.0,0.0,0.0,0.0,0.0,12.0,10.0,85.0,1.0,121.0,0.0,0.0,24.5,14.5,,,,,,
2025,5,LA,SF,T.Atwell,0.0,0.0,0.0,0.0,0.0,0.0,,0.0,0.0,0.0,0.0,0.0,4.0,2.0,72.0,0.0,117.0,0.0,0.0,9.2,7.2,,,,,,
2025,5,LA,SF,T.Ferguson,0.0,0.0,0.0,0.0,0.0,0.0,,0.0,0.0,0.0,0.0,0.0,1.0,1.0,21.0,0.0,18.0,0.0,0.0,3.1,2.1,,,,,,
2025,5,LAC,WAS,H.Haskins,0.0,0.0,0.0,0.0,0.0,0.0,,5.0,13.0,0.0,0.0,0.0,1.0,1.0,2.0,0.0,2.0,0.0,0.0,2.5,1.5,,,,,,
2025,5,LAC,WAS,J.Herbert,33.0,22.0,166.0,1.0,1.0,4.0,QB,4.0,60.0,0.0,0.0,0.0,0.0,0.0,0.0,0.0,0.0,0.0,0.0,15.64,15.64,,,,,,
2025,5,LAC,WAS,K.Allen,0.0,0.0,0.0,0.0,0.0,0.0,,0.0,0.0,0.0,0.0,0.0,9.0,5.0,58.0,0.0,58.0,0.0,0.0,10.8,5.8,,,,,,
2025,5,LAC,WAS,K.Vidal,0.0,0.0,0.0,0.0,0.0,0.0,,4.0,18.0,0.0,0.0,0.0,1.0,1.0,1.0,0.0,0.0,0.0,0.0,2.9,1.9,,,,,,
2025,5,LAC,WAS,L.McConkey,0.0,0.0,0.0,0.0,0.0,0.0,,0.0,0.0,0.0,0.0,0.0,7.0,5.0,39.0,1.0,41.0,0.0,0.0,14.9,9.9,,,,,,
2025,5,LAC,WAS,O.Gadsden,0.0,0.0,0.0,0.0,0.0,0.0,,0.0,0.0,0.0,0.0,0.0,1.0,1.0,14.0,0.0,6.0,0.0,0.0,2.4,1.4,,,,,,
2025,5,LAC,WAS,O.Hampton,0.0,0.0,0.0,0.0,0.0,0.0,,12.0,44.0,0.0,0.0,0.0,6.0,6.0,26.0,0.0,-18.0,0.0,0.0,13.0,7.0,,,,,,
2025,5,LAC,WAS,Q.Johnston,0.0,0.0,0.0,0.0,0.0,0.0,,1.0,9.0,0.0,0.0,0.0,4.0,4.0,40.0,0.0,25.0,1.0,1.0,8.9,4.9,,,,,,
2025,5,LAC,WAS,T.Conklin,0.0,0.0,0.0,0.0,0.0,0.0,,0.0,0.0,0.0,0.0,0.0,3.0,2.0,30.0,0.0,13.0,0.0,0.0,5.0,3.0,,,,,,
2025,5,LAC,WAS,T.Lance,5.0,3.0,44.0,0.0,0.0,1.0,QB,1.0,11.0,0.0,0.0,0.0,0.0,0.0,0.0,0.0,0.0,0.0,0.0,2.86,2.86,,,,,,
2025,5,LV,IND,A.Bachman,0.0,0.0,0.0,0.0,0.0,0.0,,0.0,0.0,0.0,0.0,0.0,1.0,1.0,9.0,0.0,7.0,0.0,0.0,1.9,0.9,,,,,,
2025,5,LV,IND,A.Jeanty,0.0,0.0,0.0,0.0,0.0,0.0,,14.0,67.0,0.0,0.0,0.0,7.0,5.0,42.0,0.0,-5.0,0.0,0.0,15.9,10.9,,,,,,
2025,5,LV,IND,A.Okwuegbunam,0.0,0.0,0.0,0.0,0.0,0.0,,0.0,0.0,0.0,0.0,0.0,6.0,5.0,36.0,0.0,18.0,0.0,0.0,8.6,3.6,,,,,,
2025,5,LV,IND,D.Thornton,0.0,0.0,0.0,0.0,0.0,0.0,,0.0,0.0,0.0,0.0,0.0,2.0,0.0,0.0,0.0,34.0,0.0,0.0,0.0,0.0,,,,,,
2025,5,LV,IND,G.Smith,40.0,25.0,228.0,0.0,2.0,4.0,QB,3.0,8.0,0.0,0.0,0.0,0.0,0.0,0.0,0.0,0.0,0.0,0.0,7.92,7.92,,,,,,
2025,5,LV,IND,I.Thomas,0.0,0.0,0.0,0.0,0.0,0.0,,0.0,0.0,0.0,0.0,0.0,3.0,3.0,20.0,0.0,3.0,0.0,0.0,5.0,2.0,,,,,,
2025,5,LV,IND,J.Bech,0.0,0.0,0.0,0.0,0.0,0.0,,0.0,0.0,0.0,0.0,0.0,5.0,3.0,27.0,0.0,47.0,0.0,0.0,5.7,2.7,,,,,,
2025,5,LV,IND,J.Meyers,0.0,0.0,0.0,0.0,0.0,0.0,,0.0,0.0,0.0,0.0,0.0,6.0,4.0,32.0,0.0,63.0,0.0,0.0,7.2,3.2,,,,,,
2025,5,LV,IND,R.Mostert,0.0,0.0,0.0,0.0,0.0,0.0,,7.0,22.0,0.0,0.0,0.0,0.0,0.0,0.0,0.0,0.0,0.0,0.0,2.2,2.2,,,,,,
2025,5,LV,IND,T.Tucker,0.0,0.0,0.0,0.0,0.0,0.0,,1.0,9.0,0.0,0.0,0.0,6.0,4.0,62.0,0.0,77.0,0.0,0.0,11.1,7.1,,,,,,
2025,5,MIA,CAR,A.Ingold,0.0,0.0,0.0,0.0,0.0,0.0,,0.0,0.0,0.0,0.0,0.0,1.0,0.0,0.0,0.0,7.0,0.0,0.0,0.0,0.0,,,,,,
2025,5,MIA,CAR,D.Achane,0.0,0.0,0.0,0.0,0.0,0.0,,10.0,16.0,0.0,0.0,0.0,7.0,6.0,30.0,1.0,11.0,0.0,0.0,16.6,10.6,,,,,,
2025,5,MIA,CAR,D.Waller,0.0,0.0,0.0,0.0,0.0,0.0,,0.0,0.0,0.0,0.0,0.0,5.0,5.0,78.0,1.0,58.0,0.0,0.0,18.8,13.8,,,,,,
2025,5,MIA,CAR,J.Hill,0.0,0.0,0.0,0.0,0.0,0.0,,0.0,0.0,0.0,0.0,0.0,5.0,4.0,22.0,0.0,30.0,0.0,0.0,6.2,2.2,,,,,,
2025,5,MIA,CAR,J.Waddle,0.0,0.0,0.0,0.0,0.0,0.0,,0.0,0.0,0.0,0.0,0.0,9.0,6.0,110.0,1.0,144.0,0.0,0.0,23.0,17.0,,,,,,
2025,5,MIA,CAR,M.Washington,0.0,0.0,0.0,0.0,0.0,0.0,,0.0,0.0,0.0,0.0,0.0,5.0,4.0,0.0,0.0,21.0,0.0,0.0,4.0,0.0,,,,,,
2025,5,MIA,CAR,O.Gordon,0.0,0.0,0.0,0.0,0.0,0.0,,3.0,-2.0,0.0,0.0,0.0,0.0,0.0,0.0,0.0,0.0,0.0,0.0,-0.2,-0.2,,,,,,
2025,5,MIA,CAR,T.Conner,0.0,0.0,0.0,0.0,0.0,0.0,,0.0,0.0,0.0,0.0,0.0,2.0,2.0,16.0,0.0,13.0,0.0,0.0,3.6,1.6,,,,,,
2025,5,MIA,CAR,T.Tagovailoa,39.0,27.0,256.0,3.0,0.0,3.0,QB,1.0,5.0,0.0,0.0,0.0,0.0,0.0,0.0,0.0,0.0,0.0,0.0,22.74,22.74,,,,,,
2025,5,MIN,CLE,C.Akers,1.0,1.0,32.0,1.0,0.0,0.0,QB,0.0,0.0,0.0,0.0,0.0,0.0,0.0,0.0,0.0,0.0,0.0,0.0,5.28,5.28,,,,,,
2025,5,MIN,CLE,C.Wentz,37.0,25.0,236.0,1.0,0.0,3.0,QB,3.0,13.0,0.0,0.0,0.0,0.0,0.0,0.0,0.0,0.0,0.0,0.0,14.74,14.74,,,,,,
2025,5,MIN,CLE,J.Addison,0.0,0.0,0.0,0.0,0.0,0.0,,0.0,0.0,0.0,0.0,0.0,6.0,5.0,41.0,1.0,46.0,0.0,0.0,15.1,10.1,,,,,,
2025,5,MIN,CLE,J.Jefferson,0.0,0.0,0.0,0.0,0.0,0.0,,0.0,0.0,0.0,0.0,0.0,11.0,7.0,123.0,0.0,166.0,0.0,0.0,19.3,12.3,,,,,,
2025,5,MIN,CLE,J.Mason,0.0,0.0,0.0,0.0,0.0,0.0,,13.0,52.0,1.0,1.0,1.0,4.0,3.0,4.0,0.0,-19.0,0.0,0.0,14.6,11.6,,,,,,
2025,5,MIN,CLE,J.Nailor,0.0,0.0,0.0,0.0,0.0,0.0,,1.0,15.0,0.0,0.0,0.0,4.0,3.0,27.0,0.0,29.0,0.0,0.0,7.2,4.2,,,,,,
2025,5,MIN,CLE,J.Oliver,0.0,0.0,0.0,0.0,0.0,0.0,,0.0,0.0,0.0,0.0,0.0,3.0,2.0,35.0,1.0,11.0,0.0,0.0,11.5,9.5,,,,,,
2025,5,MIN,CLE,M.Brosmer,0.0,0.0,0.0,0.0,0.0,0.0,,1.0,-1.0,0.0,0.0,0.0,0.0,0.0,0.0,0.0,0.0,0.0,0.0,-0.1,-0.1,,,,,,
2025,5,MIN,CLE,T.Hockenson,0.0,0.0,0.0,0.0,0.0,0.0,,0.0,0.0,0.0,0.0,0.0,6.0,6.0,38.0,0.0,7.0,0.0,0.0,9.8,3.8,,,,,,
2025,5,MIN,CLE,Z.Scott,0.0,0.0,0.0,0.0,0.0,0.0,,5.0,18.0,0.0,1.0,1.0,0.0,0.0,0.0,0.0,0.0,0.0,0.0,1.8,1.8,,,,,,
2025,5,NE,BUF,A.Gibson,0.0,0.0,0.0,0.0,0.0,0.0,,6.0,21.0,0.0,0.0,0.0,1.0,1.0,5.0,0.0,-6.0,0.0,0.0,3.6,2.6,,,,,,
2025,5,NE,BUF,D.Douglas,0.0,0.0,0.0,0.0,0.0,0.0,,0.0,0.0,0.0,0.0,0.0,3.0,2.0,17.0,0.0,12.0,0.0,0.0,3.7,1.7,,,,,,
2025,5,NE,BUF,D.Maye,34.0,22.0,273.0,0.0,0.0,4.0,QB,3.0,12.0,0.0,0.0,0.0,0.0,0.0,0.0,0.0,0.0,0.0,0.0,12.12,12.12,,,,,,
2025,5,NE,BUF,H.Henry,0.0,0.0,0.0,0.0,0.0,0.0,,0.0,0.0,0.0,0.0,0.0,4.0,2.0,46.0,0.0,71.0,0.0,0.0,6.6,4.6,,,,,,
2025,5,NE,BUF,K.Boutte,0.0,0.0,0.0,0.0,0.0,0.0,,0.0,0.0,0.0,0.0,0.0,3.0,3.0,43.0,0.0,39.0,0.0,0.0,7.3,4.3,,,,,,
2025,5,NE,BUF,R.Stevenson,0.0,0.0,0.0,0.0,0.0,0.0,,7.0,14.0,2.0,0.0,0.0,2.0,2.0,13.0,0.0,8.0,1.0,1.0,16.7,14.7,,,,,,
2025,5,NE,BUF,S.Diggs,0.0,0.0,0.0,0.0,0.0,0.0,,0.0,0.0,0.0,0.0,0.0,12.0,10.0,146.0,0.0,102.0,0.0,0.0,24.6,14.6,,,,,,
2025,5,NE,BUF,T.Henderson,0.0,0.0,0.0,0.0,0.0,0.0,,6.0,24.0,0.0,0.0,0.0,3.0,2.0,3.0,0.0,-3.0,0.0,0.0,4.7,2.7,,,,,,
2025,5,NO,NYG,A.Kamara,0.0,0.0,0.0,0.0,0.0,0.0,,8.0,27.0,0.0,0.0,0.0,6.0,4.0,28.0,0.0,19.0,0.0,0.0,9.5,5.5,,,,,,
2025,5,NO,NYG,B.Cooks,0.0,0.0,0.0,0.0,0.0,0.0,,0.0,0.0,0.0,0.0,0.0,1.0,1.0,5.0,0.0,5.0,0.0,0.0,1.5,0.5,,,,,,
2025,5,NO,NYG,C.Olave,0.0,0.0,0.0,0.0,0.0,0.0,,0.0,0.0,0.0,0.0,0.0,11.0,7.0,59.0,0.0,85.0,0.0,0.0,12.9,5.9,,,,,,
2025,5,NO,NYG,D.Vele,0.0,0.0,0.0,0.0,0.0,0.0,,0.0,0.0,0.0,0.0,0.0,2.0,2.0,13.0,0.0,6.0,0.0,0.0,3.3,1.3,,,,,,
2025,5,NO,NYG,J.Johnson,0.0,0.0,0.0,0.0,0.0,0.0,,0.0,0.0,0.0,0.0,0.0,4.0,2.0,17.0,0.0,30.0,0.0,0.0,3.7,1.7,,,,,,
2025,5,NO,NYG,K.Miller,0.0,0.0,0.0,0.0,0.0,0.0,,10.0,41.0,0.0,0.0,0.0,1.0,1.0,8.0,0.0,-1.0,0.0,0.0,5.9,4.9,,,,,,
2025,5,NO,NYG,R.Shaheed,0.0,0.0,0.0,0.0,0.0,0.0,,0.0,0.0,0.0,0.0,0.0,5.0,4.0,114.0,1.0,85.0,0.0,0.0,21.4,17.4,,,,,,
2025,5,NO,NYG,S.Rattler,31.0,21.0,225.0,1.0,0.0,0.0,QB,6.0,21.0,0.0,0.0,0.0,1.0,1.0,0.0,0.0,0.0,0.0,0.0,16.1,15.1,,,,,,
2025,5,NO,NYG,T.Hill,1.0,1.0,19.0,0.0,0.0,0.0,QB,6.0,-1.0,0.0,0.0,0.0,0.0,0.0,0.0,0.0,0.0,0.0,0.0,0.66,0.66,,,,,,
2025,5,NYG,NO,B.Collins,0.0,0.0,0.0,0.0,0.0,0.0,,0.0,0.0,0.0,0.0,0.0,3.0,1.0,7.0,0.0,14.0,0.0,0.0,1.7,0.7,,,,,,
2025,5,NYG,NO,C.Skattebo,0.0,0.0,0.0,0.0,0.0,0.0,,15.0,59.0,0.0,1.0,1.0,7.0,6.0,45.0,0.0,-11.0,0.0,0.0,16.4,10.4,,,,,,
2025,5,NYG,NO,D.Bellinger,0.0,0.0,0.0,0.0,0.0,0.0,,0.0,0.0,0.0,0.0,0.0,4.0,4.0,52.0,0.0,28.0,0.0,0.0,9.2,5.2,,,,,,
2025,5,NYG,NO,D.Singletary,0.0,0.0,0.0,0.0,0.0,0.0,,6.0,20.0,0.0,0.0,0.0,2.0,1.0,4.0,0.0,-3.0,0.0,0.0,3.4,2.4,,,,,,
2025,5,NYG,NO,D.Slayton,0.0,0.0,0.0,0.0,0.0,0.0,,0.0,0.0,0.0,0.0,0.0,6.0,3.0,31.0,0.0,103.0,1.0,1.0,6.1,3.1,,,,,,
2025,5,NYG,NO,J.Dart,41.0,26.0,202.0,2.0,2.0,1.0,QB,7.0,55.0,0.0,0.0,0.0,0.0,0.0,0.0,0.0,0.0,0.0,0.0,19.58,19.58,,,,,,
2025,5,NYG,NO,J.Hyatt,0.0,0.0,0.0,0.0,0.0,0.0,,0.0,0.0,0.0,0.0,0.0,3.0,0.0,0.0,0.0,113.0,0.0,0.0,0.0,0.0,,,,,,
2025,5,NYG,NO,T.Johnson,0.0,0.0,0.0,0.0,0.0,0.0,,0.0,0.0,0.0,0.0,0.0,7.0,6.0,33.0,2.0,40.0,0.0,0.0,21.3,15.3,,,,,,
2025,5,NYG,NO,W.Robinson,0.0,0.0,0.0,0.0,0.0,0.0,,1.0,2.0,0.0,0.0,0.0,7.0,5.0,30.0,0.0,44.0,0.0,0.0,8.2,3.2,,,,,,
2025,5,NYJ,DAL,A.Beck,0.0,0.0,0.0,0.0,0.0,0.0,,0.0,0.0,0.0,0.0,0.0,2.0,1.0,1.0,1.0,2.0,0.0,0.0,7.1,6.1,,,,,,
2025,5,NYJ,DAL,A.Lazard,0.0,0.0,0.0,0.0,0.0,0.0,,0.0,0.0,0.0,0.0,0.0,2.0,1.0,3.0,0.0,31.0,0.0,0.0,1.3,0.3,,,,,,
2025,5,NYJ,DAL,A.Smith,0.0,0.0,0.0,0.0,0.0,0.0,,0.0,0.0,0.0,0.0,0.0,1.0,1.0,14.0,0.0,4.0,0.0,0.0,2.4,1.4,,,,,,
2025,5,NYJ,DAL,B.Hall,0.0,0.0,0.0,0.0,0.0,0.0,,14.0,113.0,0.0,1.0,1.0,5.0,4.0,42.0,0.0,13.0,0.0,0.0,19.5,15.5,,,,,,
2025,5,NYJ,DAL,G.Wilson,0.0,0.0,0.0,0.0,0.0,0.0,,0.0,0.0,0.0,0.0,0.0,10.0,6.0,71.0,1.0,135.0,0.0,0.0,19.1,13.1,,,,,,
2025,5,NYJ,DAL,I.Davis,0.0,0.0,0.0,0.0,0.0,0.0,,1.0,5.0,0.0,0.0,0.0,4.0,3.0,28.0,0.0,8.0,0.0,0.0,6.3,3.3,,,,,,
2025,5,NYJ,DAL,J.Fields,53.0,32.0,283.0,2.0,0.0,5.0,QB,7.0,26.0,0.0,0.0,0.0,0.0,0.0,0.0,0.0,0.0,0.0,0.0,21.92,21.92,,,,,,
2025,5,NYJ,DAL,J.Reynolds,0.0,0.0,0.0,0.0,0.0,0.0,,0.0,0.0,0.0,0.0,0.0,5.0,3.0,29.0,0.0,33.0,0.0,0.0,5.9,2.9,,,,,,
2025,5,NYJ,DAL,J.Ruckert,0.0,0.0,0.0,0.0,0.0,0.0,,0.0,0.0,0.0,0.0,0.0,4.0,4.0,28.0,0.0,16.0,0.0,0.0,6.8,2.8,,,,,,
2025,5,NYJ,DAL,M.Taylor,0.0,0.0,0.0,0.0,0.0,0.0,,0.0,0.0,0.0,0.0,0.0,13.0,9.0,67.0,0.0,65.0,0.0,0.0,15.7,6.7,,,,,,
2025,5,PHI,DEN,A.Brown,0.0,0.0,0.0,0.0,0.0,0.0,,0.0,0.0,0.0,0.0,0.0,8.0,5.0,43.0,0.0,83.0,0.0,0.0,9.3,4.3,,,,,,
2025,5,PHI,DEN,A.Dillon,0.0,0.0,0.0,0.0,0.0,0.0,,2.0,12.0,0.0,0.0,0.0,0.0,0.0,0.0,0.0,0.0,0.0,0.0,1.2,1.2,,,,,,
2025,5,PHI,DEN,D.Goedert,0.0,0.0,0.0,0.0,0.0,0.0,,0.0,0.0,0.0,0.0,0.0,9.0,3.0,19.0,1.0,97.0,0.0,0.0,10.9,7.9,,,,,,
2025,5,PHI,DEN,D.Smith,0.0,0.0,0.0,0.0,0.0,0.0,,0.0,0.0,0.0,0.0,0.0,10.0,8.0,114.0,0.0,88.0,0.0,0.0,19.4,11.4,,,,,,
2025,5,PHI,DEN,G.Calcaterra,0.0,0.0,0.0,0.0,0.0,0.0,,0.0,0.0,0.0,0.0,0.0,2.0,2.0,18.0,0.0,6.0,0.0,0.0,3.8,1.8,,,,,,
2025,5,PHI,DEN,J.Dotson,0.0,0.0,0.0,0.0,0.0,0.0,,0.0,0.0,0.0,0.0,0.0,3.0,1.0,24.0,0.0,92.0,0.0,0.0,3.4,2.4,,,,,,
2025,5,PHI,DEN,J.Hurts,44.0,23.0,280.0,2.0,0.0,6.0,QB,2.0,3.0,0.0,0.0,0.0,0.0,0.0,0.0,0.0,0.0,0.0,0.0,19.5,19.5,,,,,,
2025,5,PHI,DEN,S.Barkley,0.0,0.0,0.0,0.0,0.0,0.0,,6.0,30.0,0.0,0.0,0.0,3.0,3.0,58.0,1.0,31.0,0.0,0.0,17.8,14.8,,,,,,
2025,5,PHI,DEN,W.Shipley,0.0,0.0,0.0,0.0,0.0,0.0,,1.0,0.0,0.0,0.0,0.0,2.0,1.0,4.0,0.0,-10.0,0.0,0.0,1.4,0.4,,,,,,
2025,5,SEA,TB,A.Barner,0.0,0.0,0.0,0.0,0.0,0.0,,0.0,0.0,0.0,0.0,0.0,7.0,7.0,53.0,2.0,29.0,0.0,0.0,24.3,17.3,,,,,,
2025,5,SEA,TB,C.Kupp,0.0,0.0,0.0,0.0,0.0,0.0,,0.0,0.0,0.0,0.0,0.0,9.0,6.0,59.0,0.0,59.0,0.0,0.0,11.9,5.9,,,,,,
2025,5,SEA,TB,D.Young,0.0,0.0,0.0,0.0,0.0,0.0,,0.0,0.0,0.0,0.0,0.0,1.0,1.0,36.0,0.0,36.0,0.0,0.0,4.6,3.6,,,,,,
2025,5,SEA,TB,E.Arroyo,0.0,0.0,0.0,0.0,0.0,0.0,,0.0,0.0,0.0,0.0,0.0,1.0,1.0,10.0,0.0,6.0,0.0,0.0,2.0,1.0,,,,,,
2025,5,SEA,TB,J.Milroe,0.0,0.0,0.0,0.0,0.0,0.0,,1.0,0.0,0.0,1.0,1.0,0.0,0.0,0.0,0.0,0.0,0.0,0.0,0.0,0.0,,,,,,
2025,5,SEA,TB,J.Smith-Njigba,0.0,0.0,0.0,0.0,0.0,0.0,,0.0,0.0,0.0,0.0,0.0,9.0,8.0,132.0,1.0,106.0,0.0,0.0,27.2,19.2,,,,,,
2025,5,SEA,TB,K.Walker,0.0,0.0,0.0,0.0,0.0,0.0,,10.0,86.0,0.0,0.0,0.0,1.0,1.0,0.0,0.0,0.0,0.0,0.0,9.6,8.6,,,,,,
2025,5,SEA,TB,S.Darnold,34.0,28.0,341.0,4.0,1.0,0.0,QB,0.0,0.0,0.0,0.0,0.0,0.0,0.0,0.0,0.0,0.0,0.0,0.0,28.64,28.64,,,,,,
2025,5,SEA,TB,T.Horton,0.0,0.0,0.0,0.0,0.0,0.0,,0.0,0.0,0.0,0.0,0.0,4.0,3.0,39.0,1.0,33.0,0.0,0.0,12.9,9.9,,,,,,
2025,5,SEA,TB,Z.Charbonnet,0.0,0.0,0.0,0.0,0.0,0.0,,9.0,36.0,1.0,0.0,0.0,2.0,1.0,12.0,0.0,6.0,0.0,0.0,11.8,10.8,,,,,,
2025,5,SF,LA,B.Robinson,0.0,0.0,0.0,0.0,0.0,0.0,,5.0,12.0,0.0,0.0,0.0,0.0,0.0,0.0,0.0,0.0,0.0,0.0,1.2,1.2,,,,,,
2025,5,SF,LA,C.McCaffrey,0.0,0.0,0.0,0.0,0.0,0.0,,22.0,57.0,0.0,0.0,0.0,9.0,8.0,82.0,1.0,24.0,0.0,0.0,27.9,19.9,,,,,,
2025,5,SF,LA,D.Robinson,0.0,0.0,0.0,0.0,0.0,0.0,,0.0,0.0,0.0,0.0,0.0,7.0,3.0,39.0,0.0,90.0,0.0,0.0,6.9,3.9,,,,,,
2025,5,SF,LA,J.Tonges,0.0,0.0,0.0,0.0,0.0,0.0,,0.0,0.0,0.0,0.0,0.0,11.0,7.0,41.0,1.0,27.0,0.0,0.0,17.1,10.1,,,,,,
2025,5,SF,LA,K.Bourne,0.0,0.0,0.0,0.0,0.0,0.0,,0.0,0.0,0.0,0.0,0.0,11.0,10.0,142.0,0.0,90.0,0.0,0.0,24.2,14.2,,,,,,
2025,5,SF,LA,K.Juszczyk,0.0,0.0,0.0,0.0,0.0,0.0,,1.0,-1.0,0.0,0.0,0.0,4.0,3.0,21.0,0.0,22.0,0.0,0.0,5.0,2.0,,,,,,
2025,5,SF,LA,L.Farrell,0.0,0.0,0.0,0.0,0.0,0.0,,0.0,0.0,0.0,0.0,0.0,2.0,1.0,8.0,0.0,14.0,0.0,0.0,1.8,0.8,,,,,,
2025,5,SF,LA,M.Jones,50.0,33.0,342.0,2.0,0.0,1.0,QB,4.0,5.0,0.0,0.0,0.0,0.0,0.0,0.0,0.0,0.0,0.0,0.0,22.18,22.18,,,,,,
2025,5,SF,LA,M.Turner,0.0,0.0,0.0,0.0,0.0,0.0,,0.0,0.0,0.0,0.0,0.0,1.0,0.0,0.0,0.0,-5.0,0.0,0.0,0.0,0.0,,,,,,
2025,5,SF,LA,M.Valdes-Scantling,0.0,0.0,0.0,0.0,0.0,0.0,,0.0,0.0,0.0,0.0,0.0,3.0,1.0,9.0,0.0,28.0,0.0,0.0,1.9,0.9,,,,,,
2025,5,SF,LA,S.Moore,0.0,0.0,0.0,0.0,0.0,0.0,,1.0,1.0,0.0,0.0,0.0,0.0,0.0,0.0,0.0,0.0,0.0,0.0,0.1,0.1,,,,,,
2025,5,TB,SEA,B.Mayfield,35.0,29.0,379.0,2.0,0.0,1.0,QB,5.0,15.0,0.0,0.0,0.0,0.0,0.0,0.0,0.0,0.0,0.0,0.0,24.66,24.66,,,,,,
2025,5,TB,SEA,C.Godwin,0.0,0.0,0.0,0.0,0.0,0.0,,0.0,0.0,0.0,0.0,0.0,4.0,3.0,26.0,0.0,11.0,0.0,0.0,5.6,2.6,,,,,,
2025,5,TB,SEA,C.Otton,0.0,0.0,0.0,0.0,0.0,0.0,,0.0,0.0,0.0,0.0,0.0,5.0,4.0,81.0,0.0,44.0,0.0,0.0,12.1,8.1,,,,,,
2025,5,TB,SEA,E.Egbuka,0.0,0.0,0.0,0.0,0.0,0.0,,0.0,0.0,0.0,0.0,0.0,8.0,7.0,163.0,1.0,131.0,0.0,0.0,29.3,22.3,,,,,,
2025,5,TB,SEA,K.Johnson,0.0,0.0,0.0,0.0,0.0,0.0,,1.0,2.0,0.0,0.0,0.0,0.0,0.0,0.0,0.0,0.0,0.0,0.0,0.2,0.2,,,,,,
2025,5,TB,SEA,R.White,0.0,0.0,0.0,0.0,0.0,0.0,,14.0,41.0,2.0,0.0,0.0,4.0,4.0,30.0,0.0,-18.0,0.0,0.0,23.1,19.1,,,,,,
2025,5,TB,SEA,S.Shepard,0.0,0.0,0.0,0.0,0.0,0.0,,1.0,-5.0,0.0,0.0,0.0,5.0,4.0,24.0,1.0,43.0,0.0,0.0,11.9,7.9,,,,,,
2025,5,TB,SEA,S.Tucker,0.0,0.0,0.0,0.0,0.0,0.0,,3.0,3.0,0.0,0.0,0.0,3.0,3.0,-4.0,0.0,-12.0,0.0,0.0,2.9,-0.1,,,,,,
2025,5,TB,SEA,T.Johnson,0.0,0.0,0.0,0.0,0.0,0.0,,0.0,0.0,0.0,0.0,0.0,4.0,4.0,59.0,0.0,28.0,0.0,0.0,9.9,5.9,,,,,,
2025,5,TEN,ARI,C.Dike,0.0,0.0,0.0,0.0,0.0,0.0,,0.0,0.0,0.0,0.0,0.0,5.0,2.0,17.0,0.0,95.0,0.0,0.0,3.7,1.7,,,,,,
2025,5,TEN,ARI,C.Okonkwo,0.0,0.0,0.0,0.0,0.0,0.0,,0.0,0.0,0.0,0.0,0.0,5.0,4.0,48.0,0.0,24.0,0.0,0.0,8.8,4.8,,,,,,
2025,5,TEN,ARI,C.Ridley,0.0,0.0,0.0,0.0,0.0,0.0,,0.0,0.0,0.0,0.0,0.0,10.0,5.0,131.0,0.0,168.0,1.0,1.0,18.1,13.1,,,,,,
2025,5,TEN,ARI,C.Ward,41.0,21.0,265.0,0.0,1.0,2.0,QB,5.0,-6.0,0.0,0.0,0.0,0.0,0.0,0.0,0.0,0.0,0.0,0.0,9.0,9.0,,,,,,
2025,5,TEN,ARI,E.Ayomanor,0.0,0.0,0.0,0.0,0.0,0.0,,0.0,0.0,0.0,0.0,0.0,4.0,2.0,18.0,0.0,38.0,0.0,0.0,3.8,1.8,,,,,,
2025,5,TEN,ARI,G.Helm,0.0,0.0,0.0,0.0,0.0,0.0,,0.0,0.0,0.0,0.0,0.0,5.0,4.0,34.0,0.0,31.0,0.0,0.0,7.4,3.4,,,,,,
2025,5,TEN,ARI,J.Chestnut,0.0,0.0,0.0,0.0,0.0,0.0,,1.0,3.0,0.0,0.0,0.0,1.0,0.0,0.0,0.0,13.0,0.0,0.0,0.3,0.3,,,,,,
2025,5,TEN,ARI,T.Lockett,0.0,0.0,0.0,0.0,0.0,0.0,,0.0,0.0,0.0,0.0,0.0,4.0,1.0,6.0,0.0,34.0,0.0,0.0,1.6,0.6,,,,,,
2025,5,TEN,ARI,T.Pollard,0.0,0.0,0.0,0.0,0.0,0.0,,14.0,67.0,1.0,1.0,1.0,3.0,3.0,11.0,0.0,2.0,0.0,0.0,16.8,13.8,,,,,,
2025,5,TEN,ARI,T.Spears,0.0,0.0,0.0,0.0,0.0,0.0,,4.0,14.0,0.0,0.0,0.0,0.0,0.0,0.0,0.0,0.0,0.0,0.0,1.4,1.4,,,,,,
2025,5,WAS,LAC,C.Moore,0.0,0.0,0.0,0.0,0.0,0.0,,0.0,0.0,0.0,0.0,0.0,1.0,0.0,0.0,0.0,13.0,0.0,0.0,0.0,0.0,,,,,,
2025,5,WAS,LAC,C.Rodriguez,0.0,0.0,0.0,0.0,0.0,0.0,,5.0,7.0,0.0,0.0,0.0,0.0,0.0,0.0,0.0,0.0,0.0,0.0,0.7,0.7,,,,,,
2025,5,WAS,LAC,D.Samuel,0.0,0.0,0.0,0.0,0.0,0.0,,0.0,0.0,0.0,0.0,0.0,11.0,8.0,96.0,1.0,104.0,0.0,0.0,23.6,15.6,,,,,,
2025,5,WAS,LAC,J.Bates,0.0,0.0,0.0,0.0,0.0,0.0,,0.0,0.0,0.0,0.0,0.0,1.0,1.0,9.0,0.0,2.0,0.0,0.0,1.9,0.9,,,,,,
2025,5,WAS,LAC,J.Croskey-Merritt,0.0,0.0,0.0,0.0,0.0,0.0,,14.0,111.0,2.0,1.0,1.0,2.0,2.0,39.0,0.0,2.0,0.0,0.0,29.0,27.0,,,,,,
2025,5,WAS,LAC,J.Daniels,27.0,15.0,231.0,1.0,0.0,1.0,QB,8.0,39.0,0.0,0.0,0.0,0.0,0.0,0.0,0.0,0.0,0.0,0.0,17.14,17.14,,,,,,
2025,5,WAS,LAC,J.Lane,0.0,0.0,0.0,0.0,0.0,0.0,,0.0,0.0,0.0,0.0,0.0,2.0,1.0,16.0,0.0,30.0,0.0,0.0,2.6,1.6,,,,,,
2025,5,WAS,LAC,J.McNichols,0.0,0.0,0.0,0.0,0.0,0.0,,1.0,6.0,0.0,0.0,0.0,2.0,1.0,12.0,0.0,-11.0,0.0,0.0,2.8,1.8,,,,,,
2025,5,WAS,LAC,L.McCaffrey,0.0,0.0,0.0,0.0,0.0,0.0,,0.0,0.0,0.0,0.0,0.0,2.0,1.0,50.0,0.0,68.0,0.0,0.0,6.0,5.0,,,,,,
2025,5,WAS,LAC,T.Martin,0.0,0.0,0.0,0.0,0.0,0.0,,0.0,0.0,0.0,0.0,0.0,1.0,1.0,9.0,0.0,4.0,0.0,0.0,1.9,0.9,,,,,,
2025,5,WAS,LAC,Z.Ertz,0.0,0.0,0.0,0.0,0.0,0.0,,0.0,0.0,0.0,0.0,0.0,1.0,0.0,0.0,0.0,9.0,0.0,0.0,0.0,0.0,,,,,,
2025,6,ARI,IND,E.Demercado,0.0,0.0,0.0,0.0,0.0,0.0,,1.0,1.0,0.0,0.0,0.0,1.0,0.0,0.0,0.0,1.0,0.0,0.0,0.1,0.1,,,,,,
2025,6,ARI,IND,E.Higgins,0.0,0.0,0.0,0.0,0.0,0.0,,0.0,0.0,0.0,0.0,0.0,2.0,2.0,34.0,0.0,15.0,0.0,0.0,5.4,3.4,,,,,,
2025,6,ARI,IND,G.Dortch,0.0,0.0,0.0,0.0,0.0,0.0,,0.0,0.0,0.0,0.0,0.0,3.0,3.0,9.0,1.0,2.0,0.0,0.0,9.9,6.9,,,,,,
2025,6,ARI,IND,J.Brissett,46.0,27.0,320.0,2.0,1.0,2.0,QB,3.0,19.0,0.0,0.0,0.0,0.0,0.0,0.0,0.0,0.0,0.0,0.0,21.7,21.7,,,,,,
2025,6,ARI,IND,M.Carter,0.0,0.0,0.0,0.0,0.0,0.0,,9.0,34.0,0.0,0.0,0.0,5.0,2.0,30.0,0.0,44.0,0.0,0.0,8.4,6.4,,,,,,
2025,6,ARI,IND,M.Harrison,0.0,0.0,0.0,0.0,0.0,0.0,,0.0,0.0,0.0,0.0,0.0,2.0,2.0,32.0,0.0,25.0,0.0,0.0,5.2,3.2,,,,,,
2025,6,ARI,IND,Mi.Wilson,0.0,0.0,0.0,0.0,0.0,0.0,,0.0,0.0,0.0,0.0,0.0,5.0,4.0,44.0,0.0,42.0,0.0,0.0,8.4,4.4,,,,,,
2025,6,ARI,IND,T.McBride,0.0,0.0,0.0,0.0,0.0,0.0,,0.0,0.0,0.0,0.0,0.0,11.0,8.0,72.0,1.0,89.0,0.0,0.0,21.2,13.2,,,,,,
2025,6,ARI,IND,Z.Jones,0.0,0.0,0.0,0.0,0.0,0.0,,0.0,0.0,0.0,0.0,0.0,8.0,5.0,79.0,0.0,108.0,0.0,0.0,12.9,7.9,,,,,,
2025,6,ARI,IND,Z.Knight,0.0,0.0,0.0,0.0,0.0,0.0,,11.0,34.0,1.0,0.0,0.0,2.0,1.0,20.0,0.0,6.0,0.0,0.0,12.4,11.4,,,,,,
2025,6,ATL,BUF,B.Robinson,0.0,0.0,0.0,0.0,0.0,0.0,,19.0,170.0,1.0,0.0,0.0,8.0,6.0,68.0,0.0,23.0,0.0,0.0,35.8,29.8,,,,,,
2025,6,ATL,BUF,C.Washington,0.0,0.0,0.0,0.0,0.0,0.0,,0.0,0.0,0.0,0.0,0.0,2.0,0.0,0.0,0.0,36.0,0.0,0.0,0.0,0.0,,,,,,
2025,6,ATL,BUF,D.London,0.0,0.0,0.0,0.0,0.0,0.0,,0.0,0.0,0.0,0.0,0.0,16.0,10.0,158.0,1.0,172.0,0.0,0.0,31.8,21.8,,,,,,
2025,6,ATL,BUF,F.Franks,0.0,0.0,0.0,0.0,0.0,0.0,,1.0,2.0,0.0,0.0,0.0,0.0,0.0,0.0,0.0,0.0,0.0,0.0,0.2,0.2,,,,,,
2025,6,ATL,BUF,K.Pitts,0.0,0.0,0.0,0.0,0.0,0.0,,0.0,0.0,0.0,0.0,0.0,4.0,3.0,18.0,0.0,4.0,0.0,0.0,4.8,1.8,,,,,,
2025,6,ATL,BUF,M.Penix,34.0,20.0,250.0,1.0,0.0,2.0,QB,2.0,6.0,0.0,0.0,0.0,0.0,0.0,0.0,0.0,0.0,0.0,0.0,14.6,14.6,,,,,,
2025,6,ATL,BUF,T.Allgeier,0.0,0.0,0.0,0.0,0.0,0.0,,10.0,32.0,1.0,0.0,0.0,1.0,1.0,6.0,0.0,-8.0,0.0,0.0,10.8,9.8,,,,,,
2025,6,BAL,LA,C.Kolar,0.0,0.0,0.0,0.0,0.0,0.0,,0.0,0.0,0.0,0.0,0.0,1.0,0.0,0.0,0.0,-5.0,0.0,0.0,0.0,0.0,,,,,,
2025,6,BAL,LA,C.Rush,19.0,11.0,72.0,0.0,1.0,0.0,QB,1.0,0.0,0.0,1.0,1.0,0.0,0.0,0.0,0.0,0.0,0.0,0.0,1.88,1.88,,,,,,
2025,6,BAL,LA,D.Henry,0.0,0.0,0.0,0.0,0.0,0.0,,24.0,122.0,0.0,0.0,0.0,2.0,1.0,8.0,0.0,8.0,0.0,0.0,14.0,13.0,,,,,,
2025,6,BAL,LA,D.Hopkins,0.0,0.0,0.0,0.0,0.0,0.0,,0.0,0.0,0.0,0.0,0.0,4.0,2.0,20.0,0.0,58.0,0.0,0.0,4.0,2.0,,,,,,
2025,6,BAL,LA,I.Likely,0.0,0.0,0.0,0.0,0.0,0.0,,0.0,0.0,0.0,0.0,0.0,2.0,2.0,6.0,0.0,8.0,1.0,0.0,2.6,0.6,,,,,,
2025,6,BAL,LA,J.Hill,0.0,0.0,0.0,0.0,0.0,0.0,,6.0,16.0,0.0,0.0,0.0,6.0,5.0,28.0,0.0,12.0,0.0,0.0,9.4,4.4,,,,,,
2025,6,BAL,LA,M.Andrews,0.0,0.0,0.0,0.0,0.0,0.0,,3.0,2.0,0.0,0.0,0.0,6.0,4.0,24.0,0.0,34.0,0.0,0.0,6.6,2.6,,,,,,
2025,6,BAL,LA,R.Bateman,0.0,0.0,0.0,0.0,0.0,0.0,,0.0,0.0,0.0,0.0,0.0,1.0,1.0,8.0,0.0,3.0,0.0,0.0,1.8,0.8,,,,,,
2025,6,BAL,LA,T.Huntley,19.0,10.0,68.0,0.0,0.0,4.0,QB,3.0,39.0,0.0,0.0,0.0,0.0,0.0,0.0,0.0,0.0,0.0,0.0,6.62,6.62,,,,,,
2025,6,BAL,LA,Z.Flowers,0.0,0.0,0.0,0.0,0.0,0.0,,0.0,0.0,0.0,0.0,0.0,10.0,6.0,46.0,0.0,85.0,1.0,1.0,10.6,4.6,,,,,,
2025,6,BUF,ATL,D.Knox,0.0,0.0,0.0,0.0,0.0,0.0,,0.0,0.0,0.0,0.0,0.0,2.0,1.0,19.0,1.0,32.0,0.0,0.0,8.9,7.9,,,,,,
2025,6,BUF,ATL,E.Moore,0.0,0.0,0.0,0.0,0.0,0.0,,0.0,0.0,0.0,0.0,0.0,2.0,0.0,0.0,0.0,29.0,0.0,0.0,0.0,0.0,,,,,,
2025,6,BUF,ATL,J.Allen,30.0,15.0,180.0,2.0,2.0,4.0,QB,6.0,42.0,0.0,2.0,0.0,0.0,0.0,0.0,0.0,0.0,0.0,0.0,17.4,17.4,,,,,,
2025,6,BUF,ATL,J.Cook,0.0,0.0,0.0,0.0,0.0,0.0,,17.0,87.0,0.0,0.0,0.0,0.0,0.0,0.0,0.0,0.0,0.0,0.0,8.7,8.7,,,,,,
2025,6,BUF,ATL,J.Palmer,0.0,0.0,0.0,0.0,0.0,0.0,,0.0,0.0,0.0,0.0,0.0,2.0,2.0,60.0,0.0,55.0,0.0,0.0,8.0,6.0,,,,,,
2025,6,BUF,ATL,K.Coleman,0.0,0.0,0.0,0.0,0.0,0.0,,0.0,0.0,0.0,0.0,0.0,6.0,3.0,11.0,0.0,48.0,0.0,0.0,4.1,1.1,,,,,,
2025,6,BUF,ATL,K.Shakir,0.0,0.0,0.0,0.0,0.0,0.0,,0.0,0.0,0.0,0.0,0.0,5.0,3.0,33.0,0.0,51.0,0.0,0.0,6.3,3.3,,,,,,
2025,6,BUF,ATL,R.Davis,0.0,0.0,0.0,0.0,0.0,0.0,,0.0,0.0,0.0,0.0,0.0,2.0,2.0,19.0,1.0,2.0,0.0,0.0,9.9,7.9,,,,,,
2025,6,BUF,ATL,T.Shavers,0.0,0.0,0.0,0.0,0.0,0.0,,0.0,0.0,0.0,0.0,0.0,5.0,3.0,27.0,0.0,66.0,0.0,0.0,5.7,2.7,,,,,,
2025,6,BUF,ATL,Ty.Johnson,0.0,0.0,0.0,0.0,0.0,0.0,,1.0,5.0,0.0,0.0,0.0,2.0,1.0,0.0,0.0,4.0,0.0,0.0,1.5,0.5,,,,,,
2025,6,CAR,DAL,B.Young,26.0,17.0,199.0,3.0,1.0,1.0,QB,3.0,5.0,0.0,0.0,0.0,0.0,0.0,0.0,0.0,0.0,0.0,0.0,19.46,19.46,,,,,,
2025,6,CAR,DAL,D.Dallas,0.0,0.0,0.0,0.0,0.0,0.0,,1.0,0.0,0.0,0.0,0.0,0.0,0.0,0.0,0.0,0.0,0.0,0.0,0.0,0.0,,,,,,
2025,6,CAR,DAL,H.Renfrow,0.0,0.0,0.0,0.0,0.0,0.0,,0.0,0.0,0.0,0.0,0.0,2.0,1.0,7.0,0.0,13.0,0.0,0.0,1.7,0.7,,,,,,
2025,6,CAR,DAL,Ji.Horn,0.0,0.0,0.0,0.0,0.0,0.0,,1.0,11.0,0.0,0.0,0.0,2.0,2.0,36.0,0.0,23.0,0.0,0.0,6.7,4.7,,,,,,
2025,6,CAR,DAL,M.Evans,0.0,0.0,0.0,0.0,0.0,0.0,,0.0,0.0,0.0,0.0,0.0,1.0,1.0,21.0,0.0,17.0,0.0,0.0,3.1,2.1,,,,,,
2025,6,CAR,DAL,R.Dowdle,0.0,0.0,0.0,0.0,0.0,0.0,,30.0,183.0,0.0,0.0,0.0,5.0,4.0,56.0,1.0,26.0,0.0,0.0,33.9,29.9,,,,,,
2025,6,CAR,DAL,T.Etienne,0.0,0.0,0.0,0.0,0.0,0.0,,3.0,17.0,0.0,0.0,0.0,0.0,0.0,0.0,0.0,0.0,0.0,0.0,1.7,1.7,,,,,,
2025,6,CAR,DAL,T.McMillan,0.0,0.0,0.0,0.0,0.0,0.0,,0.0,0.0,0.0,0.0,0.0,5.0,3.0,29.0,2.0,52.0,0.0,0.0,17.9,14.9,,,,,,
2025,6,CAR,DAL,T.Tremble,0.0,0.0,0.0,0.0,0.0,0.0,,0.0,0.0,0.0,0.0,0.0,4.0,4.0,39.0,0.0,7.0,0.0,0.0,7.9,3.9,,,,,,
2025,6,CAR,DAL,X.Legette,0.0,0.0,0.0,0.0,0.0,0.0,,0.0,0.0,0.0,0.0,0.0,2.0,2.0,11.0,0.0,-1.0,1.0,0.0,3.1,1.1,,,,,,
2025,6,CHI,WAS,C.Kmet,0.0,0.0,0.0,0.0,0.0,0.0,,0.0,0.0,0.0,0.0,0.0,2.0,1.0,0.0,0.0,20.0,0.0,0.0,1.0,0.0,,,,,,
2025,6,CHI,WAS,C.Loveland,0.0,0.0,0.0,0.0,0.0,0.0,,0.0,0.0,0.0,0.0,0.0,3.0,2.0,11.0,0.0,17.0,0.0,0.0,3.1,1.1,,,,,,
2025,6,CHI,WAS,C.Williams,33.0,17.0,252.0,1.0,0.0,3.0,QB,4.0,-2.0,1.0,0.0,0.0,0.0,0.0,0.0,0.0,0.0,0.0,0.0,19.88,19.88,,,,,,
2025,6,CHI,WAS,D.Moore,0.0,0.0,0.0,0.0,0.0,0.0,,2.0,10.0,0.0,0.0,0.0,5.0,3.0,42.0,0.0,53.0,0.0,0.0,8.2,5.2,,,,,,
2025,6,CHI,WAS,D.Swift,0.0,0.0,0.0,0.0,0.0,0.0,,14.0,108.0,0.0,0.0,0.0,3.0,2.0,67.0,1.0,-6.0,0.0,0.0,25.5,23.5,,,,,,
2025,6,CHI,WAS,K.Monangai,0.0,0.0,0.0,0.0,0.0,0.0,,5.0,19.0,0.0,0.0,0.0,1.0,1.0,25.0,0.0,-4.0,0.0,0.0,5.4,4.4,,,,,,
2025,6,CHI,WAS,L.Burden,0.0,0.0,0.0,0.0,0.0,0.0,,0.0,0.0,0.0,0.0,0.0,4.0,4.0,51.0,0.0,15.0,0.0,0.0,9.1,5.1,,,,,,
2025,6,CHI,WAS,O.Zaccheaus,0.0,0.0,0.0,0.0,0.0,0.0,,1.0,4.0,0.0,0.0,0.0,7.0,2.0,24.0,0.0,53.0,0.0,0.0,4.8,2.8,,,,,,
2025,6,CHI,WAS,R.Johnson,0.0,0.0,0.0,0.0,0.0,0.0,,1.0,6.0,0.0,0.0,0.0,0.0,0.0,0.0,0.0,0.0,0.0,0.0,0.6,0.6,,,,,,
2025,6,CHI,WAS,R.Odunze,0.0,0.0,0.0,0.0,0.0,0.0,,0.0,0.0,0.0,0.0,0.0,5.0,2.0,32.0,0.0,98.0,0.0,0.0,5.2,3.2,,,,,,
2025,6,CIN,GB,A.Iosivas,0.0,0.0,0.0,0.0,0.0,0.0,,0.0,0.0,0.0,0.0,0.0,4.0,1.0,5.0,0.0,13.0,0.0,0.0,1.5,0.5,,,,,,
2025,6,CIN,GB,C.Brown,0.0,0.0,0.0,0.0,0.0,0.0,,9.0,42.0,0.0,0.0,0.0,3.0,2.0,7.0,0.0,-3.0,0.0,0.0,6.9,4.9,,,,,,
2025,6,CIN,GB,D.Sample,0.0,0.0,0.0,0.0,0.0,0.0,,0.0,0.0,0.0,0.0,0.0,2.0,1.0,-2.0,0.0,-5.0,0.0,0.0,0.8,-0.2,,,,,,
2025,6,CIN,GB,J.Chase,0.0,0.0,0.0,0.0,0.0,0.0,,1.0,-3.0,0.0,0.0,0.0,12.0,10.0,94.0,1.0,114.0,0.0,0.0,25.1,15.1,,,,,,
2025,6,CIN,GB,J.Flacco,47.0,29.0,219.0,2.0,0.0,1.0,QB,0.0,0.0,0.0,0.0,0.0,0.0,0.0,0.0,0.0,0.0,0.0,0.0,16.76,16.76,,,,,,
2025,6,CIN,GB,N.Fant,0.0,0.0,0.0,0.0,0.0,0.0,,0.0,0.0,0.0,0.0,0.0,4.0,4.0,27.0,0.0,11.0,0.0,0.0,6.7,2.7,,,,,,
2025,6,CIN,GB,S.Perine,0.0,0.0,0.0,0.0,0.0,0.0,,6.0,16.0,0.0,0.0,0.0,3.0,2.0,16.0,0.0,-4.0,0.0,0.0,5.2,3.2,,,,,,
2025,6,CIN,GB,T.Higgins,0.0,0.0,0.0,0.0,0.0,0.0,,0.0,0.0,0.0,0.0,0.0,8.0,5.0,62.0,0.0,106.0,0.0,0.0,11.2,6.2,,,,,,
2025,6,CIN,GB,T.Hudson,0.0,0.0,0.0,0.0,0.0,0.0,,0.0,0.0,0.0,0.0,0.0,5.0,4.0,10.0,1.0,6.0,0.0,0.0,11.0,7.0,,,,,,
2025,6,CLE,PIT,B.Whiteheart,0.0,0.0,0.0,0.0,0.0,0.0,,0.0,0.0,0.0,0.0,0.0,1.0,1.0,0.0,0.0,0.0,0.0,0.0,1.0,0.0,,,,,,
2025,6,CLE,PIT,D.Gabriel,58.0,29.0,221.0,0.0,0.0,6.0,QB,0.0,0.0,0.0,0.0,0.0,0.0,0.0,0.0,0.0,0.0,0.0,0.0,8.84,8.84,,,,,,
2025,6,CLE,PIT,D.Njoku,0.0,0.0,0.0,0.0,0.0,0.0,,0.0,0.0,0.0,0.0,0.0,6.0,3.0,28.0,0.0,49.0,0.0,0.0,5.8,2.8,,,,,,
2025,6,CLE,PIT,D.Sampson,0.0,0.0,0.0,0.0,0.0,0.0,,3.0,12.0,0.0,0.0,0.0,2.0,2.0,12.0,0.0,0.0,0.0,0.0,4.4,2.4,,,,,,
2025,6,CLE,PIT,G.Larvadain,0.0,0.0,0.0,0.0,0.0,0.0,,0.0,0.0,0.0,0.0,0.0,4.0,2.0,22.0,0.0,24.0,0.0,0.0,4.2,2.2,,,,,,
2025,6,CLE,PIT,H.Fannin,0.0,0.0,0.0,0.0,0.0,0.0,,0.0,0.0,0.0,0.0,0.0,10.0,7.0,81.0,0.0,70.0,0.0,0.0,15.1,8.1,,,,,,
2025,6,CLE,PIT,I.Bond,0.0,0.0,0.0,0.0,0.0,0.0,,0.0,0.0,0.0,0.0,0.0,5.0,2.0,9.0,0.0,37.0,0.0,0.0,2.9,0.9,,,,,,
2025,6,CLE,PIT,J.Ford,0.0,0.0,0.0,0.0,0.0,0.0,,2.0,17.0,0.0,0.0,0.0,6.0,5.0,13.0,0.0,-12.0,0.0,0.0,8.0,3.0,,,,,,
2025,6,CLE,PIT,J.Jeudy,0.0,0.0,0.0,0.0,0.0,0.0,,0.0,0.0,0.0,0.0,0.0,13.0,5.0,43.0,0.0,134.0,0.0,0.0,9.3,4.3,,,,,,
2025,6,CLE,PIT,J.Thrash,0.0,0.0,0.0,0.0,0.0,0.0,,0.0,0.0,0.0,0.0,0.0,3.0,2.0,13.0,0.0,9.0,0.0,0.0,3.3,1.3,,,,,,
2025,6,CLE,PIT,Q.Judkins,0.0,0.0,0.0,0.0,0.0,0.0,,12.0,36.0,0.0,0.0,0.0,1.0,0.0,0.0,0.0,0.0,0.0,0.0,3.6,3.6,,,,,,
2025,6,DAL,CAR,B.Spann-Ford,0.0,0.0,0.0,0.0,0.0,0.0,,0.0,0.0,0.0,0.0,0.0,1.0,1.0,2.0,0.0,1.0,0.0,0.0,1.2,0.2,,,,,,
2025,6,DAL,CAR,D.Prescott,34.0,25.0,261.0,3.0,0.0,0.0,QB,2.0,-1.0,0.0,1.0,0.0,0.0,0.0,0.0,0.0,0.0,0.0,0.0,22.34,22.34,,,,,,
2025,6,DAL,CAR,G.Pickens,0.0,0.0,0.0,0.0,0.0,0.0,,0.0,0.0,0.0,0.0,0.0,11.0,9.0,168.0,1.0,120.0,0.0,0.0,31.8,22.8,,,,,,
2025,6,DAL,CAR,H.Luepke,0.0,0.0,0.0,0.0,0.0,0.0,,0.0,0.0,0.0,0.0,0.0,2.0,2.0,7.0,1.0,-3.0,0.0,0.0,8.7,6.7,,,,,,
2025,6,DAL,CAR,J.Blue,0.0,0.0,0.0,0.0,0.0,0.0,,3.0,0.0,0.0,0.0,0.0,0.0,0.0,0.0,0.0,0.0,0.0,0.0,0.0,0.0,,,,,,
2025,6,DAL,CAR,J.Ferguson,0.0,0.0,0.0,0.0,0.0,0.0,,0.0,0.0,0.0,0.0,0.0,3.0,3.0,33.0,1.0,30.0,0.0,0.0,12.3,9.3,,,,,,
2025,6,DAL,CAR,J.Tolbert,0.0,0.0,0.0,0.0,0.0,0.0,,0.0,0.0,0.0,0.0,0.0,1.0,1.0,8.0,0.0,3.0,0.0,0.0,1.8,0.8,,,,,,
2025,6,DAL,CAR,J.Williams,0.0,0.0,0.0,0.0,0.0,0.0,,13.0,29.0,0.0,0.0,0.0,8.0,5.0,5.0,0.0,0.0,0.0,0.0,8.4,3.4,,,,,,
2025,6,DAL,CAR,L.Schoonmaker,0.0,0.0,0.0,0.0,0.0,0.0,,0.0,0.0,0.0,0.0,0.0,2.0,1.0,8.0,0.0,22.0,0.0,0.0,1.8,0.8,,,,,,
2025,6,DAL,CAR,R.Flournoy,0.0,0.0,0.0,0.0,0.0,0.0,,1.0,3.0,0.0,0.0,0.0,6.0,3.0,30.0,0.0,16.0,0.0,0.0,6.3,3.3,,,,,,
2025,6,DEN,NYJ,A.Prentice,0.0,0.0,0.0,0.0,0.0,0.0,,1.0,3.0,0.0,0.0,0.0,0.0,0.0,0.0,0.0,0.0,0.0,0.0,0.3,0.3,,,,,,
2025,6,DEN,NYJ,B.Nix,31.0,19.0,174.0,1.0,0.0,1.0,QB,5.0,24.0,0.0,0.0,0.0,0.0,0.0,0.0,0.0,0.0,0.0,0.0,13.36,13.36,,,,,,
2025,6,DEN,NYJ,C.Sutton,0.0,0.0,0.0,0.0,0.0,0.0,,0.0,0.0,0.0,0.0,0.0,3.0,1.0,17.0,0.0,30.0,0.0,0.0,2.7,1.7,,,,,,
2025,6,DEN,NYJ,E.Engram,0.0,0.0,0.0,0.0,0.0,0.0,,1.0,7.0,0.0,0.0,0.0,6.0,5.0,42.0,0.0,30.0,0.0,0.0,9.9,4.9,,,,,,
2025,6,DEN,NYJ,J.Dobbins,0.0,0.0,0.0,0.0,0.0,0.0,,14.0,40.0,0.0,0.0,0.0,1.0,0.0,0.0,0.0,-4.0,0.0,0.0,4.0,4.0,,,,,,
2025,6,DEN,NYJ,J.McLaughlin,0.0,0.0,0.0,0.0,0.0,0.0,,1.0,0.0,0.0,0.0,0.0,1.0,0.0,0.0,0.0,-5.0,0.0,0.0,0.0,0.0,,,,,,
2025,6,DEN,NYJ,M.Mims,0.0,0.0,0.0,0.0,0.0,0.0,,1.0,-2.0,0.0,1.0,0.0,3.0,2.0,30.0,0.0,59.0,0.0,0.0,4.8,2.8,,,,,,
2025,6,DEN,NYJ,N.Adkins,0.0,0.0,0.0,0.0,0.0,0.0,,0.0,0.0,0.0,0.0,0.0,2.0,2.0,23.0,1.0,17.0,0.0,0.0,10.3,8.3,,,,,,
2025,6,DEN,NYJ,P.Bryant,0.0,0.0,0.0,0.0,0.0,0.0,,0.0,0.0,0.0,0.0,0.0,2.0,2.0,22.0,0.0,10.0,0.0,0.0,4.2,2.2,,,,,,
2025,6,DEN,NYJ,R.Harvey,0.0,0.0,0.0,0.0,0.0,0.0,,2.0,4.0,0.0,0.0,0.0,4.0,4.0,21.0,0.0,-13.0,0.0,0.0,6.5,2.5,,,,,,
2025,6,DEN,NYJ,T.Franklin,0.0,0.0,0.0,0.0,0.0,0.0,,1.0,2.0,0.0,0.0,0.0,4.0,3.0,19.0,0.0,20.0,1.0,1.0,5.1,2.1,,,,,,
2025,6,DET,KC,A.St. Brown,0.0,0.0,0.0,0.0,0.0,0.0,,1.0,2.0,0.0,0.0,0.0,10.0,9.0,45.0,0.0,41.0,1.0,0.0,13.7,4.7,,,,,,
2025,6,DET,KC,D.Montgomery,0.0,0.0,0.0,0.0,0.0,0.0,,4.0,24.0,0.0,0.0,0.0,2.0,2.0,37.0,0.0,-3.0,0.0,0.0,8.1,6.1,,,,,,
2025,6,DET,KC,J.Gibbs,0.0,0.0,0.0,0.0,0.0,0.0,,17.0,65.0,0.0,0.0,0.0,2.0,1.0,-3.0,0.0,8.0,0.0,0.0,7.2,6.2,,,,,,
2025,6,DET,KC,J.Goff,30.0,23.0,203.0,2.0,0.0,1.0,QB,1.0,7.0,0.0,0.0,0.0,0.0,0.0,0.0,0.0,0.0,0.0,0.0,16.82,16.82,,,,,,
2025,6,DET,KC,J.Williams,0.0,0.0,0.0,0.0,0.0,0.0,,0.0,0.0,0.0,0.0,0.0,7.0,6.0,66.0,1.0,34.0,0.0,0.0,18.6,12.6,,,,,,
2025,6,DET,KC,S.LaPorta,0.0,0.0,0.0,0.0,0.0,0.0,,0.0,0.0,0.0,0.0,0.0,6.0,5.0,55.0,1.0,37.0,0.0,0.0,16.5,11.5,,,,,,
2025,6,GB,CIN,B.Melton,0.0,0.0,0.0,0.0,0.0,0.0,,1.0,3.0,0.0,0.0,0.0,0.0,0.0,0.0,0.0,0.0,0.0,0.0,0.3,0.3,,,,,,
2025,6,GB,CIN,C.Brooks,0.0,0.0,0.0,0.0,0.0,0.0,,1.0,1.0,0.0,0.0,0.0,0.0,0.0,0.0,0.0,0.0,0.0,0.0,0.1,0.1,,,,,,
2025,6,GB,CIN,D.Wicks,0.0,0.0,0.0,0.0,0.0,0.0,,0.0,0.0,0.0,0.0,0.0,2.0,2.0,15.0,0.0,11.0,0.0,0.0,3.5,1.5,,,,,,
2025,6,GB,CIN,E.Wilson,0.0,0.0,0.0,0.0,0.0,0.0,,3.0,11.0,0.0,0.0,0.0,1.0,1.0,-4.0,0.0,-5.0,0.0,0.0,1.7,0.7,,,,,,
2025,6,GB,CIN,J.Jacobs,0.0,0.0,0.0,0.0,0.0,0.0,,18.0,93.0,2.0,0.0,0.0,5.0,5.0,57.0,0.0,5.0,0.0,0.0,32.0,27.0,,,,,,
2025,6,GB,CIN,J.Love,27.0,19.0,259.0,1.0,1.0,1.0,QB,7.0,26.0,0.0,0.0,0.0,0.0,0.0,0.0,0.0,0.0,0.0,0.0,15.96,15.96,,,,,,
2025,6,GB,CIN,L.Musgrave,0.0,0.0,0.0,0.0,0.0,0.0,,0.0,0.0,0.0,0.0,0.0,2.0,1.0,7.0,0.0,34.0,0.0,0.0,1.7,0.7,,,,,,
2025,6,GB,CIN,M.Golden,0.0,0.0,0.0,0.0,0.0,0.0,,2.0,16.0,0.0,0.0,0.0,5.0,3.0,86.0,0.0,88.0,0.0,0.0,13.2,10.2,,,,,,
2025,6,GB,CIN,R.Doubs,0.0,0.0,0.0,0.0,0.0,0.0,,0.0,0.0,0.0,0.0,0.0,9.0,5.0,55.0,0.0,89.0,0.0,0.0,10.5,5.5,,,,,,
2025,6,GB,CIN,S.Williams,0.0,0.0,0.0,0.0,0.0,0.0,,1.0,3.0,0.0,0.0,0.0,0.0,0.0,0.0,0.0,0.0,0.0,0.0,0.3,0.3,,,,,,
2025,6,GB,CIN,T.Kraft,0.0,0.0,0.0,0.0,0.0,0.0,,0.0,0.0,0.0,0.0,0.0,2.0,2.0,43.0,1.0,24.0,0.0,0.0,12.3,10.3,,,,,,
2025,6,IND,ARI,A.Abdullah,0.0,0.0,0.0,0.0,0.0,0.0,,1.0,7.0,0.0,0.0,0.0,1.0,1.0,9.0,0.0,-2.0,0.0,0.0,2.6,1.6,,,,,,
2025,6,IND,ARI,A.Pierce,0.0,0.0,0.0,0.0,0.0,0.0,,0.0,0.0,0.0,0.0,0.0,4.0,2.0,48.0,0.0,85.0,0.0,0.0,6.8,4.8,,,,,,
2025,6,IND,ARI,D.Jones,31.0,22.0,212.0,2.0,1.0,1.0,QB,5.0,20.0,1.0,0.0,0.0,0.0,0.0,0.0,0.0,0.0,0.0,0.0,23.48,23.48,,,,,,
2025,6,IND,ARI,J.Downs,0.0,0.0,0.0,0.0,0.0,0.0,,0.0,0.0,0.0,0.0,0.0,7.0,6.0,42.0,1.0,33.0,0.0,0.0,16.2,10.2,,,,,,
2025,6,IND,ARI,J.Taylor,0.0,0.0,0.0,0.0,0.0,0.0,,21.0,123.0,1.0,0.0,0.0,4.0,4.0,14.0,0.0,-1.0,0.0,0.0,23.7,19.7,,,,,,
2025,6,IND,ARI,M.Alie-Cox,0.0,0.0,0.0,0.0,0.0,0.0,,0.0,0.0,0.0,0.0,0.0,2.0,1.0,16.0,0.0,9.0,0.0,0.0,2.6,1.6,,,,,,
2025,6,IND,ARI,M.Pittman,0.0,0.0,0.0,0.0,0.0,0.0,,0.0,0.0,0.0,0.0,0.0,3.0,2.0,20.0,0.0,25.0,0.0,0.0,4.0,2.0,,,,,,
2025,6,IND,ARI,T.Warren,0.0,0.0,0.0,0.0,0.0,0.0,,0.0,0.0,0.0,0.0,0.0,9.0,6.0,63.0,1.0,55.0,0.0,0.0,18.3,12.3,,,,,,
2025,6,JAX,SEA,B.Thomas,0.0,0.0,0.0,0.0,0.0,0.0,,0.0,0.0,0.0,0.0,0.0,10.0,8.0,90.0,1.0,108.0,0.0,0.0,23.0,15.0,,,,,,
2025,6,JAX,SEA,B.Tuten,0.0,0.0,0.0,0.0,0.0,0.0,,3.0,14.0,0.0,0.0,0.0,3.0,2.0,14.0,0.0,6.0,0.0,0.0,4.8,2.8,,,,,,
2025,6,JAX,SEA,D.Brown,0.0,0.0,0.0,0.0,0.0,0.0,,1.0,7.0,0.0,0.0,0.0,5.0,2.0,13.0,0.0,85.0,0.0,0.0,4.0,2.0,,,,,,
2025,6,JAX,SEA,H.Long,0.0,0.0,0.0,0.0,0.0,0.0,,0.0,0.0,0.0,0.0,0.0,3.0,2.0,19.0,0.0,16.0,0.0,0.0,3.9,1.9,,,,,,
2025,6,JAX,SEA,J.Mundt,0.0,0.0,0.0,0.0,0.0,0.0,,0.0,0.0,0.0,0.0,0.0,2.0,1.0,14.0,0.0,11.0,0.0,0.0,2.4,1.4,,,,,,
2025,6,JAX,SEA,L.Allen,0.0,0.0,0.0,0.0,0.0,0.0,,1.0,2.0,0.0,0.0,0.0,2.0,1.0,10.0,0.0,-4.0,0.0,0.0,2.2,1.2,,,,,,
2025,6,JAX,SEA,P.Washington,0.0,0.0,0.0,0.0,0.0,0.0,,0.0,0.0,0.0,0.0,0.0,4.0,2.0,29.0,0.0,70.0,0.0,0.0,4.9,2.9,,,,,,
2025,6,JAX,SEA,T.Etienne,0.0,0.0,0.0,0.0,0.0,0.0,,12.0,27.0,0.0,0.0,0.0,5.0,4.0,28.0,0.0,-13.0,0.0,0.0,9.5,5.5,,,,,,
2025,6,JAX,SEA,T.Hunter,0.0,0.0,0.0,0.0,0.0,0.0,,0.0,0.0,0.0,0.0,0.0,7.0,4.0,15.0,0.0,25.0,0.0,0.0,5.5,1.5,,,,,,
2025,6,JAX,SEA,T.Lawrence,49.0,27.0,258.0,2.0,0.0,7.0,QB,3.0,9.0,0.0,0.0,0.0,0.0,0.0,0.0,0.0,0.0,0.0,0.0,19.22,19.22,,,,,,
2025,6,JAX,SEA,T.Patrick,0.0,0.0,0.0,0.0,0.0,0.0,,0.0,0.0,0.0,0.0,0.0,1.0,1.0,26.0,1.0,16.0,0.0,0.0,9.6,8.6,,,,,,
2025,6,KC,DET,B.Smith,0.0,0.0,0.0,0.0,0.0,0.0,,0.0,0.0,0.0,0.0,0.0,4.0,3.0,21.0,0.0,-6.0,0.0,0.0,5.1,2.1,,,,,,
2025,6,KC,DET,I.Pacheco,0.0,0.0,0.0,0.0,0.0,0.0,,12.0,51.0,0.0,0.0,0.0,3.0,1.0,0.0,0.0,3.0,0.0,0.0,6.1,5.1,,,,,,
2025,6,KC,DET,J.Smith-Schuster,0.0,0.0,0.0,0.0,0.0,0.0,,0.0,0.0,0.0,0.0,0.0,3.0,3.0,57.0,0.0,8.0,0.0,0.0,8.7,5.7,,,,,,
2025,6,KC,DET,K.Hunt,0.0,0.0,0.0,0.0,0.0,0.0,,6.0,23.0,0.0,0.0,0.0,1.0,1.0,11.0,0.0,-4.0,0.0,0.0,4.4,3.4,,,,,,
2025,6,KC,DET,M.Brown,0.0,0.0,0.0,0.0,0.0,0.0,,0.0,0.0,0.0,0.0,0.0,4.0,4.0,45.0,2.0,31.0,0.0,0.0,20.5,16.5,,,,,,
2025,6,KC,DET,N.Gray,0.0,0.0,0.0,0.0,0.0,0.0,,0.0,0.0,0.0,0.0,0.0,2.0,2.0,25.0,0.0,7.0,0.0,0.0,4.5,2.5,,,,,,
2025,6,KC,DET,P.Mahomes,33.0,22.0,257.0,3.0,0.0,3.0,QB,10.0,32.0,1.0,0.0,0.0,0.0,0.0,0.0,0.0,0.0,0.0,0.0,31.48,31.48,,,,,,
2025,6,KC,DET,T.Kelce,0.0,0.0,0.0,0.0,0.0,0.0,,0.0,0.0,0.0,0.0,0.0,7.0,6.0,78.0,0.0,52.0,0.0,0.0,13.8,7.8,,,,,,
2025,6,KC,DET,X.Worthy,0.0,0.0,0.0,0.0,0.0,0.0,,1.0,6.0,0.0,0.0,0.0,4.0,2.0,20.0,1.0,50.0,0.0,0.0,10.6,8.6,,,,,,
2025,6,LA,BAL,B.Corum,0.0,0.0,0.0,0.0,0.0,0.0,,5.0,23.0,0.0,0.0,0.0,0.0,0.0,0.0,0.0,0.0,0.0,0.0,2.3,2.3,,,,,,
2025,6,LA,BAL,D.Adams,0.0,0.0,0.0,0.0,0.0,0.0,,0.0,0.0,0.0,0.0,0.0,9.0,4.0,39.0,0.0,95.0,0.0,0.0,7.9,3.9,,,,,,
2025,6,LA,BAL,D.Allen,0.0,0.0,0.0,0.0,0.0,0.0,,0.0,0.0,0.0,0.0,0.0,2.0,1.0,7.0,0.0,6.0,0.0,0.0,1.7,0.7,,,,,,
2025,6,LA,BAL,J.Whittington,0.0,0.0,0.0,0.0,0.0,0.0,,0.0,0.0,0.0,0.0,0.0,4.0,3.0,23.0,0.0,15.0,0.0,0.0,5.3,2.3,,,,,,
2025,6,LA,BAL,K.Mumpfield,0.0,0.0,0.0,0.0,0.0,0.0,,0.0,0.0,0.0,0.0,0.0,2.0,1.0,7.0,0.0,16.0,0.0,0.0,1.7,0.7,,,,,,
2025,6,LA,BAL,K.Williams,0.0,0.0,0.0,0.0,0.0,0.0,,13.0,50.0,1.0,0.0,0.0,2.0,2.0,37.0,0.0,34.0,0.0,0.0,16.7,14.7,,,,,,
2025,6,LA,BAL,M.Stafford,28.0,17.0,181.0,1.0,0.0,2.0,QB,4.0,1.0,0.0,1.0,0.0,0.0,0.0,0.0,0.0,0.0,0.0,0.0,11.34,11.34,,,,,,
2025,6,LA,BAL,P.Nacua,0.0,0.0,0.0,0.0,0.0,0.0,,0.0,0.0,0.0,0.0,0.0,3.0,2.0,28.0,0.0,38.0,0.0,0.0,4.8,2.8,,,,,,
2025,6,LA,BAL,T.Ferguson,0.0,0.0,0.0,0.0,0.0,0.0,,1.0,0.0,0.0,0.0,0.0,0.0,0.0,0.0,0.0,0.0,0.0,0.0,0.0,0.0,,,,,,
2025,6,LA,BAL,T.Higbee,0.0,0.0,0.0,0.0,0.0,0.0,,0.0,0.0,0.0,0.0,0.0,4.0,4.0,40.0,1.0,25.0,0.0,0.0,14.0,10.0,,,,,,
2025,6,LAC,MIA,H.Haskins,0.0,0.0,0.0,0.0,0.0,0.0,,6.0,14.0,0.0,0.0,0.0,1.0,1.0,9.0,0.0,2.0,0.0,0.0,3.3,2.3,,,,,,
2025,6,LAC,MIA,J.Herbert,39.0,29.0,264.0,2.0,0.0,1.0,QB,1.0,2.0,0.0,0.0,0.0,0.0,0.0,0.0,0.0,0.0,0.0,0.0,18.76,18.76,,,,,,
2025,6,LAC,MIA,K.Allen,0.0,0.0,0.0,0.0,0.0,0.0,,0.0,0.0,0.0,0.0,0.0,7.0,4.0,27.0,0.0,66.0,1.0,0.0,6.7,2.7,,,,,,
2025,6,LAC,MIA,K.Lambert-Smith,0.0,0.0,0.0,0.0,0.0,0.0,,0.0,0.0,0.0,0.0,0.0,2.0,1.0,1.0,0.0,17.0,0.0,0.0,1.1,0.1,,,,,,
2025,6,LAC,MIA,K.Vidal,0.0,0.0,0.0,0.0,0.0,0.0,,18.0,124.0,0.0,0.0,0.0,4.0,3.0,14.0,1.0,-5.0,0.0,0.0,22.8,19.8,,,,,,
2025,6,LAC,MIA,L.McConkey,0.0,0.0,0.0,0.0,0.0,0.0,,0.0,0.0,0.0,0.0,0.0,9.0,7.0,100.0,1.0,64.0,0.0,0.0,23.0,16.0,,,,,,
2025,6,LAC,MIA,O.Gadsden,0.0,0.0,0.0,0.0,0.0,0.0,,0.0,0.0,0.0,0.0,0.0,8.0,7.0,68.0,0.0,43.0,1.0,1.0,13.8,6.8,,,,,,
2025,6,LAC,MIA,T.Harris,0.0,0.0,0.0,0.0,0.0,0.0,,0.0,0.0,0.0,0.0,0.0,5.0,4.0,27.0,0.0,33.0,0.0,0.0,6.7,2.7,,,,,,
2025,6,LAC,MIA,W.Dissly,0.0,0.0,0.0,0.0,0.0,0.0,,0.0,0.0,0.0,0.0,0.0,2.0,2.0,18.0,0.0,0.0,0.0,0.0,3.8,1.8,,,,,,
2025,6,LV,TEN,A.Cappa,0.0,0.0,0.0,0.0,0.0,0.0,,0.0,0.0,0.0,0.0,0.0,1.0,0.0,0.0,0.0,2.0,0.0,0.0,0.0,0.0,,,,,,
2025,6,LV,TEN,A.Jeanty,0.0,0.0,0.0,0.0,0.0,0.0,,23.0,75.0,1.0,0.0,0.0,4.0,2.0,11.0,0.0,-13.0,0.0,0.0,16.6,14.6,,,,,,
2025,6,LV,TEN,G.Smith,25.0,17.0,174.0,1.0,1.0,2.0,QB,4.0,-3.0,0.0,0.0,0.0,0.0,0.0,0.0,0.0,0.0,0.0,0.0,9.66,9.66,,,,,,
2025,6,LV,TEN,I.Thomas,0.0,0.0,0.0,0.0,0.0,0.0,,0.0,0.0,0.0,0.0,0.0,1.0,1.0,4.0,0.0,3.0,0.0,0.0,1.4,0.4,,,,,,
2025,6,LV,TEN,J.Bech,0.0,0.0,0.0,0.0,0.0,0.0,,0.0,0.0,0.0,0.0,0.0,1.0,0.0,0.0,0.0,0.0,0.0,0.0,0.0,0.0,,,,,,
2025,6,LV,TEN,J.Meyers,0.0,0.0,0.0,0.0,0.0,0.0,,0.0,0.0,0.0,0.0,0.0,4.0,4.0,39.0,0.0,34.0,0.0,0.0,7.9,3.9,,,,,,
2025,6,LV,TEN,M.Mayer,0.0,0.0,0.0,0.0,0.0,0.0,,0.0,0.0,0.0,0.0,0.0,7.0,5.0,50.0,1.0,19.0,0.0,0.0,16.0,11.0,,,,,,
2025,6,LV,TEN,R.Mostert,0.0,0.0,0.0,0.0,0.0,0.0,,5.0,-4.0,0.0,0.0,0.0,0.0,0.0,0.0,0.0,0.0,0.0,0.0,-0.4,-0.4,,,,,,
2025,6,LV,TEN,T.Tucker,0.0,0.0,0.0,0.0,0.0,0.0,,0.0,0.0,0.0,0.0,0.0,5.0,5.0,70.0,0.0,13.0,0.0,0.0,12.0,7.0,,,,,,
2025,6,MIA,LAC,A.Ingold,0.0,0.0,0.0,0.0,0.0,0.0,,1.0,3.0,0.0,0.0,0.0,1.0,1.0,22.0,0.0,3.0,0.0,0.0,3.5,2.5,,,,,,
2025,6,MIA,LAC,D.Achane,0.0,0.0,0.0,0.0,0.0,0.0,,16.0,128.0,2.0,0.0,0.0,6.0,4.0,22.0,0.0,0.0,0.0,0.0,31.0,27.0,,,,,,
2025,6,MIA,LAC,D.Eskridge,0.0,0.0,0.0,0.0,0.0,0.0,,0.0,0.0,0.0,0.0,0.0,1.0,0.0,0.0,0.0,16.0,0.0,0.0,0.0,0.0,,,,,,
2025,6,MIA,LAC,D.Waller,0.0,0.0,0.0,0.0,0.0,0.0,,0.0,0.0,0.0,0.0,0.0,3.0,2.0,12.0,1.0,30.0,0.0,0.0,9.2,7.2,,,,,,
2025,6,MIA,LAC,J.Hill,0.0,0.0,0.0,0.0,0.0,0.0,,0.0,0.0,0.0,0.0,0.0,3.0,3.0,31.0,0.0,6.0,0.0,0.0,6.1,3.1,,,,,,
2025,6,MIA,LAC,J.Waddle,1.0,1.0,8.0,0.0,0.0,0.0,QB,0.0,0.0,0.0,0.0,0.0,8.0,6.0,95.0,0.0,120.0,0.0,0.0,15.82,9.82,,,,,,
2025,6,MIA,LAC,M.Washington,0.0,0.0,0.0,0.0,0.0,0.0,,1.0,1.0,0.0,0.0,0.0,5.0,4.0,22.0,0.0,8.0,0.0,0.0,6.3,2.3,,,,,,
2025,6,MIA,LAC,N.Westbrook-Ikhine,0.0,0.0,0.0,0.0,0.0,0.0,,0.0,0.0,0.0,0.0,0.0,1.0,0.0,0.0,0.0,5.0,0.0,0.0,0.0,0.0,,,,,,
2025,6,MIA,LAC,O.Gordon,0.0,0.0,0.0,0.0,0.0,0.0,,2.0,1.0,0.0,0.0,0.0,1.0,1.0,1.0,0.0,-3.0,0.0,0.0,1.2,0.2,,,,,,
2025,6,MIA,LAC,T.Conner,0.0,0.0,0.0,0.0,0.0,0.0,,0.0,0.0,0.0,0.0,0.0,1.0,1.0,8.0,0.0,7.0,0.0,0.0,1.8,0.8,,,,,,
2025,6,MIA,LAC,T.Tagovailoa,34.0,21.0,205.0,1.0,3.0,2.0,QB,1.0,4.0,0.0,0.0,0.0,0.0,0.0,0.0,0.0,0.0,0.0,0.0,9.6,9.6,,,,,,
2025,6,NE,NO,A.Hooper,0.0,0.0,0.0,0.0,0.0,0.0,,0.0,0.0,0.0,0.0,0.0,1.0,1.0,5.0,0.0,4.0,0.0,0.0,1.5,0.5,,,,,,
2025,6,NE,NO,D.Douglas,0.0,0.0,0.0,0.0,0.0,0.0,,0.0,0.0,0.0,0.0,0.0,4.0,3.0,71.0,1.0,53.0,0.0,0.0,16.1,13.1,,,,,,
2025,6,NE,NO,D.Maye,27.0,18.0,261.0,3.0,0.0,1.0,QB,10.0,28.0,0.0,2.0,0.0,0.0,0.0,0.0,0.0,0.0,0.0,0.0,25.24,25.24,,,,,,
2025,6,NE,NO,H.Henry,0.0,0.0,0.0,0.0,0.0,0.0,,0.0,0.0,0.0,0.0,0.0,3.0,3.0,27.0,0.0,13.0,0.0,0.0,5.7,2.7,,,,,,
2025,6,NE,NO,K.Boutte,0.0,0.0,0.0,0.0,0.0,0.0,,0.0,0.0,0.0,0.0,0.0,5.0,5.0,93.0,2.0,82.0,0.0,0.0,26.3,21.3,,,,,,
2025,6,NE,NO,K.Williams,0.0,0.0,0.0,0.0,0.0,0.0,,0.0,0.0,0.0,0.0,0.0,2.0,0.0,0.0,0.0,37.0,0.0,0.0,0.0,0.0,,,,,,
2025,6,NE,NO,M.Hollins,0.0,0.0,0.0,0.0,0.0,0.0,,0.0,0.0,0.0,0.0,0.0,3.0,2.0,28.0,0.0,73.0,0.0,0.0,4.8,2.8,,,,,,
2025,6,NE,NO,R.Stevenson,0.0,0.0,0.0,0.0,0.0,0.0,,13.0,18.0,0.0,0.0,0.0,1.0,0.0,0.0,0.0,3.0,0.0,0.0,1.8,1.8,,,,,,
2025,6,NE,NO,S.Diggs,0.0,0.0,0.0,0.0,0.0,0.0,,0.0,0.0,0.0,0.0,0.0,3.0,3.0,28.0,0.0,14.0,0.0,0.0,5.8,2.8,,,,,,
2025,6,NE,NO,T.Henderson,0.0,0.0,0.0,0.0,0.0,0.0,,9.0,27.0,0.0,0.0,0.0,2.0,1.0,9.0,0.0,-4.0,0.0,0.0,4.6,3.6,,,,,,
2025,6,NO,NE,A.Kamara,0.0,0.0,0.0,0.0,0.0,0.0,,10.0,31.0,0.0,0.0,0.0,5.0,5.0,45.0,0.0,10.0,0.0,0.0,12.6,7.6,,,,,,
2025,6,NO,NE,B.Cooks,0.0,0.0,0.0,0.0,0.0,0.0,,0.0,0.0,0.0,0.0,0.0,1.0,1.0,21.0,0.0,21.0,0.0,0.0,3.1,2.1,,,,,,
2025,6,NO,NE,C.Olave,0.0,0.0,0.0,0.0,0.0,0.0,,0.0,0.0,0.0,0.0,0.0,10.0,6.0,98.0,0.0,123.0,0.0,0.0,15.8,9.8,,,,,,
2025,6,NO,NE,F.Moreau,0.0,0.0,0.0,0.0,0.0,0.0,,0.0,0.0,0.0,0.0,0.0,1.0,1.0,9.0,0.0,3.0,0.0,0.0,1.9,0.9,,,,,,
2025,6,NO,NE,J.Johnson,0.0,0.0,0.0,0.0,0.0,0.0,,0.0,0.0,0.0,0.0,0.0,2.0,2.0,15.0,0.0,4.0,1.0,1.0,3.5,1.5,,,,,,
2025,6,NO,NE,K.Miller,0.0,0.0,0.0,0.0,0.0,0.0,,8.0,21.0,0.0,0.0,0.0,1.0,1.0,11.0,0.0,3.0,0.0,0.0,4.2,3.2,,,,,,
2025,6,NO,NE,R.Shaheed,0.0,0.0,0.0,0.0,0.0,0.0,,0.0,0.0,0.0,0.0,0.0,6.0,4.0,28.0,0.0,57.0,0.0,0.0,6.8,2.8,,,,,,
2025,6,NO,NE,S.Rattler,28.0,20.0,227.0,0.0,0.0,2.0,QB,4.0,20.0,0.0,0.0,0.0,0.0,0.0,0.0,0.0,0.0,0.0,0.0,11.08,11.08,,,,,,
2025,6,NO,NE,T.Hill,0.0,0.0,0.0,0.0,0.0,0.0,,1.0,1.0,1.0,0.0,0.0,0.0,0.0,0.0,0.0,0.0,0.0,0.0,6.1,6.1,,,,,,
2025,6,NYG,PHI,C.Skattebo,0.0,0.0,0.0,0.0,0.0,0.0,,19.0,98.0,3.0,0.0,0.0,2.0,2.0,12.0,0.0,0.0,0.0,0.0,31.0,29.0,,,,,,
2025,6,NYG,PHI,D.Singletary,0.0,0.0,0.0,0.0,0.0,0.0,,3.0,10.0,0.0,0.0,0.0,0.0,0.0,0.0,0.0,0.0,0.0,0.0,1.0,1.0,,,,,,
2025,6,NYG,PHI,J.Dart,27.0,17.0,195.0,1.0,0.0,2.0,QB,13.0,58.0,1.0,0.0,0.0,0.0,0.0,0.0,0.0,0.0,0.0,0.0,23.6,23.6,,,,,,
2025,6,NYG,PHI,J.Hyatt,0.0,0.0,0.0,0.0,0.0,0.0,,0.0,0.0,0.0,0.0,0.0,5.0,3.0,17.0,0.0,33.0,0.0,0.0,4.7,1.7,,,,,,
2025,6,NYG,PHI,L.Humphrey,0.0,0.0,0.0,0.0,0.0,0.0,,0.0,0.0,0.0,0.0,0.0,8.0,4.0,55.0,0.0,118.0,0.0,0.0,9.5,5.5,,,,,,
2025,6,NYG,PHI,R.Wilson,1.0,0.0,0.0,0.0,0.0,0.0,QB,0.0,0.0,0.0,0.0,0.0,0.0,0.0,0.0,0.0,0.0,0.0,0.0,0.0,0.0,,,,,,
2025,6,NYG,PHI,T.Johnson,0.0,0.0,0.0,0.0,0.0,0.0,,0.0,0.0,0.0,0.0,0.0,4.0,2.0,27.0,0.0,39.0,0.0,0.0,4.7,2.7,,,,,,
2025,6,NYG,PHI,T.Tracy,0.0,0.0,0.0,0.0,0.0,0.0,,4.0,6.0,0.0,0.0,0.0,0.0,0.0,0.0,0.0,0.0,0.0,0.0,0.6,0.6,,,,,,
2025,6,NYG,PHI,W.Robinson,0.0,0.0,0.0,0.0,0.0,0.0,,0.0,0.0,0.0,0.0,0.0,7.0,6.0,84.0,1.0,49.0,0.0,0.0,20.4,14.4,,,,,,
2025,6,NYJ,DEN,A.Beck,0.0,0.0,0.0,0.0,0.0,0.0,,0.0,0.0,0.0,0.0,0.0,1.0,1.0,6.0,0.0,2.0,0.0,0.0,1.6,0.6,,,,,,
2025,6,NYJ,DEN,A.Smith,0.0,0.0,0.0,0.0,0.0,0.0,,0.0,0.0,0.0,0.0,0.0,1.0,0.0,0.0,0.0,26.0,0.0,0.0,0.0,0.0,,,,,,
2025,6,NYJ,DEN,B.Hall,0.0,0.0,0.0,0.0,0.0,0.0,,22.0,59.0,0.0,0.0,0.0,0.0,0.0,0.0,0.0,0.0,0.0,0.0,5.9,5.9,,,,,,
2025,6,NYJ,DEN,G.Wilson,0.0,0.0,0.0,0.0,0.0,0.0,,0.0,0.0,0.0,0.0,0.0,8.0,3.0,13.0,0.0,38.0,0.0,0.0,4.3,1.3,,,,,,
2025,6,NYJ,DEN,I.Davis,0.0,0.0,0.0,0.0,0.0,0.0,,2.0,2.0,0.0,0.0,0.0,1.0,1.0,-1.0,0.0,-1.0,0.0,0.0,1.1,0.1,,,,,,
2025,6,NYJ,DEN,J.Fields,26.0,9.0,45.0,0.0,0.0,9.0,QB,7.0,31.0,0.0,1.0,0.0,0.0,0.0,0.0,0.0,0.0,0.0,0.0,4.9,4.9,,,,,,
2025,6,NYJ,DEN,J.Reynolds,0.0,0.0,0.0,0.0,0.0,0.0,,0.0,0.0,0.0,0.0,0.0,3.0,3.0,25.0,0.0,19.0,0.0,0.0,5.5,2.5,,,,,,
2025,6,NYJ,DEN,M.Taylor,0.0,0.0,0.0,0.0,0.0,0.0,,0.0,0.0,0.0,0.0,0.0,1.0,1.0,2.0,0.0,2.0,0.0,0.0,1.2,0.2,,,,,,
2025,6,NYJ,DEN,T.Johnson,0.0,0.0,0.0,0.0,0.0,0.0,,0.0,0.0,0.0,0.0,0.0,1.0,0.0,0.0,0.0,-2.0,0.0,0.0,0.0,0.0,,,,,,
2025,6,PHI,NYG,A.Brown,0.0,0.0,0.0,0.0,0.0,0.0,,0.0,0.0,0.0,0.0,0.0,9.0,6.0,80.0,0.0,109.0,0.0,0.0,14.0,8.0,,,,,,
2025,6,PHI,NYG,A.Dillon,0.0,0.0,0.0,0.0,0.0,0.0,,1.0,2.0,0.0,0.0,0.0,2.0,2.0,18.0,0.0,9.0,1.0,1.0,4.0,2.0,,,,,,
2025,6,PHI,NYG,D.Goedert,0.0,0.0,0.0,0.0,0.0,0.0,,0.0,0.0,0.0,0.0,0.0,11.0,9.0,110.0,1.0,107.0,0.0,0.0,26.0,17.0,,,,,,
2025,6,PHI,NYG,D.Smith,0.0,0.0,0.0,0.0,0.0,0.0,,0.0,0.0,0.0,0.0,0.0,5.0,4.0,49.0,0.0,57.0,0.0,0.0,8.9,4.9,,,,,,
2025,6,PHI,NYG,J.Dotson,0.0,0.0,0.0,0.0,0.0,0.0,,0.0,0.0,0.0,0.0,0.0,2.0,1.0,17.0,0.0,18.0,0.0,0.0,2.7,1.7,,,,,,
2025,6,PHI,NYG,J.Hurts,36.0,24.0,283.0,1.0,1.0,3.0,QB,7.0,13.0,1.0,0.0,0.0,0.0,0.0,0.0,0.0,0.0,0.0,0.0,21.62,21.62,,,,,,
2025,6,PHI,NYG,S.Barkley,0.0,0.0,0.0,0.0,0.0,0.0,,12.0,58.0,0.0,0.0,0.0,3.0,2.0,9.0,0.0,-2.0,0.0,0.0,8.7,6.7,,,,,,
2025,6,PIT,CLE,A.Rodgers,30.0,21.0,235.0,2.0,0.0,0.0,QB,1.0,1.0,0.0,0.0,0.0,0.0,0.0,0.0,0.0,0.0,0.0,0.0,17.5,17.5,,,,,,
2025,6,PIT,CLE,Co.Heyward,0.0,0.0,0.0,0.0,0.0,0.0,,0.0,0.0,0.0,0.0,0.0,1.0,1.0,12.0,1.0,12.0,0.0,0.0,8.2,7.2,,,,,,
2025,6,PIT,CLE,D.Metcalf,0.0,0.0,0.0,0.0,0.0,0.0,,0.0,0.0,0.0,0.0,0.0,9.0,4.0,95.0,1.0,151.0,0.0,0.0,19.5,15.5,,,,,,
2025,6,PIT,CLE,D.Washington,0.0,0.0,0.0,0.0,0.0,0.0,,0.0,0.0,0.0,0.0,0.0,5.0,3.0,62.0,0.0,41.0,1.0,0.0,9.2,6.2,,,,,,
2025,6,PIT,CLE,J.Smith,0.0,0.0,0.0,0.0,0.0,0.0,,1.0,10.0,0.0,0.0,0.0,4.0,3.0,18.0,0.0,16.0,0.0,0.0,5.8,2.8,,,,,,
2025,6,PIT,CLE,J.Warren,0.0,0.0,0.0,0.0,0.0,0.0,,11.0,52.0,0.0,0.0,0.0,2.0,2.0,11.0,0.0,9.0,0.0,0.0,8.3,6.3,,,,,,
2025,6,PIT,CLE,K.Gainwell,0.0,0.0,0.0,0.0,0.0,0.0,,6.0,22.0,0.0,0.0,0.0,6.0,6.0,14.0,0.0,-11.0,0.0,0.0,9.6,3.6,,,,,,
2025,6,PIT,CLE,K.Johnson,0.0,0.0,0.0,0.0,0.0,0.0,,6.0,15.0,0.0,0.0,0.0,0.0,0.0,0.0,0.0,0.0,0.0,0.0,1.5,1.5,,,,,,
2025,6,PIT,CLE,M.Rudolph,0.0,0.0,0.0,0.0,0.0,0.0,,3.0,0.0,0.0,0.0,0.0,0.0,0.0,0.0,0.0,0.0,0.0,0.0,0.0,0.0,,,,,,
2025,6,PIT,CLE,P.Freiermuth,0.0,0.0,0.0,0.0,0.0,0.0,,0.0,0.0,0.0,0.0,0.0,1.0,1.0,11.0,0.0,4.0,0.0,0.0,2.1,1.1,,,,,,
2025,6,PIT,CLE,R.Wilson,0.0,0.0,0.0,0.0,0.0,0.0,,0.0,0.0,0.0,0.0,0.0,1.0,1.0,12.0,0.0,5.0,0.0,0.0,2.2,1.2,,,,,,
2025,6,SEA,JAX,A.Barner,0.0,0.0,0.0,0.0,0.0,0.0,,0.0,0.0,0.0,0.0,0.0,3.0,3.0,71.0,0.0,40.0,0.0,0.0,10.1,7.1,,,,,,
2025,6,SEA,JAX,C.Kupp,0.0,0.0,0.0,0.0,0.0,0.0,,0.0,0.0,0.0,0.0,0.0,3.0,2.0,40.0,1.0,48.0,0.0,0.0,12.0,10.0,,,,,,
2025,6,SEA,JAX,E.Arroyo,0.0,0.0,0.0,0.0,0.0,0.0,,0.0,0.0,0.0,0.0,0.0,2.0,1.0,6.0,0.0,21.0,0.0,0.0,1.6,0.6,,,,,,
2025,6,SEA,JAX,J.Smith-Njigba,0.0,0.0,0.0,0.0,0.0,0.0,,0.0,0.0,0.0,0.0,0.0,13.0,8.0,162.0,1.0,176.0,0.0,0.0,30.2,22.2,,,,,,
2025,6,SEA,JAX,K.Walker,0.0,0.0,0.0,0.0,0.0,0.0,,10.0,34.0,0.0,0.0,0.0,1.0,1.0,3.0,0.0,3.0,0.0,0.0,4.7,3.7,,,,,,
2025,6,SEA,JAX,S.Darnold,28.0,16.0,295.0,2.0,0.0,1.0,QB,4.0,2.0,0.0,0.0,0.0,0.0,0.0,0.0,0.0,0.0,0.0,0.0,20.0,20.0,,,,,,
2025,6,SEA,JAX,T.Horton,0.0,0.0,0.0,0.0,0.0,0.0,,0.0,0.0,0.0,0.0,0.0,1.0,0.0,0.0,0.0,41.0,0.0,0.0,0.0,0.0,,,,,,
2025,6,SEA,JAX,Z.Charbonnet,0.0,0.0,0.0,0.0,0.0,0.0,,12.0,24.0,0.0,0.0,0.0,1.0,1.0,13.0,0.0,3.0,0.0,0.0,4.7,3.7,,,,,,
2025,6,SF,TB,B.Robinson,0.0,0.0,0.0,0.0,0.0,0.0,,0.0,0.0,0.0,0.0,0.0,3.0,3.0,8.0,0.0,2.0,0.0,0.0,3.8,0.8,,,,,,
2025,6,SF,TB,C.McCaffrey,0.0,0.0,0.0,0.0,0.0,0.0,,17.0,54.0,1.0,0.0,0.0,8.0,7.0,57.0,0.0,21.0,0.0,0.0,24.1,17.1,,,,,,
2025,6,SF,TB,D.Robinson,0.0,0.0,0.0,0.0,0.0,0.0,,0.0,0.0,0.0,0.0,0.0,3.0,2.0,44.0,0.0,51.0,0.0,0.0,6.4,4.4,,,,,,
2025,6,SF,TB,J.Jennings,0.0,0.0,0.0,0.0,0.0,0.0,,0.0,0.0,0.0,0.0,0.0,3.0,1.0,7.0,0.0,50.0,0.0,0.0,1.7,0.7,,,,,,
2025,6,SF,TB,J.Tonges,0.0,0.0,0.0,0.0,0.0,0.0,,0.0,0.0,0.0,0.0,0.0,7.0,6.0,58.0,0.0,37.0,0.0,0.0,11.8,5.8,,,,,,
2025,6,SF,TB,K.Bourne,0.0,0.0,0.0,0.0,0.0,0.0,,0.0,0.0,0.0,0.0,0.0,9.0,5.0,142.0,0.0,137.0,0.0,0.0,19.2,14.2,,,,,,
2025,6,SF,TB,K.Juszczyk,0.0,0.0,0.0,0.0,0.0,0.0,,0.0,0.0,0.0,0.0,0.0,1.0,1.0,9.0,0.0,6.0,0.0,0.0,1.9,0.9,,,,,,
2025,6,SF,TB,M.Jones,45.0,27.0,347.0,0.0,2.0,6.0,QB,5.0,13.0,0.0,0.0,0.0,0.0,0.0,0.0,0.0,0.0,0.0,0.0,13.18,13.18,,,,,,
2025,6,SF,TB,M.Valdes-Scantling,0.0,0.0,0.0,0.0,0.0,0.0,,0.0,0.0,0.0,0.0,0.0,3.0,2.0,22.0,0.0,36.0,0.0,0.0,4.2,2.2,,,,,,
2025,6,TB,SF,B.Mayfield,24.0,17.0,256.0,2.0,0.0,1.0,QB,3.0,14.0,0.0,1.0,0.0,0.0,0.0,0.0,0.0,0.0,0.0,0.0,19.64,19.64,,,,,,
2025,6,TB,SF,C.Otton,0.0,0.0,0.0,0.0,0.0,0.0,,0.0,0.0,0.0,0.0,0.0,6.0,5.0,51.0,0.0,25.0,0.0,0.0,10.1,5.1,,,,,,
2025,6,TB,SF,E.Egbuka,0.0,0.0,0.0,0.0,0.0,0.0,,0.0,0.0,0.0,0.0,0.0,4.0,2.0,24.0,0.0,46.0,0.0,0.0,4.4,2.4,,,,,,
2025,6,TB,SF,K.Johnson,0.0,0.0,0.0,0.0,0.0,0.0,,0.0,0.0,0.0,0.0,0.0,4.0,4.0,64.0,1.0,44.0,0.0,0.0,16.4,12.4,,,,,,
2025,6,TB,SF,R.White,0.0,0.0,0.0,0.0,0.0,0.0,,18.0,65.0,1.0,0.0,0.0,3.0,3.0,21.0,0.0,-4.0,0.0,0.0,17.6,14.6,,,,,,
2025,6,TB,SF,S.Shepard,0.0,0.0,0.0,0.0,0.0,0.0,,0.0,0.0,0.0,0.0,0.0,3.0,2.0,51.0,0.0,41.0,0.0,0.0,7.1,5.1,,,,,,
2025,6,TB,SF,S.Tucker,0.0,0.0,0.0,0.0,0.0,0.0,,6.0,25.0,1.0,0.0,0.0,0.0,0.0,0.0,0.0,0.0,0.0,0.0,8.5,8.5,,,,,,
2025,6,TB,SF,T.Johnson,0.0,0.0,0.0,0.0,0.0,0.0,,0.0,0.0,0.0,0.0,0.0,3.0,1.0,45.0,1.0,87.0,0.0,0.0,11.5,10.5,,,,,,
2025,6,TEN,LV,C.Dike,0.0,0.0,0.0,0.0,0.0,0.0,,0.0,0.0,0.0,0.0,0.0,3.0,2.0,8.0,0.0,2.0,0.0,0.0,2.8,0.8,,,,,,
2025,6,TEN,LV,C.Okonkwo,0.0,0.0,0.0,0.0,0.0,0.0,,0.0,0.0,0.0,0.0,0.0,6.0,6.0,46.0,0.0,7.0,0.0,0.0,10.6,4.6,,,,,,
2025,6,TEN,LV,C.Ridley,0.0,0.0,0.0,0.0,0.0,0.0,,0.0,0.0,0.0,0.0,0.0,1.0,1.0,18.0,0.0,14.0,0.0,0.0,2.8,1.8,,,,,,
2025,6,TEN,LV,C.Ward,44.0,26.0,222.0,1.0,1.0,6.0,QB,0.0,0.0,0.0,0.0,0.0,0.0,0.0,0.0,0.0,0.0,0.0,0.0,11.88,11.88,,,,,,
2025,6,TEN,LV,D.Martin-Robinson,0.0,0.0,0.0,0.0,0.0,0.0,,0.0,0.0,0.0,0.0,0.0,1.0,1.0,1.0,1.0,1.0,0.0,0.0,7.1,6.1,,,,,,
2025,6,TEN,LV,E.Ayomanor,0.0,0.0,0.0,0.0,0.0,0.0,,0.0,0.0,0.0,0.0,0.0,5.0,3.0,27.0,0.0,84.0,0.0,0.0,5.7,2.7,,,,,,
2025,6,TEN,LV,G.Helm,0.0,0.0,0.0,0.0,0.0,0.0,,0.0,0.0,0.0,0.0,0.0,3.0,2.0,15.0,0.0,19.0,0.0,0.0,3.5,1.5,,,,,,
2025,6,TEN,LV,T.Lockett,0.0,0.0,0.0,0.0,0.0,0.0,,0.0,0.0,0.0,0.0,0.0,3.0,1.0,0.0,0.0,27.0,0.0,0.0,1.0,0.0,,,,,,
2025,6,TEN,LV,T.Pollard,0.0,0.0,0.0,0.0,0.0,0.0,,10.0,34.0,0.0,0.0,0.0,2.0,2.0,13.0,0.0,5.0,0.0,0.0,6.7,4.7,,,,,,
2025,6,TEN,LV,T.Spears,0.0,0.0,0.0,0.0,0.0,0.0,,5.0,31.0,0.0,0.0,0.0,4.0,4.0,19.0,0.0,-13.0,0.0,0.0,9.0,5.0,,,,,,
2025,6,TEN,LV,V.Jefferson,0.0,0.0,0.0,0.0,0.0,0.0,,0.0,0.0,0.0,0.0,0.0,6.0,4.0,75.0,0.0,118.0,0.0,0.0,11.5,7.5,,,,,,
2025,6,WAS,CHI,C.Moore,0.0,0.0,0.0,0.0,0.0,0.0,,0.0,0.0,0.0,0.0,0.0,5.0,3.0,46.0,1.0,56.0,0.0,0.0,13.6,10.6,,,,,,
2025,6,WAS,CHI,D.Samuel,0.0,0.0,0.0,0.0,0.0,0.0,,1.0,-1.0,0.0,0.0,0.0,5.0,4.0,15.0,0.0,24.0,0.0,0.0,5.4,1.4,,,,,,
2025,6,WAS,CHI,J.Croskey-Merritt,0.0,0.0,0.0,0.0,0.0,0.0,,17.0,61.0,0.0,1.0,1.0,1.0,1.0,7.0,0.0,5.0,0.0,0.0,7.8,6.8,,,,,,
2025,6,WAS,CHI,J.Daniels,29.0,19.0,211.0,3.0,1.0,3.0,QB,10.0,52.0,0.0,1.0,1.0,0.0,0.0,0.0,0.0,0.0,0.0,0.0,24.64,24.64,,,,,,
2025,6,WAS,CHI,J.Lane,0.0,0.0,0.0,0.0,0.0,0.0,,1.0,7.0,0.0,0.0,0.0,2.0,1.0,37.0,0.0,31.0,0.0,0.0,5.4,4.4,,,,,,
2025,6,WAS,CHI,J.McNichols,0.0,0.0,0.0,0.0,0.0,0.0,,2.0,5.0,0.0,0.0,0.0,4.0,3.0,30.0,0.0,10.0,0.0,0.0,6.5,3.5,,,,,,
2025,6,WAS,CHI,L.McCaffrey,0.0,0.0,0.0,0.0,0.0,0.0,,0.0,0.0,0.0,0.0,0.0,1.0,1.0,33.0,1.0,20.0,0.0,0.0,10.3,9.3,,,,,,
2025,6,WAS,CHI,Z.Ertz,0.0,0.0,0.0,0.0,0.0,0.0,,0.0,0.0,0.0,0.0,0.0,6.0,6.0,43.0,1.0,32.0,0.0,0.0,16.3,10.3,,,,,,
2025,7,ARI,GB,D.Johnson,0.0,0.0,0.0,0.0,0.0,0.0,,1.0,0.0,0.0,0.0,0.0,0.0,0.0,0.0,0.0,0.0,0.0,0.0,0.0,0.0,,,,,,
2025,7,ARI,GB,E.Higgins,0.0,0.0,0.0,0.0,0.0,0.0,,0.0,0.0,0.0,0.0,0.0,1.0,1.0,3.0,0.0,-6.0,0.0,0.0,1.3,0.3,,,,,,
2025,7,ARI,GB,G.Dortch,0.0,0.0,0.0,0.0,0.0,0.0,,0.0,0.0,0.0,0.0,0.0,2.0,2.0,5.0,0.0,-6.0,0.0,0.0,2.5,0.5,,,,,,
2025,7,ARI,GB,J.Brissett,42.0,25.0,279.0,2.0,0.0,6.0,QB,6.0,26.0,0.0,0.0,0.0,0.0,0.0,0.0,0.0,0.0,0.0,0.0,21.76,21.76,,,,,,
2025,7,ARI,GB,M.Carter,0.0,0.0,0.0,0.0,0.0,0.0,,7.0,11.0,0.0,0.0,0.0,2.0,2.0,25.0,0.0,5.0,0.0,0.0,5.6,3.6,,,,,,
2025,7,ARI,GB,M.Harrison,0.0,0.0,0.0,0.0,0.0,0.0,,0.0,0.0,0.0,0.0,0.0,6.0,2.0,58.0,0.0,115.0,0.0,0.0,7.8,5.8,,,,,,
2025,7,ARI,GB,Mi.Wilson,0.0,0.0,0.0,0.0,0.0,0.0,,0.0,0.0,0.0,0.0,0.0,4.0,3.0,40.0,0.0,35.0,0.0,0.0,7.0,4.0,,,,,,
2025,7,ARI,GB,T.McBride,0.0,0.0,0.0,0.0,0.0,0.0,,0.0,0.0,0.0,0.0,0.0,13.0,10.0,74.0,2.0,78.0,0.0,0.0,29.4,19.4,,,,,,
2025,7,ARI,GB,Z.Jones,0.0,0.0,0.0,0.0,0.0,0.0,,0.0,0.0,0.0,0.0,0.0,2.0,2.0,67.0,0.0,56.0,0.0,0.0,8.7,6.7,,,,,,
2025,7,ARI,GB,Z.Knight,0.0,0.0,0.0,0.0,0.0,0.0,,14.0,57.0,0.0,0.0,0.0,4.0,3.0,7.0,0.0,-2.0,0.0,0.0,9.4,6.4,,,,,,
2025,7,ATL,SF,B.Robinson,0.0,0.0,0.0,0.0,0.0,0.0,,14.0,40.0,0.0,0.0,0.0,8.0,6.0,52.0,1.0,3.0,0.0,0.0,21.2,15.2,,,,,,
2025,7,ATL,SF,C.Washington,0.0,0.0,0.0,0.0,0.0,0.0,,0.0,0.0,0.0,0.0,0.0,2.0,1.0,17.0,0.0,35.0,0.0,0.0,2.7,1.7,,,,,,
2025,7,ATL,SF,C.Woerner,0.0,0.0,0.0,0.0,0.0,0.0,,0.0,0.0,0.0,0.0,0.0,1.0,0.0,0.0,0.0,-1.0,0.0,0.0,0.0,0.0,,,,,,
2025,7,ATL,SF,D.London,0.0,0.0,0.0,0.0,0.0,0.0,,0.0,0.0,0.0,0.0,0.0,10.0,4.0,42.0,0.0,110.0,0.0,0.0,8.2,4.2,,,,,,
2025,7,ATL,SF,D.Mooney,0.0,0.0,0.0,0.0,0.0,0.0,,0.0,0.0,0.0,0.0,0.0,5.0,3.0,68.0,0.0,126.0,0.0,0.0,9.8,6.8,,,,,,
2025,7,ATL,SF,K.Pitts,0.0,0.0,0.0,0.0,0.0,0.0,,0.0,0.0,0.0,0.0,0.0,10.0,7.0,62.0,0.0,76.0,0.0,0.0,13.2,6.2,,,,,,
2025,7,ATL,SF,M.Penix,40.0,21.0,241.0,1.0,0.0,2.0,QB,2.0,6.0,0.0,0.0,0.0,0.0,0.0,0.0,0.0,0.0,0.0,0.0,14.24,14.24,,,,,,
2025,7,ATL,SF,T.Allgeier,0.0,0.0,0.0,0.0,0.0,0.0,,4.0,16.0,0.0,0.0,0.0,0.0,0.0,0.0,0.0,0.0,0.0,0.0,1.6,1.6,,,,,,
2025,7,CAR,NYJ,A.Dalton,8.0,4.0,60.0,0.0,0.0,1.0,QB,2.0,-2.0,0.0,0.0,0.0,0.0,0.0,0.0,0.0,0.0,0.0,0.0,2.2,2.2,,,,,,
2025,7,CAR,NYJ,B.Young,26.0,15.0,138.0,1.0,0.0,1.0,QB,2.0,10.0,0.0,0.0,0.0,0.0,0.0,0.0,0.0,0.0,0.0,0.0,10.52,10.52,,,,,,
2025,7,CAR,NYJ,C.Hubbard,0.0,0.0,0.0,0.0,0.0,0.0,,14.0,31.0,0.0,0.0,0.0,3.0,2.0,24.0,0.0,-12.0,0.0,0.0,7.5,5.5,,,,,,
2025,7,CAR,NYJ,J.Coker,0.0,0.0,0.0,0.0,0.0,0.0,,0.0,0.0,0.0,0.0,0.0,2.0,0.0,0.0,0.0,35.0,0.0,0.0,0.0,0.0,,,,,,
2025,7,CAR,NYJ,J.Sanders,0.0,0.0,0.0,0.0,0.0,0.0,,0.0,0.0,0.0,0.0,0.0,2.0,0.0,0.0,0.0,20.0,0.0,0.0,0.0,0.0,,,,,,
2025,7,CAR,NYJ,Ji.Horn,0.0,0.0,0.0,0.0,0.0,0.0,,1.0,7.0,0.0,0.0,0.0,2.0,1.0,8.0,0.0,28.0,0.0,0.0,2.5,1.5,,,,,,
2025,7,CAR,NYJ,M.Evans,0.0,0.0,0.0,0.0,0.0,0.0,,0.0,0.0,0.0,0.0,0.0,3.0,2.0,24.0,0.0,11.0,0.0,0.0,4.4,2.4,,,,,,
2025,7,CAR,NYJ,R.Dowdle,0.0,0.0,0.0,0.0,0.0,0.0,,17.0,79.0,0.0,0.0,0.0,2.0,1.0,17.0,0.0,-7.0,0.0,0.0,10.6,9.6,,,,,,
2025,7,CAR,NYJ,T.McMillan,0.0,0.0,0.0,0.0,0.0,0.0,,0.0,0.0,0.0,0.0,0.0,5.0,3.0,33.0,0.0,50.0,1.0,0.0,6.3,3.3,,,,,,
2025,7,CAR,NYJ,T.Tremble,0.0,0.0,0.0,0.0,0.0,0.0,,0.0,0.0,0.0,0.0,0.0,1.0,1.0,0.0,0.0,0.0,0.0,0.0,1.0,0.0,,,,,,
2025,7,CAR,NYJ,X.Legette,0.0,0.0,0.0,0.0,0.0,0.0,,0.0,0.0,0.0,0.0,0.0,11.0,9.0,92.0,1.0,102.0,0.0,0.0,24.2,15.2,,,,,,
2025,7,CHI,NO,C.Kmet,0.0,0.0,0.0,0.0,0.0,0.0,,0.0,0.0,0.0,0.0,0.0,1.0,1.0,16.0,0.0,16.0,0.0,0.0,2.6,1.6,,,,,,
2025,7,CHI,NO,C.Loveland,0.0,0.0,0.0,0.0,0.0,0.0,,0.0,0.0,0.0,0.0,0.0,4.0,3.0,24.0,0.0,25.0,0.0,0.0,5.4,2.4,,,,,,
2025,7,CHI,NO,C.Williams,27.0,15.0,172.0,0.0,1.0,1.0,QB,4.0,-2.0,0.0,2.0,0.0,0.0,0.0,0.0,0.0,0.0,0.0,0.0,5.68,5.68,,,,,,
2025,7,CHI,NO,D.Moore,0.0,0.0,0.0,0.0,0.0,0.0,,1.0,9.0,0.0,0.0,0.0,5.0,3.0,43.0,0.0,32.0,0.0,0.0,8.2,5.2,,,,,,
2025,7,CHI,NO,D.Swift,0.0,0.0,0.0,0.0,0.0,0.0,,19.0,124.0,1.0,0.0,0.0,1.0,1.0,14.0,0.0,-9.0,0.0,0.0,20.8,19.8,,,,,,
2025,7,CHI,NO,K.Monangai,0.0,0.0,0.0,0.0,0.0,0.0,,13.0,81.0,1.0,0.0,0.0,3.0,2.0,13.0,0.0,1.0,0.0,0.0,17.4,15.4,,,,,,
2025,7,CHI,NO,L.Burden,0.0,0.0,0.0,0.0,0.0,0.0,,1.0,-1.0,0.0,0.0,0.0,2.0,1.0,22.0,0.0,39.0,0.0,0.0,3.1,2.1,,,,,,
2025,7,CHI,NO,O.Zaccheaus,0.0,0.0,0.0,0.0,0.0,0.0,,1.0,0.0,0.0,0.0,0.0,3.0,2.0,9.0,0.0,14.0,0.0,0.0,2.9,0.9,,,,,,
2025,7,CHI,NO,R.Johnson,0.0,0.0,0.0,0.0,0.0,0.0,,1.0,11.0,0.0,0.0,0.0,0.0,0.0,0.0,0.0,0.0,0.0,0.0,1.1,1.1,,,,,,
2025,7,CHI,NO,R.Odunze,0.0,0.0,0.0,0.0,0.0,0.0,,0.0,0.0,0.0,0.0,0.0,6.0,2.0,31.0,0.0,81.0,0.0,0.0,5.1,3.1,,,,,,
2025,7,CIN,PIT,A.Iosivas,0.0,0.0,0.0,0.0,0.0,0.0,,0.0,0.0,0.0,0.0,0.0,4.0,3.0,49.0,0.0,48.0,0.0,0.0,7.9,4.9,,,,,,
2025,7,CIN,PIT,C.Brown,0.0,0.0,0.0,0.0,0.0,0.0,,11.0,108.0,0.0,0.0,0.0,4.0,2.0,-8.0,0.0,-8.0,0.0,0.0,12.0,10.0,,,,,,
2025,7,CIN,PIT,J.Chase,0.0,0.0,0.0,0.0,0.0,0.0,,0.0,0.0,0.0,0.0,0.0,23.0,16.0,161.0,1.0,160.0,0.0,0.0,38.1,22.1,,,,,,
2025,7,CIN,PIT,J.Flacco,49.0,31.0,342.0,3.0,0.0,2.0,QB,5.0,3.0,0.0,0.0,0.0,0.0,0.0,0.0,0.0,0.0,0.0,0.0,25.98,25.98,,,,,,
2025,7,CIN,PIT,N.Fant,0.0,0.0,0.0,0.0,0.0,0.0,,0.0,0.0,0.0,0.0,0.0,4.0,4.0,44.0,1.0,13.0,0.0,0.0,14.4,10.4,,,,,,
2025,7,CIN,PIT,S.Perine,0.0,0.0,0.0,0.0,0.0,0.0,,7.0,31.0,0.0,0.0,0.0,0.0,0.0,0.0,0.0,0.0,0.0,0.0,3.1,3.1,,,,,,
2025,7,CIN,PIT,T.Higgins,0.0,0.0,0.0,0.0,0.0,0.0,,0.0,0.0,0.0,0.0,0.0,10.0,6.0,96.0,1.0,108.0,0.0,0.0,21.6,15.6,,,,,,
2025,7,CLE,MIA,B.Whiteheart,0.0,0.0,0.0,0.0,0.0,0.0,,0.0,0.0,0.0,0.0,0.0,1.0,1.0,4.0,0.0,3.0,1.0,0.0,1.4,0.4,,,,,,
2025,7,CLE,MIA,D.Gabriel,20.0,13.0,116.0,0.0,0.0,2.0,QB,4.0,12.0,0.0,0.0,0.0,0.0,0.0,0.0,0.0,0.0,0.0,0.0,5.84,5.84,,,,,,
2025,7,CLE,MIA,D.Sampson,0.0,0.0,0.0,0.0,0.0,0.0,,3.0,8.0,0.0,0.0,0.0,1.0,1.0,9.0,0.0,-5.0,0.0,0.0,2.7,1.7,,,,,,
2025,7,CLE,MIA,G.Larvadain,0.0,0.0,0.0,0.0,0.0,0.0,,0.0,0.0,0.0,0.0,0.0,1.0,0.0,0.0,0.0,5.0,0.0,0.0,0.0,0.0,,,,,,
2025,7,CLE,MIA,H.Fannin,0.0,0.0,0.0,0.0,0.0,0.0,,0.0,0.0,0.0,0.0,0.0,5.0,4.0,36.0,0.0,19.0,0.0,0.0,7.6,3.6,,,,,,
2025,7,CLE,MIA,J.Ford,0.0,0.0,0.0,0.0,0.0,0.0,,1.0,0.0,0.0,0.0,0.0,2.0,2.0,10.0,0.0,-1.0,0.0,0.0,3.0,1.0,,,,,,
2025,7,CLE,MIA,J.Jeudy,0.0,0.0,0.0,0.0,0.0,0.0,,0.0,0.0,0.0,0.0,0.0,4.0,2.0,17.0,0.0,38.0,0.0,0.0,3.7,1.7,,,,,,
2025,7,CLE,MIA,J.Thrash,0.0,0.0,0.0,0.0,0.0,0.0,,0.0,0.0,0.0,0.0,0.0,2.0,1.0,23.0,0.0,25.0,0.0,0.0,3.3,2.3,,,,,,
2025,7,CLE,MIA,M.Corley,0.0,0.0,0.0,0.0,0.0,0.0,,0.0,0.0,0.0,0.0,0.0,2.0,2.0,17.0,0.0,2.0,0.0,0.0,3.7,1.7,,,,,,
2025,7,CLE,MIA,Q.Judkins,0.0,0.0,0.0,0.0,0.0,0.0,,25.0,84.0,3.0,0.0,0.0,0.0,0.0,0.0,0.0,0.0,0.0,0.0,26.4,26.4,,,,,,
2025,7,DAL,WAS,C.Lamb,0.0,0.0,0.0,0.0,0.0,0.0,,0.0,0.0,0.0,0.0,0.0,8.0,5.0,110.0,1.0,83.0,0.0,0.0,22.0,17.0,,,,,,
2025,7,DAL,WAS,D.Prescott,31.0,21.0,264.0,3.0,0.0,1.0,QB,5.0,7.0,0.0,1.0,0.0,0.0,0.0,0.0,0.0,0.0,0.0,0.0,23.26,23.26,,,,,,
2025,7,DAL,WAS,G.Pickens,0.0,0.0,0.0,0.0,0.0,0.0,,0.0,0.0,0.0,0.0,0.0,6.0,4.0,82.0,0.0,112.0,0.0,0.0,12.2,8.2,,,,,,
2025,7,DAL,WAS,H.Luepke,0.0,0.0,0.0,0.0,0.0,0.0,,0.0,0.0,0.0,0.0,0.0,1.0,1.0,3.0,0.0,-7.0,0.0,0.0,1.3,0.3,,,,,,
2025,7,DAL,WAS,J.Blue,0.0,0.0,0.0,0.0,0.0,0.0,,7.0,29.0,0.0,0.0,0.0,1.0,1.0,5.0,0.0,-5.0,0.0,0.0,4.4,3.4,,,,,,
2025,7,DAL,WAS,J.Ferguson,0.0,0.0,0.0,0.0,0.0,0.0,,0.0,0.0,0.0,0.0,0.0,7.0,7.0,29.0,2.0,7.0,0.0,0.0,21.9,14.9,,,,,,
2025,7,DAL,WAS,J.Tolbert,0.0,0.0,0.0,0.0,0.0,0.0,,0.0,0.0,0.0,0.0,0.0,2.0,1.0,16.0,0.0,33.0,0.0,0.0,2.6,1.6,,,,,,
2025,7,DAL,WAS,J.Williams,0.0,0.0,0.0,0.0,0.0,0.0,,19.0,116.0,1.0,0.0,0.0,4.0,1.0,2.0,0.0,-7.0,0.0,0.0,18.8,17.8,,,,,,
2025,7,DAL,WAS,K.Turpin,0.0,0.0,0.0,0.0,0.0,0.0,,0.0,0.0,0.0,0.0,0.0,1.0,1.0,17.0,0.0,-4.0,0.0,0.0,2.7,1.7,,,,,,
2025,7,DEN,NYG,A.Prentice,0.0,0.0,0.0,0.0,0.0,0.0,,0.0,0.0,0.0,0.0,0.0,1.0,0.0,0.0,0.0,-6.0,0.0,0.0,0.0,0.0,,,,,,
2025,7,DEN,NYG,B.Nix,54.0,27.0,279.0,2.0,0.0,2.0,QB,5.0,48.0,2.0,1.0,0.0,0.0,0.0,0.0,0.0,0.0,0.0,0.0,35.96,35.96,,,,,,
2025,7,DEN,NYG,C.Sutton,0.0,0.0,0.0,0.0,0.0,0.0,,0.0,0.0,0.0,0.0,0.0,11.0,6.0,87.0,0.0,107.0,0.0,0.0,14.7,8.7,,,,,,
2025,7,DEN,NYG,E.Engram,0.0,0.0,0.0,0.0,0.0,0.0,,0.0,0.0,0.0,0.0,0.0,8.0,5.0,42.0,0.0,1.0,0.0,0.0,9.2,4.2,,,,,,
2025,7,DEN,NYG,G.Bolles,0.0,0.0,0.0,0.0,0.0,0.0,,0.0,0.0,0.0,0.0,0.0,1.0,0.0,0.0,0.0,2.0,0.0,0.0,0.0,0.0,,,,,,
2025,7,DEN,NYG,J.Dobbins,0.0,0.0,0.0,0.0,0.0,0.0,,14.0,81.0,0.0,0.0,0.0,1.0,1.0,-1.0,0.0,-5.0,0.0,0.0,9.0,8.0,,,,,,
2025,7,DEN,NYG,M.Mims,0.0,0.0,0.0,0.0,0.0,0.0,,1.0,13.0,0.0,0.0,0.0,7.0,6.0,85.0,0.0,92.0,0.0,0.0,15.8,9.8,,,,,,
2025,7,DEN,NYG,N.Adkins,0.0,0.0,0.0,0.0,0.0,0.0,,0.0,0.0,0.0,0.0,0.0,3.0,2.0,20.0,0.0,7.0,0.0,0.0,4.0,2.0,,,,,,
2025,7,DEN,NYG,P.Bryant,0.0,0.0,0.0,0.0,0.0,0.0,,0.0,0.0,0.0,0.0,0.0,4.0,1.0,6.0,0.0,18.0,0.0,0.0,1.6,0.6,,,,,,
2025,7,DEN,NYG,R.Harvey,0.0,0.0,0.0,0.0,0.0,0.0,,4.0,0.0,0.0,0.0,0.0,2.0,1.0,2.0,1.0,18.0,0.0,0.0,7.2,6.2,,,,,,
2025,7,DEN,NYG,T.Badie,0.0,0.0,0.0,0.0,0.0,0.0,,0.0,0.0,0.0,0.0,0.0,2.0,2.0,19.0,0.0,-12.0,0.0,0.0,3.9,1.9,,,,,,
2025,7,DEN,NYG,T.Franklin,0.0,0.0,0.0,0.0,0.0,0.0,,0.0,0.0,0.0,0.0,0.0,11.0,3.0,19.0,1.0,172.0,0.0,0.0,10.9,7.9,,,,,,
2025,7,DET,TB,A.St. Brown,0.0,0.0,0.0,0.0,0.0,0.0,,0.0,0.0,0.0,0.0,0.0,10.0,6.0,86.0,1.0,94.0,0.0,0.0,20.6,14.6,,,,,,
2025,7,DET,TB,B.Wright,0.0,0.0,0.0,0.0,0.0,0.0,,0.0,0.0,0.0,0.0,0.0,3.0,3.0,23.0,0.0,11.0,0.0,0.0,5.3,2.3,,,,,,
2025,7,DET,TB,D.Montgomery,0.0,0.0,0.0,0.0,0.0,0.0,,13.0,21.0,0.0,0.0,0.0,3.0,2.0,18.0,0.0,-10.0,0.0,0.0,5.9,3.9,,,,,,
2025,7,DET,TB,I.TeSlaa,0.0,0.0,0.0,0.0,0.0,0.0,,0.0,0.0,0.0,0.0,0.0,1.0,0.0,0.0,0.0,15.0,0.0,0.0,0.0,0.0,,,,,,
2025,7,DET,TB,J.Gibbs,0.0,0.0,0.0,0.0,0.0,0.0,,17.0,136.0,2.0,0.0,0.0,3.0,3.0,82.0,0.0,-10.0,0.0,0.0,36.8,33.8,,,,,,
2025,7,DET,TB,J.Goff,33.0,20.0,241.0,1.0,1.0,4.0,QB,2.0,7.0,0.0,0.0,0.0,0.0,0.0,0.0,0.0,0.0,0.0,0.0,13.34,13.34,,,,,,
2025,7,DET,TB,J.Williams,0.0,0.0,0.0,0.0,0.0,0.0,,0.0,0.0,0.0,0.0,0.0,2.0,0.0,0.0,0.0,40.0,0.0,0.0,0.0,0.0,,,,,,
2025,7,DET,TB,K.Raymond,0.0,0.0,0.0,0.0,0.0,0.0,,0.0,0.0,0.0,0.0,0.0,3.0,3.0,17.0,0.0,5.0,0.0,0.0,4.7,1.7,,,,,,
2025,7,DET,TB,S.LaPorta,0.0,0.0,0.0,0.0,0.0,0.0,,0.0,0.0,0.0,0.0,0.0,3.0,3.0,15.0,0.0,10.0,0.0,0.0,4.5,1.5,,,,,,
2025,7,GB,ARI,C.Brooks,0.0,0.0,0.0,0.0,0.0,0.0,,0.0,0.0,0.0,0.0,0.0,1.0,0.0,0.0,0.0,7.0,0.0,0.0,0.0,0.0,,,,,,
2025,7,GB,ARI,D.Wicks,0.0,0.0,0.0,0.0,0.0,0.0,,0.0,0.0,0.0,0.0,0.0,2.0,1.0,5.0,0.0,16.0,0.0,0.0,1.5,0.5,,,,,,
2025,7,GB,ARI,E.Wilson,0.0,0.0,0.0,0.0,0.0,0.0,,6.0,17.0,0.0,0.0,0.0,1.0,1.0,-2.0,0.0,-7.0,0.0,0.0,2.5,1.5,,,,,,
2025,7,GB,ARI,J.FitzPatrick,0.0,0.0,0.0,0.0,0.0,0.0,,0.0,0.0,0.0,0.0,0.0,1.0,1.0,6.0,0.0,1.0,0.0,0.0,1.6,0.6,,,,,,
2025,7,GB,ARI,J.Jacobs,0.0,0.0,0.0,0.0,0.0,0.0,,13.0,55.0,2.0,0.0,0.0,1.0,1.0,3.0,0.0,0.0,0.0,0.0,18.8,17.8,,,,,,
2025,7,GB,ARI,J.Love,30.0,19.0,179.0,1.0,0.0,1.0,QB,4.0,22.0,0.0,1.0,0.0,0.0,0.0,0.0,0.0,0.0,0.0,0.0,13.36,13.36,,,,,,
2025,7,GB,ARI,M.Golden,0.0,0.0,0.0,0.0,0.0,0.0,,0.0,0.0,0.0,0.0,0.0,4.0,4.0,37.0,0.0,14.0,0.0,0.0,7.7,3.7,,,,,,
2025,7,GB,ARI,R.Doubs,0.0,0.0,0.0,0.0,0.0,0.0,,0.0,0.0,0.0,0.0,0.0,8.0,6.0,72.0,0.0,122.0,0.0,0.0,13.2,7.2,,,,,,
2025,7,GB,ARI,T.Kraft,0.0,0.0,0.0,0.0,0.0,0.0,,0.0,0.0,0.0,0.0,0.0,10.0,5.0,58.0,1.0,36.0,0.0,0.0,16.8,11.8,,,,,,
2025,7,HOU,SEA,B.Berrios,0.0,0.0,0.0,0.0,0.0,0.0,,0.0,0.0,0.0,0.0,0.0,3.0,1.0,-1.0,0.0,-2.0,0.0,0.0,0.9,-0.1,,,,,,
2025,7,HOU,SEA,C.Stroud,53.0,23.0,229.0,1.0,1.0,3.0,QB,2.0,25.0,0.0,0.0,0.0,0.0,0.0,0.0,0.0,0.0,0.0,0.0,14.66,14.66,,,,,,
2025,7,HOU,SEA,D.Ogunbowale,0.0,0.0,0.0,0.0,0.0,0.0,,0.0,0.0,0.0,0.0,0.0,1.0,0.0,0.0,0.0,4.0,0.0,0.0,0.0,0.0,,,,,,
2025,7,HOU,SEA,D.Schultz,0.0,0.0,0.0,0.0,0.0,0.0,,0.0,0.0,0.0,0.0,0.0,11.0,9.0,98.0,0.0,33.0,0.0,0.0,18.8,9.8,,,,,,
2025,7,HOU,SEA,J.Higgins,0.0,0.0,0.0,0.0,0.0,0.0,,0.0,0.0,0.0,0.0,0.0,3.0,0.0,0.0,0.0,33.0,0.0,0.0,0.0,0.0,,,,,,
2025,7,HOU,SEA,J.Noel,0.0,0.0,0.0,0.0,0.0,0.0,,0.0,0.0,0.0,0.0,0.0,7.0,4.0,77.0,0.0,126.0,0.0,0.0,11.7,7.7,,,,,,
2025,7,HOU,SEA,N.Chubb,0.0,0.0,0.0,0.0,0.0,0.0,,5.0,16.0,0.0,0.0,0.0,3.0,1.0,-5.0,0.0,2.0,0.0,0.0,2.1,1.1,,,,,,
2025,7,HOU,SEA,N.Collins,0.0,0.0,0.0,0.0,0.0,0.0,,0.0,0.0,0.0,0.0,0.0,10.0,4.0,27.0,0.0,102.0,0.0,0.0,6.7,2.7,,,,,,
2025,7,HOU,SEA,W.Marks,0.0,0.0,0.0,0.0,0.0,0.0,,10.0,15.0,0.0,0.0,0.0,5.0,3.0,20.0,1.0,29.0,0.0,0.0,12.5,9.5,,,,,,
2025,7,HOU,SEA,X.Hutchinson,0.0,0.0,0.0,0.0,0.0,0.0,,0.0,0.0,0.0,0.0,0.0,4.0,1.0,13.0,0.0,80.0,0.0,0.0,2.3,1.3,,,,,,
2025,7,IND,LAC,A.Abdullah,0.0,0.0,0.0,0.0,0.0,0.0,,2.0,19.0,0.0,0.0,0.0,1.0,1.0,8.0,0.0,5.0,0.0,0.0,3.7,2.7,,,,,,
2025,7,IND,LAC,A.Gould,0.0,0.0,0.0,0.0,0.0,0.0,,0.0,0.0,0.0,0.0,0.0,1.0,1.0,3.0,0.0,3.0,0.0,0.0,1.3,0.3,,,,,,
2025,7,IND,LAC,A.Mitchell,0.0,0.0,0.0,0.0,0.0,0.0,,0.0,0.0,0.0,0.0,0.0,1.0,1.0,8.0,0.0,4.0,0.0,0.0,1.8,0.8,,,,,,
2025,7,IND,LAC,A.Pierce,0.0,0.0,0.0,0.0,0.0,0.0,,0.0,0.0,0.0,0.0,0.0,10.0,5.0,98.0,0.0,248.0,0.0,0.0,14.8,9.8,,,,,,
2025,7,IND,LAC,D.Jones,36.0,23.0,288.0,2.0,0.0,1.0,QB,5.0,4.0,0.0,1.0,0.0,0.0,0.0,0.0,0.0,0.0,0.0,0.0,19.92,19.92,,,,,,
2025,7,IND,LAC,J.Taylor,0.0,0.0,0.0,0.0,0.0,0.0,,16.0,94.0,3.0,0.0,0.0,3.0,3.0,38.0,0.0,-3.0,0.0,0.0,34.2,31.2,,,,,,
2025,7,IND,LAC,M.Alie-Cox,0.0,0.0,0.0,0.0,0.0,0.0,,0.0,0.0,0.0,0.0,0.0,2.0,1.0,6.0,0.0,0.0,0.0,0.0,1.6,0.6,,,,,,
2025,7,IND,LAC,M.Pittman,0.0,0.0,0.0,0.0,0.0,0.0,,0.0,0.0,0.0,0.0,0.0,10.0,7.0,58.0,1.0,53.0,0.0,0.0,18.8,11.8,,,,,,
2025,7,IND,LAC,T.Warren,0.0,0.0,0.0,0.0,0.0,0.0,,0.0,0.0,0.0,0.0,0.0,5.0,4.0,69.0,1.0,24.0,0.0,0.0,16.9,12.9,,,,,,
2025,7,JAX,LA,B.Thomas,0.0,0.0,0.0,0.0,0.0,0.0,,0.0,0.0,0.0,0.0,0.0,7.0,3.0,31.0,0.0,98.0,0.0,0.0,6.1,3.1,,,,,,
2025,7,JAX,LA,B.Tuten,0.0,0.0,0.0,0.0,0.0,0.0,,5.0,22.0,0.0,0.0,0.0,0.0,0.0,0.0,0.0,0.0,0.0,0.0,2.2,2.2,,,,,,
2025,7,JAX,LA,D.Brown,0.0,0.0,0.0,0.0,0.0,0.0,,0.0,0.0,0.0,0.0,0.0,4.0,2.0,50.0,0.0,70.0,0.0,0.0,7.0,5.0,,,,,,
2025,7,JAX,LA,H.Long,0.0,0.0,0.0,0.0,0.0,0.0,,0.0,0.0,0.0,0.0,0.0,3.0,2.0,16.0,0.0,4.0,1.0,0.0,3.6,1.6,,,,,,
2025,7,JAX,LA,J.Mundt,0.0,0.0,0.0,0.0,0.0,0.0,,0.0,0.0,0.0,0.0,0.0,4.0,1.0,9.0,0.0,23.0,0.0,0.0,1.9,0.9,,,,,,
2025,7,JAX,LA,L.Allen,0.0,0.0,0.0,0.0,0.0,0.0,,0.0,0.0,0.0,0.0,0.0,1.0,1.0,4.0,0.0,1.0,0.0,0.0,1.4,0.4,,,,,,
2025,7,JAX,LA,P.Washington,0.0,0.0,0.0,0.0,0.0,0.0,,3.0,10.0,0.0,0.0,0.0,10.0,4.0,52.0,0.0,202.0,0.0,0.0,10.2,6.2,,,,,,
2025,7,JAX,LA,T.Etienne,0.0,0.0,0.0,0.0,0.0,0.0,,8.0,44.0,0.0,0.0,0.0,3.0,1.0,11.0,0.0,-12.0,0.0,0.0,6.5,5.5,,,,,,
2025,7,JAX,LA,T.Hunter,0.0,0.0,0.0,0.0,0.0,0.0,,1.0,0.0,0.0,0.0,0.0,14.0,8.0,101.0,1.0,119.0,0.0,0.0,24.1,16.1,,,,,,
2025,7,JAX,LA,T.Lawrence,55.0,23.0,296.0,1.0,0.0,7.0,QB,2.0,18.0,0.0,0.0,0.0,0.0,0.0,0.0,0.0,0.0,0.0,0.0,17.64,17.64,,,,,,
2025,7,JAX,LA,T.Patrick,0.0,0.0,0.0,0.0,0.0,0.0,,0.0,0.0,0.0,0.0,0.0,1.0,1.0,22.0,0.0,18.0,0.0,0.0,3.2,2.2,,,,,,
2025,7,KC,LV,B.Smith,0.0,0.0,0.0,0.0,0.0,0.0,,14.0,39.0,0.0,0.0,0.0,5.0,5.0,42.0,0.0,-16.0,0.0,0.0,13.1,8.1,,,,,,
2025,7,KC,LV,G.Minshew,0.0,0.0,0.0,0.0,0.0,0.0,,3.0,-3.0,0.0,0.0,0.0,0.0,0.0,0.0,0.0,0.0,0.0,0.0,-0.3,-0.3,,,,,,
2025,7,KC,LV,I.Pacheco,0.0,0.0,0.0,0.0,0.0,0.0,,15.0,57.0,1.0,0.0,0.0,2.0,1.0,-3.0,0.0,-7.0,0.0,0.0,12.4,11.4,,,,,,
2025,7,KC,LV,J.Smith-Schuster,0.0,0.0,0.0,0.0,0.0,0.0,,0.0,0.0,0.0,0.0,0.0,3.0,3.0,35.0,0.0,25.0,0.0,0.0,6.5,3.5,,,,,,
2025,7,KC,LV,K.Hunt,0.0,0.0,0.0,0.0,0.0,0.0,,4.0,18.0,0.0,0.0,0.0,0.0,0.0,0.0,0.0,0.0,0.0,0.0,1.8,1.8,,,,,,
2025,7,KC,LV,M.Brown,0.0,0.0,0.0,0.0,0.0,0.0,,0.0,0.0,0.0,0.0,0.0,4.0,2.0,14.0,1.0,38.0,1.0,0.0,9.4,7.4,,,,,,
2025,7,KC,LV,N.Gray,0.0,0.0,0.0,0.0,0.0,0.0,,0.0,0.0,0.0,0.0,0.0,1.0,1.0,28.0,0.0,13.0,0.0,0.0,3.8,2.8,,,,,,
2025,7,KC,LV,P.Mahomes,36.0,26.0,286.0,3.0,0.0,1.0,QB,4.0,28.0,0.0,0.0,0.0,0.0,0.0,0.0,0.0,0.0,0.0,0.0,26.24,26.24,,,,,,
2025,7,KC,LV,R.Rice,0.0,0.0,0.0,0.0,0.0,0.0,,0.0,0.0,0.0,0.0,0.0,10.0,7.0,42.0,2.0,8.0,0.0,0.0,23.2,16.2,,,,,,
2025,7,KC,LV,T.Kelce,0.0,0.0,0.0,0.0,0.0,0.0,,0.0,0.0,0.0,0.0,0.0,3.0,3.0,54.0,0.0,22.0,0.0,0.0,8.4,5.4,,,,,,
2025,7,KC,LV,T.Thornton,0.0,0.0,0.0,0.0,0.0,0.0,,0.0,0.0,0.0,0.0,0.0,2.0,1.0,39.0,0.0,78.0,0.0,0.0,4.9,3.9,,,,,,
2025,7,KC,LV,X.Worthy,0.0,0.0,0.0,0.0,0.0,0.0,,1.0,13.0,0.0,0.0,0.0,4.0,3.0,35.0,0.0,38.0,0.0,0.0,7.8,4.8,,,,,,
2025,7,LA,JAX,B.Corum,0.0,0.0,0.0,0.0,0.0,0.0,,12.0,37.0,0.0,0.0,0.0,1.0,1.0,6.0,0.0,3.0,0.0,0.0,5.3,4.3,,,,,,
2025,7,LA,JAX,C.Parkinson,0.0,0.0,0.0,0.0,0.0,0.0,,0.0,0.0,0.0,0.0,0.0,3.0,3.0,47.0,0.0,20.0,0.0,0.0,7.7,4.7,,,,,,
2025,7,LA,JAX,D.Adams,0.0,0.0,0.0,0.0,0.0,0.0,,0.0,0.0,0.0,0.0,0.0,8.0,5.0,35.0,3.0,91.0,0.0,0.0,26.5,21.5,,,,,,
2025,7,LA,JAX,D.Allen,0.0,0.0,0.0,0.0,0.0,0.0,,0.0,0.0,0.0,0.0,0.0,1.0,1.0,4.0,0.0,0.0,0.0,0.0,1.4,0.4,,,,,,
2025,7,LA,JAX,J.Garoppolo,0.0,0.0,0.0,0.0,0.0,0.0,,3.0,-3.0,0.0,0.0,0.0,0.0,0.0,0.0,0.0,0.0,0.0,0.0,-0.3,-0.3,,,,,,
2025,7,LA,JAX,J.Whittington,0.0,0.0,0.0,0.0,0.0,0.0,,0.0,0.0,0.0,0.0,0.0,4.0,2.0,9.0,0.0,49.0,0.0,0.0,2.9,0.9,,,,,,
2025,7,LA,JAX,K.Mumpfield,0.0,0.0,0.0,0.0,0.0,0.0,,0.0,0.0,0.0,0.0,0.0,1.0,1.0,5.0,1.0,5.0,0.0,0.0,7.5,6.5,,,,,,
2025,7,LA,JAX,K.Williams,0.0,0.0,0.0,0.0,0.0,0.0,,12.0,54.0,0.0,0.0,0.0,3.0,2.0,11.0,0.0,12.0,0.0,0.0,8.5,6.5,,,,,,
2025,7,LA,JAX,M.Stafford,33.0,21.0,182.0,5.0,0.0,0.0,QB,2.0,1.0,0.0,0.0,0.0,0.0,0.0,0.0,0.0,0.0,0.0,0.0,27.38,27.38,,,,,,
2025,7,LA,JAX,T.Ferguson,0.0,0.0,0.0,0.0,0.0,0.0,,0.0,0.0,0.0,0.0,0.0,3.0,1.0,31.0,1.0,85.0,0.0,0.0,10.1,9.1,,,,,,
2025,7,LA,JAX,T.Higbee,0.0,0.0,0.0,0.0,0.0,0.0,,0.0,0.0,0.0,0.0,0.0,6.0,3.0,19.0,0.0,44.0,0.0,0.0,4.9,1.9,,,,,,
2025,7,LA,JAX,X.Smith,0.0,0.0,0.0,0.0,0.0,0.0,,0.0,0.0,0.0,0.0,0.0,3.0,2.0,15.0,0.0,54.0,0.0,0.0,3.5,1.5,,,,,,
2025,7,LAC,IND,H.Haskins,0.0,0.0,0.0,0.0,0.0,0.0,,1.0,3.0,0.0,0.0,0.0,2.0,2.0,2.0,0.0,-7.0,0.0,0.0,2.5,0.5,,,,,,
2025,7,LAC,IND,J.Herbert,58.0,37.0,420.0,3.0,2.0,3.0,QB,6.0,31.0,0.0,0.0,0.0,0.0,0.0,0.0,0.0,0.0,0.0,0.0,29.9,29.9,,,,,,
2025,7,LAC,IND,K.Allen,0.0,0.0,0.0,0.0,0.0,0.0,,0.0,0.0,0.0,0.0,0.0,14.0,11.0,119.0,1.0,129.0,0.0,0.0,28.9,17.9,,,,,,
2025,7,LAC,IND,K.Vidal,0.0,0.0,0.0,0.0,0.0,0.0,,9.0,20.0,0.0,0.0,0.0,5.0,4.0,15.0,0.0,-8.0,0.0,0.0,7.5,3.5,,,,,,
2025,7,LAC,IND,L.McConkey,0.0,0.0,0.0,0.0,0.0,0.0,,0.0,0.0,0.0,0.0,0.0,15.0,9.0,67.0,0.0,148.0,0.0,0.0,15.7,6.7,,,,,,
2025,7,LAC,IND,O.Gadsden,0.0,0.0,0.0,0.0,0.0,0.0,,0.0,0.0,0.0,0.0,0.0,9.0,7.0,164.0,1.0,89.0,0.0,0.0,29.4,22.4,,,,,,
2025,7,LAC,IND,Q.Johnston,0.0,0.0,0.0,0.0,0.0,0.0,,0.0,0.0,0.0,0.0,0.0,6.0,2.0,30.0,1.0,61.0,0.0,0.0,11.0,9.0,,,,,,
2025,7,LAC,IND,T.Harris,0.0,0.0,0.0,0.0,0.0,0.0,,0.0,0.0,0.0,0.0,0.0,2.0,2.0,23.0,0.0,18.0,0.0,0.0,4.3,2.3,,,,,,
2025,7,LAC,IND,W.Dissly,0.0,0.0,0.0,0.0,0.0,0.0,,0.0,0.0,0.0,0.0,0.0,1.0,0.0,0.0,0.0,9.0,0.0,0.0,0.0,0.0,,,,,,
2025,7,LV,KC,A.Jeanty,0.0,0.0,0.0,0.0,0.0,0.0,,6.0,21.0,0.0,0.0,0.0,1.0,1.0,13.0,0.0,-5.0,0.0,0.0,4.4,3.4,,,,,,
2025,7,LV,KC,C.Runyon,0.0,0.0,0.0,0.0,0.0,0.0,,0.0,0.0,0.0,0.0,0.0,1.0,1.0,3.0,0.0,-3.0,0.0,0.0,1.3,0.3,,,,,,
2025,7,LV,KC,D.Laube,0.0,0.0,0.0,0.0,0.0,0.0,,2.0,3.0,0.0,0.0,0.0,1.0,1.0,1.0,0.0,-3.0,0.0,0.0,1.4,0.4,,,,,,
2025,7,LV,KC,D.Thornton,0.0,0.0,0.0,0.0,0.0,0.0,,0.0,0.0,0.0,0.0,0.0,3.0,0.0,0.0,0.0,38.0,0.0,0.0,0.0,0.0,,,,,,
2025,7,LV,KC,G.Smith,17.0,10.0,67.0,0.0,0.0,1.0,QB,2.0,1.0,0.0,1.0,0.0,0.0,0.0,0.0,0.0,0.0,0.0,0.0,2.78,2.78,,,,,,
2025,7,LV,KC,J.Bech,0.0,0.0,0.0,0.0,0.0,0.0,,0.0,0.0,0.0,0.0,0.0,2.0,2.0,13.0,0.0,8.0,0.0,0.0,3.3,1.3,,,,,,
2025,7,LV,KC,K.Pickett,2.0,2.0,8.0,0.0,0.0,0.0,QB,1.0,0.0,0.0,1.0,1.0,0.0,0.0,0.0,0.0,0.0,0.0,0.0,0.32,0.32,,,,,,
2025,7,LV,KC,M.Mayer,0.0,0.0,0.0,0.0,0.0,0.0,,0.0,0.0,0.0,0.0,0.0,2.0,1.0,10.0,0.0,10.0,0.0,0.0,2.0,1.0,,,,,,
2025,7,LV,KC,R.Mostert,0.0,0.0,0.0,0.0,0.0,0.0,,0.0,0.0,0.0,0.0,0.0,1.0,1.0,2.0,0.0,1.0,0.0,0.0,1.2,0.2,,,,,,
2025,7,LV,KC,T.Tucker,0.0,0.0,0.0,0.0,0.0,0.0,,0.0,0.0,0.0,0.0,0.0,6.0,5.0,33.0,0.0,11.0,0.0,0.0,8.3,3.3,,,,,,
2025,7,MIA,CLE,D.Achane,0.0,0.0,0.0,0.0,0.0,0.0,,13.0,82.0,0.0,0.0,0.0,5.0,3.0,16.0,0.0,-4.0,0.0,0.0,12.8,9.8,,,,,,
2025,7,MIA,CLE,D.Eskridge,0.0,0.0,0.0,0.0,0.0,0.0,,0.0,0.0,0.0,0.0,0.0,2.0,2.0,45.0,0.0,37.0,0.0,0.0,6.5,4.5,,,,,,
2025,7,MIA,CLE,J.Hill,0.0,0.0,0.0,0.0,0.0,0.0,,0.0,0.0,0.0,0.0,0.0,2.0,1.0,1.0,0.0,5.0,0.0,0.0,1.1,0.1,,,,,,
2025,7,MIA,CLE,J.Waddle,0.0,0.0,0.0,0.0,0.0,0.0,,0.0,0.0,0.0,0.0,0.0,4.0,1.0,15.0,0.0,93.0,0.0,0.0,2.5,1.5,,,,,,
2025,7,MIA,CLE,M.Washington,0.0,0.0,0.0,0.0,0.0,0.0,,0.0,0.0,0.0,0.0,0.0,8.0,5.0,30.0,0.0,34.0,1.0,0.0,8.0,3.0,,,,,,
2025,7,MIA,CLE,N.Westbrook-Ikhine,0.0,0.0,0.0,0.0,0.0,0.0,,0.0,0.0,0.0,0.0,0.0,4.0,3.0,16.0,0.0,16.0,0.0,0.0,4.6,1.6,,,,,,
2025,7,MIA,CLE,O.Gordon,0.0,0.0,0.0,0.0,0.0,0.0,,5.0,11.0,0.0,0.0,0.0,2.0,1.0,2.0,0.0,-1.0,0.0,0.0,2.3,1.3,,,,,,
2025,7,MIA,CLE,Q.Ewers,10.0,5.0,53.0,0.0,0.0,2.0,QB,1.0,0.0,0.0,1.0,0.0,0.0,0.0,0.0,0.0,0.0,0.0,0.0,2.12,2.12,,,,,,
2025,7,MIA,CLE,T.Conner,0.0,0.0,0.0,0.0,0.0,0.0,,0.0,0.0,0.0,0.0,0.0,3.0,1.0,28.0,0.0,47.0,0.0,0.0,3.8,2.8,,,,,,
2025,7,MIA,CLE,T.Tagovailoa,25.0,12.0,100.0,0.0,3.0,2.0,QB,3.0,6.0,0.0,2.0,0.0,0.0,0.0,0.0,0.0,0.0,0.0,0.0,1.6,1.6,,,,,,
2025,7,MIN,PHI,A.Thielen,0.0,0.0,0.0,0.0,0.0,0.0,,0.0,0.0,0.0,0.0,0.0,2.0,1.0,10.0,0.0,12.0,0.0,0.0,2.0,1.0,,,,,,
2025,7,MIN,PHI,C.Ham,0.0,0.0,0.0,0.0,0.0,0.0,,0.0,0.0,0.0,0.0,0.0,1.0,1.0,5.0,0.0,4.0,0.0,0.0,1.5,0.5,,,,,,
2025,7,MIN,PHI,C.Wentz,44.0,26.0,313.0,0.0,2.0,2.0,QB,4.0,28.0,0.0,2.0,0.0,0.0,0.0,0.0,0.0,0.0,0.0,0.0,13.32,13.32,,,,,,
2025,7,MIN,PHI,J.Addison,0.0,0.0,0.0,0.0,0.0,0.0,,0.0,0.0,0.0,0.0,0.0,12.0,9.0,128.0,0.0,182.0,0.0,0.0,21.8,12.8,,,,,,
2025,7,MIN,PHI,J.Jefferson,0.0,0.0,0.0,0.0,0.0,0.0,,0.0,0.0,0.0,0.0,0.0,10.0,5.0,79.0,0.0,122.0,0.0,0.0,12.9,7.9,,,,,,
2025,7,MIN,PHI,J.Mason,0.0,0.0,0.0,0.0,0.0,0.0,,15.0,57.0,1.0,0.0,0.0,0.0,0.0,0.0,0.0,0.0,0.0,0.0,11.7,11.7,,,,,,
2025,7,MIN,PHI,J.Nailor,0.0,0.0,0.0,0.0,0.0,0.0,,0.0,0.0,0.0,0.0,0.0,4.0,2.0,37.0,0.0,48.0,0.0,0.0,5.7,3.7,,,,,,
2025,7,MIN,PHI,J.Oliver,0.0,0.0,0.0,0.0,0.0,0.0,,0.0,0.0,0.0,0.0,0.0,1.0,1.0,9.0,0.0,3.0,0.0,0.0,1.9,0.9,,,,,,
2025,7,MIN,PHI,T.Hockenson,0.0,0.0,0.0,0.0,0.0,0.0,,0.0,0.0,0.0,0.0,0.0,9.0,6.0,43.0,0.0,34.0,0.0,0.0,10.3,4.3,,,,,,
2025,7,MIN,PHI,Z.Scott,0.0,0.0,0.0,0.0,0.0,0.0,,4.0,4.0,0.0,0.0,0.0,1.0,1.0,2.0,0.0,0.0,0.0,0.0,1.6,0.6,,,,,,
2025,7,NE,TEN,A.Hooper,0.0,0.0,0.0,0.0,0.0,0.0,,0.0,0.0,0.0,0.0,0.0,2.0,2.0,11.0,1.0,10.0,0.0,0.0,9.1,7.1,,,,,,
2025,7,NE,TEN,D.Douglas,0.0,0.0,0.0,0.0,0.0,0.0,,0.0,0.0,0.0,0.0,0.0,3.0,3.0,17.0,0.0,14.0,0.0,0.0,4.7,1.7,,,,,,
2025,7,NE,TEN,D.Maye,27.0,21.0,222.0,2.0,0.0,4.0,QB,8.0,62.0,0.0,0.0,0.0,0.0,0.0,0.0,0.0,0.0,0.0,0.0,23.08,23.08,,,,,,
2025,7,NE,TEN,H.Henry,0.0,0.0,0.0,0.0,0.0,0.0,,0.0,0.0,0.0,0.0,0.0,5.0,4.0,33.0,0.0,24.0,0.0,0.0,7.3,3.3,,,,,,
2025,7,NE,TEN,J.Dobbs,1.0,1.0,12.0,0.0,0.0,0.0,QB,2.0,-2.0,0.0,0.0,0.0,0.0,0.0,0.0,0.0,0.0,0.0,0.0,0.28,0.28,,,,,,
2025,7,NE,TEN,K.Boutte,0.0,0.0,0.0,0.0,0.0,0.0,,0.0,0.0,0.0,0.0,0.0,2.0,2.0,55.0,1.0,54.0,0.0,0.0,13.5,11.5,,,,,,
2025,7,NE,TEN,K.Williams,0.0,0.0,0.0,0.0,0.0,0.0,,0.0,0.0,0.0,0.0,0.0,1.0,0.0,0.0,0.0,17.0,0.0,0.0,0.0,0.0,,,,,,
2025,7,NE,TEN,M.Hollins,0.0,0.0,0.0,0.0,0.0,0.0,,1.0,4.0,0.0,0.0,0.0,2.0,2.0,49.0,0.0,32.0,0.0,0.0,7.3,5.3,,,,,,
2025,7,NE,TEN,R.Stevenson,0.0,0.0,0.0,0.0,0.0,0.0,,18.0,88.0,1.0,0.0,0.0,2.0,2.0,0.0,0.0,-3.0,0.0,0.0,16.8,14.8,,,,,,
2025,7,NE,TEN,S.Diggs,0.0,0.0,0.0,0.0,0.0,0.0,,0.0,0.0,0.0,0.0,0.0,7.0,7.0,69.0,0.0,49.0,0.0,0.0,13.9,6.9,,,,,,
2025,7,NE,TEN,T.Henderson,0.0,0.0,0.0,0.0,0.0,0.0,,2.0,5.0,0.0,0.0,0.0,0.0,0.0,0.0,0.0,0.0,0.0,0.0,0.5,0.5,,,,,,
2025,7,NE,TEN,T.Jennings,0.0,0.0,0.0,0.0,0.0,0.0,,5.0,18.0,0.0,0.0,0.0,0.0,0.0,0.0,0.0,0.0,0.0,0.0,1.8,1.8,,,,,,
2025,7,NO,CHI,A.Kamara,0.0,0.0,0.0,0.0,0.0,0.0,,11.0,28.0,0.0,0.0,0.0,3.0,3.0,1.0,0.0,1.0,0.0,0.0,5.9,2.9,,,,,,
2025,7,NO,CHI,B.Cooks,0.0,0.0,0.0,0.0,0.0,0.0,,0.0,0.0,0.0,0.0,0.0,1.0,1.0,3.0,0.0,3.0,0.0,0.0,1.3,0.3,,,,,,
2025,7,NO,CHI,C.Olave,0.0,0.0,0.0,0.0,0.0,0.0,,0.0,0.0,0.0,0.0,0.0,7.0,5.0,98.0,2.0,139.0,0.0,0.0,26.8,21.8,,,,,,
2025,7,NO,CHI,D.Neal,0.0,0.0,0.0,0.0,0.0,0.0,,1.0,1.0,0.0,0.0,0.0,0.0,0.0,0.0,0.0,0.0,0.0,0.0,0.1,0.1,,,,,,
2025,7,NO,CHI,J.Johnson,0.0,0.0,0.0,0.0,0.0,0.0,,0.0,0.0,0.0,0.0,0.0,7.0,5.0,79.0,0.0,60.0,0.0,0.0,12.9,7.9,,,,,,
2025,7,NO,CHI,J.Stoll,0.0,0.0,0.0,0.0,0.0,0.0,,0.0,0.0,0.0,0.0,0.0,1.0,0.0,0.0,0.0,4.0,0.0,0.0,0.0,0.0,,,,,,
2025,7,NO,CHI,K.Miller,0.0,0.0,0.0,0.0,0.0,0.0,,1.0,7.0,0.0,0.0,0.0,0.0,0.0,0.0,0.0,0.0,0.0,0.0,0.7,0.7,,,,,,
2025,7,NO,CHI,M.Tipton,0.0,0.0,0.0,0.0,0.0,0.0,,0.0,0.0,0.0,0.0,0.0,1.0,0.0,0.0,0.0,13.0,0.0,0.0,0.0,0.0,,,,,,
2025,7,NO,CHI,R.Shaheed,0.0,0.0,0.0,0.0,0.0,0.0,,0.0,0.0,0.0,0.0,0.0,9.0,4.0,40.0,0.0,136.0,0.0,0.0,8.0,4.0,,,,,,
2025,7,NO,CHI,S.Rattler,36.0,20.0,233.0,2.0,3.0,4.0,QB,2.0,12.0,0.0,0.0,0.0,0.0,0.0,0.0,0.0,0.0,0.0,0.0,15.52,15.52,,,,,,
2025,7,NO,CHI,T.Hill,0.0,0.0,0.0,0.0,0.0,0.0,,2.0,-4.0,0.0,0.0,0.0,2.0,2.0,12.0,0.0,9.0,0.0,0.0,2.8,0.8,,,,,,
2025,7,NYG,DEN,B.Collins,0.0,0.0,0.0,0.0,0.0,0.0,,0.0,0.0,0.0,0.0,0.0,1.0,0.0,0.0,0.0,37.0,0.0,0.0,0.0,0.0,,,,,,
2025,7,NYG,DEN,C.Skattebo,0.0,0.0,0.0,0.0,0.0,0.0,,16.0,60.0,0.0,0.0,0.0,6.0,3.0,34.0,1.0,-14.0,0.0,0.0,18.4,15.4,,,,,,
2025,7,NYG,DEN,D.Bellinger,0.0,0.0,0.0,0.0,0.0,0.0,,0.0,0.0,0.0,0.0,0.0,4.0,3.0,88.0,1.0,82.0,0.0,0.0,17.8,14.8,,,,,,
2025,7,NYG,DEN,D.Singletary,0.0,0.0,0.0,0.0,0.0,0.0,,2.0,2.0,0.0,0.0,0.0,0.0,0.0,0.0,0.0,0.0,0.0,0.0,0.2,0.2,,,,,,
2025,7,NYG,DEN,J.Dart,38.0,15.0,283.0,3.0,1.0,4.0,QB,5.0,11.0,1.0,0.0,0.0,0.0,0.0,0.0,0.0,0.0,0.0,0.0,29.42,29.42,,,,,,
2025,7,NYG,DEN,J.Hyatt,0.0,0.0,0.0,0.0,0.0,0.0,,0.0,0.0,0.0,0.0,0.0,1.0,0.0,0.0,0.0,49.0,0.0,0.0,0.0,0.0,,,,,,
2025,7,NYG,DEN,L.Humphrey,0.0,0.0,0.0,0.0,0.0,0.0,,0.0,0.0,0.0,0.0,0.0,2.0,0.0,0.0,0.0,28.0,0.0,0.0,0.0,0.0,,,,,,
2025,7,NYG,DEN,T.Johnson,0.0,0.0,0.0,0.0,0.0,0.0,,0.0,0.0,0.0,0.0,0.0,7.0,3.0,66.0,1.0,32.0,0.0,0.0,15.6,12.6,,,,,,
2025,7,NYG,DEN,T.Tracy,0.0,0.0,0.0,0.0,0.0,0.0,,9.0,46.0,1.0,0.0,0.0,0.0,0.0,0.0,0.0,0.0,0.0,0.0,10.6,10.6,,,,,,
2025,7,NYG,DEN,W.Robinson,0.0,0.0,0.0,0.0,0.0,0.0,,0.0,0.0,0.0,0.0,0.0,13.0,6.0,95.0,0.0,128.0,0.0,0.0,15.5,9.5,,,,,,
2025,7,NYJ,CAR,A.Lazard,0.0,0.0,0.0,0.0,0.0,0.0,,0.0,0.0,0.0,0.0,0.0,3.0,2.0,16.0,0.0,37.0,0.0,0.0,3.6,1.6,,,,,,
2025,7,NYJ,CAR,A.Smith,0.0,0.0,0.0,0.0,0.0,0.0,,0.0,0.0,0.0,0.0,0.0,3.0,1.0,0.0,0.0,74.0,0.0,0.0,1.0,0.0,,,,,,
2025,7,NYJ,CAR,B.Hall,0.0,0.0,0.0,0.0,0.0,0.0,,11.0,38.0,0.0,0.0,0.0,3.0,2.0,14.0,0.0,7.0,0.0,0.0,7.2,5.2,,,,,,
2025,7,NYJ,CAR,I.Davis,0.0,0.0,0.0,0.0,0.0,0.0,,2.0,10.0,0.0,0.0,0.0,4.0,2.0,22.0,0.0,0.0,0.0,0.0,5.2,3.2,,,,,,
2025,7,NYJ,CAR,J.Fields,15.0,6.0,46.0,0.0,0.0,3.0,QB,4.0,22.0,0.0,0.0,0.0,0.0,0.0,0.0,0.0,0.0,0.0,0.0,4.04,4.04,,,,,,
2025,7,NYJ,CAR,J.Reynolds,0.0,0.0,0.0,0.0,0.0,0.0,,0.0,0.0,0.0,0.0,0.0,9.0,3.0,29.0,0.0,166.0,0.0,0.0,5.9,2.9,,,,,,
2025,7,NYJ,CAR,J.Ruckert,0.0,0.0,0.0,0.0,0.0,0.0,,0.0,0.0,0.0,0.0,0.0,1.0,0.0,0.0,0.0,4.0,0.0,0.0,0.0,0.0,,,,,,
2025,7,NYJ,CAR,M.Taylor,0.0,0.0,0.0,0.0,0.0,0.0,,0.0,0.0,0.0,0.0,0.0,5.0,3.0,31.0,0.0,19.0,0.0,0.0,6.1,3.1,,,,,,
2025,7,NYJ,CAR,T.Johnson,0.0,0.0,0.0,0.0,0.0,0.0,,0.0,0.0,0.0,0.0,0.0,3.0,3.0,60.0,0.0,47.0,0.0,0.0,9.0,6.0,,,,,,
2025,7,NYJ,CAR,T.Taylor,25.0,10.0,126.0,0.0,2.0,3.0,QB,3.0,11.0,0.0,0.0,0.0,0.0,0.0,0.0,0.0,0.0,0.0,0.0,4.14,4.14,,,,,,
2025,7,PHI,MIN,A.Brown,0.0,0.0,0.0,0.0,0.0,0.0,,0.0,0.0,0.0,0.0,0.0,6.0,4.0,121.0,2.0,109.0,0.0,0.0,28.1,24.1,,,,,,
2025,7,PHI,MIN,D.Goedert,0.0,0.0,0.0,0.0,0.0,0.0,,0.0,0.0,0.0,0.0,0.0,3.0,3.0,18.0,0.0,13.0,0.0,0.0,4.8,1.8,,,,,,
2025,7,PHI,MIN,D.Smith,0.0,0.0,0.0,0.0,0.0,0.0,,0.0,0.0,0.0,0.0,0.0,11.0,9.0,183.0,1.0,173.0,0.0,0.0,33.3,24.3,,,,,,
2025,7,PHI,MIN,J.Hurts,26.0,19.0,326.0,3.0,0.0,3.0,QB,4.0,-10.0,0.0,0.0,0.0,0.0,0.0,0.0,0.0,0.0,0.0,0.0,24.04,24.04,,,,,,
2025,7,PHI,MIN,S.Barkley,0.0,0.0,0.0,0.0,0.0,0.0,,18.0,44.0,0.0,0.0,0.0,1.0,1.0,-2.0,0.0,-4.0,0.0,0.0,5.2,4.2,,,,,,
2025,7,PHI,MIN,T.Bigsby,0.0,0.0,0.0,0.0,0.0,0.0,,1.0,11.0,0.0,0.0,0.0,1.0,1.0,-1.0,0.0,-7.0,0.0,0.0,2.0,1.0,,,,,,
2025,7,PHI,MIN,W.Shipley,0.0,0.0,0.0,0.0,0.0,0.0,,0.0,0.0,0.0,0.0,0.0,1.0,1.0,7.0,0.0,0.0,0.0,0.0,1.7,0.7,,,,,,
2025,7,PIT,CIN,A.Rodgers,34.0,23.0,249.0,4.0,2.0,0.0,QB,1.0,6.0,0.0,0.0,0.0,0.0,0.0,0.0,0.0,0.0,0.0,0.0,24.56,24.56,,,,,,
2025,7,PIT,CIN,Co.Heyward,0.0,0.0,0.0,0.0,0.0,0.0,,0.0,0.0,0.0,0.0,0.0,1.0,0.0,0.0,0.0,10.0,0.0,0.0,0.0,0.0,,,,,,
2025,7,PIT,CIN,D.Metcalf,0.0,0.0,0.0,0.0,0.0,0.0,,0.0,0.0,0.0,0.0,0.0,5.0,3.0,50.0,0.0,93.0,0.0,0.0,8.0,5.0,,,,,,
2025,7,PIT,CIN,D.Washington,0.0,0.0,0.0,0.0,0.0,0.0,,0.0,0.0,0.0,0.0,0.0,5.0,3.0,2.0,1.0,32.0,0.0,0.0,9.2,6.2,,,,,,
2025,7,PIT,CIN,J.Smith,0.0,0.0,0.0,0.0,0.0,0.0,,0.0,0.0,0.0,0.0,0.0,6.0,3.0,28.0,1.0,59.0,0.0,0.0,11.8,8.8,,,,,,
2025,7,PIT,CIN,J.Warren,0.0,0.0,0.0,0.0,0.0,0.0,,16.0,127.0,0.0,0.0,0.0,5.0,4.0,31.0,0.0,0.0,0.0,0.0,19.8,15.8,,,,,,
2025,7,PIT,CIN,K.Gainwell,0.0,0.0,0.0,0.0,0.0,0.0,,3.0,14.0,0.0,0.0,0.0,2.0,2.0,1.0,0.0,0.0,0.0,0.0,3.5,1.5,,,,,,
2025,7,PIT,CIN,P.Freiermuth,0.0,0.0,0.0,0.0,0.0,0.0,,0.0,0.0,0.0,0.0,0.0,6.0,5.0,111.0,2.0,56.0,0.0,0.0,28.1,23.1,,,,,,
2025,7,PIT,CIN,R.Wilson,0.0,0.0,0.0,0.0,0.0,0.0,,0.0,0.0,0.0,0.0,0.0,2.0,2.0,17.0,0.0,0.0,0.0,0.0,3.7,1.7,,,,,,
2025,7,PIT,CIN,S.Miller,0.0,0.0,0.0,0.0,0.0,0.0,,0.0,0.0,0.0,0.0,0.0,1.0,1.0,9.0,0.0,-1.0,0.0,0.0,1.9,0.9,,,,,,
2025,7,SEA,HOU,A.Barner,0.0,0.0,0.0,0.0,0.0,0.0,,1.0,2.0,0.0,0.0,0.0,3.0,1.0,7.0,0.0,13.0,0.0,0.0,1.9,0.9,,,,,,
2025,7,SEA,HOU,C.Kupp,1.0,0.0,0.0,0.0,1.0,0.0,QB,0.0,0.0,0.0,0.0,0.0,1.0,1.0,32.0,0.0,18.0,0.0,0.0,3.2,2.2,,,,,,
2025,7,SEA,HOU,E.Arroyo,0.0,0.0,0.0,0.0,0.0,0.0,,0.0,0.0,0.0,0.0,0.0,5.0,4.0,42.0,0.0,25.0,1.0,1.0,8.2,4.2,,,,,,
2025,7,SEA,HOU,J.Bobo,0.0,0.0,0.0,0.0,0.0,0.0,,0.0,0.0,0.0,0.0,0.0,1.0,1.0,3.0,0.0,1.0,0.0,0.0,1.3,0.3,,,,,,
2025,7,SEA,HOU,J.Smith-Njigba,0.0,0.0,0.0,0.0,0.0,0.0,,0.0,0.0,0.0,0.0,0.0,14.0,8.0,123.0,1.0,167.0,0.0,0.0,26.3,18.3,,,,,,
2025,7,SEA,HOU,K.Walker,0.0,0.0,0.0,0.0,0.0,0.0,,17.0,66.0,0.0,0.0,0.0,0.0,0.0,0.0,0.0,0.0,0.0,0.0,6.6,6.6,,,,,,
2025,7,SEA,HOU,S.Darnold,33.0,17.0,213.0,1.0,1.0,2.0,QB,3.0,1.0,0.0,0.0,0.0,0.0,0.0,0.0,0.0,0.0,0.0,0.0,11.62,11.62,,,,,,
2025,7,SEA,HOU,T.Horton,0.0,0.0,0.0,0.0,0.0,0.0,,0.0,0.0,0.0,0.0,0.0,3.0,0.0,0.0,0.0,62.0,0.0,0.0,0.0,0.0,,,,,,
2025,7,SEA,HOU,Z.Charbonnet,0.0,0.0,0.0,0.0,0.0,0.0,,12.0,49.0,2.0,0.0,0.0,2.0,2.0,6.0,0.0,-3.0,0.0,0.0,19.5,17.5,,,,,,
2025,7,SF,ATL,B.Robinson,0.0,0.0,0.0,0.0,0.0,0.0,,9.0,36.0,0.0,0.0,0.0,0.0,0.0,0.0,0.0,0.0,0.0,0.0,3.6,3.6,,,,,,
2025,7,SF,ATL,C.Colby,0.0,0.0,0.0,0.0,0.0,0.0,,0.0,0.0,0.0,0.0,0.0,1.0,1.0,-1.0,0.0,-6.0,0.0,0.0,0.9,-0.1,,,,,,
2025,7,SF,ATL,C.McCaffrey,0.0,0.0,0.0,0.0,0.0,0.0,,24.0,129.0,2.0,0.0,0.0,8.0,7.0,72.0,0.0,12.0,0.0,0.0,39.1,32.1,,,,,,
2025,7,SF,ATL,D.Robinson,0.0,0.0,0.0,0.0,0.0,0.0,,0.0,0.0,0.0,0.0,0.0,1.0,0.0,0.0,0.0,40.0,0.0,0.0,0.0,0.0,,,,,,
2025,7,SF,ATL,G.Kittle,0.0,0.0,0.0,0.0,0.0,0.0,,0.0,0.0,0.0,0.0,0.0,2.0,0.0,0.0,0.0,17.0,0.0,0.0,0.0,0.0,,,,,,
2025,7,SF,ATL,J.Jennings,0.0,0.0,0.0,0.0,0.0,0.0,,0.0,0.0,0.0,0.0,0.0,7.0,4.0,31.0,0.0,51.0,0.0,0.0,7.1,3.1,,,,,,
2025,7,SF,ATL,K.Bourne,0.0,0.0,0.0,0.0,0.0,0.0,,0.0,0.0,0.0,0.0,0.0,2.0,2.0,14.0,0.0,14.0,0.0,0.0,3.4,1.4,,,,,,
2025,7,SF,ATL,K.Juszczyk,0.0,0.0,0.0,0.0,0.0,0.0,,1.0,-2.0,0.0,0.0,0.0,1.0,1.0,10.0,0.0,6.0,0.0,0.0,1.8,0.8,,,,,,
2025,7,SF,ATL,L.Farrell,0.0,0.0,0.0,0.0,0.0,0.0,,0.0,0.0,0.0,0.0,0.0,1.0,1.0,11.0,0.0,4.0,0.0,0.0,2.1,1.1,,,,,,
2025,7,SF,ATL,M.Jones,27.0,17.0,152.0,0.0,1.0,1.0,QB,5.0,11.0,0.0,0.0,0.0,0.0,0.0,0.0,0.0,0.0,0.0,0.0,6.18,6.18,,,,,,
2025,7,SF,ATL,S.Moore,0.0,0.0,0.0,0.0,0.0,0.0,,0.0,0.0,0.0,0.0,0.0,1.0,1.0,15.0,0.0,-3.0,0.0,0.0,2.5,1.5,,,,,,
2025,7,TB,DET,B.Mayfield,55.0,28.0,228.0,1.0,1.0,4.0,QB,0.0,0.0,0.0,0.0,0.0,0.0,0.0,0.0,0.0,0.0,0.0,0.0,12.12,12.12,,,,,,
2025,7,TB,DET,C.Otton,0.0,0.0,0.0,0.0,0.0,0.0,,0.0,0.0,0.0,0.0,0.0,10.0,7.0,65.0,0.0,50.0,0.0,0.0,13.5,6.5,,,,,,
2025,7,TB,DET,E.Egbuka,0.0,0.0,0.0,0.0,0.0,0.0,,0.0,0.0,0.0,0.0,0.0,12.0,4.0,58.0,0.0,175.0,0.0,0.0,9.8,5.8,,,,,,
2025,7,TB,DET,K.Johnson,0.0,0.0,0.0,0.0,0.0,0.0,,0.0,0.0,0.0,0.0,0.0,1.0,0.0,0.0,0.0,18.0,0.0,0.0,0.0,0.0,,,,,,
2025,7,TB,DET,M.Evans,0.0,0.0,0.0,0.0,0.0,0.0,,0.0,0.0,0.0,0.0,0.0,4.0,0.0,0.0,0.0,97.0,0.0,0.0,0.0,0.0,,,,,,
2025,7,TB,DET,R.Miller,0.0,0.0,0.0,0.0,0.0,0.0,,0.0,0.0,0.0,0.0,0.0,1.0,1.0,14.0,0.0,14.0,0.0,0.0,2.4,1.4,,,,,,
2025,7,TB,DET,R.White,0.0,0.0,0.0,0.0,0.0,0.0,,10.0,38.0,0.0,0.0,0.0,6.0,4.0,6.0,0.0,10.0,0.0,0.0,8.4,4.4,,,,,,
2025,7,TB,DET,S.Shepard,0.0,0.0,0.0,0.0,0.0,0.0,,0.0,0.0,0.0,0.0,0.0,7.0,7.0,25.0,0.0,20.0,1.0,1.0,9.5,2.5,,,,,,
2025,7,TB,DET,S.Tucker,0.0,0.0,0.0,0.0,0.0,0.0,,1.0,4.0,0.0,0.0,0.0,1.0,1.0,2.0,0.0,-6.0,0.0,0.0,1.6,0.6,,,,,,
2025,7,TB,DET,T.Bridgewater,0.0,0.0,0.0,0.0,0.0,0.0,,1.0,-1.0,0.0,0.0,0.0,0.0,0.0,0.0,0.0,0.0,0.0,0.0,-0.1,-0.1,,,,,,
2025,7,TB,DET,T.Johnson,0.0,0.0,0.0,0.0,0.0,0.0,,0.0,0.0,0.0,0.0,0.0,9.0,4.0,58.0,1.0,100.0,0.0,0.0,15.8,11.8,,,,,,
2025,7,TEN,NE,C.Dike,0.0,0.0,0.0,0.0,0.0,0.0,,1.0,-1.0,0.0,0.0,0.0,4.0,4.0,70.0,1.0,57.0,0.0,0.0,16.9,12.9,,,,,,
2025,7,TEN,NE,C.Okonkwo,0.0,0.0,0.0,0.0,0.0,0.0,,0.0,0.0,0.0,0.0,0.0,2.0,0.0,0.0,0.0,28.0,0.0,0.0,0.0,0.0,,,,,,
2025,7,TEN,NE,C.Ward,39.0,25.0,255.0,1.0,1.0,5.0,QB,0.0,0.0,0.0,0.0,0.0,0.0,0.0,0.0,0.0,0.0,0.0,0.0,13.2,13.2,,,,,,
2025,7,TEN,NE,E.Ayomanor,0.0,0.0,0.0,0.0,0.0,0.0,,0.0,0.0,0.0,0.0,0.0,5.0,2.0,29.0,0.0,37.0,0.0,0.0,4.9,2.9,,,,,,
2025,7,TEN,NE,G.Helm,0.0,0.0,0.0,0.0,0.0,0.0,,0.0,0.0,0.0,0.0,0.0,5.0,4.0,36.0,0.0,43.0,0.0,0.0,7.6,3.6,,,,,,
2025,7,TEN,NE,T.Lockett,0.0,0.0,0.0,0.0,0.0,0.0,,0.0,0.0,0.0,0.0,0.0,2.0,2.0,18.0,0.0,8.0,0.0,0.0,3.8,1.8,,,,,,
2025,7,TEN,NE,T.Pollard,0.0,0.0,0.0,0.0,0.0,0.0,,6.0,18.0,0.0,0.0,0.0,6.0,6.0,43.0,0.0,8.0,0.0,0.0,12.1,6.1,,,,,,
2025,7,TEN,NE,T.Spears,0.0,0.0,0.0,0.0,0.0,0.0,,5.0,22.0,0.0,0.0,0.0,4.0,3.0,18.0,0.0,7.0,0.0,0.0,7.0,4.0,,,,,,
2025,7,TEN,NE,V.Jefferson,0.0,0.0,0.0,0.0,0.0,0.0,,0.0,0.0,0.0,0.0,0.0,4.0,4.0,41.0,0.0,15.0,0.0,0.0,8.1,4.1,,,,,,
2025,7,WAS,DAL,C.Moore,0.0,0.0,0.0,0.0,0.0,0.0,,0.0,0.0,0.0,0.0,0.0,5.0,2.0,59.0,0.0,73.0,0.0,0.0,7.9,5.9,,,,,,
2025,7,WAS,DAL,C.Rodriguez,0.0,0.0,0.0,0.0,0.0,0.0,,3.0,12.0,1.0,0.0,0.0,0.0,0.0,0.0,0.0,0.0,0.0,0.0,7.2,7.2,,,,,,
2025,7,WAS,DAL,J.Bates,0.0,0.0,0.0,0.0,0.0,0.0,,0.0,0.0,0.0,0.0,0.0,2.0,1.0,5.0,0.0,-3.0,0.0,0.0,1.5,0.5,,,,,,
2025,7,WAS,DAL,J.Croskey-Merritt,0.0,0.0,0.0,0.0,0.0,0.0,,13.0,33.0,0.0,0.0,0.0,2.0,1.0,-1.0,0.0,-10.0,0.0,0.0,4.2,3.2,,,,,,
2025,7,WAS,DAL,J.Daniels,24.0,12.0,156.0,1.0,0.0,2.0,QB,9.0,35.0,1.0,0.0,0.0,0.0,0.0,0.0,0.0,0.0,0.0,0.0,19.74,19.74,,,,,,
2025,7,WAS,DAL,J.Lane,0.0,0.0,0.0,0.0,0.0,0.0,,0.0,0.0,0.0,0.0,0.0,6.0,3.0,60.0,0.0,105.0,0.0,0.0,9.0,6.0,,,,,,
2025,7,WAS,DAL,J.McNichols,0.0,0.0,0.0,0.0,0.0,0.0,,2.0,22.0,0.0,0.0,0.0,3.0,2.0,23.0,0.0,1.0,0.0,0.0,6.5,4.5,,,,,,
2025,7,WAS,DAL,L.McCaffrey,0.0,0.0,0.0,0.0,0.0,0.0,,0.0,0.0,0.0,0.0,0.0,2.0,0.0,0.0,0.0,34.0,0.0,0.0,0.0,0.0,,,,,,
2025,7,WAS,DAL,M.Mariota,12.0,4.0,63.0,0.0,1.0,2.0,QB,2.0,34.0,0.0,0.0,0.0,0.0,0.0,0.0,0.0,0.0,0.0,0.0,4.92,4.92,,,,,,
2025,7,WAS,DAL,R.Chosen,0.0,0.0,0.0,0.0,0.0,0.0,,0.0,0.0,0.0,0.0,0.0,4.0,4.0,36.0,0.0,31.0,0.0,0.0,7.6,3.6,,,,,,
2025,7,WAS,DAL,Z.Ertz,0.0,0.0,0.0,0.0,0.0,0.0,,0.0,0.0,0.0,0.0,0.0,7.0,3.0,37.0,1.0,78.0,0.0,0.0,12.7,9.7,,,,,,
2025,8,ATL,MIA,B.Robinson,0.0,0.0,0.0,0.0,0.0,0.0,,9.0,25.0,0.0,1.0,1.0,3.0,3.0,23.0,0.0,-4.0,0.0,0.0,7.8,4.8,,,,,,
2025,8,ATL,MIA,C.Washington,0.0,0.0,0.0,0.0,0.0,0.0,,0.0,0.0,0.0,0.0,0.0,1.0,1.0,25.0,0.0,17.0,0.0,0.0,3.5,2.5,,,,,,
2025,8,ATL,MIA,D.Mooney,0.0,0.0,0.0,0.0,0.0,0.0,,0.0,0.0,0.0,0.0,0.0,4.0,1.0,11.0,0.0,85.0,0.0,0.0,2.1,1.1,,,,,,
2025,8,ATL,MIA,D.Sills,0.0,0.0,0.0,0.0,0.0,0.0,,0.0,0.0,0.0,0.0,0.0,3.0,2.0,14.0,0.0,30.0,0.0,0.0,3.4,1.4,,,,,,
2025,8,ATL,MIA,K.Cousins,32.0,21.0,173.0,0.0,0.0,1.0,QB,2.0,2.0,0.0,0.0,0.0,0.0,0.0,0.0,0.0,0.0,0.0,0.0,7.12,7.12,,,,,,
2025,8,ATL,MIA,K.Hodge,0.0,0.0,0.0,0.0,0.0,0.0,,0.0,0.0,0.0,0.0,0.0,8.0,3.0,31.0,0.0,105.0,0.0,0.0,6.1,3.1,,,,,,
2025,8,ATL,MIA,K.Pitts,0.0,0.0,0.0,0.0,0.0,0.0,,0.0,0.0,0.0,0.0,0.0,9.0,9.0,59.0,0.0,39.0,0.0,0.0,14.9,5.9,,,,,,
2025,8,ATL,MIA,N.Carter,0.0,0.0,0.0,0.0,0.0,0.0,,2.0,14.0,0.0,0.0,0.0,0.0,0.0,0.0,0.0,0.0,0.0,0.0,1.4,1.4,,,,,,
2025,8,ATL,MIA,T.Allgeier,0.0,0.0,0.0,0.0,0.0,0.0,,4.0,4.0,1.0,0.0,0.0,2.0,2.0,10.0,0.0,5.0,0.0,0.0,9.4,7.4,,,,,,
2025,8,BAL,CHI,C.Kolar,0.0,0.0,0.0,0.0,0.0,0.0,,0.0,0.0,0.0,0.0,0.0,1.0,1.0,10.0,1.0,5.0,0.0,0.0,8.0,7.0,,,,,,
2025,8,BAL,CHI,D.Henry,0.0,0.0,0.0,0.0,0.0,0.0,,21.0,71.0,2.0,0.0,0.0,1.0,0.0,0.0,0.0,2.0,0.0,0.0,19.1,19.1,,,,,,
2025,8,BAL,CHI,D.Hopkins,0.0,0.0,0.0,0.0,0.0,0.0,,0.0,0.0,0.0,0.0,0.0,1.0,1.0,14.0,0.0,12.0,0.0,0.0,2.4,1.4,,,,,,
2025,8,BAL,CHI,I.Likely,0.0,0.0,0.0,0.0,0.0,0.0,,0.0,0.0,0.0,0.0,0.0,2.0,2.0,8.0,0.0,3.0,0.0,0.0,2.8,0.8,,,,,,
2025,8,BAL,CHI,J.Hill,0.0,0.0,0.0,0.0,0.0,0.0,,1.0,2.0,0.0,0.0,0.0,0.0,0.0,0.0,0.0,0.0,0.0,0.0,0.2,0.2,,,,,,
2025,8,BAL,CHI,K.Mitchell,0.0,0.0,0.0,0.0,0.0,0.0,,4.0,43.0,0.0,0.0,0.0,0.0,0.0,0.0,0.0,0.0,0.0,0.0,4.3,4.3,,,,,,
2025,8,BAL,CHI,M.Andrews,0.0,0.0,0.0,0.0,0.0,0.0,,0.0,0.0,0.0,0.0,0.0,3.0,3.0,34.0,0.0,27.0,1.0,0.0,6.4,3.4,,,,,,
2025,8,BAL,CHI,R.Bateman,0.0,0.0,0.0,0.0,0.0,0.0,,0.0,0.0,0.0,0.0,0.0,4.0,2.0,51.0,0.0,64.0,0.0,0.0,7.1,5.1,,,,,,
2025,8,BAL,CHI,T.Huntley,24.0,17.0,186.0,1.0,0.0,2.0,QB,8.0,53.0,0.0,0.0,0.0,0.0,0.0,0.0,0.0,0.0,0.0,0.0,16.74,16.74,,,,,,
2025,8,BAL,CHI,T.Wallace,0.0,0.0,0.0,0.0,0.0,0.0,,0.0,0.0,0.0,0.0,0.0,1.0,1.0,6.0,0.0,-1.0,0.0,0.0,1.6,0.6,,,,,,
2025,8,BAL,CHI,Z.Flowers,0.0,0.0,0.0,0.0,0.0,0.0,,1.0,8.0,0.0,0.0,0.0,9.0,7.0,63.0,0.0,97.0,0.0,0.0,14.1,7.1,,,,,,
2025,8,BUF,CAR,D.Kincaid,0.0,0.0,0.0,0.0,0.0,0.0,,0.0,0.0,0.0,0.0,0.0,3.0,1.0,23.0,0.0,33.0,0.0,0.0,3.3,2.3,,,,,,
2025,8,BUF,CAR,D.Knox,0.0,0.0,0.0,0.0,0.0,0.0,,0.0,0.0,0.0,0.0,0.0,1.0,1.0,15.0,0.0,14.0,0.0,0.0,2.5,1.5,,,,,,
2025,8,BUF,CAR,E.Moore,0.0,0.0,0.0,0.0,0.0,0.0,,0.0,0.0,0.0,0.0,0.0,4.0,1.0,14.0,0.0,41.0,0.0,0.0,2.4,1.4,,,,,,
2025,8,BUF,CAR,J.Allen,21.0,12.0,163.0,1.0,0.0,2.0,QB,3.0,7.0,2.0,0.0,0.0,0.0,0.0,0.0,0.0,0.0,0.0,0.0,23.22,23.22,,,,,,
2025,8,BUF,CAR,J.Cook,0.0,0.0,0.0,0.0,0.0,0.0,,19.0,216.0,2.0,0.0,0.0,0.0,0.0,0.0,0.0,0.0,0.0,0.0,33.6,33.6,,,,,,
2025,8,BUF,CAR,J.Hawes,0.0,0.0,0.0,0.0,0.0,0.0,,0.0,0.0,0.0,0.0,0.0,3.0,2.0,15.0,0.0,24.0,0.0,0.0,3.5,1.5,,,,,,
2025,8,BUF,CAR,K.Coleman,0.0,0.0,0.0,0.0,0.0,0.0,,0.0,0.0,0.0,0.0,0.0,4.0,3.0,30.0,0.0,24.0,0.0,0.0,6.0,3.0,,,,,,
2025,8,BUF,CAR,K.Shakir,0.0,0.0,0.0,0.0,0.0,0.0,,0.0,0.0,0.0,0.0,0.0,7.0,6.0,88.0,1.0,10.0,0.0,0.0,20.8,14.8,,,,,,
2025,8,BUF,CAR,M.Trubisky,4.0,2.0,22.0,0.0,0.0,0.0,QB,0.0,0.0,0.0,0.0,0.0,0.0,0.0,0.0,0.0,0.0,0.0,0.0,0.88,0.88,,,,,,
2025,8,BUF,CAR,R.Davis,0.0,0.0,0.0,0.0,0.0,0.0,,9.0,16.0,0.0,0.0,0.0,1.0,0.0,0.0,0.0,1.0,0.0,0.0,1.6,1.6,,,,,,
2025,8,BUF,CAR,Ty.Johnson,0.0,0.0,0.0,0.0,0.0,0.0,,4.0,6.0,0.0,0.0,0.0,0.0,0.0,0.0,0.0,0.0,0.0,0.0,0.6,0.6,,,,,,
2025,8,CAR,BUF,A.Dalton,31.0,16.0,175.0,0.0,1.0,7.0,QB,2.0,1.0,0.0,2.0,1.0,0.0,0.0,0.0,0.0,0.0,0.0,0.0,6.1,6.1,,,,,,
2025,8,CAR,BUF,C.Hubbard,0.0,0.0,0.0,0.0,0.0,0.0,,12.0,34.0,1.0,0.0,0.0,1.0,0.0,0.0,0.0,5.0,0.0,0.0,9.4,9.4,,,,,,
2025,8,CAR,BUF,J.Coker,0.0,0.0,0.0,0.0,0.0,0.0,,0.0,0.0,0.0,0.0,0.0,4.0,3.0,36.0,0.0,21.0,0.0,0.0,6.6,3.6,,,,,,
2025,8,CAR,BUF,J.Sanders,0.0,0.0,0.0,0.0,0.0,0.0,,0.0,0.0,0.0,0.0,0.0,3.0,3.0,19.0,0.0,2.0,0.0,0.0,4.9,1.9,,,,,,
2025,8,CAR,BUF,Ji.Horn,0.0,0.0,0.0,0.0,0.0,0.0,,2.0,9.0,0.0,0.0,0.0,1.0,0.0,0.0,0.0,16.0,0.0,0.0,0.9,0.9,,,,,,
2025,8,CAR,BUF,R.Dowdle,0.0,0.0,0.0,0.0,0.0,0.0,,8.0,54.0,0.0,0.0,0.0,0.0,0.0,0.0,0.0,0.0,0.0,0.0,5.4,5.4,,,,,,
2025,8,CAR,BUF,T.Etienne,0.0,0.0,0.0,0.0,0.0,0.0,,4.0,16.0,0.0,0.0,0.0,0.0,0.0,0.0,0.0,0.0,0.0,0.0,1.6,1.6,,,,,,
2025,8,CAR,BUF,T.McMillan,0.0,0.0,0.0,0.0,0.0,0.0,,0.0,0.0,0.0,0.0,0.0,10.0,7.0,99.0,0.0,106.0,0.0,0.0,16.9,9.9,,,,,,
2025,8,CAR,BUF,T.Tremble,0.0,0.0,0.0,0.0,0.0,0.0,,0.0,0.0,0.0,0.0,0.0,1.0,1.0,4.0,0.0,1.0,0.0,0.0,1.4,0.4,,,,,,
2025,8,CAR,BUF,X.Legette,0.0,0.0,0.0,0.0,0.0,0.0,,0.0,0.0,0.0,0.0,0.0,3.0,2.0,17.0,0.0,22.0,0.0,0.0,3.7,1.7,,,,,,
2025,8,CHI,BAL,C.Loveland,0.0,0.0,0.0,0.0,0.0,0.0,,0.0,0.0,0.0,0.0,0.0,5.0,3.0,38.0,0.0,33.0,0.0,0.0,6.8,3.8,,,,,,
2025,8,CHI,BAL,C.Williams,39.0,25.0,285.0,0.0,1.0,1.0,QB,3.0,24.0,0.0,0.0,0.0,0.0,0.0,0.0,0.0,0.0,0.0,0.0,12.8,12.8,,,,,,
2025,8,CHI,BAL,D.Duvernay,0.0,0.0,0.0,0.0,0.0,0.0,,0.0,0.0,0.0,0.0,0.0,3.0,1.0,2.0,0.0,48.0,0.0,0.0,1.2,0.2,,,,,,
2025,8,CHI,BAL,D.Moore,0.0,0.0,0.0,0.0,0.0,0.0,,2.0,3.0,0.0,0.0,0.0,7.0,4.0,73.0,0.0,72.0,0.0,0.0,11.6,7.6,,,,,,
2025,8,CHI,BAL,D.Swift,0.0,0.0,0.0,0.0,0.0,0.0,,11.0,45.0,1.0,0.0,0.0,2.0,2.0,26.0,0.0,-12.0,0.0,0.0,15.1,13.1,,,,,,
2025,8,CHI,BAL,K.Monangai,0.0,0.0,0.0,0.0,0.0,0.0,,7.0,24.0,0.0,0.0,0.0,0.0,0.0,0.0,0.0,0.0,0.0,0.0,2.4,2.4,,,,,,
2025,8,CHI,BAL,L.Burden,0.0,0.0,0.0,0.0,0.0,0.0,,0.0,0.0,0.0,0.0,0.0,1.0,1.0,-1.0,0.0,-3.0,0.0,0.0,0.9,-0.1,,,,,,
2025,8,CHI,BAL,O.Zaccheaus,0.0,0.0,0.0,0.0,0.0,0.0,,0.0,0.0,0.0,0.0,0.0,7.0,7.0,33.0,0.0,25.0,0.0,0.0,10.3,3.3,,,,,,
2025,8,CHI,BAL,R.Odunze,0.0,0.0,0.0,0.0,0.0,0.0,,0.0,0.0,0.0,0.0,0.0,10.0,7.0,114.0,0.0,147.0,0.0,0.0,18.4,11.4,,,,,,
2025,8,CIN,NYJ,A.Iosivas,0.0,0.0,0.0,0.0,0.0,0.0,,0.0,0.0,0.0,0.0,0.0,3.0,0.0,0.0,0.0,34.0,0.0,0.0,0.0,0.0,,,,,,
2025,8,CIN,NYJ,C.Brown,0.0,0.0,0.0,0.0,0.0,0.0,,12.0,73.0,1.0,0.0,0.0,3.0,3.0,32.0,1.0,7.0,0.0,0.0,25.5,22.5,,,,,,
2025,8,CIN,NYJ,J.Chase,0.0,0.0,0.0,0.0,0.0,0.0,,0.0,0.0,0.0,0.0,0.0,19.0,12.0,91.0,0.0,98.0,0.0,0.0,21.1,9.1,,,,,,
2025,8,CIN,NYJ,J.Flacco,35.0,21.0,223.0,2.0,0.0,1.0,QB,2.0,14.0,1.0,0.0,0.0,0.0,0.0,0.0,0.0,0.0,0.0,0.0,24.32,24.32,,,,,,
2025,8,CIN,NYJ,N.Fant,0.0,0.0,0.0,0.0,0.0,0.0,,0.0,0.0,0.0,0.0,0.0,3.0,3.0,41.0,0.0,11.0,0.0,0.0,7.1,4.1,,,,,,
2025,8,CIN,NYJ,S.Perine,0.0,0.0,0.0,0.0,0.0,0.0,,9.0,94.0,1.0,0.0,0.0,1.0,1.0,6.0,0.0,-2.0,0.0,0.0,17.0,16.0,,,,,,
2025,8,CIN,NYJ,T.Higgins,0.0,0.0,0.0,0.0,0.0,0.0,,0.0,0.0,0.0,0.0,0.0,2.0,1.0,44.0,1.0,56.0,0.0,0.0,11.4,10.4,,,,,,
2025,8,CIN,NYJ,T.Hudson,0.0,0.0,0.0,0.0,0.0,0.0,,0.0,0.0,0.0,0.0,0.0,2.0,1.0,9.0,0.0,7.0,0.0,0.0,1.9,0.9,,,,,,
2025,8,CLE,NE,D.Gabriel,37.0,21.0,156.0,2.0,2.0,1.0,QB,1.0,13.0,0.0,0.0,0.0,0.0,0.0,0.0,0.0,0.0,0.0,0.0,13.54,13.54,,,,,,
2025,8,CLE,NE,D.Njoku,0.0,0.0,0.0,0.0,0.0,0.0,,0.0,0.0,0.0,0.0,0.0,5.0,4.0,37.0,1.0,28.0,0.0,0.0,13.7,9.7,,,,,,
2025,8,CLE,NE,D.Sampson,0.0,0.0,0.0,0.0,0.0,0.0,,3.0,0.0,0.0,0.0,0.0,6.0,5.0,29.0,0.0,1.0,0.0,0.0,7.9,2.9,,,,,,
2025,8,CLE,NE,G.Larvadain,0.0,0.0,0.0,0.0,0.0,0.0,,1.0,3.0,0.0,0.0,0.0,0.0,0.0,0.0,0.0,0.0,0.0,0.0,0.3,0.3,,,,,,
2025,8,CLE,NE,H.Fannin,0.0,0.0,0.0,0.0,0.0,0.0,,1.0,2.0,0.0,0.0,0.0,9.0,6.0,62.0,1.0,50.0,0.0,0.0,18.4,12.4,,,,,,
2025,8,CLE,NE,I.Bond,0.0,0.0,0.0,0.0,0.0,0.0,,0.0,0.0,0.0,0.0,0.0,4.0,0.0,0.0,0.0,94.0,0.0,0.0,0.0,0.0,,,,,,
2025,8,CLE,NE,J.Ford,0.0,0.0,0.0,0.0,0.0,0.0,,0.0,0.0,0.0,0.0,0.0,2.0,1.0,-1.0,0.0,1.0,0.0,0.0,0.9,-0.1,,,,,,
2025,8,CLE,NE,J.Jeudy,0.0,0.0,0.0,0.0,0.0,0.0,,0.0,0.0,0.0,0.0,0.0,2.0,0.0,0.0,0.0,19.0,0.0,0.0,0.0,0.0,,,,,,
2025,8,CLE,NE,J.Thrash,0.0,0.0,0.0,0.0,0.0,0.0,,0.0,0.0,0.0,0.0,0.0,3.0,2.0,31.0,0.0,11.0,0.0,0.0,5.1,3.1,,,,,,
2025,8,CLE,NE,M.Corley,0.0,0.0,0.0,0.0,0.0,0.0,,1.0,31.0,0.0,0.0,0.0,0.0,0.0,0.0,0.0,0.0,0.0,0.0,3.1,3.1,,,,,,
2025,8,CLE,NE,Q.Judkins,0.0,0.0,0.0,0.0,0.0,0.0,,9.0,19.0,0.0,0.0,0.0,3.0,3.0,-2.0,0.0,-4.0,0.0,0.0,4.7,1.7,,,,,,
2025,8,DAL,DEN,B.Spann-Ford,0.0,0.0,0.0,0.0,0.0,0.0,,0.0,0.0,0.0,0.0,0.0,1.0,1.0,9.0,0.0,0.0,0.0,0.0,1.9,0.9,,,,,,
2025,8,DAL,DEN,C.Lamb,0.0,0.0,0.0,0.0,0.0,0.0,,1.0,2.0,0.0,0.0,0.0,10.0,7.0,74.0,0.0,90.0,0.0,0.0,14.6,7.6,,,,,,
2025,8,DAL,DEN,D.Prescott,33.0,19.0,188.0,0.0,2.0,2.0,QB,6.0,31.0,0.0,0.0,0.0,0.0,0.0,0.0,0.0,0.0,0.0,0.0,8.62,8.62,,,,,,
2025,8,DAL,DEN,G.Pickens,0.0,0.0,0.0,0.0,0.0,0.0,,0.0,0.0,0.0,0.0,0.0,9.0,7.0,78.0,0.0,69.0,0.0,0.0,14.8,7.8,,,,,,
2025,8,DAL,DEN,H.Luepke,0.0,0.0,0.0,0.0,0.0,0.0,,1.0,2.0,0.0,0.0,0.0,0.0,0.0,0.0,0.0,0.0,0.0,0.0,0.2,0.2,,,,,,
2025,8,DAL,DEN,J.Blue,0.0,0.0,0.0,0.0,0.0,0.0,,8.0,29.0,0.0,1.0,0.0,0.0,0.0,0.0,0.0,0.0,0.0,0.0,2.9,2.9,,,,,,
2025,8,DAL,DEN,J.Ferguson,0.0,0.0,0.0,0.0,0.0,0.0,,0.0,0.0,0.0,0.0,0.0,1.0,0.0,0.0,0.0,30.0,0.0,0.0,0.0,0.0,,,,,,
2025,8,DAL,DEN,J.Milton,4.0,3.0,58.0,1.0,0.0,0.0,QB,0.0,0.0,0.0,0.0,0.0,0.0,0.0,0.0,0.0,0.0,0.0,0.0,6.32,6.32,,,,,,
2025,8,DAL,DEN,J.Tolbert,0.0,0.0,0.0,0.0,0.0,0.0,,0.0,0.0,0.0,0.0,0.0,2.0,2.0,47.0,1.0,42.0,0.0,0.0,12.7,10.7,,,,,,
2025,8,DAL,DEN,J.Williams,0.0,0.0,0.0,0.0,0.0,0.0,,13.0,41.0,2.0,0.0,0.0,2.0,1.0,8.0,0.0,-2.0,0.0,0.0,17.9,16.9,,,,,,
2025,8,DAL,DEN,K.Turpin,0.0,0.0,0.0,0.0,0.0,0.0,,0.0,0.0,0.0,0.0,0.0,5.0,1.0,-2.0,0.0,7.0,0.0,0.0,0.8,-0.2,,,,,,
2025,8,DAL,DEN,L.Schoonmaker,0.0,0.0,0.0,0.0,0.0,0.0,,0.0,0.0,0.0,0.0,0.0,3.0,2.0,25.0,0.0,9.0,0.0,0.0,4.5,2.5,,,,,,
2025,8,DAL,DEN,M.Davis,0.0,0.0,0.0,0.0,0.0,0.0,,2.0,3.0,0.0,0.0,0.0,0.0,0.0,0.0,0.0,0.0,0.0,0.0,0.3,0.3,,,,,,
2025,8,DAL,DEN,R.Flournoy,0.0,0.0,0.0,0.0,0.0,0.0,,0.0,0.0,0.0,0.0,0.0,2.0,1.0,7.0,0.0,17.0,0.0,0.0,1.7,0.7,,,,,,
2025,8,DEN,DAL,B.Nix,30.0,19.0,247.0,4.0,1.0,0.0,QB,1.0,-1.0,0.0,0.0,0.0,0.0,0.0,0.0,0.0,0.0,0.0,0.0,24.78,24.78,,,,,,
2025,8,DEN,DAL,C.Sutton,0.0,0.0,0.0,0.0,0.0,0.0,,0.0,0.0,0.0,0.0,0.0,6.0,4.0,67.0,0.0,95.0,0.0,0.0,10.7,6.7,,,,,,
2025,8,DEN,DAL,E.Engram,0.0,0.0,0.0,0.0,0.0,0.0,,0.0,0.0,0.0,0.0,0.0,5.0,4.0,36.0,0.0,19.0,0.0,0.0,7.6,3.6,,,,,,
2025,8,DEN,DAL,J.Dobbins,0.0,0.0,0.0,0.0,0.0,0.0,,15.0,111.0,0.0,0.0,0.0,2.0,2.0,10.0,0.0,0.0,0.0,0.0,14.1,12.1,,,,,,
2025,8,DEN,DAL,J.Stidham,0.0,0.0,0.0,0.0,0.0,0.0,,1.0,-1.0,0.0,0.0,0.0,0.0,0.0,0.0,0.0,0.0,0.0,0.0,-0.1,-0.1,,,,,,
2025,8,DEN,DAL,M.Mims,0.0,0.0,0.0,0.0,0.0,0.0,,3.0,18.0,0.0,0.0,0.0,1.0,0.0,0.0,0.0,5.0,0.0,0.0,1.8,1.8,,,,,,
2025,8,DEN,DAL,N.Adkins,0.0,0.0,0.0,0.0,0.0,0.0,,0.0,0.0,0.0,0.0,0.0,1.0,0.0,0.0,0.0,7.0,0.0,0.0,0.0,0.0,,,,,,
2025,8,DEN,DAL,P.Bryant,0.0,0.0,0.0,0.0,0.0,0.0,,0.0,0.0,0.0,0.0,0.0,4.0,2.0,40.0,1.0,60.0,0.0,0.0,12.0,10.0,,,,,,
2025,8,DEN,DAL,R.Harvey,0.0,0.0,0.0,0.0,0.0,0.0,,7.0,46.0,2.0,0.0,0.0,1.0,1.0,5.0,1.0,1.0,0.0,0.0,24.1,23.1,,,,,,
2025,8,DEN,DAL,T.Badie,0.0,0.0,0.0,0.0,0.0,0.0,,1.0,6.0,0.0,0.0,0.0,0.0,0.0,0.0,0.0,0.0,0.0,0.0,0.6,0.6,,,,,,
2025,8,DEN,DAL,T.Franklin,0.0,0.0,0.0,0.0,0.0,0.0,,0.0,0.0,0.0,0.0,0.0,8.0,6.0,89.0,2.0,109.0,0.0,0.0,26.9,20.9,,,,,,
2025,8,GB,PIT,C.Watson,0.0,0.0,0.0,0.0,0.0,0.0,,0.0,0.0,0.0,0.0,0.0,4.0,4.0,85.0,0.0,73.0,0.0,0.0,12.5,8.5,,,,,,
2025,8,GB,PIT,E.Wilson,0.0,0.0,0.0,0.0,0.0,0.0,,11.0,61.0,0.0,0.0,0.0,4.0,3.0,26.0,0.0,5.0,1.0,0.0,11.7,8.7,,,,,,
2025,8,GB,PIT,J.FitzPatrick,0.0,0.0,0.0,0.0,0.0,0.0,,0.0,0.0,0.0,0.0,0.0,1.0,1.0,4.0,0.0,1.0,0.0,0.0,1.4,0.4,,,,,,
2025,8,GB,PIT,J.Jacobs,0.0,0.0,0.0,0.0,0.0,0.0,,13.0,33.0,1.0,0.0,0.0,3.0,3.0,12.0,0.0,-12.0,0.0,0.0,13.5,10.5,,,,,,
2025,8,GB,PIT,J.Love,38.0,29.0,360.0,3.0,0.0,0.0,QB,1.0,-1.0,0.0,0.0,0.0,0.0,0.0,0.0,0.0,0.0,0.0,0.0,26.3,26.3,,,,,,
2025,8,GB,PIT,L.Musgrave,0.0,0.0,0.0,0.0,0.0,0.0,,0.0,0.0,0.0,0.0,0.0,1.0,1.0,5.0,0.0,4.0,0.0,0.0,1.5,0.5,,,,,,
2025,8,GB,PIT,M.Golden,0.0,0.0,0.0,0.0,0.0,0.0,,0.0,0.0,0.0,0.0,0.0,3.0,3.0,4.0,0.0,2.0,0.0,0.0,3.4,0.4,,,,,,
2025,8,GB,PIT,M.Heath,0.0,0.0,0.0,0.0,0.0,0.0,,0.0,0.0,0.0,0.0,0.0,3.0,3.0,29.0,0.0,7.0,0.0,0.0,5.9,2.9,,,,,,
2025,8,GB,PIT,R.Doubs,0.0,0.0,0.0,0.0,0.0,0.0,,0.0,0.0,0.0,0.0,0.0,7.0,3.0,44.0,0.0,110.0,0.0,0.0,7.4,4.4,,,,,,
2025,8,GB,PIT,S.Williams,0.0,0.0,0.0,0.0,0.0,0.0,,1.0,1.0,0.0,0.0,0.0,1.0,1.0,8.0,1.0,-5.0,0.0,0.0,7.9,6.9,,,,,,
2025,8,GB,PIT,T.Kraft,0.0,0.0,0.0,0.0,0.0,0.0,,0.0,0.0,0.0,0.0,0.0,9.0,7.0,143.0,2.0,17.0,0.0,0.0,33.3,26.3,,,,,,
2025,8,HOU,SF,B.Berrios,0.0,0.0,0.0,0.0,0.0,0.0,,0.0,0.0,0.0,0.0,0.0,5.0,5.0,38.0,0.0,26.0,0.0,0.0,8.8,3.8,,,,,,
2025,8,HOU,SF,C.Stroud,39.0,30.0,318.0,2.0,1.0,0.0,QB,7.0,30.0,0.0,0.0,0.0,0.0,0.0,0.0,0.0,0.0,0.0,0.0,22.72,22.72,,,,,,
2025,8,HOU,SF,D.Ogunbowale,0.0,0.0,0.0,0.0,0.0,0.0,,1.0,9.0,0.0,0.0,0.0,1.0,1.0,8.0,0.0,-3.0,0.0,0.0,2.7,1.7,,,,,,
2025,8,HOU,SF,D.Schultz,0.0,0.0,0.0,0.0,0.0,0.0,,0.0,0.0,0.0,0.0,0.0,3.0,2.0,24.0,0.0,37.0,0.0,0.0,4.4,2.4,,,,,,
2025,8,HOU,SF,H.Bryant,0.0,0.0,0.0,0.0,0.0,0.0,,0.0,0.0,0.0,0.0,0.0,1.0,0.0,0.0,0.0,24.0,0.0,0.0,0.0,0.0,,,,,,
2025,8,HOU,SF,J.Higgins,0.0,0.0,0.0,0.0,0.0,0.0,,0.0,0.0,0.0,0.0,0.0,8.0,4.0,34.0,1.0,97.0,0.0,0.0,13.4,9.4,,,,,,
2025,8,HOU,SF,J.Noel,0.0,0.0,0.0,0.0,0.0,0.0,,0.0,0.0,0.0,0.0,0.0,6.0,5.0,63.0,0.0,78.0,1.0,0.0,11.3,6.3,,,,,,
2025,8,HOU,SF,J.Wayne,0.0,0.0,0.0,0.0,0.0,0.0,,0.0,0.0,0.0,0.0,0.0,2.0,2.0,20.0,0.0,17.0,0.0,0.0,4.0,2.0,,,,,,
2025,8,HOU,SF,N.Chubb,0.0,0.0,0.0,0.0,0.0,0.0,,17.0,56.0,0.0,0.0,0.0,2.0,2.0,13.0,0.0,0.0,0.0,0.0,8.9,6.9,,,,,,
2025,8,HOU,SF,W.Marks,0.0,0.0,0.0,0.0,0.0,0.0,,11.0,62.0,0.0,0.0,0.0,4.0,4.0,49.0,0.0,-7.0,0.0,0.0,15.1,11.1,,,,,,
2025,8,HOU,SF,X.Hutchinson,0.0,0.0,0.0,0.0,0.0,0.0,,0.0,0.0,0.0,0.0,0.0,6.0,5.0,69.0,1.0,51.0,0.0,0.0,17.9,12.9,,,,,,
2025,8,IND,TEN,A.Abdullah,0.0,0.0,0.0,0.0,0.0,0.0,,2.0,5.0,0.0,0.0,0.0,1.0,1.0,3.0,0.0,-3.0,0.0,0.0,1.8,0.8,,,,,,
2025,8,IND,TEN,A.Dulin,0.0,0.0,0.0,0.0,0.0,0.0,,0.0,0.0,0.0,0.0,0.0,1.0,1.0,-8.0,0.0,-8.0,0.0,0.0,0.2,-0.8,,,,,,
2025,8,IND,TEN,A.Mitchell,0.0,0.0,0.0,0.0,0.0,0.0,,0.0,0.0,0.0,0.0,0.0,1.0,0.0,0.0,0.0,4.0,0.0,0.0,0.0,0.0,,,,,,
2025,8,IND,TEN,A.Ogletree,0.0,0.0,0.0,0.0,0.0,0.0,,0.0,0.0,0.0,0.0,0.0,1.0,0.0,0.0,0.0,5.0,0.0,0.0,0.0,0.0,,,,,,
2025,8,IND,TEN,A.Pierce,0.0,0.0,0.0,0.0,0.0,0.0,,0.0,0.0,0.0,0.0,0.0,5.0,2.0,69.0,0.0,143.0,0.0,0.0,8.9,6.9,,,,,,
2025,8,IND,TEN,D.Jones,32.0,21.0,272.0,3.0,0.0,3.0,QB,1.0,3.0,0.0,0.0,0.0,0.0,0.0,0.0,0.0,0.0,0.0,0.0,23.18,23.18,,,,,,
2025,8,IND,TEN,J.Downs,0.0,0.0,0.0,0.0,0.0,0.0,,0.0,0.0,0.0,0.0,0.0,3.0,3.0,39.0,1.0,30.0,0.0,0.0,12.9,9.9,,,,,,
2025,8,IND,TEN,J.Taylor,0.0,0.0,0.0,0.0,0.0,0.0,,12.0,153.0,2.0,0.0,0.0,2.0,2.0,21.0,1.0,-8.0,0.0,0.0,37.4,35.4,,,,,,
2025,8,IND,TEN,M.Pittman,0.0,0.0,0.0,0.0,0.0,0.0,,0.0,0.0,0.0,0.0,0.0,9.0,8.0,95.0,1.0,68.0,0.0,0.0,23.5,15.5,,,,,,
2025,8,IND,TEN,R.Leonard,2.0,0.0,0.0,0.0,0.0,0.0,QB,1.0,1.0,0.0,0.0,0.0,0.0,0.0,0.0,0.0,0.0,0.0,0.0,0.1,0.1,,,,,,
2025,8,IND,TEN,T.Goodson,0.0,0.0,0.0,0.0,0.0,0.0,,2.0,2.0,0.0,0.0,0.0,0.0,0.0,0.0,0.0,0.0,0.0,0.0,0.2,0.2,,,,,,
2025,8,IND,TEN,T.Warren,0.0,0.0,0.0,0.0,0.0,0.0,,0.0,0.0,0.0,0.0,0.0,5.0,4.0,53.0,0.0,33.0,0.0,0.0,9.3,5.3,,,,,,
2025,8,KC,WAS,B.Smith,0.0,0.0,0.0,0.0,0.0,0.0,,3.0,8.0,0.0,1.0,0.0,0.0,0.0,0.0,0.0,0.0,0.0,0.0,0.8,0.8,,,,,,
2025,8,KC,WAS,I.Pacheco,0.0,0.0,0.0,0.0,0.0,0.0,,12.0,58.0,0.0,0.0,0.0,0.0,0.0,0.0,0.0,0.0,0.0,0.0,5.8,5.8,,,,,,
2025,8,KC,WAS,J.Smith-Schuster,0.0,0.0,0.0,0.0,0.0,0.0,,0.0,0.0,0.0,0.0,0.0,2.0,2.0,29.0,0.0,16.0,0.0,0.0,4.9,2.9,,,,,,
2025,8,KC,WAS,K.Hunt,0.0,0.0,0.0,0.0,0.0,0.0,,9.0,40.0,1.0,0.0,0.0,1.0,1.0,2.0,1.0,2.0,0.0,0.0,17.2,16.2,,,,,,
2025,8,KC,WAS,M.Brown,0.0,0.0,0.0,0.0,0.0,0.0,,0.0,0.0,0.0,0.0,0.0,1.0,0.0,0.0,0.0,19.0,0.0,0.0,0.0,0.0,,,,,,
2025,8,KC,WAS,N.Gray,0.0,0.0,0.0,0.0,0.0,0.0,,0.0,0.0,0.0,0.0,0.0,4.0,2.0,23.0,0.0,33.0,0.0,0.0,4.3,2.3,,,,,,
2025,8,KC,WAS,P.Mahomes,37.0,25.0,299.0,3.0,2.0,3.0,QB,4.0,30.0,0.0,0.0,0.0,0.0,0.0,0.0,0.0,0.0,0.0,0.0,24.96,24.96,,,,,,
2025,8,KC,WAS,R.Rice,0.0,0.0,0.0,0.0,0.0,0.0,,2.0,12.0,0.0,0.0,0.0,9.0,9.0,93.0,1.0,37.0,1.0,0.0,25.5,16.5,,,,,,
2025,8,KC,WAS,T.Kelce,0.0,0.0,0.0,0.0,0.0,0.0,,0.0,0.0,0.0,0.0,0.0,8.0,6.0,99.0,1.0,53.0,0.0,0.0,21.9,15.9,,,,,,
2025,8,KC,WAS,X.Worthy,0.0,0.0,0.0,0.0,0.0,0.0,,0.0,0.0,0.0,0.0,0.0,7.0,5.0,53.0,0.0,49.0,0.0,0.0,10.3,5.3,,,,,,
2025,8,LAC,MIN,J.Herbert,27.0,18.0,227.0,3.0,1.0,2.0,QB,7.0,62.0,0.0,0.0,0.0,0.0,0.0,0.0,0.0,0.0,0.0,0.0,26.28,26.28,,,,,,
2025,8,LAC,MIN,J.Patterson,0.0,0.0,0.0,0.0,0.0,0.0,,11.0,30.0,0.0,0.0,0.0,0.0,0.0,0.0,0.0,0.0,0.0,0.0,3.0,3.0,,,,,,
2025,8,LAC,MIN,K.Allen,0.0,0.0,0.0,0.0,0.0,0.0,,0.0,0.0,0.0,0.0,0.0,5.0,4.0,44.0,0.0,56.0,0.0,0.0,8.4,4.4,,,,,,
2025,8,LAC,MIN,K.Vidal,0.0,0.0,0.0,0.0,0.0,0.0,,23.0,117.0,1.0,0.0,0.0,2.0,1.0,10.0,0.0,-3.0,0.0,0.0,19.7,18.7,,,,,,
2025,8,LAC,MIN,L.McConkey,0.0,0.0,0.0,0.0,0.0,0.0,,0.0,0.0,0.0,0.0,0.0,10.0,6.0,88.0,1.0,100.0,0.0,0.0,20.8,14.8,,,,,,
2025,8,LAC,MIN,N.Miller-Hines,0.0,0.0,0.0,0.0,0.0,0.0,,2.0,-2.0,0.0,0.0,0.0,0.0,0.0,0.0,0.0,0.0,0.0,0.0,-0.2,-0.2,,,,,,
2025,8,LAC,MIN,O.Gadsden,0.0,0.0,0.0,0.0,0.0,0.0,,0.0,0.0,0.0,0.0,0.0,5.0,5.0,77.0,1.0,50.0,0.0,0.0,18.7,13.7,,,,,,
2025,8,LAC,MIN,T.Harris,0.0,0.0,0.0,0.0,0.0,0.0,,0.0,0.0,0.0,0.0,0.0,2.0,2.0,8.0,1.0,8.0,0.0,0.0,8.8,6.8,,,,,,
2025,8,MIA,ATL,A.Ingold,0.0,0.0,0.0,0.0,0.0,0.0,,0.0,0.0,0.0,0.0,0.0,1.0,1.0,0.0,0.0,-5.0,0.0,0.0,1.0,0.0,,,,,,
2025,8,MIA,ATL,C.Wilson,0.0,0.0,0.0,0.0,0.0,0.0,,0.0,0.0,0.0,0.0,0.0,1.0,1.0,2.0,0.0,-1.0,0.0,0.0,1.2,0.2,,,,,,
2025,8,MIA,ATL,D.Achane,0.0,0.0,0.0,0.0,0.0,0.0,,18.0,67.0,0.0,0.0,0.0,7.0,5.0,24.0,1.0,3.0,0.0,0.0,20.1,15.1,,,,,,
2025,8,MIA,ATL,J.Waddle,0.0,0.0,0.0,0.0,0.0,0.0,,0.0,0.0,0.0,0.0,0.0,6.0,5.0,99.0,1.0,69.0,0.0,0.0,20.9,15.9,,,,,,
2025,8,MIA,ATL,J.Wright,0.0,0.0,0.0,0.0,0.0,0.0,,9.0,28.0,0.0,0.0,0.0,1.0,1.0,0.0,0.0,-3.0,0.0,0.0,3.8,2.8,,,,,,
2025,8,MIA,ATL,M.Washington,0.0,0.0,0.0,0.0,0.0,0.0,,0.0,0.0,0.0,0.0,0.0,5.0,4.0,36.0,1.0,18.0,0.0,0.0,13.6,9.6,,,,,,
2025,8,MIA,ATL,N.Westbrook-Ikhine,0.0,0.0,0.0,0.0,0.0,0.0,,0.0,0.0,0.0,0.0,0.0,3.0,1.0,18.0,0.0,24.0,0.0,0.0,2.8,1.8,,,,,,
2025,8,MIA,ATL,O.Gordon,0.0,0.0,0.0,0.0,0.0,0.0,,10.0,46.0,0.0,0.0,0.0,1.0,1.0,20.0,1.0,-2.0,0.0,0.0,13.6,12.6,,,,,,
2025,8,MIA,ATL,T.Conner,0.0,0.0,0.0,0.0,0.0,0.0,,0.0,0.0,0.0,0.0,0.0,2.0,2.0,6.0,0.0,-2.0,0.0,0.0,2.6,0.6,,,,,,
2025,8,MIA,ATL,T.Tagovailoa,27.0,20.0,205.0,4.0,0.0,1.0,QB,0.0,0.0,0.0,0.0,0.0,0.0,0.0,0.0,0.0,0.0,0.0,0.0,24.2,24.2,,,,,,
2025,8,MIA,ATL,Z.Wilson,1.0,1.0,0.0,0.0,0.0,0.0,QB,0.0,0.0,0.0,0.0,0.0,0.0,0.0,0.0,0.0,0.0,0.0,0.0,0.0,0.0,,,,,,
2025,8,MIN,LAC,A.Jones,0.0,0.0,0.0,0.0,0.0,0.0,,5.0,15.0,0.0,0.0,0.0,4.0,2.0,15.0,0.0,-5.0,0.0,0.0,5.0,3.0,,,,,,
2025,8,MIN,LAC,A.Thielen,0.0,0.0,0.0,0.0,0.0,0.0,,0.0,0.0,0.0,0.0,0.0,2.0,0.0,0.0,0.0,-3.0,0.0,0.0,0.0,0.0,,,,,,
2025,8,MIN,LAC,B.Yurosek,0.0,0.0,0.0,0.0,0.0,0.0,,0.0,0.0,0.0,0.0,0.0,2.0,1.0,5.0,0.0,6.0,0.0,0.0,1.5,0.5,,,,,,
2025,8,MIN,LAC,C.Wentz,32.0,15.0,144.0,1.0,1.0,5.0,QB,0.0,0.0,0.0,0.0,0.0,0.0,0.0,0.0,0.0,0.0,0.0,0.0,8.76,8.76,,,,,,
2025,8,MIN,LAC,J.Addison,0.0,0.0,0.0,0.0,0.0,0.0,,0.0,0.0,0.0,0.0,0.0,4.0,3.0,26.0,1.0,35.0,0.0,0.0,11.6,8.6,,,,,,
2025,8,MIN,LAC,J.Jefferson,0.0,0.0,0.0,0.0,0.0,0.0,,0.0,0.0,0.0,0.0,0.0,11.0,7.0,74.0,0.0,80.0,0.0,0.0,14.4,7.4,,,,,,
2025,8,MIN,LAC,J.Mason,0.0,0.0,0.0,0.0,0.0,0.0,,4.0,3.0,0.0,0.0,0.0,1.0,1.0,3.0,0.0,-1.0,0.0,0.0,1.6,0.6,,,,,,
2025,8,MIN,LAC,J.Nailor,0.0,0.0,0.0,0.0,0.0,0.0,,0.0,0.0,0.0,0.0,0.0,1.0,0.0,0.0,0.0,5.0,0.0,0.0,0.0,0.0,,,,,,
2025,8,MIN,LAC,M.Brosmer,4.0,3.0,13.0,0.0,0.0,0.0,QB,0.0,0.0,0.0,0.0,0.0,0.0,0.0,0.0,0.0,0.0,0.0,0.0,0.52,0.52,,,,,,
2025,8,MIN,LAC,T.Hockenson,0.0,0.0,0.0,0.0,0.0,0.0,,0.0,0.0,0.0,0.0,0.0,3.0,2.0,26.0,0.0,7.0,0.0,0.0,4.6,2.6,,,,,,
2025,8,MIN,LAC,Z.Scott,0.0,0.0,0.0,0.0,0.0,0.0,,2.0,16.0,0.0,0.0,0.0,2.0,2.0,8.0,0.0,-10.0,0.0,0.0,4.4,2.4,,,,,,
2025,8,NE,CLE,A.Hooper,0.0,0.0,0.0,0.0,0.0,0.0,,0.0,0.0,0.0,0.0,0.0,2.0,2.0,38.0,0.0,23.0,0.0,0.0,5.8,3.8,,,,,,
2025,8,NE,CLE,D.Douglas,0.0,0.0,0.0,0.0,0.0,0.0,,2.0,3.0,0.0,0.0,0.0,1.0,1.0,44.0,0.0,24.0,0.0,0.0,5.7,4.7,,,,,,
2025,8,NE,CLE,D.Maye,30.0,18.0,282.0,3.0,1.0,6.0,QB,7.0,50.0,0.0,0.0,0.0,0.0,0.0,0.0,0.0,0.0,0.0,0.0,27.28,27.28,,,,,,
2025,8,NE,CLE,H.Henry,0.0,0.0,0.0,0.0,0.0,0.0,,0.0,0.0,0.0,0.0,0.0,1.0,1.0,7.0,1.0,1.0,0.0,0.0,7.7,6.7,,,,,,
2025,8,NE,CLE,K.Boutte,0.0,0.0,0.0,0.0,0.0,0.0,,0.0,0.0,0.0,0.0,0.0,5.0,3.0,75.0,1.0,101.0,0.0,0.0,16.5,13.5,,,,,,
2025,8,NE,CLE,M.Hollins,0.0,0.0,0.0,0.0,0.0,0.0,,0.0,0.0,0.0,0.0,0.0,7.0,7.0,89.0,0.0,58.0,0.0,0.0,15.9,8.9,,,,,,
2025,8,NE,CLE,R.Stevenson,0.0,0.0,0.0,0.0,0.0,0.0,,14.0,34.0,0.0,0.0,0.0,2.0,1.0,15.0,0.0,43.0,0.0,0.0,5.9,4.9,,,,,,
2025,8,NE,CLE,S.Diggs,0.0,0.0,0.0,0.0,0.0,0.0,,0.0,0.0,0.0,0.0,0.0,5.0,3.0,14.0,1.0,16.0,0.0,0.0,10.4,7.4,,,,,,
2025,8,NE,CLE,T.Henderson,0.0,0.0,0.0,0.0,0.0,0.0,,10.0,75.0,0.0,1.0,1.0,0.0,0.0,0.0,0.0,0.0,0.0,0.0,7.5,7.5,,,,,,
2025,8,NE,CLE,T.Jennings,0.0,0.0,0.0,0.0,0.0,0.0,,2.0,15.0,0.0,0.0,0.0,0.0,0.0,0.0,0.0,0.0,0.0,0.0,1.5,1.5,,,,,,
2025,8,NO,TB,A.Kamara,0.0,0.0,0.0,0.0,0.0,0.0,,6.0,21.0,0.0,0.0,0.0,2.0,2.0,24.0,0.0,4.0,0.0,0.0,6.5,4.5,,,,,,
2025,8,NO,TB,B.Cooks,0.0,0.0,0.0,0.0,0.0,0.0,,0.0,0.0,0.0,0.0,0.0,4.0,3.0,22.0,0.0,14.0,0.0,0.0,5.2,2.2,,,,,,
2025,8,NO,TB,C.Olave,0.0,0.0,0.0,0.0,0.0,0.0,,1.0,-3.0,0.0,0.0,0.0,12.0,8.0,63.0,0.0,129.0,0.0,0.0,14.0,6.0,,,,,,
2025,8,NO,TB,D.Neal,0.0,0.0,0.0,0.0,0.0,0.0,,0.0,0.0,0.0,0.0,0.0,3.0,3.0,11.0,0.0,-5.0,0.0,0.0,4.1,1.1,,,,,,
2025,8,NO,TB,D.Vele,0.0,0.0,0.0,0.0,0.0,0.0,,0.0,0.0,0.0,0.0,0.0,5.0,1.0,10.0,0.0,72.0,0.0,0.0,2.0,1.0,,,,,,
2025,8,NO,TB,F.Moreau,0.0,0.0,0.0,0.0,0.0,0.0,,0.0,0.0,0.0,0.0,0.0,1.0,0.0,0.0,0.0,-7.0,0.0,0.0,0.0,0.0,,,,,,
2025,8,NO,TB,J.Johnson,0.0,0.0,0.0,0.0,0.0,0.0,,0.0,0.0,0.0,0.0,0.0,8.0,5.0,53.0,0.0,90.0,0.0,0.0,10.3,5.3,,,,,,
2025,8,NO,TB,J.Stoll,0.0,0.0,0.0,0.0,0.0,0.0,,0.0,0.0,0.0,0.0,0.0,1.0,0.0,0.0,0.0,-2.0,0.0,0.0,0.0,0.0,,,,,,
2025,8,NO,TB,M.Tipton,0.0,0.0,0.0,0.0,0.0,0.0,,0.0,0.0,0.0,0.0,0.0,1.0,0.0,0.0,0.0,15.0,0.0,0.0,0.0,0.0,,,,,,
2025,8,NO,TB,R.Shaheed,0.0,0.0,0.0,0.0,0.0,0.0,,0.0,0.0,0.0,0.0,0.0,12.0,9.0,75.0,0.0,107.0,1.0,1.0,16.5,7.5,,,,,,
2025,8,NO,TB,S.Rattler,24.0,15.0,136.0,0.0,1.0,3.0,QB,3.0,12.0,0.0,1.0,1.0,0.0,0.0,0.0,0.0,0.0,0.0,0.0,5.64,5.64,,,,,,
2025,8,NO,TB,T.Hill,0.0,0.0,0.0,0.0,0.0,0.0,,2.0,6.0,0.0,0.0,0.0,1.0,1.0,6.0,0.0,2.0,0.0,0.0,2.2,1.2,,,,,,
2025,8,NO,TB,T.Shough,32.0,17.0,128.0,0.0,1.0,2.0,QB,3.0,12.0,0.0,0.0,0.0,0.0,0.0,0.0,0.0,0.0,0.0,0.0,5.32,5.32,,,,,,
2025,8,NYG,PHI,B.Collins,0.0,0.0,0.0,0.0,0.0,0.0,,0.0,0.0,0.0,0.0,0.0,2.0,1.0,18.0,0.0,22.0,0.0,0.0,2.8,1.8,,,,,,
2025,8,NYG,PHI,C.Skattebo,0.0,0.0,0.0,0.0,0.0,0.0,,3.0,12.0,0.0,0.0,0.0,2.0,1.0,18.0,1.0,17.0,0.0,0.0,10.0,9.0,,,,,,
2025,8,NYG,PHI,D.Bellinger,0.0,0.0,0.0,0.0,0.0,0.0,,0.0,0.0,0.0,0.0,0.0,1.0,1.0,21.0,0.0,19.0,0.0,0.0,3.1,2.1,,,,,,
2025,8,NYG,PHI,D.Singletary,0.0,0.0,0.0,0.0,0.0,0.0,,2.0,0.0,0.0,0.0,0.0,1.0,1.0,28.0,0.0,23.0,0.0,0.0,3.8,2.8,,,,,,
2025,8,NYG,PHI,D.Slayton,0.0,0.0,0.0,0.0,0.0,0.0,,0.0,0.0,0.0,0.0,0.0,5.0,2.0,26.0,0.0,72.0,0.0,0.0,4.6,2.6,,,,,,
2025,8,NYG,PHI,J.Dart,29.0,14.0,193.0,1.0,0.0,5.0,QB,6.0,17.0,1.0,0.0,0.0,0.0,0.0,0.0,0.0,0.0,0.0,0.0,19.42,19.42,,,,,,
2025,8,NYG,PHI,T.Johnson,0.0,0.0,0.0,0.0,0.0,0.0,,0.0,0.0,0.0,0.0,0.0,4.0,3.0,20.0,0.0,36.0,0.0,0.0,5.0,2.0,,,,,,
2025,8,NYG,PHI,T.Tracy,0.0,0.0,0.0,0.0,0.0,0.0,,10.0,39.0,0.0,0.0,0.0,3.0,2.0,14.0,0.0,-8.0,0.0,0.0,7.3,5.3,,,,,,
2025,8,NYG,PHI,W.Robinson,0.0,0.0,0.0,0.0,0.0,0.0,,0.0,0.0,0.0,0.0,0.0,4.0,3.0,48.0,0.0,55.0,0.0,0.0,7.8,4.8,,,,,,
2025,8,NYJ,CIN,A.Beck,0.0,0.0,0.0,0.0,0.0,0.0,,0.0,0.0,0.0,0.0,0.0,1.0,1.0,9.0,0.0,4.0,0.0,0.0,1.9,0.9,,,,,,
2025,8,NYJ,CIN,A.Lazard,0.0,0.0,0.0,0.0,0.0,0.0,,0.0,0.0,0.0,0.0,0.0,2.0,1.0,5.0,0.0,5.0,0.0,0.0,1.5,0.5,,,,,,
2025,8,NYJ,CIN,A.Smith,0.0,0.0,0.0,0.0,0.0,0.0,,0.0,0.0,0.0,0.0,0.0,1.0,1.0,23.0,0.0,21.0,0.0,0.0,3.3,2.3,,,,,,
2025,8,NYJ,CIN,B.Hall,1.0,1.0,4.0,1.0,0.0,0.0,QB,18.0,133.0,2.0,0.0,0.0,3.0,2.0,14.0,0.0,-2.0,0.0,0.0,32.86,30.86,,,,,,
2025,8,NYJ,CIN,I.Davis,0.0,0.0,0.0,0.0,0.0,0.0,,7.0,65.0,0.0,0.0,0.0,6.0,5.0,44.0,0.0,-1.0,0.0,0.0,15.9,10.9,,,,,,
2025,8,NYJ,CIN,I.Williams,0.0,0.0,0.0,0.0,0.0,0.0,,1.0,25.0,0.0,0.0,0.0,4.0,3.0,31.0,0.0,10.0,0.0,0.0,8.6,5.6,,,,,,
2025,8,NYJ,CIN,J.Fields,33.0,21.0,244.0,1.0,0.0,0.0,QB,12.0,31.0,0.0,0.0,0.0,0.0,0.0,0.0,0.0,0.0,0.0,0.0,16.86,16.86,,,,,,
2025,8,NYJ,CIN,J.Ruckert,0.0,0.0,0.0,0.0,0.0,0.0,,0.0,0.0,0.0,0.0,0.0,1.0,1.0,24.0,0.0,4.0,0.0,0.0,3.4,2.4,,,,,,
2025,8,NYJ,CIN,M.Taylor,0.0,0.0,0.0,0.0,0.0,0.0,,0.0,0.0,0.0,0.0,0.0,8.0,5.0,34.0,1.0,49.0,0.0,0.0,14.4,9.4,,,,,,
2025,8,NYJ,CIN,T.Johnson,0.0,0.0,0.0,0.0,0.0,0.0,,0.0,0.0,0.0,0.0,0.0,5.0,3.0,64.0,1.0,85.0,0.0,0.0,15.4,12.4,,,,,,
2025,8,PHI,NYG,D.Goedert,0.0,0.0,0.0,0.0,0.0,0.0,,0.0,0.0,0.0,0.0,0.0,3.0,3.0,28.0,2.0,11.0,0.0,0.0,17.8,14.8,,,,,,
2025,8,PHI,NYG,D.Smith,0.0,0.0,0.0,0.0,0.0,0.0,,0.0,0.0,0.0,0.0,0.0,9.0,6.0,84.0,0.0,107.0,0.0,0.0,14.4,8.4,,,,,,
2025,8,PHI,NYG,J.Dotson,0.0,0.0,0.0,0.0,0.0,0.0,,0.0,0.0,0.0,0.0,0.0,2.0,1.0,40.0,1.0,50.0,0.0,0.0,11.0,10.0,,,,,,
2025,8,PHI,NYG,J.Hurts,24.0,15.0,179.0,4.0,0.0,4.0,QB,4.0,22.0,0.0,0.0,0.0,0.0,0.0,0.0,0.0,0.0,0.0,0.0,25.36,25.36,,,,,,
2025,8,PHI,NYG,S.Barkley,0.0,0.0,0.0,0.0,0.0,0.0,,14.0,150.0,1.0,0.0,0.0,5.0,4.0,24.0,1.0,-16.0,0.0,0.0,33.4,29.4,,,,,,
2025,8,PHI,NYG,T.Bigsby,0.0,0.0,0.0,0.0,0.0,0.0,,9.0,104.0,0.0,0.0,0.0,0.0,0.0,0.0,0.0,0.0,0.0,0.0,10.4,10.4,,,,,,
2025,8,PHI,NYG,T.McKee,0.0,0.0,0.0,0.0,0.0,0.0,,3.0,-2.0,0.0,0.0,0.0,0.0,0.0,0.0,0.0,0.0,0.0,0.0,-0.2,-0.2,,,,,,
2025,8,PHI,NYG,W.Shipley,0.0,0.0,0.0,0.0,0.0,0.0,,3.0,2.0,0.0,0.0,0.0,0.0,0.0,0.0,0.0,0.0,0.0,0.0,0.2,0.2,,,,,,
2025,8,PHI,NYG,X.Gipson,0.0,0.0,0.0,0.0,0.0,0.0,,0.0,0.0,0.0,0.0,0.0,1.0,1.0,3.0,0.0,-5.0,0.0,0.0,1.3,0.3,,,,,,
2025,8,PIT,GB,A.Rodgers,40.0,24.0,219.0,2.0,0.0,3.0,QB,0.0,0.0,0.0,0.0,0.0,0.0,0.0,0.0,0.0,0.0,0.0,0.0,16.76,16.76,,,,,,
2025,8,PIT,GB,B.Skowronek,0.0,0.0,0.0,0.0,0.0,0.0,,0.0,0.0,0.0,0.0,0.0,1.0,1.0,13.0,0.0,6.0,0.0,0.0,2.3,1.3,,,,,,
2025,8,PIT,GB,C.Austin,0.0,0.0,0.0,0.0,0.0,0.0,,0.0,0.0,0.0,0.0,0.0,6.0,4.0,28.0,0.0,22.0,0.0,0.0,6.8,2.8,,,,,,
2025,8,PIT,GB,D.Metcalf,0.0,0.0,0.0,0.0,0.0,0.0,,0.0,0.0,0.0,0.0,0.0,7.0,5.0,55.0,1.0,69.0,0.0,0.0,16.5,11.5,,,,,,
2025,8,PIT,GB,J.Smith,0.0,0.0,0.0,0.0,0.0,0.0,,0.0,0.0,0.0,0.0,0.0,4.0,2.0,17.0,0.0,32.0,0.0,0.0,3.7,1.7,,,,,,
2025,8,PIT,GB,J.Warren,0.0,0.0,0.0,0.0,0.0,0.0,,13.0,62.0,0.0,0.0,0.0,3.0,2.0,11.0,0.0,-8.0,0.0,0.0,9.3,7.3,,,,,,
2025,8,PIT,GB,K.Gainwell,0.0,0.0,0.0,0.0,0.0,0.0,,5.0,31.0,0.0,0.0,0.0,2.0,2.0,4.0,0.0,0.0,1.0,1.0,5.5,3.5,,,,,,
2025,8,PIT,GB,P.Freiermuth,0.0,0.0,0.0,0.0,0.0,0.0,,0.0,0.0,0.0,0.0,0.0,4.0,3.0,13.0,0.0,15.0,0.0,0.0,4.3,1.3,,,,,,
2025,8,PIT,GB,R.Wilson,0.0,0.0,0.0,0.0,0.0,0.0,,0.0,0.0,0.0,0.0,0.0,5.0,4.0,74.0,1.0,92.0,0.0,0.0,17.4,13.4,,,,,,
2025,8,PIT,GB,S.Anderson,0.0,0.0,0.0,0.0,0.0,0.0,,0.0,0.0,0.0,0.0,0.0,1.0,1.0,4.0,0.0,0.0,0.0,0.0,1.4,0.4,,,,,,
2025,8,SF,HOU,C.McCaffrey,0.0,0.0,0.0,0.0,0.0,0.0,,8.0,25.0,0.0,0.0,0.0,6.0,3.0,43.0,0.0,15.0,0.0,0.0,9.8,6.8,,,,,,
2025,8,SF,HOU,D.Robinson,0.0,0.0,0.0,0.0,0.0,0.0,,0.0,0.0,0.0,0.0,0.0,4.0,2.0,5.0,0.0,21.0,0.0,0.0,2.5,0.5,,,,,,
2025,8,SF,HOU,G.Kittle,0.0,0.0,0.0,0.0,0.0,0.0,,0.0,0.0,0.0,0.0,0.0,5.0,4.0,43.0,1.0,25.0,0.0,0.0,14.3,10.3,,,,,,
2025,8,SF,HOU,J.Jennings,0.0,0.0,0.0,0.0,0.0,0.0,,0.0,0.0,0.0,0.0,0.0,7.0,4.0,45.0,0.0,121.0,0.0,0.0,8.5,4.5,,,,,,
2025,8,SF,HOU,J.Tonges,0.0,0.0,0.0,0.0,0.0,0.0,,0.0,0.0,0.0,0.0,0.0,1.0,1.0,2.0,1.0,2.0,0.0,0.0,7.2,6.2,,,,,,
2025,8,SF,HOU,J.Watkins,0.0,0.0,0.0,0.0,0.0,0.0,,0.0,0.0,0.0,0.0,0.0,2.0,1.0,7.0,0.0,24.0,0.0,0.0,1.7,0.7,,,,,,
2025,8,SF,HOU,K.Bourne,0.0,0.0,0.0,0.0,0.0,0.0,,0.0,0.0,0.0,0.0,0.0,4.0,3.0,44.0,0.0,70.0,0.0,0.0,7.4,4.4,,,,,,
2025,8,SF,HOU,K.Juszczyk,0.0,0.0,0.0,0.0,0.0,0.0,,0.0,0.0,0.0,0.0,0.0,2.0,1.0,4.0,0.0,5.0,0.0,0.0,1.4,0.4,,,,,,
2025,8,SF,HOU,M.Jones,35.0,19.0,193.0,2.0,1.0,2.0,QB,2.0,23.0,0.0,0.0,0.0,0.0,0.0,0.0,0.0,0.0,0.0,0.0,17.02,17.02,,,,,,
2025,8,SF,HOU,S.Moore,0.0,0.0,0.0,0.0,0.0,0.0,,0.0,0.0,0.0,0.0,0.0,1.0,0.0,0.0,0.0,44.0,0.0,0.0,0.0,0.0,,,,,,
2025,8,TB,NO,B.Mayfield,27.0,15.0,152.0,0.0,0.0,3.0,QB,0.0,0.0,0.0,0.0,0.0,0.0,0.0,0.0,0.0,0.0,0.0,0.0,6.08,6.08,,,,,,
2025,8,TB,NO,C.Otton,0.0,0.0,0.0,0.0,0.0,0.0,,0.0,0.0,0.0,0.0,0.0,5.0,4.0,40.0,0.0,23.0,0.0,0.0,8.0,4.0,,,,,,
2025,8,TB,NO,E.Egbuka,0.0,0.0,0.0,0.0,0.0,0.0,,0.0,0.0,0.0,0.0,0.0,9.0,3.0,35.0,0.0,99.0,0.0,0.0,6.5,3.5,,,,,,
2025,8,TB,NO,J.Williams,0.0,0.0,0.0,0.0,0.0,0.0,,4.0,11.0,0.0,0.0,0.0,0.0,0.0,0.0,0.0,0.0,0.0,0.0,1.1,1.1,,,,,,
2025,8,TB,NO,R.White,0.0,0.0,0.0,0.0,0.0,0.0,,13.0,35.0,0.0,0.0,0.0,2.0,2.0,26.0,0.0,-4.0,0.0,0.0,8.1,6.1,,,,,,
2025,8,TB,NO,S.Shepard,0.0,0.0,0.0,0.0,0.0,0.0,,0.0,0.0,0.0,0.0,0.0,2.0,1.0,8.0,0.0,-1.0,0.0,0.0,1.8,0.8,,,,,,
2025,8,TB,NO,S.Tucker,0.0,0.0,0.0,0.0,0.0,0.0,,12.0,42.0,1.0,1.0,0.0,0.0,0.0,0.0,0.0,0.0,0.0,0.0,10.2,10.2,,,,,,
2025,8,TB,NO,T.Johnson,0.0,0.0,0.0,0.0,0.0,0.0,,0.0,0.0,0.0,0.0,0.0,6.0,5.0,43.0,0.0,45.0,0.0,0.0,9.3,4.3,,,,,,
2025,8,TEN,IND,C.Dike,0.0,0.0,0.0,0.0,0.0,0.0,,1.0,1.0,0.0,0.0,0.0,8.0,7.0,93.0,0.0,65.0,0.0,0.0,16.4,9.4,,,,,,
2025,8,TEN,IND,C.Okonkwo,0.0,0.0,0.0,0.0,0.0,0.0,,0.0,0.0,0.0,0.0,0.0,5.0,4.0,53.0,0.0,32.0,0.0,0.0,9.3,5.3,,,,,,
2025,8,TEN,IND,C.Ward,42.0,22.0,259.0,1.0,1.0,4.0,QB,2.0,4.0,0.0,0.0,0.0,0.0,0.0,0.0,0.0,0.0,0.0,0.0,13.76,13.76,,,,,,
2025,8,TEN,IND,E.Ayomanor,0.0,0.0,0.0,0.0,0.0,0.0,,0.0,0.0,0.0,0.0,0.0,8.0,4.0,52.0,0.0,111.0,0.0,0.0,9.2,5.2,,,,,,
2025,8,TEN,IND,G.Helm,0.0,0.0,0.0,0.0,0.0,0.0,,0.0,0.0,0.0,0.0,0.0,3.0,2.0,23.0,1.0,27.0,0.0,0.0,10.3,8.3,,,,,,
2025,8,TEN,IND,J.Chestnut,0.0,0.0,0.0,0.0,0.0,0.0,,2.0,5.0,0.0,0.0,0.0,0.0,0.0,0.0,0.0,0.0,0.0,0.0,0.5,0.5,,,,,,
2025,8,TEN,IND,T.Pollard,0.0,0.0,0.0,0.0,0.0,0.0,,11.0,44.0,0.0,0.0,0.0,2.0,1.0,9.0,0.0,6.0,0.0,0.0,6.3,5.3,,,,,,
2025,8,TEN,IND,T.Spears,0.0,0.0,0.0,0.0,0.0,0.0,,9.0,59.0,1.0,0.0,0.0,3.0,3.0,23.0,0.0,5.0,0.0,0.0,17.2,14.2,,,,,,
2025,8,TEN,IND,V.Jefferson,0.0,0.0,0.0,0.0,0.0,0.0,,0.0,0.0,0.0,0.0,0.0,8.0,1.0,6.0,0.0,82.0,0.0,0.0,1.6,0.6,,,,,,
2025,8,WAS,KC,B.Sinnott,0.0,0.0,0.0,0.0,0.0,0.0,,0.0,0.0,0.0,0.0,0.0,1.0,1.0,22.0,0.0,2.0,0.0,0.0,3.2,2.2,,,,,,
2025,8,WAS,KC,C.Rodriguez,0.0,0.0,0.0,0.0,0.0,0.0,,1.0,2.0,0.0,0.0,0.0,0.0,0.0,0.0,0.0,0.0,0.0,0.0,0.2,0.2,,,,,,
2025,8,WAS,KC,D.Samuel,0.0,0.0,0.0,0.0,0.0,0.0,,1.0,1.0,0.0,0.0,0.0,6.0,3.0,11.0,0.0,29.0,0.0,0.0,4.2,1.2,,,,,,
2025,8,WAS,KC,J.Bates,0.0,0.0,0.0,0.0,0.0,0.0,,0.0,0.0,0.0,0.0,0.0,1.0,1.0,22.0,0.0,9.0,0.0,0.0,3.2,2.2,,,,,,
2025,8,WAS,KC,J.Croskey-Merritt,0.0,0.0,0.0,0.0,0.0,0.0,,9.0,25.0,0.0,0.0,0.0,1.0,0.0,0.0,0.0,-8.0,0.0,0.0,2.5,2.5,,,,,,
2025,8,WAS,KC,J.Lane,0.0,0.0,0.0,0.0,0.0,0.0,,0.0,0.0,0.0,0.0,0.0,2.0,1.0,0.0,0.0,11.0,0.0,0.0,1.0,0.0,,,,,,
2025,8,WAS,KC,J.McNichols,0.0,0.0,0.0,0.0,0.0,0.0,,1.0,4.0,0.0,0.0,0.0,6.0,5.0,64.0,0.0,-2.0,0.0,0.0,11.8,6.8,,,,,,
2025,8,WAS,KC,L.McCaffrey,0.0,0.0,0.0,0.0,0.0,0.0,,0.0,0.0,0.0,0.0,0.0,3.0,3.0,24.0,0.0,13.0,0.0,0.0,5.4,2.4,,,,,,
2025,8,WAS,KC,M.Mariota,32.0,21.0,213.0,1.0,2.0,2.0,QB,8.0,28.0,0.0,1.0,0.0,0.0,0.0,0.0,0.0,0.0,0.0,0.0,13.32,13.32,,,,,,
2025,8,WAS,KC,T.McLaurin,0.0,0.0,0.0,0.0,0.0,0.0,,0.0,0.0,0.0,0.0,0.0,4.0,3.0,54.0,1.0,82.0,0.0,0.0,14.4,11.4,,,,,,
2025,8,WAS,KC,Z.Ertz,0.0,0.0,0.0,0.0,0.0,0.0,,0.0,0.0,0.0,0.0,0.0,6.0,4.0,16.0,0.0,26.0,0.0,0.0,5.6,1.6,,,,,,
2025,9,ARI,DAL,E.Demercado,0.0,0.0,0.0,0.0,0.0,0.0,,14.0,79.0,0.0,0.0,0.0,1.0,1.0,-1.0,0.0,-1.0,0.0,0.0,8.8,7.8,,,,,,
2025,9,ARI,DAL,E.Higgins,0.0,0.0,0.0,0.0,0.0,0.0,,0.0,0.0,0.0,0.0,0.0,3.0,3.0,30.0,0.0,6.0,0.0,0.0,6.0,3.0,,,,,,
2025,9,ARI,DAL,G.Dortch,0.0,0.0,0.0,0.0,0.0,0.0,,1.0,9.0,0.0,0.0,0.0,0.0,0.0,0.0,0.0,0.0,0.0,0.0,0.9,0.9,,,,,,
2025,9,ARI,DAL,J.Brissett,36.0,21.0,261.0,2.0,0.0,5.0,QB,5.0,4.0,1.0,1.0,0.0,0.0,0.0,0.0,0.0,0.0,0.0,0.0,24.84,24.84,,,,,,
2025,9,ARI,DAL,M.Harrison,0.0,0.0,0.0,0.0,0.0,0.0,,0.0,0.0,0.0,0.0,0.0,10.0,7.0,96.0,1.0,108.0,0.0,0.0,22.6,15.6,,,,,,
2025,9,ARI,DAL,Mi.Wilson,0.0,0.0,0.0,0.0,0.0,0.0,,0.0,0.0,0.0,0.0,0.0,4.0,3.0,61.0,0.0,49.0,0.0,0.0,9.1,6.1,,,,,,
2025,9,ARI,DAL,T.McBride,0.0,0.0,0.0,0.0,0.0,0.0,,0.0,0.0,0.0,0.0,0.0,9.0,5.0,55.0,1.0,91.0,0.0,0.0,16.5,11.5,,,,,,
2025,9,ARI,DAL,Z.Knight,0.0,0.0,0.0,0.0,0.0,0.0,,9.0,27.0,0.0,0.0,0.0,2.0,2.0,20.0,0.0,-3.0,0.0,0.0,6.7,4.7,,,,,,
2025,9,ATL,NE,B.Robinson,0.0,0.0,0.0,0.0,0.0,0.0,,12.0,46.0,0.0,0.0,0.0,10.0,8.0,50.0,0.0,29.0,0.0,0.0,17.6,9.6,,,,,,
2025,9,ATL,NE,D.London,0.0,0.0,0.0,0.0,0.0,0.0,,0.0,0.0,0.0,0.0,0.0,14.0,9.0,118.0,3.0,143.0,0.0,0.0,38.8,29.8,,,,,,
2025,9,ATL,NE,D.Mooney,0.0,0.0,0.0,0.0,0.0,0.0,,0.0,0.0,0.0,0.0,0.0,2.0,1.0,15.0,0.0,40.0,0.0,0.0,2.5,1.5,,,,,,
2025,9,ATL,NE,D.Sills,0.0,0.0,0.0,0.0,0.0,0.0,,0.0,0.0,0.0,0.0,0.0,1.0,0.0,0.0,0.0,16.0,0.0,0.0,0.0,0.0,,,,,,
2025,9,ATL,NE,K.Pitts,0.0,0.0,0.0,0.0,0.0,0.0,,0.0,0.0,0.0,0.0,0.0,7.0,4.0,38.0,0.0,82.0,0.0,0.0,7.8,3.8,,,,,,
2025,9,ATL,NE,M.Penix,38.0,22.0,221.0,3.0,0.0,1.0,QB,2.0,19.0,0.0,0.0,0.0,0.0,0.0,0.0,0.0,0.0,0.0,0.0,22.74,22.74,,,,,,
2025,9,ATL,NE,T.Allgeier,0.0,0.0,0.0,0.0,0.0,0.0,,2.0,6.0,0.0,0.0,0.0,0.0,0.0,0.0,0.0,0.0,0.0,0.0,0.6,0.6,,,,,,
2025,9,BAL,MIA,C.Kolar,0.0,0.0,0.0,0.0,0.0,0.0,,0.0,0.0,0.0,0.0,0.0,2.0,2.0,23.0,1.0,18.0,0.0,0.0,10.3,8.3,,,,,,
2025,9,BAL,MIA,D.Henry,0.0,0.0,0.0,0.0,0.0,0.0,,19.0,119.0,0.0,0.0,0.0,1.0,1.0,2.0,0.0,1.0,0.0,0.0,13.1,12.1,,,,,,
2025,9,BAL,MIA,D.Hopkins,0.0,0.0,0.0,0.0,0.0,0.0,,0.0,0.0,0.0,0.0,0.0,1.0,0.0,0.0,0.0,40.0,0.0,0.0,0.0,0.0,,,,,,
2025,9,BAL,MIA,I.Likely,0.0,0.0,0.0,0.0,0.0,0.0,,0.0,0.0,0.0,0.0,0.0,4.0,3.0,60.0,0.0,34.0,0.0,0.0,9.0,6.0,,,,,,
2025,9,BAL,MIA,J.Hill,0.0,0.0,0.0,0.0,0.0,0.0,,1.0,2.0,0.0,0.0,0.0,2.0,2.0,13.0,0.0,-4.0,0.0,0.0,3.5,1.5,,,,,,
2025,9,BAL,MIA,K.Mitchell,0.0,0.0,0.0,0.0,0.0,0.0,,4.0,11.0,0.0,0.0,0.0,1.0,1.0,7.0,0.0,0.0,0.0,0.0,2.8,1.8,,,,,,
2025,9,BAL,MIA,L.Jackson,25.0,18.0,204.0,4.0,0.0,2.0,QB,5.0,14.0,0.0,0.0,0.0,0.0,0.0,0.0,0.0,0.0,0.0,0.0,25.56,25.56,,,,,,
2025,9,BAL,MIA,M.Andrews,0.0,0.0,0.0,0.0,0.0,0.0,,2.0,4.0,0.0,0.0,0.0,3.0,2.0,22.0,2.0,37.0,0.0,0.0,16.6,14.6,,,,,,
2025,9,BAL,MIA,R.Bateman,0.0,0.0,0.0,0.0,0.0,0.0,,0.0,0.0,0.0,0.0,0.0,4.0,2.0,13.0,1.0,45.0,0.0,0.0,9.3,7.3,,,,,,
2025,9,BAL,MIA,Z.Flowers,0.0,0.0,0.0,0.0,0.0,0.0,,0.0,0.0,0.0,0.0,0.0,5.0,5.0,64.0,0.0,36.0,0.0,0.0,11.4,6.4,,,,,,
2025,9,BUF,KC,C.Samuel,0.0,0.0,0.0,0.0,0.0,0.0,,0.0,0.0,0.0,0.0,0.0,1.0,1.0,6.0,0.0,2.0,0.0,0.0,1.6,0.6,,,,,,
2025,9,BUF,KC,D.Kincaid,0.0,0.0,0.0,0.0,0.0,0.0,,0.0,0.0,0.0,0.0,0.0,6.0,6.0,101.0,1.0,48.0,0.0,0.0,22.1,16.1,,,,,,
2025,9,BUF,KC,D.Knox,0.0,0.0,0.0,0.0,0.0,0.0,,0.0,0.0,0.0,0.0,0.0,1.0,1.0,30.0,0.0,23.0,0.0,0.0,4.0,3.0,,,,,,
2025,9,BUF,KC,E.Moore,0.0,0.0,0.0,0.0,0.0,0.0,,0.0,0.0,0.0,0.0,0.0,1.0,1.0,28.0,0.0,25.0,0.0,0.0,3.8,2.8,,,,,,
2025,9,BUF,KC,J.Allen,29.0,23.0,273.0,1.0,0.0,3.0,QB,6.0,19.0,2.0,0.0,0.0,0.0,0.0,0.0,0.0,0.0,0.0,0.0,28.82,28.82,,,,,,
2025,9,BUF,KC,J.Cook,0.0,0.0,0.0,0.0,0.0,0.0,,27.0,114.0,0.0,0.0,0.0,1.0,1.0,11.0,0.0,2.0,0.0,0.0,13.5,12.5,,,,,,
2025,9,BUF,KC,J.Hawes,0.0,0.0,0.0,0.0,0.0,0.0,,0.0,0.0,0.0,0.0,0.0,2.0,1.0,18.0,0.0,15.0,0.0,0.0,2.8,1.8,,,,,,
2025,9,BUF,KC,K.Coleman,0.0,0.0,0.0,0.0,0.0,0.0,,0.0,0.0,0.0,0.0,0.0,2.0,2.0,17.0,0.0,10.0,0.0,0.0,3.7,1.7,,,,,,
2025,9,BUF,KC,K.Shakir,0.0,0.0,0.0,0.0,0.0,0.0,,0.0,0.0,0.0,0.0,0.0,8.0,7.0,43.0,0.0,1.0,0.0,0.0,11.3,4.3,,,,,,
2025,9,BUF,KC,T.Shavers,0.0,0.0,0.0,0.0,0.0,0.0,,0.0,0.0,0.0,0.0,0.0,1.0,1.0,7.0,0.0,0.0,0.0,0.0,1.7,0.7,,,,,,
2025,9,BUF,KC,Ty.Johnson,0.0,0.0,0.0,0.0,0.0,0.0,,2.0,8.0,1.0,0.0,0.0,2.0,2.0,12.0,0.0,-7.0,0.0,0.0,10.0,8.0,,,,,,
2025,9,CAR,GB,B.Tremayne,0.0,0.0,0.0,0.0,0.0,0.0,,0.0,0.0,0.0,0.0,0.0,1.0,1.0,8.0,0.0,5.0,0.0,0.0,1.8,0.8,,,,,,
2025,9,CAR,GB,B.Young,21.0,11.0,102.0,0.0,1.0,1.0,QB,2.0,9.0,0.0,0.0,0.0,0.0,0.0,0.0,0.0,0.0,0.0,0.0,3.98,3.98,,,,,,
2025,9,CAR,GB,C.Hubbard,0.0,0.0,0.0,0.0,0.0,0.0,,5.0,17.0,0.0,0.0,0.0,1.0,0.0,0.0,0.0,-1.0,0.0,0.0,1.7,1.7,,,,,,
2025,9,CAR,GB,J.Coker,0.0,0.0,0.0,0.0,0.0,0.0,,0.0,0.0,0.0,0.0,0.0,1.0,1.0,9.0,0.0,9.0,0.0,0.0,1.9,0.9,,,,,,
2025,9,CAR,GB,J.Sanders,0.0,0.0,0.0,0.0,0.0,0.0,,0.0,0.0,0.0,0.0,0.0,1.0,1.0,5.0,0.0,5.0,0.0,0.0,1.5,0.5,,,,,,
2025,9,CAR,GB,Ji.Horn,0.0,0.0,0.0,0.0,0.0,0.0,,1.0,7.0,0.0,0.0,0.0,2.0,1.0,1.0,0.0,-3.0,0.0,0.0,1.8,0.8,,,,,,
2025,9,CAR,GB,R.Dowdle,0.0,0.0,0.0,0.0,0.0,0.0,,25.0,130.0,2.0,0.0,0.0,3.0,2.0,11.0,0.0,-6.0,0.0,0.0,28.1,26.1,,,,,,
2025,9,CAR,GB,T.McMillan,0.0,0.0,0.0,0.0,0.0,0.0,,0.0,0.0,0.0,0.0,0.0,6.0,4.0,46.0,0.0,61.0,0.0,0.0,8.6,4.6,,,,,,
2025,9,CAR,GB,T.Tremble,0.0,0.0,0.0,0.0,0.0,0.0,,0.0,0.0,0.0,0.0,0.0,1.0,0.0,0.0,0.0,9.0,0.0,0.0,0.0,0.0,,,,,,
2025,9,CAR,GB,X.Legette,0.0,0.0,0.0,0.0,0.0,0.0,,0.0,0.0,0.0,0.0,0.0,3.0,1.0,22.0,0.0,37.0,0.0,0.0,3.2,2.2,,,,,,
2025,9,CHI,CIN,B.Brown,0.0,0.0,0.0,0.0,0.0,0.0,,5.0,37.0,1.0,0.0,0.0,1.0,0.0,0.0,0.0,4.0,0.0,0.0,9.7,9.7,,,,,,
2025,9,CHI,CIN,C.Kmet,1.0,0.0,0.0,0.0,0.0,0.0,QB,0.0,0.0,0.0,0.0,0.0,2.0,1.0,10.0,0.0,27.0,0.0,0.0,2.0,1.0,,,,,,
2025,9,CHI,CIN,C.Loveland,0.0,0.0,0.0,0.0,0.0,0.0,,0.0,0.0,0.0,0.0,0.0,8.0,6.0,118.0,2.0,71.0,0.0,0.0,29.8,23.8,,,,,,
2025,9,CHI,CIN,C.Williams,37.0,20.0,280.0,3.0,0.0,2.0,QB,5.0,53.0,0.0,0.0,0.0,2.0,2.0,22.0,1.0,-3.0,0.0,0.0,38.7,36.7,,,,,,
2025,9,CHI,CIN,D.Moore,1.0,1.0,2.0,1.0,0.0,0.0,QB,1.0,17.0,1.0,0.0,0.0,6.0,4.0,72.0,0.0,79.0,0.0,0.0,22.98,18.98,,,,,,
2025,9,CHI,CIN,K.Monangai,0.0,0.0,0.0,0.0,0.0,0.0,,26.0,176.0,0.0,0.0,0.0,5.0,3.0,22.0,0.0,-3.0,0.0,0.0,22.8,19.8,,,,,,
2025,9,CHI,CIN,O.Zaccheaus,0.0,0.0,0.0,0.0,0.0,0.0,,0.0,0.0,0.0,0.0,0.0,8.0,6.0,58.0,1.0,52.0,0.0,0.0,17.8,11.8,,,,,,
2025,9,CHI,CIN,R.Odunze,0.0,0.0,0.0,0.0,0.0,0.0,,0.0,0.0,0.0,0.0,0.0,3.0,0.0,0.0,0.0,35.0,0.0,0.0,0.0,0.0,,,,,,
2025,9,CHI,CIN,T.Bagent,1.0,1.0,20.0,0.0,0.0,0.0,QB,0.0,0.0,0.0,0.0,0.0,0.0,0.0,0.0,0.0,0.0,0.0,0.0,0.8,0.8,,,,,,
2025,9,CIN,CHI,A.Iosivas,0.0,0.0,0.0,0.0,0.0,0.0,,1.0,4.0,0.0,0.0,0.0,7.0,5.0,66.0,1.0,65.0,0.0,0.0,18.0,13.0,,,,,,
2025,9,CIN,CHI,C.Brown,0.0,0.0,0.0,0.0,0.0,0.0,,11.0,37.0,0.0,0.0,0.0,14.0,8.0,75.0,0.0,11.0,0.0,0.0,19.2,11.2,,,,,,
2025,9,CIN,CHI,J.Chase,0.0,0.0,0.0,0.0,0.0,0.0,,0.0,0.0,0.0,0.0,0.0,8.0,6.0,111.0,0.0,82.0,0.0,0.0,17.1,11.1,,,,,,
2025,9,CIN,CHI,J.Flacco,51.0,31.0,470.0,4.0,2.0,3.0,QB,1.0,-1.0,0.0,0.0,0.0,0.0,0.0,0.0,0.0,0.0,0.0,0.0,32.7,32.7,,,,,,
2025,9,CIN,CHI,M.Tinsley,0.0,0.0,0.0,0.0,0.0,0.0,,0.0,0.0,0.0,0.0,0.0,2.0,1.0,27.0,0.0,49.0,0.0,0.0,3.7,2.7,,,,,,
2025,9,CIN,CHI,N.Fant,0.0,0.0,0.0,0.0,0.0,0.0,,0.0,0.0,0.0,0.0,0.0,3.0,2.0,28.0,1.0,31.0,0.0,0.0,10.8,8.8,,,,,,
2025,9,CIN,CHI,S.Perine,0.0,0.0,0.0,0.0,0.0,0.0,,1.0,5.0,0.0,0.0,0.0,0.0,0.0,0.0,0.0,0.0,0.0,0.0,0.5,0.5,,,,,,
2025,9,CIN,CHI,T.Brooks,0.0,0.0,0.0,0.0,0.0,0.0,,1.0,1.0,0.0,0.0,0.0,0.0,0.0,0.0,0.0,0.0,0.0,0.0,0.1,0.1,,,,,,
2025,9,CIN,CHI,T.Higgins,0.0,0.0,0.0,0.0,0.0,0.0,,0.0,0.0,0.0,0.0,0.0,10.0,7.0,121.0,2.0,130.0,0.0,0.0,31.1,24.1,,,,,,
2025,9,CIN,CHI,T.Hudson,0.0,0.0,0.0,0.0,0.0,0.0,,0.0,0.0,0.0,0.0,0.0,2.0,2.0,42.0,0.0,25.0,0.0,0.0,6.2,4.2,,,,,,
2025,9,DAL,ARI,C.Lamb,0.0,0.0,0.0,0.0,0.0,0.0,,0.0,0.0,0.0,0.0,0.0,12.0,7.0,85.0,0.0,179.0,0.0,0.0,15.5,8.5,,,,,,
2025,9,DAL,ARI,D.Prescott,44.0,24.0,250.0,1.0,1.0,5.0,QB,4.0,34.0,0.0,0.0,0.0,0.0,0.0,0.0,0.0,0.0,0.0,0.0,16.4,16.4,,,,,,
2025,9,DAL,ARI,G.Pickens,0.0,0.0,0.0,0.0,0.0,0.0,,0.0,0.0,0.0,0.0,0.0,9.0,6.0,79.0,0.0,90.0,2.0,0.0,13.9,7.9,,,,,,
2025,9,DAL,ARI,J.Ferguson,0.0,0.0,0.0,0.0,0.0,0.0,,0.0,0.0,0.0,0.0,0.0,7.0,5.0,50.0,0.0,39.0,1.0,1.0,10.0,5.0,,,,,,
2025,9,DAL,ARI,J.Williams,0.0,0.0,0.0,0.0,0.0,0.0,,15.0,83.0,0.0,0.0,0.0,1.0,1.0,0.0,0.0,0.0,1.0,1.0,9.3,8.3,,,,,,
2025,9,DAL,ARI,K.Turpin,0.0,0.0,0.0,0.0,0.0,0.0,,1.0,3.0,0.0,0.0,0.0,3.0,2.0,10.0,0.0,15.0,0.0,0.0,3.3,1.3,,,,,,
2025,9,DAL,ARI,L.Schoonmaker,0.0,0.0,0.0,0.0,0.0,0.0,,0.0,0.0,0.0,0.0,0.0,2.0,1.0,14.0,0.0,8.0,0.0,0.0,2.4,1.4,,,,,,
2025,9,DAL,ARI,M.Davis,0.0,0.0,0.0,0.0,0.0,0.0,,1.0,3.0,0.0,0.0,0.0,0.0,0.0,0.0,0.0,0.0,0.0,0.0,0.3,0.3,,,,,,
2025,9,DAL,ARI,R.Flournoy,0.0,0.0,0.0,0.0,0.0,0.0,,0.0,0.0,0.0,0.0,0.0,2.0,2.0,12.0,1.0,12.0,0.0,0.0,9.2,7.2,,,,,,
2025,9,DEN,HOU,A.Prentice,0.0,0.0,0.0,0.0,0.0,0.0,,1.0,2.0,0.0,0.0,0.0,0.0,0.0,0.0,0.0,0.0,0.0,0.0,0.2,0.2,,,,,,
2025,9,DEN,HOU,A.Trautman,0.0,0.0,0.0,0.0,0.0,0.0,,0.0,0.0,0.0,0.0,0.0,2.0,2.0,25.0,0.0,7.0,0.0,0.0,4.5,2.5,,,,,,
2025,9,DEN,HOU,B.Nix,39.0,18.0,173.0,2.0,1.0,1.0,QB,3.0,36.0,0.0,0.0,0.0,0.0,0.0,0.0,0.0,0.0,0.0,0.0,17.52,17.52,,,,,,
2025,9,DEN,HOU,C.Sutton,0.0,0.0,0.0,0.0,0.0,0.0,,0.0,0.0,0.0,0.0,0.0,6.0,1.0,30.0,1.0,129.0,0.0,0.0,10.0,9.0,,,,,,
2025,9,DEN,HOU,E.Engram,0.0,0.0,0.0,0.0,0.0,0.0,,0.0,0.0,0.0,0.0,0.0,3.0,0.0,0.0,0.0,28.0,0.0,0.0,0.0,0.0,,,,,,
2025,9,DEN,HOU,J.Dobbins,0.0,0.0,0.0,0.0,0.0,0.0,,15.0,61.0,0.0,0.0,0.0,1.0,1.0,-2.0,0.0,-2.0,0.0,0.0,6.9,5.9,,,,,,
2025,9,DEN,HOU,M.Bandy,0.0,0.0,0.0,0.0,0.0,0.0,,0.0,0.0,0.0,0.0,0.0,1.0,1.0,16.0,0.0,5.0,0.0,0.0,2.6,1.6,,,,,,
2025,9,DEN,HOU,P.Bryant,0.0,0.0,0.0,0.0,0.0,0.0,,0.0,0.0,0.0,0.0,0.0,3.0,2.0,20.0,0.0,57.0,0.0,0.0,4.0,2.0,,,,,,
2025,9,DEN,HOU,R.Harvey,0.0,0.0,0.0,0.0,0.0,0.0,,2.0,5.0,0.0,0.0,0.0,5.0,5.0,51.0,1.0,7.0,0.0,0.0,16.6,11.6,,,,,,
2025,9,DEN,HOU,T.Badie,0.0,0.0,0.0,0.0,0.0,0.0,,0.0,0.0,0.0,0.0,0.0,3.0,2.0,6.0,0.0,-2.0,0.0,0.0,2.6,0.6,,,,,,
2025,9,DEN,HOU,T.Franklin,0.0,0.0,0.0,0.0,0.0,0.0,,2.0,-4.0,0.0,0.0,0.0,11.0,4.0,27.0,0.0,195.0,0.0,0.0,6.3,2.3,,,,,,
2025,9,DET,MIN,A.St. Brown,0.0,0.0,0.0,0.0,0.0,0.0,,0.0,0.0,0.0,0.0,0.0,13.0,9.0,97.0,0.0,119.0,0.0,0.0,18.7,9.7,,,,,,
2025,9,DET,MIN,B.Wright,0.0,0.0,0.0,0.0,0.0,0.0,,0.0,0.0,0.0,0.0,0.0,1.0,1.0,11.0,0.0,2.0,0.0,0.0,2.1,1.1,,,,,,
2025,9,DET,MIN,D.Montgomery,0.0,0.0,0.0,0.0,0.0,0.0,,11.0,40.0,1.0,1.0,1.0,4.0,2.0,10.0,0.0,13.0,0.0,0.0,13.0,11.0,,,,,,
2025,9,DET,MIN,J.Gibbs,0.0,0.0,0.0,0.0,0.0,0.0,,9.0,25.0,0.0,0.0,0.0,3.0,3.0,3.0,0.0,-12.0,0.0,0.0,5.8,2.8,,,,,,
2025,9,DET,MIN,J.Goff,42.0,25.0,284.0,2.0,0.0,5.0,QB,0.0,0.0,0.0,0.0,0.0,0.0,0.0,0.0,0.0,0.0,0.0,0.0,19.36,19.36,,,,,,
2025,9,DET,MIN,J.Williams,0.0,0.0,0.0,0.0,0.0,0.0,,0.0,0.0,0.0,0.0,0.0,6.0,4.0,66.0,1.0,62.0,0.0,0.0,16.6,12.6,,,,,,
2025,9,DET,MIN,K.Raymond,0.0,0.0,0.0,0.0,0.0,0.0,,0.0,0.0,0.0,0.0,0.0,1.0,0.0,0.0,0.0,6.0,0.0,0.0,0.0,0.0,,,,,,
2025,9,DET,MIN,S.LaPorta,0.0,0.0,0.0,0.0,0.0,0.0,,0.0,0.0,0.0,0.0,0.0,8.0,6.0,97.0,1.0,55.0,0.0,0.0,21.7,15.7,,,,,,
2025,9,GB,CAR,C.Brooks,0.0,0.0,0.0,0.0,0.0,0.0,,0.0,0.0,0.0,0.0,0.0,2.0,2.0,24.0,0.0,1.0,0.0,0.0,4.4,2.4,,,,,,
2025,9,GB,CAR,C.Watson,0.0,0.0,0.0,0.0,0.0,0.0,,0.0,0.0,0.0,0.0,0.0,4.0,2.0,58.0,0.0,112.0,0.0,0.0,7.8,5.8,,,,,,
2025,9,GB,CAR,E.Wilson,0.0,0.0,0.0,0.0,0.0,0.0,,6.0,16.0,0.0,0.0,0.0,2.0,1.0,1.0,0.0,-11.0,0.0,0.0,2.7,1.7,,,,,,
2025,9,GB,CAR,J.Jacobs,0.0,0.0,0.0,0.0,0.0,0.0,,17.0,87.0,1.0,0.0,0.0,5.0,4.0,13.0,0.0,-2.0,0.0,0.0,20.0,16.0,,,,,,
2025,9,GB,CAR,J.Love,38.0,26.0,273.0,0.0,1.0,1.0,QB,1.0,1.0,0.0,0.0,0.0,0.0,0.0,0.0,0.0,0.0,0.0,0.0,10.02,10.02,,,,,,
2025,9,GB,CAR,L.Musgrave,0.0,0.0,0.0,0.0,0.0,0.0,,0.0,0.0,0.0,0.0,0.0,3.0,3.0,34.0,0.0,23.0,0.0,0.0,6.4,3.4,,,,,,
2025,9,GB,CAR,M.Golden,0.0,0.0,0.0,0.0,0.0,0.0,,0.0,0.0,0.0,0.0,0.0,3.0,2.0,9.0,0.0,47.0,0.0,0.0,2.9,0.9,,,,,,
2025,9,GB,CAR,M.Heath,0.0,0.0,0.0,0.0,0.0,0.0,,0.0,0.0,0.0,0.0,0.0,1.0,1.0,11.0,0.0,5.0,0.0,0.0,2.1,1.1,,,,,,
2025,9,GB,CAR,R.Doubs,0.0,0.0,0.0,0.0,0.0,0.0,,0.0,0.0,0.0,0.0,0.0,10.0,7.0,91.0,0.0,116.0,0.0,0.0,16.1,9.1,,,,,,
2025,9,GB,CAR,S.Williams,0.0,0.0,0.0,0.0,0.0,0.0,,1.0,0.0,0.0,1.0,1.0,2.0,2.0,12.0,0.0,3.0,0.0,0.0,3.2,1.2,,,,,,
2025,9,GB,CAR,T.Kraft,0.0,0.0,0.0,0.0,0.0,0.0,,0.0,0.0,0.0,0.0,0.0,3.0,2.0,20.0,0.0,16.0,0.0,0.0,4.0,2.0,,,,,,
2025,9,HOU,DEN,B.Brooks,0.0,0.0,0.0,0.0,0.0,0.0,,2.0,0.0,0.0,0.0,0.0,0.0,0.0,0.0,0.0,0.0,0.0,0.0,0.0,0.0,,,,,,
2025,9,HOU,DEN,C.Kirk,0.0,0.0,0.0,0.0,0.0,0.0,,0.0,0.0,0.0,0.0,0.0,8.0,4.0,26.0,0.0,61.0,0.0,0.0,6.6,2.6,,,,,,
2025,9,HOU,DEN,C.Stroud,12.0,6.0,79.0,0.0,0.0,2.0,QB,2.0,12.0,0.0,0.0,0.0,0.0,0.0,0.0,0.0,0.0,0.0,0.0,4.36,4.36,,,,,,
2025,9,HOU,DEN,D.Mills,32.0,17.0,137.0,0.0,0.0,2.0,QB,2.0,7.0,0.0,0.0,0.0,0.0,0.0,0.0,0.0,0.0,0.0,0.0,6.18,6.18,,,,,,
2025,9,HOU,DEN,D.Ogunbowale,0.0,0.0,0.0,0.0,0.0,0.0,,0.0,0.0,0.0,0.0,0.0,1.0,1.0,2.0,0.0,-1.0,0.0,0.0,1.2,0.2,,,,,,
2025,9,HOU,DEN,D.Schultz,0.0,0.0,0.0,0.0,0.0,0.0,,0.0,0.0,0.0,0.0,0.0,8.0,6.0,77.0,0.0,45.0,0.0,0.0,13.7,7.7,,,,,,
2025,9,HOU,DEN,H.Bryant,0.0,0.0,0.0,0.0,0.0,0.0,,0.0,0.0,0.0,0.0,0.0,2.0,1.0,2.0,0.0,2.0,0.0,0.0,1.2,0.2,,,,,,
2025,9,HOU,DEN,J.Higgins,0.0,0.0,0.0,0.0,0.0,0.0,,0.0,0.0,0.0,0.0,0.0,1.0,1.0,4.0,0.0,4.0,0.0,0.0,1.4,0.4,,,,,,
2025,9,HOU,DEN,J.Noel,0.0,0.0,0.0,0.0,0.0,0.0,,1.0,-3.0,0.0,0.0,0.0,0.0,0.0,0.0,0.0,0.0,0.0,0.0,-0.3,-0.3,,,,,,
2025,9,HOU,DEN,N.Chubb,0.0,0.0,0.0,0.0,0.0,0.0,,11.0,34.0,0.0,0.0,0.0,0.0,0.0,0.0,0.0,0.0,0.0,0.0,3.4,3.4,,,,,,
2025,9,HOU,DEN,N.Collins,0.0,0.0,0.0,0.0,0.0,0.0,,0.0,0.0,0.0,0.0,0.0,11.0,7.0,75.0,0.0,148.0,0.0,0.0,14.5,7.5,,,,,,
2025,9,HOU,DEN,W.Marks,0.0,0.0,0.0,0.0,0.0,0.0,,10.0,27.0,0.0,0.0,0.0,3.0,0.0,0.0,0.0,16.0,0.0,0.0,2.7,2.7,,,,,,
2025,9,HOU,DEN,X.Hutchinson,0.0,0.0,0.0,0.0,0.0,0.0,,0.0,0.0,0.0,0.0,0.0,5.0,3.0,30.0,0.0,51.0,0.0,0.0,6.0,3.0,,,,,,
2025,9,IND,PIT,A.Abdullah,0.0,0.0,0.0,0.0,0.0,0.0,,1.0,3.0,0.0,0.0,0.0,1.0,1.0,2.0,0.0,2.0,0.0,0.0,1.5,0.5,,,,,,
2025,9,IND,PIT,A.Mitchell,0.0,0.0,0.0,0.0,0.0,0.0,,0.0,0.0,0.0,0.0,0.0,1.0,1.0,7.0,0.0,7.0,0.0,0.0,1.7,0.7,,,,,,
2025,9,IND,PIT,A.Pierce,0.0,0.0,0.0,0.0,0.0,0.0,,0.0,0.0,0.0,0.0,0.0,13.0,6.0,115.0,0.0,212.0,0.0,0.0,17.5,11.5,,,,,,
2025,9,IND,PIT,D.Jones,55.0,31.0,342.0,1.0,3.0,5.0,QB,3.0,4.0,1.0,1.0,0.0,0.0,0.0,0.0,0.0,0.0,0.0,0.0,21.08,21.08,,,,,,
2025,9,IND,PIT,J.Downs,0.0,0.0,0.0,0.0,0.0,0.0,,0.0,0.0,0.0,0.0,0.0,9.0,6.0,50.0,1.0,52.0,0.0,0.0,17.0,11.0,,,,,,
2025,9,IND,PIT,J.Taylor,0.0,0.0,0.0,0.0,0.0,0.0,,14.0,45.0,0.0,0.0,0.0,2.0,2.0,12.0,0.0,5.0,0.0,0.0,7.7,5.7,,,,,,
2025,9,IND,PIT,M.Alie-Cox,0.0,0.0,0.0,0.0,0.0,0.0,,0.0,0.0,0.0,0.0,0.0,1.0,0.0,0.0,0.0,13.0,0.0,0.0,0.0,0.0,,,,,,
2025,9,IND,PIT,M.Pittman,0.0,0.0,0.0,0.0,0.0,0.0,,0.0,0.0,0.0,0.0,0.0,12.0,9.0,115.0,0.0,119.0,0.0,0.0,20.5,11.5,,,,,,
2025,9,IND,PIT,R.Thomas,0.0,0.0,0.0,0.0,0.0,0.0,,1.0,3.0,0.0,0.0,0.0,0.0,0.0,0.0,0.0,0.0,0.0,0.0,0.3,0.3,,,,,,
2025,9,IND,PIT,T.Goodson,0.0,0.0,0.0,0.0,0.0,0.0,,0.0,0.0,0.0,0.0,0.0,2.0,1.0,8.0,0.0,-2.0,0.0,0.0,1.8,0.8,,,,,,
2025,9,IND,PIT,T.Warren,0.0,0.0,0.0,0.0,0.0,0.0,,0.0,0.0,0.0,0.0,0.0,7.0,5.0,26.0,0.0,7.0,0.0,0.0,7.6,2.6,,,,,,
2025,9,JAX,LV,A.Trammell,0.0,0.0,0.0,0.0,0.0,0.0,,0.0,0.0,0.0,0.0,0.0,1.0,0.0,0.0,0.0,30.0,0.0,0.0,0.0,0.0,,,,,,
2025,9,JAX,LV,B.Thomas,0.0,0.0,0.0,0.0,0.0,0.0,,0.0,0.0,0.0,0.0,0.0,5.0,3.0,55.0,0.0,83.0,1.0,0.0,8.5,5.5,,,,,,
2025,9,JAX,LV,B.Tuten,0.0,0.0,0.0,0.0,0.0,0.0,,9.0,29.0,1.0,0.0,0.0,1.0,1.0,-3.0,0.0,-6.0,0.0,0.0,9.6,8.6,,,,,,
2025,9,JAX,LV,D.Brown,0.0,0.0,0.0,0.0,0.0,0.0,,1.0,4.0,0.0,0.0,0.0,7.0,3.0,25.0,0.0,82.0,0.0,0.0,5.9,2.9,,,,,,
2025,9,JAX,LV,H.Long,0.0,0.0,0.0,0.0,0.0,0.0,,0.0,0.0,0.0,0.0,0.0,3.0,1.0,6.0,0.0,13.0,0.0,0.0,1.6,0.6,,,,,,
2025,9,JAX,LV,L.Allen,0.0,0.0,0.0,0.0,0.0,0.0,,1.0,10.0,0.0,0.0,0.0,1.0,1.0,1.0,0.0,1.0,0.0,0.0,2.1,1.1,,,,,,
2025,9,JAX,LV,P.Washington,0.0,0.0,0.0,0.0,0.0,0.0,,0.0,0.0,0.0,0.0,0.0,9.0,8.0,90.0,0.0,84.0,0.0,0.0,17.0,9.0,,,,,,
2025,9,JAX,LV,T.Etienne,0.0,0.0,0.0,0.0,0.0,0.0,,22.0,84.0,0.0,0.0,0.0,5.0,5.0,31.0,0.0,-2.0,0.0,0.0,16.5,11.5,,,,,,
2025,9,JAX,LV,T.Jones,0.0,0.0,0.0,0.0,0.0,0.0,,0.0,0.0,0.0,0.0,0.0,1.0,1.0,15.0,0.0,4.0,0.0,0.0,2.5,1.5,,,,,,
2025,9,JAX,LV,T.Lawrence,35.0,23.0,220.0,0.0,1.0,1.0,QB,9.0,24.0,2.0,0.0,0.0,0.0,0.0,0.0,0.0,0.0,0.0,0.0,22.2,22.2,,,,,,
2025,9,KC,BUF,B.Smith,0.0,0.0,0.0,0.0,0.0,0.0,,3.0,7.0,0.0,0.0,0.0,1.0,0.0,0.0,0.0,-2.0,0.0,0.0,0.7,0.7,,,,,,
2025,9,KC,BUF,C.Edwards-Helaire,0.0,0.0,0.0,0.0,0.0,0.0,,2.0,5.0,0.0,0.0,0.0,0.0,0.0,0.0,0.0,0.0,0.0,0.0,0.5,0.5,,,,,,
2025,9,KC,BUF,J.Smith-Schuster,0.0,0.0,0.0,0.0,0.0,0.0,,0.0,0.0,0.0,0.0,0.0,1.0,1.0,2.0,0.0,-1.0,0.0,0.0,1.2,0.2,,,,,,
2025,9,KC,BUF,K.Hunt,0.0,0.0,0.0,0.0,0.0,0.0,,11.0,49.0,1.0,0.0,0.0,2.0,1.0,6.0,0.0,-5.0,0.0,0.0,12.5,11.5,,,,,,
2025,9,KC,BUF,M.Brown,0.0,0.0,0.0,0.0,0.0,0.0,,0.0,0.0,0.0,0.0,0.0,4.0,2.0,73.0,0.0,93.0,0.0,0.0,9.3,7.3,,,,,,
2025,9,KC,BUF,N.Gray,0.0,0.0,0.0,0.0,0.0,0.0,,0.0,0.0,0.0,0.0,0.0,1.0,0.0,0.0,0.0,26.0,0.0,0.0,0.0,0.0,,,,,,
2025,9,KC,BUF,P.Mahomes,38.0,15.0,250.0,0.0,1.0,3.0,QB,1.0,5.0,0.0,0.0,0.0,0.0,0.0,0.0,0.0,0.0,0.0,0.0,9.5,9.5,,,,,,
2025,9,KC,BUF,R.Rice,0.0,0.0,0.0,0.0,0.0,0.0,,2.0,6.0,1.0,0.0,0.0,7.0,4.0,80.0,0.0,91.0,0.0,0.0,18.6,14.6,,,,,,
2025,9,KC,BUF,T.Kelce,0.0,0.0,0.0,0.0,0.0,0.0,,0.0,0.0,0.0,0.0,0.0,6.0,4.0,66.0,0.0,53.0,0.0,0.0,10.6,6.6,,,,,,
2025,9,KC,BUF,T.Thornton,0.0,0.0,0.0,0.0,0.0,0.0,,0.0,0.0,0.0,0.0,0.0,1.0,0.0,0.0,0.0,40.0,0.0,0.0,0.0,0.0,,,,,,
2025,9,KC,BUF,X.Worthy,0.0,0.0,0.0,0.0,0.0,0.0,,1.0,7.0,0.0,0.0,0.0,7.0,3.0,23.0,0.0,126.0,0.0,0.0,6.0,3.0,,,,,,
2025,9,LA,NO,B.Corum,0.0,0.0,0.0,0.0,0.0,0.0,,13.0,58.0,0.0,0.0,0.0,0.0,0.0,0.0,0.0,0.0,0.0,0.0,5.8,5.8,,,,,,
2025,9,LA,NO,C.Parkinson,0.0,0.0,0.0,0.0,0.0,0.0,,0.0,0.0,0.0,0.0,0.0,2.0,2.0,10.0,0.0,1.0,0.0,0.0,3.0,1.0,,,,,,
2025,9,LA,NO,D.Adams,0.0,0.0,0.0,0.0,0.0,0.0,,0.0,0.0,0.0,0.0,0.0,7.0,5.0,60.0,2.0,110.0,0.0,0.0,23.0,18.0,,,,,,
2025,9,LA,NO,D.Allen,0.0,0.0,0.0,0.0,0.0,0.0,,0.0,0.0,0.0,0.0,0.0,4.0,3.0,37.0,0.0,6.0,0.0,0.0,6.7,3.7,,,,,,
2025,9,LA,NO,K.Williams,0.0,0.0,0.0,0.0,0.0,0.0,,25.0,114.0,1.0,0.0,0.0,0.0,0.0,0.0,0.0,0.0,0.0,0.0,17.4,17.4,,,,,,
2025,9,LA,NO,M.Stafford,34.0,24.0,281.0,4.0,0.0,2.0,QB,4.0,-4.0,0.0,0.0,0.0,0.0,0.0,0.0,0.0,0.0,0.0,0.0,26.84,26.84,,,,,,
2025,9,LA,NO,P.Nacua,0.0,0.0,0.0,0.0,0.0,0.0,,1.0,3.0,0.0,0.0,0.0,8.0,7.0,95.0,1.0,81.0,0.0,0.0,22.8,15.8,,,,,,
2025,9,LA,NO,T.Ferguson,0.0,0.0,0.0,0.0,0.0,0.0,,0.0,0.0,0.0,0.0,0.0,3.0,2.0,54.0,0.0,56.0,0.0,0.0,7.4,5.4,,,,,,
2025,9,LA,NO,T.Higbee,0.0,0.0,0.0,0.0,0.0,0.0,,0.0,0.0,0.0,0.0,0.0,4.0,3.0,13.0,1.0,6.0,0.0,0.0,10.3,7.3,,,,,,
2025,9,LA,NO,X.Smith,0.0,0.0,0.0,0.0,0.0,0.0,,0.0,0.0,0.0,0.0,0.0,3.0,2.0,12.0,0.0,53.0,0.0,0.0,3.2,1.2,,,,,,
2025,9,LAC,TEN,J.Herbert,35.0,19.0,250.0,2.0,1.0,6.0,QB,9.0,57.0,1.0,0.0,0.0,0.0,0.0,0.0,0.0,0.0,0.0,0.0,28.7,28.7,,,,,,
2025,9,LAC,TEN,J.Patterson,0.0,0.0,0.0,0.0,0.0,0.0,,9.0,44.0,0.0,0.0,0.0,0.0,0.0,0.0,0.0,0.0,0.0,0.0,4.4,4.4,,,,,,
2025,9,LAC,TEN,K.Allen,0.0,0.0,0.0,0.0,0.0,0.0,,0.0,0.0,0.0,0.0,0.0,5.0,2.0,41.0,0.0,72.0,0.0,0.0,6.1,4.1,,,,,,
2025,9,LAC,TEN,K.Lambert-Smith,0.0,0.0,0.0,0.0,0.0,0.0,,0.0,0.0,0.0,0.0,0.0,1.0,0.0,0.0,0.0,48.0,0.0,0.0,0.0,0.0,,,,,,
2025,9,LAC,TEN,K.Vidal,0.0,0.0,0.0,0.0,0.0,0.0,,12.0,30.0,0.0,1.0,0.0,1.0,0.0,0.0,0.0,7.0,0.0,0.0,3.0,3.0,,,,,,
2025,9,LAC,TEN,L.McConkey,0.0,0.0,0.0,0.0,0.0,0.0,,0.0,0.0,0.0,0.0,0.0,6.0,4.0,56.0,0.0,46.0,0.0,0.0,9.6,5.6,,,,,,
2025,9,LAC,TEN,O.Gadsden,0.0,0.0,0.0,0.0,0.0,0.0,,0.0,0.0,0.0,0.0,0.0,5.0,5.0,68.0,0.0,47.0,0.0,0.0,11.8,6.8,,,,,,
2025,9,LAC,TEN,Q.Johnston,0.0,0.0,0.0,0.0,0.0,0.0,,0.0,0.0,0.0,0.0,0.0,6.0,4.0,53.0,1.0,59.0,0.0,0.0,15.3,11.3,,,,,,
2025,9,LAC,TEN,S.Matlock,0.0,0.0,0.0,0.0,0.0,0.0,,0.0,0.0,0.0,0.0,0.0,1.0,1.0,2.0,1.0,0.0,0.0,0.0,7.2,6.2,,,,,,
2025,9,LAC,TEN,T.Fisk,0.0,0.0,0.0,0.0,0.0,0.0,,0.0,0.0,0.0,0.0,0.0,1.0,1.0,12.0,0.0,0.0,0.0,0.0,2.2,1.2,,,,,,
2025,9,LAC,TEN,T.Harris,0.0,0.0,0.0,0.0,0.0,0.0,,0.0,0.0,0.0,0.0,0.0,2.0,2.0,18.0,0.0,12.0,0.0,0.0,3.8,1.8,,,,,,
2025,9,LV,JAX,A.Jeanty,0.0,0.0,0.0,0.0,0.0,0.0,,13.0,42.0,0.0,0.0,0.0,5.0,5.0,47.0,1.0,-19.0,0.0,0.0,19.9,14.9,,,,,,
2025,9,LV,JAX,B.Bowers,0.0,0.0,0.0,0.0,0.0,0.0,,1.0,6.0,0.0,0.0,0.0,13.0,12.0,127.0,3.0,75.0,0.0,0.0,43.3,31.3,,,,,,
2025,9,LV,JAX,G.Smith,42.0,29.0,284.0,4.0,1.0,2.0,QB,5.0,9.0,0.0,0.0,0.0,0.0,0.0,0.0,0.0,0.0,0.0,0.0,27.26,27.26,,,,,,
2025,9,LV,JAX,I.Thomas,0.0,0.0,0.0,0.0,0.0,0.0,,0.0,0.0,0.0,0.0,0.0,1.0,1.0,9.0,0.0,2.0,0.0,0.0,1.9,0.9,,,,,,
2025,9,LV,JAX,J.Meyers,0.0,0.0,0.0,0.0,0.0,0.0,,0.0,0.0,0.0,0.0,0.0,6.0,4.0,23.0,0.0,36.0,0.0,0.0,6.3,2.3,,,,,,
2025,9,LV,JAX,M.Mayer,0.0,0.0,0.0,0.0,0.0,0.0,,0.0,0.0,0.0,0.0,0.0,7.0,3.0,26.0,0.0,51.0,0.0,0.0,5.6,2.6,,,,,,
2025,9,LV,JAX,R.Mostert,0.0,0.0,0.0,0.0,0.0,0.0,,0.0,0.0,0.0,0.0,0.0,1.0,1.0,14.0,0.0,-3.0,0.0,0.0,2.4,1.4,,,,,,
2025,9,LV,JAX,T.Lockett,0.0,0.0,0.0,0.0,0.0,0.0,,0.0,0.0,0.0,0.0,0.0,2.0,0.0,0.0,0.0,6.0,0.0,0.0,0.0,0.0,,,,,,
2025,9,LV,JAX,T.Tucker,0.0,0.0,0.0,0.0,0.0,0.0,,0.0,0.0,0.0,0.0,0.0,4.0,3.0,38.0,0.0,22.0,0.0,0.0,6.8,3.8,,,,,,
2025,9,MIA,BAL,C.Wilson,0.0,0.0,0.0,0.0,0.0,0.0,,0.0,0.0,0.0,0.0,0.0,1.0,1.0,7.0,0.0,4.0,0.0,0.0,1.7,0.7,,,,,,
2025,9,MIA,BAL,D.Achane,0.0,0.0,0.0,0.0,0.0,0.0,,14.0,67.0,0.0,0.0,0.0,10.0,6.0,39.0,0.0,31.0,0.0,0.0,16.6,10.6,,,,,,
2025,9,MIA,BAL,D.Eskridge,0.0,0.0,0.0,0.0,0.0,0.0,,0.0,0.0,0.0,0.0,0.0,1.0,0.0,0.0,0.0,5.0,0.0,0.0,0.0,0.0,,,,,,
2025,9,MIA,BAL,G.Dulcich,0.0,0.0,0.0,0.0,0.0,0.0,,0.0,0.0,0.0,0.0,0.0,5.0,5.0,49.0,0.0,30.0,0.0,0.0,9.9,4.9,,,,,,
2025,9,MIA,BAL,J.Waddle,0.0,0.0,0.0,0.0,0.0,0.0,,0.0,0.0,0.0,0.0,0.0,9.0,6.0,82.0,0.0,94.0,0.0,0.0,14.2,8.2,,,,,,
2025,9,MIA,BAL,M.Washington,0.0,0.0,0.0,0.0,0.0,0.0,,3.0,13.0,0.0,1.0,1.0,3.0,3.0,48.0,0.0,13.0,0.0,0.0,9.1,6.1,,,,,,
2025,9,MIA,BAL,N.Westbrook-Ikhine,0.0,0.0,0.0,0.0,0.0,0.0,,0.0,0.0,0.0,0.0,0.0,4.0,2.0,22.0,0.0,26.0,0.0,0.0,4.2,2.2,,,,,,
2025,9,MIA,BAL,O.Gordon,0.0,0.0,0.0,0.0,0.0,0.0,,2.0,6.0,0.0,0.0,0.0,1.0,1.0,3.0,0.0,-4.0,0.0,0.0,1.9,0.9,,,,,,
2025,9,MIA,BAL,T.Conner,0.0,0.0,0.0,0.0,0.0,0.0,,0.0,0.0,0.0,0.0,0.0,1.0,0.0,0.0,0.0,20.0,0.0,0.0,0.0,0.0,,,,,,
2025,9,MIA,BAL,T.Tagovailoa,42.0,25.0,261.0,0.0,1.0,2.0,QB,1.0,1.0,0.0,0.0,0.0,0.0,0.0,0.0,0.0,0.0,0.0,0.0,9.54,9.54,,,,,,
2025,9,MIA,BAL,T.Washington,0.0,0.0,0.0,0.0,0.0,0.0,,0.0,0.0,0.0,0.0,0.0,2.0,1.0,11.0,0.0,56.0,1.0,1.0,2.1,1.1,,,,,,
2025,9,MIN,DET,A.Jones,0.0,0.0,0.0,0.0,0.0,0.0,,9.0,78.0,0.0,0.0,0.0,2.0,2.0,20.0,0.0,0.0,0.0,0.0,11.8,9.8,,,,,,
2025,9,MIN,DET,J.Addison,0.0,0.0,0.0,0.0,0.0,0.0,,1.0,16.0,0.0,0.0,0.0,4.0,2.0,48.0,0.0,102.0,0.0,0.0,8.4,6.4,,,,,,
2025,9,MIN,DET,J.Jefferson,0.0,0.0,0.0,0.0,0.0,0.0,,0.0,0.0,0.0,0.0,0.0,9.0,6.0,47.0,1.0,57.0,0.0,0.0,16.7,10.7,,,,,,
2025,9,MIN,DET,J.Mason,0.0,0.0,0.0,0.0,0.0,0.0,,10.0,36.0,0.0,0.0,0.0,1.0,1.0,1.0,0.0,0.0,0.0,0.0,4.7,3.7,,,,,,
2025,9,MIN,DET,J.McCarthy,30.0,14.0,143.0,2.0,1.0,5.0,QB,9.0,12.0,1.0,1.0,0.0,0.0,0.0,0.0,0.0,0.0,0.0,0.0,19.92,19.92,,,,,,
2025,9,MIN,DET,J.Nailor,0.0,0.0,0.0,0.0,0.0,0.0,,0.0,0.0,0.0,0.0,0.0,4.0,1.0,16.0,0.0,75.0,0.0,0.0,2.6,1.6,,,,,,
2025,9,MIN,DET,T.Hockenson,0.0,0.0,0.0,0.0,0.0,0.0,,0.0,0.0,0.0,0.0,0.0,3.0,2.0,11.0,1.0,15.0,0.0,0.0,9.1,7.1,,,,,,
2025,9,NE,ATL,A.Hooper,0.0,0.0,0.0,0.0,0.0,0.0,,0.0,0.0,0.0,0.0,0.0,1.0,1.0,20.0,0.0,16.0,0.0,0.0,3.0,2.0,,,,,,
2025,9,NE,ATL,D.Douglas,0.0,0.0,0.0,0.0,0.0,0.0,,0.0,0.0,0.0,0.0,0.0,6.0,4.0,100.0,1.0,134.0,0.0,0.0,20.0,16.0,,,,,,
2025,9,NE,ATL,D.Maye,35.0,19.0,259.0,2.0,1.0,6.0,QB,8.0,20.0,0.0,0.0,0.0,0.0,0.0,0.0,0.0,0.0,0.0,0.0,19.36,19.36,,,,,,
2025,9,NE,ATL,H.Henry,0.0,0.0,0.0,0.0,0.0,0.0,,0.0,0.0,0.0,0.0,0.0,6.0,4.0,51.0,0.0,50.0,0.0,0.0,9.1,5.1,,,,,,
2025,9,NE,ATL,K.Boutte,0.0,0.0,0.0,0.0,0.0,0.0,,0.0,0.0,0.0,0.0,0.0,1.0,0.0,0.0,0.0,19.0,0.0,0.0,0.0,0.0,,,,,,
2025,9,NE,ATL,K.Williams,0.0,0.0,0.0,0.0,0.0,0.0,,0.0,0.0,0.0,0.0,0.0,1.0,0.0,0.0,0.0,11.0,0.0,0.0,0.0,0.0,,,,,,
2025,9,NE,ATL,M.Hollins,0.0,0.0,0.0,0.0,0.0,0.0,,0.0,0.0,0.0,0.0,0.0,2.0,2.0,9.0,0.0,8.0,0.0,0.0,2.9,0.9,,,,,,
2025,9,NE,ATL,S.Diggs,0.0,0.0,0.0,0.0,0.0,0.0,,0.0,0.0,0.0,0.0,0.0,4.0,3.0,38.0,1.0,65.0,0.0,0.0,12.8,9.8,,,,,,
2025,9,NE,ATL,T.Henderson,0.0,0.0,0.0,0.0,0.0,0.0,,14.0,55.0,0.0,0.0,0.0,6.0,4.0,32.0,0.0,-6.0,0.0,0.0,12.7,8.7,,,,,,
2025,9,NE,ATL,T.Jennings,0.0,0.0,0.0,0.0,0.0,0.0,,11.0,35.0,1.0,0.0,0.0,1.0,1.0,9.0,0.0,2.0,0.0,0.0,11.4,10.4,,,,,,
2025,9,NO,LA,A.Kamara,0.0,0.0,0.0,0.0,0.0,0.0,,6.0,14.0,0.0,1.0,1.0,3.0,1.0,3.0,0.0,4.0,0.0,0.0,2.7,1.7,,,,,,
2025,9,NO,LA,B.Cooks,0.0,0.0,0.0,0.0,0.0,0.0,,0.0,0.0,0.0,0.0,0.0,3.0,2.0,16.0,0.0,27.0,0.0,0.0,3.6,1.6,,,,,,
2025,9,NO,LA,C.Olave,0.0,0.0,0.0,0.0,0.0,0.0,,0.0,0.0,0.0,0.0,0.0,4.0,3.0,57.0,0.0,50.0,0.0,0.0,8.7,5.7,,,,,,
2025,9,NO,LA,D.Neal,0.0,0.0,0.0,0.0,0.0,0.0,,3.0,11.0,0.0,0.0,0.0,1.0,1.0,1.0,0.0,-1.0,0.0,0.0,2.2,1.2,,,,,,
2025,9,NO,LA,J.Johnson,0.0,0.0,0.0,0.0,0.0,0.0,,0.0,0.0,0.0,0.0,0.0,4.0,3.0,31.0,1.0,25.0,0.0,0.0,12.1,9.1,,,,,,
2025,9,NO,LA,R.Shaheed,0.0,0.0,0.0,0.0,0.0,0.0,,0.0,0.0,0.0,0.0,0.0,9.0,5.0,68.0,0.0,113.0,0.0,0.0,11.8,6.8,,,,,,
2025,9,NO,LA,T.Hill,1.0,0.0,0.0,0.0,0.0,0.0,QB,4.0,30.0,0.0,0.0,0.0,0.0,0.0,0.0,0.0,0.0,0.0,0.0,3.0,3.0,,,,,,
2025,9,NO,LA,T.Shough,25.0,15.0,176.0,1.0,1.0,1.0,QB,1.0,2.0,0.0,0.0,0.0,0.0,0.0,0.0,0.0,0.0,0.0,0.0,10.24,10.24,,,,,,
2025,9,NYG,SF,D.Singletary,0.0,0.0,0.0,0.0,0.0,0.0,,8.0,43.0,0.0,0.0,0.0,2.0,2.0,8.0,0.0,3.0,0.0,0.0,7.1,5.1,,,,,,
2025,9,NYG,SF,D.Slayton,0.0,0.0,0.0,0.0,0.0,0.0,,0.0,0.0,0.0,0.0,0.0,7.0,5.0,62.0,0.0,87.0,0.0,0.0,11.2,6.2,,,,,,
2025,9,NYG,SF,G.Olszewski,0.0,0.0,0.0,0.0,0.0,0.0,,0.0,0.0,0.0,0.0,0.0,1.0,1.0,24.0,1.0,23.0,0.0,0.0,9.4,8.4,,,,,,
2025,9,NYG,SF,J.Dart,35.0,24.0,191.0,2.0,0.0,2.0,QB,8.0,56.0,1.0,0.0,0.0,0.0,0.0,0.0,0.0,0.0,0.0,0.0,27.24,27.24,,,,,,
2025,9,NYG,SF,R.McCloud,0.0,0.0,0.0,0.0,0.0,0.0,,0.0,0.0,0.0,0.0,0.0,1.0,1.0,5.0,0.0,5.0,0.0,0.0,1.5,0.5,,,,,,
2025,9,NYG,SF,T.Johnson,0.0,0.0,0.0,0.0,0.0,0.0,,0.0,0.0,0.0,0.0,0.0,6.0,3.0,27.0,1.0,46.0,0.0,0.0,11.7,8.7,,,,,,
2025,9,NYG,SF,T.Tracy,0.0,0.0,0.0,0.0,0.0,0.0,,5.0,18.0,0.0,0.0,0.0,4.0,3.0,19.0,0.0,-3.0,0.0,0.0,6.7,3.7,,,,,,
2025,9,NYG,SF,W.Robinson,0.0,0.0,0.0,0.0,0.0,0.0,,0.0,0.0,0.0,0.0,0.0,11.0,9.0,46.0,0.0,47.0,0.0,0.0,13.6,4.6,,,,,,
2025,9,PIT,IND,A.Rodgers,38.0,25.0,203.0,1.0,0.0,3.0,QB,2.0,0.0,0.0,0.0,0.0,0.0,0.0,0.0,0.0,0.0,0.0,0.0,12.12,12.12,,,,,,
2025,9,PIT,IND,C.Austin,0.0,0.0,0.0,0.0,0.0,0.0,,0.0,0.0,0.0,0.0,0.0,6.0,5.0,56.0,0.0,42.0,0.0,0.0,10.6,5.6,,,,,,
2025,9,PIT,IND,Co.Heyward,0.0,0.0,0.0,0.0,0.0,0.0,,1.0,4.0,0.0,0.0,0.0,0.0,0.0,0.0,0.0,0.0,0.0,0.0,0.4,0.4,,,,,,
2025,9,PIT,IND,D.Metcalf,0.0,0.0,0.0,0.0,0.0,0.0,,0.0,0.0,0.0,0.0,0.0,4.0,2.0,6.0,0.0,7.0,0.0,0.0,2.6,0.6,,,,,,
2025,9,PIT,IND,D.Washington,0.0,0.0,0.0,0.0,0.0,0.0,,0.0,0.0,0.0,0.0,0.0,6.0,4.0,43.0,0.0,38.0,0.0,0.0,8.3,4.3,,,,,,
2025,9,PIT,IND,J.Smith,0.0,0.0,0.0,0.0,0.0,0.0,,0.0,0.0,0.0,0.0,0.0,5.0,3.0,25.0,0.0,16.0,0.0,0.0,5.5,2.5,,,,,,
2025,9,PIT,IND,J.Warren,0.0,0.0,0.0,0.0,0.0,0.0,,16.0,31.0,2.0,0.0,0.0,2.0,2.0,-2.0,0.0,-7.0,0.0,0.0,16.9,14.9,,,,,,
2025,9,PIT,IND,K.Gainwell,0.0,0.0,0.0,0.0,0.0,0.0,,3.0,-1.0,0.0,0.0,0.0,5.0,4.0,35.0,0.0,-3.0,0.0,0.0,7.4,3.4,,,,,,
2025,9,PIT,IND,K.Johnson,0.0,0.0,0.0,0.0,0.0,0.0,,1.0,4.0,0.0,0.0,0.0,1.0,1.0,9.0,0.0,-5.0,0.0,0.0,2.3,1.3,,,,,,
2025,9,PIT,IND,P.Freiermuth,0.0,0.0,0.0,0.0,0.0,0.0,,0.0,0.0,0.0,0.0,0.0,4.0,3.0,27.0,1.0,21.0,0.0,0.0,11.7,8.7,,,,,,
2025,9,PIT,IND,R.Wilson,0.0,0.0,0.0,0.0,0.0,0.0,,0.0,0.0,0.0,0.0,0.0,2.0,1.0,4.0,0.0,-6.0,1.0,1.0,1.4,0.4,,,,,,
2025,9,SEA,WAS,A.Barner,0.0,0.0,0.0,0.0,0.0,0.0,,1.0,1.0,1.0,0.0,0.0,4.0,3.0,24.0,0.0,16.0,1.0,0.0,11.5,8.5,,,,,,
2025,9,SEA,WAS,C.White,0.0,0.0,0.0,0.0,0.0,0.0,,0.0,0.0,0.0,0.0,0.0,2.0,1.0,60.0,1.0,25.0,0.0,0.0,13.0,12.0,,,,,,
2025,9,SEA,WAS,E.Arroyo,0.0,0.0,0.0,0.0,0.0,0.0,,0.0,0.0,0.0,0.0,0.0,2.0,2.0,29.0,1.0,23.0,0.0,0.0,10.9,8.9,,,,,,
2025,9,SEA,WAS,G.Holani,0.0,0.0,0.0,0.0,0.0,0.0,,3.0,9.0,0.0,0.0,0.0,0.0,0.0,0.0,0.0,0.0,0.0,0.0,0.9,0.9,,,,,,
2025,9,SEA,WAS,J.Smith-Njigba,0.0,0.0,0.0,0.0,0.0,0.0,,1.0,11.0,0.0,0.0,0.0,9.0,8.0,129.0,0.0,94.0,0.0,0.0,22.0,14.0,,,,,,
2025,9,SEA,WAS,K.Walker,0.0,0.0,0.0,0.0,0.0,0.0,,11.0,42.0,0.0,0.0,0.0,2.0,2.0,19.0,0.0,2.0,0.0,0.0,8.1,6.1,,,,,,
2025,9,SEA,WAS,S.Darnold,24.0,21.0,330.0,4.0,1.0,0.0,QB,0.0,0.0,0.0,0.0,0.0,0.0,0.0,0.0,0.0,0.0,0.0,0.0,28.2,28.2,,,,,,
2025,9,SEA,WAS,T.Horton,0.0,0.0,0.0,0.0,0.0,0.0,,0.0,0.0,0.0,0.0,0.0,4.0,4.0,48.0,2.0,42.0,0.0,0.0,20.8,16.8,,,,,,
2025,9,SEA,WAS,Z.Charbonnet,0.0,0.0,0.0,0.0,0.0,0.0,,8.0,25.0,0.0,0.0,0.0,1.0,1.0,21.0,0.0,5.0,0.0,0.0,5.6,4.6,,,,,,
2025,9,SF,NYG,A.Martinez,0.0,0.0,0.0,0.0,0.0,0.0,,1.0,-1.0,0.0,0.0,0.0,0.0,0.0,0.0,0.0,0.0,0.0,0.0,-0.1,-0.1,,,,,,
2025,9,SF,NYG,B.Robinson,0.0,0.0,0.0,0.0,0.0,0.0,,5.0,53.0,1.0,0.0,0.0,0.0,0.0,0.0,0.0,0.0,0.0,0.0,11.3,11.3,,,,,,
2025,9,SF,NYG,C.McCaffrey,0.0,0.0,0.0,0.0,0.0,0.0,,28.0,106.0,1.0,0.0,0.0,6.0,5.0,67.0,1.0,8.0,0.0,0.0,34.3,29.3,,,,,,
2025,9,SF,NYG,D.Robinson,0.0,0.0,0.0,0.0,0.0,0.0,,0.0,0.0,0.0,0.0,0.0,1.0,0.0,0.0,0.0,4.0,0.0,0.0,0.0,0.0,,,,,,
2025,9,SF,NYG,G.Kittle,0.0,0.0,0.0,0.0,0.0,0.0,,1.0,-3.0,0.0,0.0,0.0,4.0,4.0,32.0,0.0,21.0,0.0,0.0,6.9,2.9,,,,,,
2025,9,SF,NYG,J.Jennings,0.0,0.0,0.0,0.0,0.0,0.0,,0.0,0.0,0.0,0.0,0.0,5.0,4.0,41.0,1.0,38.0,0.0,0.0,14.1,10.1,,,,,,
2025,9,SF,NYG,J.Watkins,0.0,0.0,0.0,0.0,0.0,0.0,,0.0,0.0,0.0,0.0,0.0,1.0,1.0,19.0,0.0,19.0,0.0,0.0,2.9,1.9,,,,,,
2025,9,SF,NYG,K.Bourne,0.0,0.0,0.0,0.0,0.0,0.0,,0.0,0.0,0.0,0.0,0.0,2.0,2.0,34.0,0.0,30.0,0.0,0.0,5.4,3.4,,,,,,
2025,9,SF,NYG,K.Juszczyk,0.0,0.0,0.0,0.0,0.0,0.0,,0.0,0.0,0.0,0.0,0.0,2.0,1.0,12.0,0.0,0.0,0.0,0.0,2.2,1.2,,,,,,
2025,9,SF,NYG,L.Farrell,0.0,0.0,0.0,0.0,0.0,0.0,,0.0,0.0,0.0,0.0,0.0,1.0,1.0,9.0,0.0,7.0,0.0,0.0,1.9,0.9,,,,,,
2025,9,SF,NYG,M.Jones,26.0,19.0,235.0,2.0,0.0,2.0,QB,4.0,4.0,0.0,0.0,0.0,0.0,0.0,0.0,0.0,0.0,0.0,0.0,17.8,17.8,,,,,,
2025,9,SF,NYG,S.Moore,0.0,0.0,0.0,0.0,0.0,0.0,,0.0,0.0,0.0,0.0,0.0,1.0,1.0,21.0,0.0,12.0,0.0,0.0,3.1,2.1,,,,,,
2025,9,TEN,LAC,C.Dike,0.0,0.0,0.0,0.0,0.0,0.0,,0.0,0.0,0.0,0.0,0.0,3.0,1.0,5.0,0.0,6.0,0.0,0.0,1.5,0.5,,,,,,
2025,9,TEN,LAC,C.Okonkwo,0.0,0.0,0.0,0.0,0.0,0.0,,0.0,0.0,0.0,0.0,0.0,2.0,2.0,10.0,0.0,2.0,0.0,0.0,3.0,1.0,,,,,,
2025,9,TEN,LAC,C.Ward,25.0,12.0,145.0,0.0,0.0,4.0,QB,2.0,6.0,0.0,1.0,0.0,0.0,0.0,0.0,0.0,0.0,0.0,0.0,6.4,6.4,,,,,,
2025,9,TEN,LAC,E.Ayomanor,0.0,0.0,0.0,0.0,0.0,0.0,,0.0,0.0,0.0,0.0,0.0,6.0,3.0,46.0,0.0,72.0,0.0,0.0,7.6,4.6,,,,,,
2025,9,TEN,LAC,G.Helm,0.0,0.0,0.0,0.0,0.0,0.0,,0.0,0.0,0.0,0.0,0.0,1.0,1.0,15.0,0.0,13.0,0.0,0.0,2.5,1.5,,,,,,
2025,9,TEN,LAC,T.Pollard,0.0,0.0,0.0,0.0,0.0,0.0,,10.0,56.0,0.0,0.0,0.0,2.0,1.0,12.0,0.0,7.0,0.0,0.0,7.8,6.8,,,,,,
2025,9,TEN,LAC,T.Spears,0.0,0.0,0.0,0.0,0.0,0.0,,7.0,26.0,0.0,0.0,0.0,3.0,3.0,36.0,0.0,1.0,0.0,0.0,9.2,6.2,,,,,,
2025,9,TEN,LAC,V.Jefferson,0.0,0.0,0.0,0.0,0.0,0.0,,0.0,0.0,0.0,0.0,0.0,4.0,1.0,21.0,0.0,82.0,0.0,0.0,3.1,2.1,,,,,,
2025,9,WAS,SEA,C.Rodriguez,0.0,0.0,0.0,0.0,0.0,0.0,,12.0,65.0,1.0,0.0,0.0,0.0,0.0,0.0,0.0,0.0,0.0,0.0,12.5,12.5,,,,,,
2025,9,WAS,SEA,D.Samuel,0.0,0.0,0.0,0.0,0.0,0.0,,1.0,3.0,0.0,0.0,0.0,6.0,5.0,41.0,0.0,5.0,0.0,0.0,9.4,4.4,,,,,,
2025,9,WAS,SEA,J.Bates,0.0,0.0,0.0,0.0,0.0,0.0,,0.0,0.0,0.0,0.0,0.0,4.0,2.0,20.0,0.0,18.0,0.0,0.0,4.0,2.0,,,,,,
2025,9,WAS,SEA,J.Croskey-Merritt,0.0,0.0,0.0,0.0,0.0,0.0,,12.0,38.0,0.0,0.0,0.0,1.0,1.0,3.0,0.0,2.0,0.0,0.0,5.1,4.1,,,,,,
2025,9,WAS,SEA,J.Daniels,26.0,16.0,153.0,0.0,1.0,4.0,QB,10.0,51.0,1.0,0.0,0.0,0.0,0.0,0.0,0.0,0.0,0.0,0.0,16.22,16.22,,,,,,
2025,9,WAS,SEA,J.Lane,0.0,0.0,0.0,0.0,0.0,0.0,,0.0,0.0,0.0,0.0,0.0,5.0,3.0,29.0,0.0,41.0,0.0,0.0,5.9,2.9,,,,,,
2025,9,WAS,SEA,J.McNichols,0.0,0.0,0.0,0.0,0.0,0.0,,1.0,0.0,0.0,0.0,0.0,0.0,0.0,0.0,0.0,0.0,0.0,0.0,0.0,0.0,,,,,,
2025,9,WAS,SEA,T.Burks,0.0,0.0,0.0,0.0,0.0,0.0,,0.0,0.0,0.0,0.0,0.0,1.0,1.0,14.0,0.0,14.0,0.0,0.0,2.4,1.4,,,,,,
2025,9,WAS,SEA,Z.Ertz,0.0,0.0,0.0,0.0,0.0,0.0,,0.0,0.0,0.0,0.0,0.0,4.0,4.0,46.0,0.0,42.0,0.0,0.0,8.6,4.6,,,,,,
2025,10,ARI,SEA,E.Demercado,0.0,0.0,0.0,0.0,0.0,0.0,,4.0,64.0,0.0,0.0,0.0,4.0,3.0,40.0,0.0,3.0,0.0,0.0,13.4,10.4,,,,,,
2025,10,ARI,SEA,E.Higgins,0.0,0.0,0.0,0.0,0.0,0.0,,0.0,0.0,0.0,0.0,0.0,3.0,2.0,19.0,0.0,24.0,0.0,0.0,3.9,1.9,,,,,,
2025,10,ARI,SEA,G.Dortch,0.0,0.0,0.0,0.0,0.0,0.0,,2.0,2.0,1.0,0.0,0.0,0.0,0.0,0.0,0.0,0.0,0.0,0.0,6.2,6.2,,,,,,
2025,10,ARI,SEA,J.Brissett,50.0,22.0,258.0,2.0,0.0,5.0,QB,4.0,31.0,0.0,0.0,0.0,0.0,0.0,0.0,0.0,0.0,0.0,0.0,21.42,21.42,,,,,,
2025,10,ARI,SEA,K.Slovis,1.0,0.0,0.0,0.0,0.0,0.0,QB,0.0,0.0,0.0,0.0,0.0,0.0,0.0,0.0,0.0,0.0,0.0,0.0,0.0,0.0,,,,,,
2025,10,ARI,SEA,M.Carter,0.0,0.0,0.0,0.0,0.0,0.0,,3.0,4.0,0.0,0.0,0.0,0.0,0.0,0.0,0.0,0.0,0.0,0.0,0.4,0.4,,,,,,
2025,10,ARI,SEA,M.Harrison,0.0,0.0,0.0,0.0,0.0,0.0,,0.0,0.0,0.0,0.0,0.0,13.0,3.0,33.0,1.0,138.0,0.0,0.0,12.3,9.3,,,,,,
2025,10,ARI,SEA,Mi.Wilson,0.0,0.0,0.0,0.0,0.0,0.0,,0.0,0.0,0.0,0.0,0.0,7.0,4.0,34.0,0.0,36.0,0.0,0.0,7.4,3.4,,,,,,
2025,10,ARI,SEA,T.McBride,0.0,0.0,0.0,0.0,0.0,0.0,,0.0,0.0,0.0,0.0,0.0,13.0,9.0,127.0,1.0,100.0,0.0,0.0,27.7,18.7,,,,,,
2025,10,ARI,SEA,Z.Jones,0.0,0.0,0.0,0.0,0.0,0.0,,0.0,0.0,0.0,0.0,0.0,1.0,0.0,0.0,0.0,3.0,0.0,0.0,0.0,0.0,,,,,,
2025,10,ARI,SEA,Z.Knight,0.0,0.0,0.0,0.0,0.0,0.0,,10.0,28.0,0.0,0.0,0.0,4.0,1.0,5.0,0.0,20.0,0.0,0.0,4.3,3.3,,,,,,
2025,10,ATL,IND,B.Robinson,0.0,0.0,0.0,0.0,0.0,0.0,,17.0,84.0,0.0,0.0,0.0,2.0,2.0,4.0,0.0,4.0,0.0,0.0,10.8,8.8,,,,,,
2025,10,ATL,IND,C.Woerner,0.0,0.0,0.0,0.0,0.0,0.0,,0.0,0.0,0.0,0.0,0.0,1.0,1.0,14.0,0.0,5.0,0.0,0.0,2.4,1.4,,,,,,
2025,10,ATL,IND,D.London,0.0,0.0,0.0,0.0,0.0,0.0,,0.0,0.0,0.0,0.0,0.0,9.0,6.0,104.0,1.0,95.0,0.0,0.0,22.4,16.4,,,,,,
2025,10,ATL,IND,D.Mooney,0.0,0.0,0.0,0.0,0.0,0.0,,0.0,0.0,0.0,0.0,0.0,8.0,1.0,17.0,0.0,94.0,0.0,0.0,2.7,1.7,,,,,,
2025,10,ATL,IND,D.Sills,0.0,0.0,0.0,0.0,0.0,0.0,,0.0,0.0,0.0,0.0,0.0,1.0,0.0,0.0,0.0,24.0,0.0,0.0,0.0,0.0,,,,,,
2025,10,ATL,IND,K.Pitts,0.0,0.0,0.0,0.0,0.0,0.0,,0.0,0.0,0.0,0.0,0.0,5.0,2.0,38.0,0.0,81.0,0.0,0.0,5.8,3.8,,,,,,
2025,10,ATL,IND,M.Penix,32.0,12.0,177.0,1.0,0.0,3.0,QB,1.0,-1.0,0.0,0.0,0.0,0.0,0.0,0.0,0.0,0.0,0.0,0.0,10.98,10.98,,,,,,
2025,10,ATL,IND,T.Allgeier,0.0,0.0,0.0,0.0,0.0,0.0,,11.0,57.0,2.0,0.0,0.0,0.0,0.0,0.0,0.0,0.0,0.0,0.0,17.7,17.7,,,,,,
2025,10,BAL,MIN,C.Kolar,0.0,0.0,0.0,0.0,0.0,0.0,,0.0,0.0,0.0,0.0,0.0,2.0,1.0,23.0,0.0,0.0,0.0,0.0,3.3,2.3,,,,,,
2025,10,BAL,MIN,D.Henry,0.0,0.0,0.0,0.0,0.0,0.0,,20.0,75.0,0.0,0.0,0.0,3.0,3.0,9.0,0.0,-2.0,0.0,0.0,11.4,8.4,,,,,,
2025,10,BAL,MIN,D.Hopkins,0.0,0.0,0.0,0.0,0.0,0.0,,0.0,0.0,0.0,0.0,0.0,4.0,2.0,16.0,0.0,13.0,0.0,0.0,3.6,1.6,,,,,,
2025,10,BAL,MIN,I.Likely,0.0,0.0,0.0,0.0,0.0,0.0,,0.0,0.0,0.0,0.0,0.0,4.0,2.0,17.0,0.0,25.0,0.0,0.0,3.7,1.7,,,,,,
2025,10,BAL,MIN,J.Hill,0.0,0.0,0.0,0.0,0.0,0.0,,1.0,1.0,1.0,0.0,0.0,2.0,1.0,12.0,0.0,6.0,0.0,0.0,8.3,7.3,,,,,,
2025,10,BAL,MIN,K.Mitchell,0.0,0.0,0.0,0.0,0.0,0.0,,4.0,31.0,0.0,1.0,0.0,0.0,0.0,0.0,0.0,0.0,0.0,0.0,3.1,3.1,,,,,,
2025,10,BAL,MIN,L.Jackson,31.0,17.0,176.0,1.0,0.0,1.0,QB,9.0,36.0,0.0,0.0,0.0,0.0,0.0,0.0,0.0,0.0,0.0,0.0,14.64,14.64,,,,,,
2025,10,BAL,MIN,M.Andrews,0.0,0.0,0.0,0.0,0.0,0.0,,0.0,0.0,0.0,0.0,0.0,5.0,3.0,14.0,1.0,33.0,0.0,0.0,10.4,7.4,,,,,,
2025,10,BAL,MIN,P.Ricard,0.0,0.0,0.0,0.0,0.0,0.0,,1.0,3.0,0.0,0.0,0.0,0.0,0.0,0.0,0.0,0.0,0.0,0.0,0.3,0.3,,,,,,
2025,10,BAL,MIN,R.Bateman,0.0,0.0,0.0,0.0,0.0,0.0,,0.0,0.0,0.0,0.0,0.0,3.0,1.0,10.0,0.0,15.0,0.0,0.0,2.0,1.0,,,,,,
2025,10,BAL,MIN,Z.Flowers,0.0,0.0,0.0,0.0,0.0,0.0,,1.0,6.0,0.0,1.0,0.0,6.0,4.0,75.0,0.0,25.0,0.0,0.0,12.1,8.1,,,,,,
2025,10,BUF,MIA,C.Samuel,0.0,0.0,0.0,0.0,0.0,0.0,,0.0,0.0,0.0,0.0,0.0,1.0,1.0,21.0,0.0,16.0,0.0,0.0,3.1,2.1,,,,,,
2025,10,BUF,MIA,D.Kincaid,0.0,0.0,0.0,0.0,0.0,0.0,,0.0,0.0,0.0,0.0,0.0,3.0,2.0,37.0,0.0,41.0,0.0,0.0,5.7,3.7,,,,,,
2025,10,BUF,MIA,D.Knox,0.0,0.0,0.0,0.0,0.0,0.0,,0.0,0.0,0.0,0.0,0.0,4.0,3.0,37.0,0.0,33.0,0.0,0.0,6.7,3.7,,,,,,
2025,10,BUF,MIA,E.Moore,0.0,0.0,0.0,0.0,0.0,0.0,,1.0,-1.0,0.0,0.0,0.0,2.0,2.0,9.0,0.0,2.0,0.0,0.0,2.8,0.8,,,,,,
2025,10,BUF,MIA,J.Allen,44.0,28.0,306.0,2.0,1.0,3.0,QB,4.0,31.0,0.0,1.0,1.0,0.0,0.0,0.0,0.0,0.0,0.0,0.0,22.34,22.34,,,,,,
2025,10,BUF,MIA,J.Cook,0.0,0.0,0.0,0.0,0.0,0.0,,13.0,53.0,0.0,1.0,1.0,5.0,5.0,24.0,0.0,15.0,0.0,0.0,12.7,7.7,,,,,,
2025,10,BUF,MIA,J.Hawes,0.0,0.0,0.0,0.0,0.0,0.0,,0.0,0.0,0.0,0.0,0.0,2.0,1.0,26.0,1.0,48.0,0.0,0.0,9.6,8.6,,,,,,
2025,10,BUF,MIA,K.Coleman,0.0,0.0,0.0,0.0,0.0,0.0,,0.0,0.0,0.0,0.0,0.0,8.0,3.0,46.0,1.0,166.0,0.0,0.0,13.6,10.6,,,,,,
2025,10,BUF,MIA,K.Shakir,0.0,0.0,0.0,0.0,0.0,0.0,,0.0,0.0,0.0,0.0,0.0,10.0,7.0,58.0,0.0,63.0,0.0,0.0,12.8,5.8,,,,,,
2025,10,BUF,MIA,M.Trubisky,0.0,0.0,0.0,0.0,0.0,0.0,,1.0,4.0,0.0,0.0,0.0,0.0,0.0,0.0,0.0,0.0,0.0,0.0,0.4,0.4,,,,,,
2025,10,BUF,MIA,R.Davis,0.0,0.0,0.0,0.0,0.0,0.0,,2.0,-2.0,0.0,0.0,0.0,2.0,1.0,0.0,0.0,1.0,0.0,0.0,0.8,-0.2,,,,,,
2025,10,BUF,MIA,T.Shavers,0.0,0.0,0.0,0.0,0.0,0.0,,0.0,0.0,0.0,0.0,0.0,1.0,1.0,24.0,0.0,14.0,0.0,0.0,3.4,2.4,,,,,,
2025,10,BUF,MIA,Ty.Johnson,0.0,0.0,0.0,0.0,0.0,0.0,,1.0,2.0,0.0,0.0,0.0,2.0,2.0,24.0,0.0,-9.0,0.0,0.0,4.6,2.6,,,,,,
2025,10,CAR,NO,B.Young,27.0,17.0,124.0,0.0,1.0,2.0,QB,2.0,6.0,0.0,1.0,1.0,0.0,0.0,0.0,0.0,0.0,0.0,0.0,4.56,4.56,,,,,,
2025,10,CAR,NO,C.Hubbard,0.0,0.0,0.0,0.0,0.0,0.0,,3.0,14.0,0.0,0.0,0.0,1.0,1.0,1.0,0.0,1.0,0.0,0.0,2.5,1.5,,,,,,
2025,10,CAR,NO,J.Coker,0.0,0.0,0.0,0.0,0.0,0.0,,0.0,0.0,0.0,0.0,0.0,4.0,3.0,21.0,0.0,17.0,0.0,0.0,5.1,2.1,,,,,,
2025,10,CAR,NO,J.Sanders,0.0,0.0,0.0,0.0,0.0,0.0,,0.0,0.0,0.0,0.0,0.0,5.0,5.0,32.0,0.0,15.0,0.0,0.0,8.2,3.2,,,,,,
2025,10,CAR,NO,M.Evans,0.0,0.0,0.0,0.0,0.0,0.0,,0.0,0.0,0.0,0.0,0.0,1.0,0.0,0.0,0.0,11.0,0.0,0.0,0.0,0.0,,,,,,
2025,10,CAR,NO,R.Dowdle,0.0,0.0,0.0,0.0,0.0,0.0,,18.0,53.0,1.0,0.0,0.0,3.0,3.0,10.0,0.0,-9.0,0.0,0.0,15.3,12.3,,,,,,
2025,10,CAR,NO,T.McMillan,0.0,0.0,0.0,0.0,0.0,0.0,,0.0,0.0,0.0,0.0,0.0,8.0,5.0,60.0,0.0,89.0,0.0,0.0,11.0,6.0,,,,,,
2025,10,CAR,NO,X.Legette,0.0,0.0,0.0,0.0,0.0,0.0,,0.0,0.0,0.0,0.0,0.0,1.0,0.0,0.0,0.0,30.0,0.0,0.0,0.0,0.0,,,,,,
2025,10,CHI,NYG,C.Kmet,0.0,0.0,0.0,0.0,0.0,0.0,,0.0,0.0,0.0,0.0,0.0,2.0,1.0,5.0,0.0,12.0,0.0,0.0,1.5,0.5,,,,,,
2025,10,CHI,NYG,C.Loveland,0.0,0.0,0.0,0.0,0.0,0.0,,0.0,0.0,0.0,0.0,0.0,4.0,4.0,55.0,0.0,42.0,0.0,0.0,9.5,5.5,,,,,,
2025,10,CHI,NYG,C.Williams,36.0,20.0,220.0,1.0,0.0,0.0,QB,8.0,63.0,1.0,0.0,0.0,0.0,0.0,0.0,0.0,0.0,0.0,0.0,25.1,25.1,,,,,,
2025,10,CHI,NYG,D.Moore,0.0,0.0,0.0,0.0,0.0,0.0,,0.0,0.0,0.0,0.0,0.0,4.0,0.0,0.0,0.0,56.0,0.0,0.0,0.0,0.0,,,,,,
2025,10,CHI,NYG,D.Swift,0.0,0.0,0.0,0.0,0.0,0.0,,13.0,80.0,0.0,0.0,0.0,8.0,5.0,18.0,0.0,15.0,0.0,0.0,14.8,9.8,,,,,,
2025,10,CHI,NYG,K.Monangai,0.0,0.0,0.0,0.0,0.0,0.0,,7.0,28.0,1.0,0.0,0.0,1.0,0.0,0.0,0.0,5.0,0.0,0.0,8.8,8.8,,,,,,
2025,10,CHI,NYG,L.Burden,0.0,0.0,0.0,0.0,0.0,0.0,,0.0,0.0,0.0,0.0,0.0,3.0,3.0,51.0,0.0,34.0,0.0,0.0,8.1,5.1,,,,,,
2025,10,CHI,NYG,O.Zaccheaus,0.0,0.0,0.0,0.0,0.0,0.0,,0.0,0.0,0.0,0.0,0.0,4.0,1.0,5.0,0.0,38.0,0.0,0.0,1.5,0.5,,,,,,
2025,10,CHI,NYG,R.Odunze,0.0,0.0,0.0,0.0,0.0,0.0,,0.0,0.0,0.0,0.0,0.0,10.0,6.0,86.0,1.0,143.0,0.0,0.0,20.6,14.6,,,,,,
2025,10,CLE,NYJ,C.Tillman,0.0,0.0,0.0,0.0,0.0,0.0,,0.0,0.0,0.0,0.0,0.0,4.0,2.0,11.0,0.0,45.0,0.0,0.0,3.1,1.1,,,,,,
2025,10,CLE,NYJ,D.Gabriel,38.0,17.0,167.0,2.0,0.0,6.0,QB,5.0,54.0,0.0,0.0,0.0,0.0,0.0,0.0,0.0,0.0,0.0,0.0,20.08,20.08,,,,,,
2025,10,CLE,NYJ,D.Njoku,0.0,0.0,0.0,0.0,0.0,0.0,,0.0,0.0,0.0,0.0,0.0,2.0,2.0,21.0,1.0,-5.0,0.0,0.0,10.1,8.1,,,,,,
2025,10,CLE,NYJ,D.Sampson,0.0,0.0,0.0,0.0,0.0,0.0,,2.0,-4.0,0.0,0.0,0.0,1.0,1.0,3.0,0.0,1.0,0.0,0.0,0.9,-0.1,,,,,,
2025,10,CLE,NYJ,H.Fannin,0.0,0.0,0.0,0.0,0.0,0.0,,0.0,0.0,0.0,0.0,0.0,7.0,4.0,44.0,0.0,45.0,0.0,0.0,8.4,4.4,,,,,,
2025,10,CLE,NYJ,J.Ford,0.0,0.0,0.0,0.0,0.0,0.0,,1.0,1.0,0.0,0.0,0.0,1.0,0.0,0.0,0.0,2.0,0.0,0.0,0.1,0.1,,,,,,
2025,10,CLE,NYJ,J.Jeudy,0.0,0.0,0.0,0.0,0.0,0.0,,0.0,0.0,0.0,0.0,0.0,12.0,6.0,78.0,1.0,112.0,0.0,0.0,19.8,13.8,,,,,,
2025,10,CLE,NYJ,J.Thrash,0.0,0.0,0.0,0.0,0.0,0.0,,0.0,0.0,0.0,0.0,0.0,1.0,0.0,0.0,0.0,3.0,0.0,0.0,0.0,0.0,,,,,,
2025,10,CLE,NYJ,M.Corley,0.0,0.0,0.0,0.0,0.0,0.0,,2.0,32.0,0.0,0.0,0.0,1.0,0.0,0.0,0.0,-6.0,0.0,0.0,3.2,3.2,,,,,,
2025,10,CLE,NYJ,Q.Judkins,0.0,0.0,0.0,0.0,0.0,0.0,,22.0,75.0,0.0,0.0,0.0,3.0,2.0,10.0,0.0,3.0,0.0,0.0,10.5,8.5,,,,,,
2025,10,DEN,LV,A.Prentice,0.0,0.0,0.0,0.0,0.0,0.0,,0.0,0.0,0.0,0.0,0.0,1.0,1.0,13.0,0.0,1.0,0.0,0.0,2.3,1.3,,,,,,
2025,10,DEN,LV,A.Trautman,0.0,0.0,0.0,0.0,0.0,0.0,,0.0,0.0,0.0,0.0,0.0,1.0,1.0,2.0,0.0,1.0,0.0,0.0,1.2,0.2,,,,,,
2025,10,DEN,LV,B.Nix,29.0,16.0,150.0,1.0,2.0,1.0,QB,5.0,-2.0,0.0,0.0,0.0,0.0,0.0,0.0,0.0,0.0,0.0,0.0,7.8,7.8,,,,,,
2025,10,DEN,LV,C.Sutton,1.0,0.0,0.0,0.0,0.0,1.0,QB,0.0,0.0,0.0,0.0,0.0,4.0,3.0,24.0,0.0,31.0,0.0,0.0,5.4,2.4,,,,,,
2025,10,DEN,LV,E.Engram,0.0,0.0,0.0,0.0,0.0,0.0,,0.0,0.0,0.0,0.0,0.0,5.0,2.0,12.0,0.0,30.0,0.0,0.0,3.2,1.2,,,,,,
2025,10,DEN,LV,J.Dobbins,0.0,0.0,0.0,0.0,0.0,0.0,,18.0,77.0,0.0,0.0,0.0,1.0,1.0,7.0,0.0,3.0,0.0,0.0,9.4,8.4,,,,,,
2025,10,DEN,LV,P.Bryant,0.0,0.0,0.0,0.0,0.0,0.0,,0.0,0.0,0.0,0.0,0.0,2.0,1.0,43.0,0.0,22.0,0.0,0.0,5.3,4.3,,,,,,
2025,10,DEN,LV,R.Harvey,0.0,0.0,0.0,0.0,0.0,0.0,,4.0,9.0,0.0,0.0,0.0,3.0,2.0,9.0,0.0,-1.0,0.0,0.0,3.8,1.8,,,,,,
2025,10,DEN,LV,T.Badie,0.0,0.0,0.0,0.0,0.0,0.0,,0.0,0.0,0.0,0.0,0.0,1.0,0.0,0.0,0.0,-3.0,0.0,0.0,0.0,0.0,,,,,,
2025,10,DEN,LV,T.Franklin,0.0,0.0,0.0,0.0,0.0,0.0,,0.0,0.0,0.0,0.0,0.0,9.0,5.0,40.0,1.0,153.0,0.0,0.0,15.0,10.0,,,,,,
2025,10,DET,WAS,A.St. Brown,0.0,0.0,0.0,0.0,0.0,0.0,,0.0,0.0,0.0,0.0,0.0,8.0,5.0,58.0,1.0,56.0,0.0,0.0,16.8,11.8,,,,,,
2025,10,DET,WAS,B.Wright,0.0,0.0,0.0,0.0,0.0,0.0,,0.0,0.0,0.0,0.0,0.0,1.0,0.0,0.0,0.0,-6.0,0.0,0.0,0.0,0.0,,,,,,
2025,10,DET,WAS,D.Montgomery,0.0,0.0,0.0,0.0,0.0,0.0,,16.0,71.0,0.0,0.0,0.0,1.0,1.0,0.0,0.0,-1.0,0.0,0.0,8.1,7.1,,,,,,
2025,10,DET,WAS,I.TeSlaa,0.0,0.0,0.0,0.0,0.0,0.0,,0.0,0.0,0.0,0.0,0.0,1.0,1.0,11.0,0.0,11.0,0.0,0.0,2.1,1.1,,,,,,
2025,10,DET,WAS,J.Gibbs,0.0,0.0,0.0,0.0,0.0,0.0,,15.0,142.0,2.0,0.0,0.0,4.0,3.0,30.0,1.0,8.0,0.0,0.0,38.2,35.2,,,,,,
2025,10,DET,WAS,J.Goff,33.0,25.0,320.0,3.0,0.0,0.0,QB,0.0,0.0,0.0,0.0,0.0,0.0,0.0,0.0,0.0,0.0,0.0,0.0,24.8,24.8,,,,,,
2025,10,DET,WAS,J.Williams,0.0,0.0,0.0,0.0,0.0,0.0,,0.0,0.0,0.0,0.0,0.0,7.0,6.0,119.0,1.0,70.0,0.0,0.0,23.9,17.9,,,,,,
2025,10,DET,WAS,K.Allen,2.0,0.0,0.0,0.0,0.0,0.0,QB,1.0,-1.0,0.0,0.0,0.0,0.0,0.0,0.0,0.0,0.0,0.0,0.0,-0.1,-0.1,,,,,,
2025,10,DET,WAS,K.Raymond,0.0,0.0,0.0,0.0,0.0,0.0,,1.0,10.0,0.0,0.0,0.0,4.0,4.0,49.0,0.0,21.0,0.0,0.0,9.9,5.9,,,,,,
2025,10,DET,WAS,R.Dwelley,0.0,0.0,0.0,0.0,0.0,0.0,,0.0,0.0,0.0,0.0,0.0,1.0,0.0,0.0,0.0,0.0,0.0,0.0,0.0,0.0,,,,,,
2025,10,DET,WAS,S.LaPorta,0.0,0.0,0.0,0.0,0.0,0.0,,0.0,0.0,0.0,0.0,0.0,5.0,5.0,53.0,0.0,19.0,0.0,0.0,10.3,5.3,,,,,,
2025,10,DET,WAS,S.Vaki,0.0,0.0,0.0,0.0,0.0,0.0,,1.0,4.0,0.0,0.0,0.0,0.0,0.0,0.0,0.0,0.0,0.0,0.0,0.4,0.4,,,,,,
2025,10,GB,PHI,B.Melton,0.0,0.0,0.0,0.0,0.0,0.0,,0.0,0.0,0.0,0.0,0.0,5.0,2.0,28.0,0.0,69.0,0.0,0.0,4.8,2.8,,,,,,
2025,10,GB,PHI,C.Watson,0.0,0.0,0.0,0.0,0.0,0.0,,0.0,0.0,0.0,0.0,0.0,4.0,2.0,45.0,0.0,126.0,0.0,0.0,6.5,4.5,,,,,,
2025,10,GB,PHI,D.Wicks,0.0,0.0,0.0,0.0,0.0,0.0,,0.0,0.0,0.0,0.0,0.0,8.0,4.0,38.0,0.0,65.0,0.0,0.0,7.8,3.8,,,,,,
2025,10,GB,PHI,E.Wilson,0.0,0.0,0.0,0.0,0.0,0.0,,1.0,2.0,0.0,0.0,0.0,1.0,1.0,2.0,0.0,-1.0,0.0,0.0,1.4,0.4,,,,,,
2025,10,GB,PHI,J.Jacobs,0.0,0.0,0.0,0.0,0.0,0.0,,21.0,74.0,1.0,1.0,1.0,6.0,5.0,33.0,0.0,-3.0,0.0,0.0,21.7,16.7,,,,,,
2025,10,GB,PHI,J.Love,39.0,20.0,176.0,0.0,0.0,3.0,QB,5.0,28.0,0.0,1.0,0.0,0.0,0.0,0.0,0.0,0.0,0.0,0.0,9.84,9.84,,,,,,
2025,10,GB,PHI,L.Musgrave,0.0,0.0,0.0,0.0,0.0,0.0,,0.0,0.0,0.0,0.0,0.0,3.0,3.0,23.0,0.0,10.0,0.0,0.0,5.3,2.3,,,,,,
2025,10,GB,PHI,R.Doubs,0.0,0.0,0.0,0.0,0.0,0.0,,0.0,0.0,0.0,0.0,0.0,4.0,1.0,5.0,0.0,41.0,0.0,0.0,1.5,0.5,,,,,,
2025,10,GB,PHI,S.Williams,0.0,0.0,0.0,0.0,0.0,0.0,,0.0,0.0,0.0,0.0,0.0,2.0,2.0,2.0,0.0,-5.0,0.0,0.0,2.2,0.2,,,,,,
2025,10,HOU,JAX,C.Kirk,0.0,0.0,0.0,0.0,0.0,0.0,,0.0,0.0,0.0,0.0,0.0,3.0,1.0,3.0,0.0,13.0,0.0,0.0,1.3,0.3,,,,,,
2025,10,HOU,JAX,D.Mills,49.0,27.0,292.0,2.0,1.0,2.0,QB,4.0,20.0,1.0,1.0,0.0,0.0,0.0,0.0,0.0,0.0,0.0,0.0,26.68,26.68,,,,,,
2025,10,HOU,JAX,D.Schultz,0.0,0.0,0.0,0.0,0.0,0.0,,0.0,0.0,0.0,0.0,0.0,11.0,7.0,53.0,1.0,91.0,0.0,0.0,18.3,11.3,,,,,,
2025,10,HOU,JAX,J.Higgins,0.0,0.0,0.0,0.0,0.0,0.0,,0.0,0.0,0.0,0.0,0.0,8.0,5.0,42.0,1.0,91.0,0.0,0.0,15.2,10.2,,,,,,
2025,10,HOU,JAX,J.Noel,0.0,0.0,0.0,0.0,0.0,0.0,,0.0,0.0,0.0,0.0,0.0,4.0,4.0,35.0,0.0,30.0,0.0,0.0,7.5,3.5,,,,,,
2025,10,HOU,JAX,N.Chubb,0.0,0.0,0.0,0.0,0.0,0.0,,5.0,47.0,0.0,0.0,0.0,1.0,1.0,5.0,0.0,5.0,0.0,0.0,6.2,5.2,,,,,,
2025,10,HOU,JAX,N.Collins,0.0,0.0,0.0,0.0,0.0,0.0,,0.0,0.0,0.0,0.0,0.0,16.0,7.0,136.0,0.0,188.0,0.0,0.0,20.6,13.6,,,,,,
2025,10,HOU,JAX,W.Marks,0.0,0.0,0.0,0.0,0.0,0.0,,14.0,63.0,1.0,0.0,0.0,3.0,2.0,18.0,0.0,-1.0,0.0,0.0,16.1,14.1,,,,,,
2025,10,IND,ATL,A.Abdullah,0.0,0.0,0.0,0.0,0.0,0.0,,0.0,0.0,0.0,0.0,0.0,1.0,1.0,8.0,0.0,3.0,0.0,0.0,1.8,0.8,,,,,,
2025,10,IND,ATL,A.Dulin,0.0,0.0,0.0,0.0,0.0,0.0,,1.0,22.0,0.0,0.0,0.0,0.0,0.0,0.0,0.0,0.0,0.0,0.0,2.2,2.2,,,,,,
2025,10,IND,ATL,A.Pierce,0.0,0.0,0.0,0.0,0.0,0.0,,0.0,0.0,0.0,0.0,0.0,7.0,4.0,84.0,1.0,126.0,0.0,0.0,18.4,14.4,,,,,,
2025,10,IND,ATL,D.Jones,34.0,19.0,255.0,1.0,1.0,7.0,QB,7.0,53.0,0.0,0.0,0.0,0.0,0.0,0.0,0.0,0.0,0.0,0.0,18.5,18.5,,,,,,
2025,10,IND,ATL,J.Downs,0.0,0.0,0.0,0.0,0.0,0.0,,0.0,0.0,0.0,0.0,0.0,2.0,1.0,3.0,0.0,5.0,0.0,0.0,1.3,0.3,,,,,,
2025,10,IND,ATL,J.Taylor,0.0,0.0,0.0,0.0,0.0,0.0,,32.0,244.0,3.0,0.0,0.0,4.0,3.0,42.0,0.0,-4.0,1.0,0.0,49.6,46.6,,,,,,
2025,10,IND,ATL,M.Alie-Cox,0.0,0.0,0.0,0.0,0.0,0.0,,0.0,0.0,0.0,0.0,0.0,1.0,0.0,0.0,0.0,15.0,0.0,0.0,0.0,0.0,,,,,,
2025,10,IND,ATL,M.Pittman,0.0,0.0,0.0,0.0,0.0,0.0,,0.0,0.0,0.0,0.0,0.0,2.0,2.0,19.0,0.0,15.0,0.0,0.0,3.9,1.9,,,,,,
2025,10,IND,ATL,T.Goodson,0.0,0.0,0.0,0.0,0.0,0.0,,1.0,4.0,0.0,0.0,0.0,0.0,0.0,0.0,0.0,0.0,0.0,0.0,0.4,0.4,,,,,,
2025,10,IND,ATL,T.Warren,0.0,0.0,0.0,0.0,0.0,0.0,,0.0,0.0,0.0,0.0,0.0,10.0,8.0,99.0,0.0,49.0,0.0,0.0,17.9,9.9,,,,,,
2025,10,JAX,HOU,A.Trammell,0.0,0.0,0.0,0.0,0.0,0.0,,0.0,0.0,0.0,0.0,0.0,3.0,2.0,33.0,0.0,35.0,0.0,0.0,5.3,3.3,,,,,,
2025,10,JAX,HOU,B.Tuten,0.0,0.0,0.0,0.0,0.0,0.0,,4.0,5.0,0.0,0.0,0.0,2.0,1.0,5.0,0.0,4.0,0.0,0.0,2.0,1.0,,,,,,
2025,10,JAX,HOU,D.Brown,0.0,0.0,0.0,0.0,0.0,0.0,,0.0,0.0,0.0,0.0,0.0,1.0,0.0,0.0,0.0,32.0,0.0,0.0,0.0,0.0,,,,,,
2025,10,JAX,HOU,J.Meyers,0.0,0.0,0.0,0.0,0.0,0.0,,0.0,0.0,0.0,0.0,0.0,3.0,3.0,41.0,0.0,34.0,0.0,0.0,7.1,4.1,,,,,,
2025,10,JAX,HOU,J.Mundt,0.0,0.0,0.0,0.0,0.0,0.0,,0.0,0.0,0.0,0.0,0.0,2.0,1.0,21.0,0.0,15.0,0.0,0.0,3.1,2.1,,,,,,
2025,10,JAX,HOU,L.Allen,0.0,0.0,0.0,0.0,0.0,0.0,,0.0,0.0,0.0,0.0,0.0,1.0,1.0,6.0,0.0,-4.0,0.0,0.0,1.6,0.6,,,,,,
2025,10,JAX,HOU,P.Washington,0.0,0.0,0.0,0.0,0.0,0.0,,2.0,-4.0,0.0,0.0,0.0,8.0,3.0,33.0,1.0,38.0,0.0,0.0,11.9,8.9,,,,,,
2025,10,JAX,HOU,T.Etienne,0.0,0.0,0.0,0.0,0.0,0.0,,16.0,58.0,1.0,0.0,0.0,4.0,2.0,19.0,0.0,-8.0,0.0,0.0,15.7,13.7,,,,,,
2025,10,JAX,HOU,T.Lawrence,29.0,13.0,158.0,1.0,1.0,5.0,QB,5.0,35.0,0.0,0.0,0.0,0.0,0.0,0.0,0.0,0.0,0.0,0.0,12.82,12.82,,,,,,
2025,10,LA,SF,B.Corum,0.0,0.0,0.0,0.0,0.0,0.0,,13.0,56.0,0.0,0.0,0.0,0.0,0.0,0.0,0.0,0.0,0.0,0.0,5.6,5.6,,,,,,
2025,10,LA,SF,C.Parkinson,0.0,0.0,0.0,0.0,0.0,0.0,,0.0,0.0,0.0,0.0,0.0,5.0,4.0,41.0,1.0,14.0,0.0,0.0,14.1,10.1,,,,,,
2025,10,LA,SF,D.Adams,0.0,0.0,0.0,0.0,0.0,0.0,,0.0,0.0,0.0,0.0,0.0,8.0,6.0,77.0,1.0,131.0,0.0,0.0,19.7,13.7,,,,,,
2025,10,LA,SF,D.Allen,0.0,0.0,0.0,0.0,0.0,0.0,,0.0,0.0,0.0,0.0,0.0,2.0,2.0,8.0,1.0,6.0,0.0,0.0,8.8,6.8,,,,,,
2025,10,LA,SF,K.Mumpfield,0.0,0.0,0.0,0.0,0.0,0.0,,0.0,0.0,0.0,0.0,0.0,2.0,0.0,0.0,0.0,21.0,0.0,0.0,0.0,0.0,,,,,,
2025,10,LA,SF,K.Williams,0.0,0.0,0.0,0.0,0.0,0.0,,14.0,73.0,2.0,0.0,0.0,3.0,2.0,11.0,0.0,10.0,0.0,0.0,22.4,20.4,,,,,,
2025,10,LA,SF,M.Stafford,37.0,24.0,280.0,4.0,0.0,1.0,QB,3.0,-3.0,0.0,0.0,0.0,0.0,0.0,0.0,0.0,0.0,0.0,0.0,26.9,26.9,,,,,,
2025,10,LA,SF,P.Nacua,0.0,0.0,0.0,0.0,0.0,0.0,,0.0,0.0,0.0,0.0,0.0,6.0,5.0,64.0,1.0,28.0,0.0,0.0,17.4,12.4,,,,,,
2025,10,LA,SF,T.Ferguson,0.0,0.0,0.0,0.0,0.0,0.0,,0.0,0.0,0.0,0.0,0.0,4.0,1.0,32.0,0.0,88.0,0.0,0.0,4.2,3.2,,,,,,
2025,10,LA,SF,T.Higbee,0.0,0.0,0.0,0.0,0.0,0.0,,0.0,0.0,0.0,0.0,0.0,3.0,3.0,33.0,0.0,11.0,0.0,0.0,6.3,3.3,,,,,,
2025,10,LA,SF,X.Smith,0.0,0.0,0.0,0.0,0.0,0.0,,0.0,0.0,0.0,0.0,0.0,1.0,1.0,14.0,0.0,-4.0,0.0,0.0,2.4,1.4,,,,,,
2025,10,LAC,PIT,D.Davis,0.0,0.0,0.0,0.0,0.0,0.0,,0.0,0.0,0.0,0.0,0.0,1.0,1.0,3.0,0.0,-4.0,0.0,0.0,1.3,0.3,,,,,,
2025,10,LAC,PIT,J.Herbert,38.0,20.0,220.0,1.0,0.0,5.0,QB,5.0,19.0,0.0,0.0,0.0,0.0,0.0,0.0,0.0,0.0,0.0,0.0,14.7,14.7,,,,,,
2025,10,LAC,PIT,J.Patterson,0.0,0.0,0.0,0.0,0.0,0.0,,1.0,1.0,0.0,0.0,0.0,0.0,0.0,0.0,0.0,0.0,0.0,0.0,0.1,0.1,,,,,,
2025,10,LAC,PIT,K.Allen,0.0,0.0,0.0,0.0,0.0,0.0,,0.0,0.0,0.0,0.0,0.0,5.0,2.0,19.0,0.0,27.0,0.0,0.0,3.9,1.9,,,,,,
2025,10,LAC,PIT,K.Vidal,0.0,0.0,0.0,0.0,0.0,0.0,,25.0,95.0,1.0,0.0,0.0,1.0,1.0,13.0,0.0,-5.0,0.0,0.0,17.8,16.8,,,,,,
2025,10,LAC,PIT,L.McConkey,0.0,0.0,0.0,0.0,0.0,0.0,,0.0,0.0,0.0,0.0,0.0,6.0,4.0,107.0,1.0,73.0,0.0,0.0,20.7,16.7,,,,,,
2025,10,LAC,PIT,O.Gadsden,0.0,0.0,0.0,0.0,0.0,0.0,,0.0,0.0,0.0,0.0,0.0,6.0,3.0,13.0,0.0,34.0,0.0,0.0,4.3,1.3,,,,,,
2025,10,LAC,PIT,Q.Johnston,0.0,0.0,0.0,0.0,0.0,0.0,,0.0,0.0,0.0,0.0,0.0,10.0,5.0,42.0,0.0,34.0,0.0,0.0,9.2,4.2,,,,,,
2025,10,LAC,PIT,T.Conklin,0.0,0.0,0.0,0.0,0.0,0.0,,0.0,0.0,0.0,0.0,0.0,1.0,1.0,12.0,0.0,5.0,0.0,0.0,2.2,1.2,,,,,,
2025,10,LAC,PIT,T.Fisk,0.0,0.0,0.0,0.0,0.0,0.0,,0.0,0.0,0.0,0.0,0.0,1.0,1.0,7.0,0.0,-2.0,0.0,0.0,1.7,0.7,,,,,,
2025,10,LAC,PIT,T.Harris,0.0,0.0,0.0,0.0,0.0,0.0,,0.0,0.0,0.0,0.0,0.0,2.0,2.0,4.0,0.0,-6.0,0.0,0.0,2.4,0.4,,,,,,
2025,10,LV,DEN,A.Jeanty,0.0,0.0,0.0,0.0,0.0,0.0,,19.0,60.0,1.0,0.0,0.0,5.0,3.0,3.0,0.0,-14.0,1.0,0.0,15.3,12.3,,,,,,
2025,10,LV,DEN,B.Bowers,0.0,0.0,0.0,0.0,0.0,0.0,,1.0,-4.0,0.0,0.0,0.0,3.0,1.0,31.0,0.0,16.0,0.0,0.0,3.7,2.7,,,,,,
2025,10,LV,DEN,D.Thornton,0.0,0.0,0.0,0.0,0.0,0.0,,0.0,0.0,0.0,0.0,0.0,2.0,1.0,4.0,0.0,-7.0,0.0,0.0,1.4,0.4,,,,,,
2025,10,LV,DEN,G.Smith,32.0,16.0,143.0,0.0,1.0,6.0,QB,3.0,7.0,0.0,0.0,0.0,0.0,0.0,0.0,0.0,0.0,0.0,0.0,5.42,5.42,,,,,,
2025,10,LV,DEN,J.Bech,0.0,0.0,0.0,0.0,0.0,0.0,,0.0,0.0,0.0,0.0,0.0,1.0,0.0,0.0,0.0,4.0,0.0,0.0,0.0,0.0,,,,,,
2025,10,LV,DEN,K.Pickett,1.0,0.0,0.0,0.0,0.0,0.0,QB,0.0,0.0,0.0,0.0,0.0,0.0,0.0,0.0,0.0,0.0,0.0,0.0,0.0,0.0,,,,,,
2025,10,LV,DEN,M.Mayer,0.0,0.0,0.0,0.0,0.0,0.0,,0.0,0.0,0.0,0.0,0.0,4.0,3.0,22.0,0.0,9.0,0.0,0.0,5.2,2.2,,,,,,
2025,10,LV,DEN,R.Mostert,0.0,0.0,0.0,0.0,0.0,0.0,,1.0,4.0,0.0,0.0,0.0,1.0,1.0,11.0,0.0,-4.0,0.0,0.0,2.5,1.5,,,,,,
2025,10,LV,DEN,T.Lockett,0.0,0.0,0.0,0.0,0.0,0.0,,0.0,0.0,0.0,0.0,0.0,6.0,5.0,44.0,0.0,26.0,0.0,0.0,9.4,4.4,,,,,,
2025,10,LV,DEN,T.Tucker,0.0,0.0,0.0,0.0,0.0,0.0,,1.0,7.0,0.0,0.0,0.0,3.0,2.0,28.0,0.0,28.0,0.0,0.0,5.5,3.5,,,,,,
2025,10,MIA,BUF,A.Ingold,0.0,0.0,0.0,0.0,0.0,0.0,,1.0,6.0,0.0,0.0,0.0,0.0,0.0,0.0,0.0,0.0,0.0,0.0,0.6,0.6,,,,,,
2025,10,MIA,BUF,D.Achane,0.0,0.0,0.0,0.0,0.0,0.0,,22.0,174.0,2.0,0.0,0.0,6.0,6.0,51.0,0.0,-6.0,0.0,0.0,40.5,34.5,,,,,,
2025,10,MIA,BUF,G.Dulcich,0.0,0.0,0.0,0.0,0.0,0.0,,0.0,0.0,0.0,0.0,0.0,4.0,1.0,22.0,0.0,0.0,0.0,0.0,3.2,2.2,,,,,,
2025,10,MIA,BUF,J.Waddle,0.0,0.0,0.0,0.0,0.0,0.0,,0.0,0.0,0.0,0.0,0.0,7.0,5.0,84.0,1.0,162.0,0.0,0.0,19.4,14.4,,,,,,
2025,10,MIA,BUF,J.Wright,0.0,0.0,0.0,0.0,0.0,0.0,,5.0,17.0,0.0,0.0,0.0,0.0,0.0,0.0,0.0,0.0,0.0,0.0,1.7,1.7,,,,,,
2025,10,MIA,BUF,M.Washington,0.0,0.0,0.0,0.0,0.0,0.0,,1.0,4.0,0.0,0.0,0.0,3.0,2.0,9.0,1.0,25.0,0.0,0.0,9.3,7.3,,,,,,
2025,10,MIA,BUF,N.Westbrook-Ikhine,0.0,0.0,0.0,0.0,0.0,0.0,,0.0,0.0,0.0,0.0,0.0,1.0,1.0,7.0,0.0,7.0,0.0,0.0,1.7,0.7,,,,,,
2025,10,MIA,BUF,O.Gordon,0.0,0.0,0.0,0.0,0.0,0.0,,1.0,-3.0,0.0,0.0,0.0,0.0,0.0,0.0,0.0,0.0,0.0,0.0,-0.3,-0.3,,,,,,
2025,10,MIA,BUF,T.Tagovailoa,21.0,15.0,173.0,2.0,2.0,0.0,QB,2.0,-1.0,0.0,0.0,0.0,0.0,0.0,0.0,0.0,0.0,0.0,0.0,12.82,12.82,,,,,,
2025,10,MIN,BAL,A.Jones,0.0,0.0,0.0,0.0,0.0,0.0,,9.0,47.0,1.0,0.0,0.0,6.0,3.0,22.0,0.0,1.0,0.0,0.0,15.9,12.9,,,,,,
2025,10,MIN,BAL,A.Thielen,0.0,0.0,0.0,0.0,0.0,0.0,,0.0,0.0,0.0,0.0,0.0,3.0,2.0,16.0,0.0,11.0,0.0,0.0,3.6,1.6,,,,,,
2025,10,MIN,BAL,J.Addison,0.0,0.0,0.0,0.0,0.0,0.0,,0.0,0.0,0.0,0.0,0.0,11.0,3.0,35.0,0.0,122.0,0.0,0.0,6.5,3.5,,,,,,
2025,10,MIN,BAL,J.Jefferson,0.0,0.0,0.0,0.0,0.0,0.0,,0.0,0.0,0.0,0.0,0.0,13.0,4.0,37.0,0.0,214.0,0.0,0.0,7.7,3.7,,,,,,
2025,10,MIN,BAL,J.Mason,0.0,0.0,0.0,0.0,0.0,0.0,,4.0,25.0,0.0,0.0,0.0,1.0,1.0,6.0,0.0,-4.0,0.0,0.0,4.1,3.1,,,,,,
2025,10,MIN,BAL,J.McCarthy,44.0,20.0,248.0,1.0,2.0,1.0,QB,5.0,48.0,0.0,0.0,0.0,0.0,0.0,0.0,0.0,0.0,0.0,0.0,16.72,16.72,,,,,,
2025,10,MIN,BAL,J.Nailor,0.0,0.0,0.0,0.0,0.0,0.0,,0.0,0.0,0.0,0.0,0.0,6.0,5.0,124.0,1.0,103.0,0.0,0.0,23.4,18.4,,,,,,
2025,10,MIN,BAL,T.Hockenson,0.0,0.0,0.0,0.0,0.0,0.0,,0.0,0.0,0.0,0.0,0.0,2.0,2.0,8.0,0.0,8.0,0.0,0.0,2.8,0.8,,,,,,
2025,10,NE,TB,A.Hooper,0.0,0.0,0.0,0.0,0.0,0.0,,0.0,0.0,0.0,0.0,0.0,1.0,0.0,0.0,0.0,15.0,0.0,0.0,0.0,0.0,,,,,,
2025,10,NE,TB,D.Douglas,0.0,0.0,0.0,0.0,0.0,0.0,,1.0,0.0,0.0,0.0,0.0,2.0,2.0,34.0,0.0,5.0,0.0,0.0,5.4,3.4,,,,,,
2025,10,NE,TB,D.Johnson,0.0,0.0,0.0,0.0,0.0,0.0,,1.0,1.0,0.0,0.0,0.0,0.0,0.0,0.0,0.0,0.0,0.0,0.0,0.1,0.1,,,,,,
2025,10,NE,TB,D.Maye,32.0,16.0,270.0,2.0,1.0,1.0,QB,7.0,13.0,0.0,0.0,0.0,0.0,0.0,0.0,0.0,0.0,0.0,0.0,19.1,19.1,,,,,,
2025,10,NE,TB,H.Henry,0.0,0.0,0.0,0.0,0.0,0.0,,0.0,0.0,0.0,0.0,0.0,4.0,1.0,9.0,0.0,38.0,0.0,0.0,1.9,0.9,,,,,,
2025,10,NE,TB,J.Westover,0.0,0.0,0.0,0.0,0.0,0.0,,0.0,0.0,0.0,0.0,0.0,1.0,0.0,0.0,0.0,2.0,0.0,0.0,0.0,0.0,,,,,,
2025,10,NE,TB,K.Williams,0.0,0.0,0.0,0.0,0.0,0.0,,0.0,0.0,0.0,0.0,0.0,2.0,1.0,72.0,1.0,57.0,0.0,0.0,14.2,13.2,,,,,,
2025,10,NE,TB,M.Hollins,0.0,0.0,0.0,0.0,0.0,0.0,,0.0,0.0,0.0,0.0,0.0,10.0,6.0,106.0,0.0,149.0,0.0,0.0,16.6,10.6,,,,,,
2025,10,NE,TB,S.Diggs,0.0,0.0,0.0,0.0,0.0,0.0,,0.0,0.0,0.0,0.0,0.0,8.0,5.0,46.0,1.0,80.0,0.0,0.0,15.6,10.6,,,,,,
2025,10,NE,TB,T.Henderson,0.0,0.0,0.0,0.0,0.0,0.0,,14.0,147.0,2.0,0.0,0.0,1.0,1.0,3.0,0.0,-5.0,0.0,0.0,28.0,27.0,,,,,,
2025,10,NE,TB,T.Jennings,0.0,0.0,0.0,0.0,0.0,0.0,,4.0,5.0,0.0,0.0,0.0,0.0,0.0,0.0,0.0,0.0,0.0,0.0,0.5,0.5,,,,,,
2025,10,NO,CAR,A.Kamara,0.0,0.0,0.0,0.0,0.0,0.0,,22.0,83.0,0.0,0.0,0.0,3.0,3.0,32.0,0.0,-2.0,0.0,0.0,14.5,11.5,,,,,,
2025,10,NO,CAR,C.Olave,0.0,0.0,0.0,0.0,0.0,0.0,,0.0,0.0,0.0,0.0,0.0,8.0,5.0,104.0,1.0,141.0,0.0,0.0,21.4,16.4,,,,,,
2025,10,NO,CAR,D.Neal,0.0,0.0,0.0,0.0,0.0,0.0,,4.0,22.0,0.0,0.0,0.0,3.0,3.0,9.0,0.0,-2.0,0.0,0.0,6.1,3.1,,,,,,
2025,10,NO,CAR,D.Vele,0.0,0.0,0.0,0.0,0.0,0.0,,0.0,0.0,0.0,0.0,0.0,3.0,1.0,15.0,0.0,68.0,0.0,0.0,2.5,1.5,,,,,,
2025,10,NO,CAR,F.Moreau,0.0,0.0,0.0,0.0,0.0,0.0,,0.0,0.0,0.0,0.0,0.0,3.0,2.0,16.0,0.0,10.0,0.0,0.0,3.6,1.6,,,,,,
2025,10,NO,CAR,J.Johnson,0.0,0.0,0.0,0.0,0.0,0.0,,0.0,0.0,0.0,0.0,0.0,4.0,4.0,92.0,1.0,42.0,0.0,0.0,19.2,15.2,,,,,,
2025,10,NO,CAR,T.Hill,1.0,0.0,0.0,0.0,0.0,0.0,QB,7.0,20.0,0.0,0.0,0.0,1.0,0.0,0.0,0.0,2.0,0.0,0.0,2.0,2.0,,,,,,
2025,10,NO,CAR,T.Shough,29.0,19.0,282.0,2.0,0.0,2.0,QB,4.0,-3.0,0.0,0.0,0.0,0.0,0.0,0.0,0.0,0.0,0.0,0.0,18.98,18.98,,,,,,
2025,10,NO,CAR,Z.Mitchell-Paden,0.0,0.0,0.0,0.0,0.0,0.0,,0.0,0.0,0.0,0.0,0.0,1.0,1.0,14.0,0.0,9.0,0.0,0.0,2.4,1.4,,,,,,
2025,10,NYG,CHI,D.Bellinger,0.0,0.0,0.0,0.0,0.0,0.0,,0.0,0.0,0.0,0.0,0.0,2.0,1.0,8.0,0.0,20.0,0.0,0.0,1.8,0.8,,,,,,
2025,10,NYG,CHI,D.Singletary,0.0,0.0,0.0,0.0,0.0,0.0,,8.0,20.0,0.0,0.0,0.0,3.0,3.0,53.0,0.0,-3.0,0.0,0.0,10.3,7.3,,,,,,
2025,10,NYG,CHI,D.Slayton,0.0,0.0,0.0,0.0,0.0,0.0,,0.0,0.0,0.0,0.0,0.0,4.0,4.0,89.0,0.0,73.0,0.0,0.0,12.9,8.9,,,,,,
2025,10,NYG,CHI,G.Olszewski,0.0,0.0,0.0,0.0,0.0,0.0,,0.0,0.0,0.0,0.0,0.0,2.0,0.0,0.0,0.0,28.0,0.0,0.0,0.0,0.0,,,,,,
2025,10,NYG,CHI,J.Dart,31.0,19.0,242.0,0.0,0.0,2.0,QB,6.0,66.0,2.0,1.0,1.0,0.0,0.0,0.0,0.0,0.0,0.0,0.0,28.28,28.28,,,,,,
2025,10,NYG,CHI,R.Wilson,9.0,3.0,45.0,0.0,0.0,2.0,QB,2.0,12.0,0.0,0.0,0.0,0.0,0.0,0.0,0.0,0.0,0.0,0.0,3.0,3.0,,,,,,
2025,10,NYG,CHI,T.Johnson,0.0,0.0,0.0,0.0,0.0,0.0,,0.0,0.0,0.0,0.0,0.0,8.0,7.0,75.0,0.0,72.0,0.0,0.0,14.5,7.5,,,,,,
2025,10,NYG,CHI,T.Tracy,0.0,0.0,0.0,0.0,0.0,0.0,,14.0,71.0,0.0,0.0,0.0,2.0,1.0,0.0,0.0,1.0,0.0,0.0,8.1,7.1,,,,,,
2025,10,NYG,CHI,W.Robinson,0.0,0.0,0.0,0.0,0.0,0.0,,0.0,0.0,0.0,0.0,0.0,11.0,6.0,62.0,0.0,62.0,0.0,0.0,12.2,6.2,,,,,,
2025,10,NYJ,CLE,A.Smith,0.0,0.0,0.0,0.0,0.0,0.0,,1.0,13.0,0.0,0.0,0.0,0.0,0.0,0.0,0.0,0.0,0.0,0.0,1.3,1.3,,,,,,
2025,10,NYJ,CLE,B.Hall,0.0,0.0,0.0,0.0,0.0,0.0,,21.0,83.0,0.0,0.0,0.0,1.0,1.0,42.0,1.0,-5.0,0.0,0.0,19.5,18.5,,,,,,
2025,10,NYJ,CLE,G.Wilson,0.0,0.0,0.0,0.0,0.0,0.0,,0.0,0.0,0.0,0.0,0.0,3.0,0.0,0.0,0.0,50.0,0.0,0.0,0.0,0.0,,,,,,
2025,10,NYJ,CLE,I.Davis,0.0,0.0,0.0,0.0,0.0,0.0,,3.0,10.0,0.0,0.0,0.0,1.0,1.0,1.0,0.0,-8.0,0.0,0.0,2.1,1.1,,,,,,
2025,10,NYJ,CLE,I.Williams,0.0,0.0,0.0,0.0,0.0,0.0,,0.0,0.0,0.0,0.0,0.0,1.0,1.0,4.0,0.0,-4.0,0.0,0.0,1.4,0.4,,,,,,
2025,10,NYJ,CLE,J.Fields,14.0,6.0,54.0,1.0,1.0,3.0,QB,7.0,28.0,0.0,0.0,0.0,0.0,0.0,0.0,0.0,0.0,0.0,0.0,7.96,7.96,,,,,,
2025,10,NYJ,CLE,J.Metchie,0.0,0.0,0.0,0.0,0.0,0.0,,1.0,-7.0,0.0,0.0,0.0,1.0,1.0,3.0,0.0,3.0,0.0,0.0,0.6,-0.4,,,,,,
2025,10,NYJ,CLE,J.Ruckert,0.0,0.0,0.0,0.0,0.0,0.0,,0.0,0.0,0.0,0.0,0.0,1.0,1.0,0.0,0.0,-3.0,0.0,0.0,1.0,0.0,,,,,,
2025,10,NYJ,CLE,M.Taylor,0.0,0.0,0.0,0.0,0.0,0.0,,0.0,0.0,0.0,0.0,0.0,2.0,1.0,4.0,0.0,9.0,0.0,0.0,1.4,0.4,,,,,,
2025,10,NYJ,CLE,T.Johnson,0.0,0.0,0.0,0.0,0.0,0.0,,0.0,0.0,0.0,0.0,0.0,1.0,0.0,0.0,0.0,-4.0,0.0,0.0,0.0,0.0,,,,,,
2025,10,PHI,GB,A.Brown,0.0,0.0,0.0,0.0,0.0,0.0,,0.0,0.0,0.0,0.0,0.0,3.0,2.0,13.0,0.0,39.0,0.0,0.0,3.3,1.3,,,,,,
2025,10,PHI,GB,D.Goedert,0.0,0.0,0.0,0.0,0.0,0.0,,0.0,0.0,0.0,0.0,0.0,6.0,4.0,43.0,0.0,54.0,0.0,0.0,8.3,4.3,,,,,,
2025,10,PHI,GB,D.Smith,0.0,0.0,0.0,0.0,0.0,0.0,,0.0,0.0,0.0,0.0,0.0,7.0,4.0,69.0,1.0,88.0,0.0,0.0,16.9,12.9,,,,,,
2025,10,PHI,GB,G.Calcaterra,0.0,0.0,0.0,0.0,0.0,0.0,,0.0,0.0,0.0,0.0,0.0,1.0,0.0,0.0,0.0,28.0,0.0,0.0,0.0,0.0,,,,,,
2025,10,PHI,GB,J.Dotson,0.0,0.0,0.0,0.0,0.0,0.0,,0.0,0.0,0.0,0.0,0.0,1.0,0.0,0.0,0.0,3.0,0.0,0.0,0.0,0.0,,,,,,
2025,10,PHI,GB,J.Hurts,26.0,15.0,183.0,1.0,0.0,0.0,QB,5.0,27.0,0.0,1.0,1.0,0.0,0.0,0.0,0.0,0.0,0.0,0.0,14.02,14.02,,,,,,
2025,10,PHI,GB,S.Barkley,0.0,0.0,0.0,0.0,0.0,0.0,,22.0,60.0,0.0,0.0,0.0,3.0,3.0,41.0,0.0,-10.0,0.0,0.0,13.1,10.1,,,,,,
2025,10,PHI,GB,T.Bigsby,0.0,0.0,0.0,0.0,0.0,0.0,,3.0,7.0,0.0,0.0,0.0,0.0,0.0,0.0,0.0,0.0,0.0,0.0,0.7,0.7,,,,,,
2025,10,PHI,GB,W.Shipley,0.0,0.0,0.0,0.0,0.0,0.0,,4.0,17.0,0.0,0.0,0.0,2.0,2.0,17.0,0.0,1.0,0.0,0.0,5.4,3.4,,,,,,
2025,10,PIT,LAC,A.Rodgers,34.0,16.0,161.0,1.0,2.0,3.0,QB,0.0,0.0,0.0,0.0,0.0,0.0,0.0,0.0,0.0,0.0,0.0,0.0,8.44,8.44,,,,,,
2025,10,PIT,LAC,C.Austin,0.0,0.0,0.0,0.0,0.0,0.0,,0.0,0.0,0.0,0.0,0.0,7.0,2.0,14.0,0.0,83.0,0.0,0.0,3.4,1.4,,,,,,
2025,10,PIT,LAC,D.Metcalf,0.0,0.0,0.0,0.0,0.0,0.0,,0.0,0.0,0.0,0.0,0.0,7.0,3.0,35.0,0.0,118.0,0.0,0.0,6.5,3.5,,,,,,
2025,10,PIT,LAC,D.Washington,0.0,0.0,0.0,0.0,0.0,0.0,,0.0,0.0,0.0,0.0,0.0,1.0,1.0,15.0,0.0,13.0,0.0,0.0,2.5,1.5,,,,,,
2025,10,PIT,LAC,J.Smith,0.0,0.0,0.0,0.0,0.0,0.0,,0.0,0.0,0.0,0.0,0.0,2.0,1.0,4.0,0.0,21.0,0.0,0.0,1.4,0.4,,,,,,
2025,10,PIT,LAC,J.Warren,0.0,0.0,0.0,0.0,0.0,0.0,,14.0,70.0,0.0,0.0,0.0,2.0,2.0,21.0,0.0,-15.0,0.0,0.0,11.1,9.1,,,,,,
2025,10,PIT,LAC,K.Gainwell,0.0,0.0,0.0,0.0,0.0,0.0,,0.0,0.0,0.0,0.0,0.0,3.0,2.0,4.0,0.0,10.0,0.0,0.0,2.4,0.4,,,,,,
2025,10,PIT,LAC,K.Johnson,0.0,0.0,0.0,0.0,0.0,0.0,,2.0,3.0,0.0,0.0,0.0,0.0,0.0,0.0,0.0,0.0,0.0,0.0,0.3,0.3,,,,,,
2025,10,PIT,LAC,P.Freiermuth,0.0,0.0,0.0,0.0,0.0,0.0,,0.0,0.0,0.0,0.0,0.0,3.0,3.0,33.0,0.0,1.0,0.0,0.0,6.3,3.3,,,,,,
2025,10,PIT,LAC,R.Wilson,0.0,0.0,0.0,0.0,0.0,0.0,,0.0,0.0,0.0,0.0,0.0,3.0,2.0,35.0,1.0,30.0,0.0,0.0,11.5,9.5,,,,,,
2025,10,SEA,ARI,A.Barner,0.0,0.0,0.0,0.0,0.0,0.0,,2.0,3.0,0.0,0.0,0.0,0.0,0.0,0.0,0.0,0.0,0.0,0.0,0.3,0.3,,,,,,
2025,10,SEA,ARI,C.Kupp,0.0,0.0,0.0,0.0,0.0,0.0,,0.0,0.0,0.0,0.0,0.0,2.0,2.0,74.0,0.0,18.0,0.0,0.0,9.4,7.4,,,,,,
2025,10,SEA,ARI,D.Lock,0.0,0.0,0.0,0.0,0.0,0.0,,4.0,-4.0,0.0,1.0,0.0,0.0,0.0,0.0,0.0,0.0,0.0,0.0,-0.4,-0.4,,,,,,
2025,10,SEA,ARI,E.Arroyo,0.0,0.0,0.0,0.0,0.0,0.0,,0.0,0.0,0.0,0.0,0.0,1.0,1.0,5.0,0.0,4.0,0.0,0.0,1.5,0.5,,,,,,
2025,10,SEA,ARI,G.Holani,0.0,0.0,0.0,0.0,0.0,0.0,,7.0,31.0,1.0,0.0,0.0,0.0,0.0,0.0,0.0,0.0,0.0,0.0,9.1,9.1,,,,,,
2025,10,SEA,ARI,J.Smith-Njigba,0.0,0.0,0.0,0.0,0.0,0.0,,0.0,0.0,0.0,0.0,0.0,6.0,5.0,93.0,1.0,102.0,0.0,0.0,20.3,15.3,,,,,,
2025,10,SEA,ARI,K.Walker,0.0,0.0,0.0,0.0,0.0,0.0,,14.0,67.0,0.0,0.0,0.0,1.0,1.0,3.0,0.0,-2.0,0.0,0.0,8.0,7.0,,,,,,
2025,10,SEA,ARI,N.Kallerup,0.0,0.0,0.0,0.0,0.0,0.0,,0.0,0.0,0.0,0.0,0.0,1.0,0.0,0.0,0.0,8.0,0.0,0.0,0.0,0.0,,,,,,
2025,10,SEA,ARI,R.Shaheed,0.0,0.0,0.0,0.0,0.0,0.0,,2.0,20.0,0.0,0.0,0.0,1.0,1.0,3.0,0.0,-2.0,0.0,0.0,3.3,2.3,,,,,,
2025,10,SEA,ARI,S.Darnold,13.0,10.0,178.0,1.0,1.0,1.0,QB,3.0,-2.0,0.0,1.0,1.0,0.0,0.0,0.0,0.0,0.0,0.0,0.0,9.92,9.92,,,,,,
2025,10,SEA,ARI,Z.Charbonnet,0.0,0.0,0.0,0.0,0.0,0.0,,14.0,83.0,1.0,0.0,0.0,0.0,0.0,0.0,0.0,0.0,0.0,0.0,14.3,14.3,,,,,,
2025,10,SF,LA,B.Robinson,0.0,0.0,0.0,0.0,0.0,0.0,,8.0,41.0,1.0,0.0,0.0,1.0,1.0,4.0,0.0,4.0,0.0,0.0,11.5,10.5,,,,,,
2025,10,SF,LA,C.McCaffrey,0.0,0.0,0.0,0.0,0.0,0.0,,12.0,30.0,0.0,0.0,0.0,10.0,8.0,66.0,0.0,28.0,0.0,0.0,17.6,9.6,,,,,,
2025,10,SF,LA,D.Robinson,0.0,0.0,0.0,0.0,0.0,0.0,,0.0,0.0,0.0,0.0,0.0,4.0,3.0,34.0,0.0,66.0,0.0,0.0,6.4,3.4,,,,,,
2025,10,SF,LA,G.Kittle,0.0,0.0,0.0,0.0,0.0,0.0,,0.0,0.0,0.0,0.0,0.0,9.0,9.0,84.0,1.0,55.0,0.0,0.0,23.4,14.4,,,,,,
2025,10,SF,LA,J.Jennings,0.0,0.0,0.0,0.0,0.0,0.0,,0.0,0.0,0.0,0.0,0.0,10.0,6.0,71.0,1.0,90.0,1.0,1.0,19.1,13.1,,,,,,
2025,10,SF,LA,K.Bourne,0.0,0.0,0.0,0.0,0.0,0.0,,0.0,0.0,0.0,0.0,0.0,1.0,1.0,19.0,0.0,18.0,0.0,0.0,2.9,1.9,,,,,,
2025,10,SF,LA,K.Juszczyk,0.0,0.0,0.0,0.0,0.0,0.0,,0.0,0.0,0.0,0.0,0.0,2.0,2.0,8.0,0.0,-2.0,0.0,0.0,2.8,0.8,,,,,,
2025,10,SF,LA,L.Farrell,0.0,0.0,0.0,0.0,0.0,0.0,,0.0,0.0,0.0,0.0,0.0,2.0,2.0,15.0,1.0,5.0,0.0,0.0,9.5,7.5,,,,,,
2025,10,SF,LA,M.Jones,40.0,33.0,319.0,3.0,1.0,0.0,QB,1.0,3.0,0.0,0.0,0.0,0.0,0.0,0.0,0.0,0.0,0.0,0.0,24.06,24.06,,,,,,
2025,10,SF,LA,S.Moore,0.0,0.0,0.0,0.0,0.0,0.0,,0.0,0.0,0.0,0.0,0.0,1.0,1.0,18.0,0.0,18.0,0.0,0.0,2.8,1.8,,,,,,
2025,10,TB,NE,B.Mayfield,45.0,28.0,273.0,3.0,0.0,2.0,QB,0.0,0.0,0.0,0.0,0.0,0.0,0.0,0.0,0.0,0.0,0.0,0.0,22.92,22.92,,,,,,
2025,10,TB,NE,C.Otton,0.0,0.0,0.0,0.0,0.0,0.0,,0.0,0.0,0.0,0.0,0.0,12.0,9.0,82.0,0.0,48.0,0.0,0.0,17.2,8.2,,,,,,
2025,10,TB,NE,E.Egbuka,0.0,0.0,0.0,0.0,0.0,0.0,,1.0,0.0,0.0,0.0,0.0,13.0,6.0,115.0,1.0,144.0,0.0,0.0,23.5,17.5,,,,,,
2025,10,TB,NE,K.Johnson,0.0,0.0,0.0,0.0,0.0,0.0,,1.0,11.0,0.0,0.0,0.0,1.0,0.0,0.0,0.0,10.0,0.0,0.0,1.1,1.1,,,,,,
2025,10,TB,NE,P.Durham,0.0,0.0,0.0,0.0,0.0,0.0,,0.0,0.0,0.0,0.0,0.0,1.0,0.0,0.0,0.0,-2.0,0.0,0.0,0.0,0.0,,,,,,
2025,10,TB,NE,R.White,0.0,0.0,0.0,0.0,0.0,0.0,,10.0,38.0,0.0,0.0,0.0,5.0,5.0,16.0,0.0,-6.0,0.0,0.0,10.4,5.4,,,,,,
2025,10,TB,NE,S.Shepard,0.0,0.0,0.0,0.0,0.0,0.0,,1.0,11.0,0.0,0.0,0.0,4.0,3.0,20.0,0.0,48.0,0.0,0.0,6.1,3.1,,,,,,
2025,10,TB,NE,S.Tucker,0.0,0.0,0.0,0.0,0.0,0.0,,9.0,53.0,0.0,0.0,0.0,2.0,1.0,-2.0,0.0,-9.0,0.0,0.0,6.1,5.1,,,,,,
2025,10,TB,NE,T.Johnson,0.0,0.0,0.0,0.0,0.0,0.0,,0.0,0.0,0.0,0.0,0.0,5.0,4.0,42.0,2.0,49.0,0.0,0.0,20.2,16.2,,,,,,
2025,10,WAS,DET,B.Sinnott,0.0,0.0,0.0,0.0,0.0,0.0,,0.0,0.0,0.0,0.0,0.0,1.0,1.0,4.0,1.0,2.0,0.0,0.0,7.4,6.4,,,,,,
2025,10,WAS,DET,C.Rodriguez,0.0,0.0,0.0,0.0,0.0,0.0,,6.0,16.0,1.0,0.0,0.0,0.0,0.0,0.0,0.0,0.0,0.0,0.0,7.6,7.6,,,,,,
2025,10,WAS,DET,D.Samuel,0.0,0.0,0.0,0.0,0.0,0.0,,0.0,0.0,0.0,0.0,0.0,6.0,4.0,29.0,1.0,20.0,0.0,0.0,12.9,8.9,,,,,,
2025,10,WAS,DET,J.Bates,0.0,0.0,0.0,0.0,0.0,0.0,,0.0,0.0,0.0,0.0,0.0,2.0,1.0,6.0,0.0,0.0,0.0,0.0,1.6,0.6,,,,,,
2025,10,WAS,DET,J.Croskey-Merritt,0.0,0.0,0.0,0.0,0.0,0.0,,12.0,30.0,0.0,0.0,0.0,0.0,0.0,0.0,0.0,0.0,0.0,0.0,3.0,3.0,,,,,,
2025,10,WAS,DET,J.Lane,0.0,0.0,0.0,0.0,0.0,0.0,,0.0,0.0,0.0,0.0,0.0,1.0,1.0,41.0,0.0,40.0,0.0,0.0,5.1,4.1,,,,,,
2025,10,WAS,DET,J.McNichols,0.0,0.0,0.0,0.0,0.0,0.0,,5.0,25.0,0.0,0.0,0.0,1.0,1.0,4.0,0.0,4.0,0.0,0.0,3.9,2.9,,,,,,
2025,10,WAS,DET,M.Mariota,25.0,16.0,213.0,2.0,0.0,2.0,QB,5.0,22.0,0.0,0.0,0.0,0.0,0.0,0.0,0.0,0.0,0.0,0.0,18.72,18.72,,,,,,
2025,10,WAS,DET,R.Chosen,0.0,0.0,0.0,0.0,0.0,0.0,,0.0,0.0,0.0,0.0,0.0,4.0,1.0,17.0,0.0,90.0,0.0,0.0,2.7,1.7,,,,,,
2025,10,WAS,DET,T.Burks,0.0,0.0,0.0,0.0,0.0,0.0,,0.0,0.0,0.0,0.0,0.0,3.0,3.0,58.0,0.0,45.0,0.0,0.0,8.8,5.8,,,,,,
2025,10,WAS,DET,Z.Ertz,0.0,0.0,0.0,0.0,0.0,0.0,,0.0,0.0,0.0,0.0,0.0,5.0,4.0,54.0,0.0,87.0,0.0,0.0,9.4,5.4,,,,,,
2025,11,ARI,SF,A.Baccellia,0.0,0.0,0.0,0.0,0.0,0.0,,0.0,0.0,0.0,0.0,0.0,1.0,1.0,5.0,0.0,5.0,0.0,0.0,1.5,0.5,,,,,,
2025,11,ARI,SF,E.Demercado,0.0,0.0,0.0,0.0,0.0,0.0,,5.0,8.0,0.0,0.0,0.0,3.0,2.0,12.0,0.0,-12.0,0.0,0.0,4.0,2.0,,,,,,
2025,11,ARI,SF,E.Higgins,0.0,0.0,0.0,0.0,0.0,0.0,,0.0,0.0,0.0,0.0,0.0,3.0,2.0,11.0,0.0,8.0,1.0,1.0,3.1,1.1,,,,,,
2025,11,ARI,SF,G.Dortch,0.0,0.0,0.0,0.0,0.0,0.0,,0.0,0.0,0.0,0.0,0.0,6.0,6.0,66.0,1.0,25.0,0.0,0.0,18.6,12.6,,,,,,
2025,11,ARI,SF,J.Brissett,58.0,47.0,452.0,2.0,2.0,0.0,QB,2.0,-2.0,0.0,0.0,0.0,0.0,0.0,0.0,0.0,0.0,0.0,0.0,23.88,23.88,,,,,,
2025,11,ARI,SF,M.Carter,0.0,0.0,0.0,0.0,0.0,0.0,,2.0,6.0,0.0,0.0,0.0,7.0,5.0,22.0,0.0,3.0,0.0,0.0,7.8,2.8,,,,,,
2025,11,ARI,SF,Mi.Wilson,0.0,0.0,0.0,0.0,0.0,0.0,,0.0,0.0,0.0,0.0,0.0,18.0,15.0,185.0,0.0,240.0,0.0,0.0,33.5,18.5,,,,,,
2025,11,ARI,SF,T.McBride,0.0,0.0,0.0,0.0,0.0,0.0,,0.0,0.0,0.0,0.0,0.0,12.0,10.0,115.0,1.0,70.0,0.0,0.0,27.5,17.5,,,,,,
2025,11,ARI,SF,X.Weaver,0.0,0.0,0.0,0.0,0.0,0.0,,0.0,0.0,0.0,0.0,0.0,3.0,2.0,15.0,0.0,35.0,0.0,0.0,3.5,1.5,,,,,,
2025,11,ARI,SF,Z.Knight,0.0,0.0,0.0,0.0,0.0,0.0,,6.0,24.0,1.0,0.0,0.0,4.0,4.0,21.0,0.0,-3.0,0.0,0.0,14.5,10.5,,,,,,
2025,11,ATL,CAR,B.Robinson,0.0,0.0,0.0,0.0,0.0,0.0,,23.0,104.0,2.0,0.0,0.0,5.0,4.0,39.0,0.0,7.0,0.0,0.0,30.3,26.3,,,,,,
2025,11,ATL,CAR,D.London,0.0,0.0,0.0,0.0,0.0,0.0,,0.0,0.0,0.0,0.0,0.0,9.0,7.0,119.0,0.0,96.0,0.0,0.0,18.9,11.9,,,,,,
2025,11,ATL,CAR,D.Mooney,0.0,0.0,0.0,0.0,0.0,0.0,,0.0,0.0,0.0,0.0,0.0,7.0,3.0,34.0,0.0,107.0,1.0,0.0,6.4,3.4,,,,,,
2025,11,ATL,CAR,D.Sills,0.0,0.0,0.0,0.0,0.0,0.0,,0.0,0.0,0.0,0.0,0.0,2.0,1.0,11.0,0.0,15.0,0.0,0.0,2.1,1.1,,,,,,
2025,11,ATL,CAR,K.Cousins,14.0,6.0,48.0,0.0,0.0,0.0,QB,1.0,2.0,0.0,0.0,0.0,0.0,0.0,0.0,0.0,0.0,0.0,0.0,2.12,2.12,,,,,,
2025,11,ATL,CAR,K.Hodge,0.0,0.0,0.0,0.0,0.0,0.0,,0.0,0.0,0.0,0.0,0.0,1.0,0.0,0.0,0.0,19.0,0.0,0.0,0.0,0.0,,,,,,
2025,11,ATL,CAR,K.Pitts,0.0,0.0,0.0,0.0,0.0,0.0,,0.0,0.0,0.0,0.0,0.0,3.0,2.0,14.0,0.0,12.0,0.0,0.0,3.4,1.4,,,,,,
2025,11,ATL,CAR,M.Penix,16.0,13.0,175.0,0.0,0.0,0.0,QB,1.0,9.0,0.0,0.0,0.0,0.0,0.0,0.0,0.0,0.0,0.0,0.0,7.9,7.9,,,,,,
2025,11,ATL,CAR,T.Allgeier,0.0,0.0,0.0,0.0,0.0,0.0,,3.0,10.0,1.0,0.0,0.0,2.0,2.0,6.0,0.0,-5.0,0.0,0.0,9.6,7.6,,,,,,
2025,11,BAL,CLE,C.Kolar,0.0,0.0,0.0,0.0,0.0,0.0,,0.0,0.0,0.0,0.0,0.0,1.0,0.0,0.0,0.0,2.0,0.0,0.0,0.0,0.0,,,,,,
2025,11,BAL,CLE,D.Henry,0.0,0.0,0.0,0.0,0.0,0.0,,18.0,103.0,1.0,0.0,0.0,2.0,2.0,19.0,0.0,3.0,0.0,0.0,20.2,18.2,,,,,,
2025,11,BAL,CLE,D.Hopkins,0.0,0.0,0.0,0.0,0.0,0.0,,0.0,0.0,0.0,0.0,0.0,4.0,1.0,11.0,0.0,61.0,0.0,0.0,2.1,1.1,,,,,,
2025,11,BAL,CLE,I.Likely,0.0,0.0,0.0,0.0,0.0,0.0,,0.0,0.0,0.0,0.0,0.0,3.0,2.0,15.0,0.0,20.0,0.0,0.0,3.5,1.5,,,,,,
2025,11,BAL,CLE,K.Mitchell,0.0,0.0,0.0,0.0,0.0,0.0,,6.0,31.0,0.0,0.0,0.0,3.0,2.0,23.0,0.0,-6.0,0.0,0.0,7.4,5.4,,,,,,
2025,11,BAL,CLE,L.Jackson,30.0,14.0,193.0,0.0,2.0,5.0,QB,4.0,10.0,0.0,0.0,0.0,0.0,0.0,0.0,0.0,0.0,0.0,0.0,6.72,6.72,,,,,,
2025,11,BAL,CLE,M.Andrews,0.0,0.0,0.0,0.0,0.0,0.0,,1.0,35.0,1.0,0.0,0.0,5.0,3.0,32.0,0.0,30.0,0.0,0.0,15.7,12.7,,,,,,
2025,11,BAL,CLE,R.Ali,0.0,0.0,0.0,0.0,0.0,0.0,,0.0,0.0,0.0,0.0,0.0,1.0,1.0,15.0,0.0,1.0,0.0,0.0,2.5,1.5,,,,,,
2025,11,BAL,CLE,T.Wallace,0.0,0.0,0.0,0.0,0.0,0.0,,0.0,0.0,0.0,0.0,0.0,1.0,0.0,0.0,0.0,26.0,0.0,0.0,0.0,0.0,,,,,,
2025,11,BAL,CLE,Z.Flowers,0.0,0.0,0.0,0.0,0.0,0.0,,1.0,5.0,0.0,0.0,0.0,5.0,3.0,78.0,0.0,62.0,0.0,0.0,11.3,8.3,,,,,,
2025,11,BUF,TB,C.Samuel,0.0,0.0,0.0,0.0,0.0,0.0,,0.0,0.0,0.0,0.0,0.0,3.0,2.0,19.0,0.0,61.0,0.0,0.0,3.9,1.9,,,,,,
2025,11,BUF,TB,D.Knox,0.0,0.0,0.0,0.0,0.0,0.0,,0.0,0.0,0.0,0.0,0.0,3.0,1.0,23.0,0.0,37.0,0.0,0.0,3.3,2.3,,,,,,
2025,11,BUF,TB,G.Davis,0.0,0.0,0.0,0.0,0.0,0.0,,0.0,0.0,0.0,0.0,0.0,4.0,3.0,40.0,0.0,30.0,0.0,0.0,7.0,4.0,,,,,,
2025,11,BUF,TB,J.Allen,31.0,19.0,317.0,3.0,2.0,0.0,QB,6.0,40.0,3.0,0.0,0.0,0.0,0.0,0.0,0.0,0.0,0.0,0.0,44.68,44.68,,,,,,
2025,11,BUF,TB,J.Cook,0.0,0.0,0.0,0.0,0.0,0.0,,16.0,48.0,0.0,0.0,0.0,3.0,3.0,66.0,1.0,23.0,0.0,0.0,20.4,17.4,,,,,,
2025,11,BUF,TB,J.Palmer,0.0,0.0,0.0,0.0,0.0,0.0,,0.0,0.0,0.0,0.0,0.0,5.0,2.0,17.0,0.0,46.0,0.0,0.0,3.7,1.7,,,,,,
2025,11,BUF,TB,K.Latu,0.0,0.0,0.0,0.0,0.0,0.0,,0.0,0.0,0.0,0.0,0.0,1.0,1.0,4.0,0.0,4.0,0.0,0.0,1.4,0.4,,,,,,
2025,11,BUF,TB,K.Shakir,0.0,0.0,0.0,0.0,0.0,0.0,,0.0,0.0,0.0,0.0,0.0,3.0,1.0,-3.0,0.0,21.0,0.0,0.0,0.7,-0.3,,,,,,
2025,11,BUF,TB,M.Hardman,0.0,0.0,0.0,0.0,0.0,0.0,,0.0,0.0,0.0,0.0,0.0,1.0,0.0,0.0,0.0,46.0,0.0,0.0,0.0,0.0,,,,,,
2025,11,BUF,TB,R.Gilliam,0.0,0.0,0.0,0.0,0.0,0.0,,0.0,0.0,0.0,0.0,0.0,1.0,0.0,0.0,0.0,0.0,0.0,0.0,0.0,0.0,,,,,,
2025,11,BUF,TB,T.Shavers,0.0,0.0,0.0,0.0,0.0,0.0,,0.0,0.0,0.0,0.0,0.0,5.0,4.0,90.0,1.0,86.0,0.0,0.0,19.0,15.0,,,,,,
2025,11,BUF,TB,Ty.Johnson,0.0,0.0,0.0,0.0,0.0,0.0,,1.0,9.0,0.0,0.0,0.0,2.0,2.0,61.0,1.0,-8.0,1.0,0.0,15.0,13.0,,,,,,
2025,11,CAR,ATL,B.Tremayne,0.0,0.0,0.0,0.0,0.0,0.0,,0.0,0.0,0.0,0.0,0.0,2.0,2.0,17.0,0.0,14.0,0.0,0.0,3.7,1.7,,,,,,
2025,11,CAR,ATL,B.Young,52.0,31.0,448.0,3.0,0.0,5.0,QB,1.0,-1.0,0.0,0.0,0.0,0.0,0.0,0.0,0.0,0.0,0.0,0.0,29.82,29.82,,,,,,
2025,11,CAR,ATL,C.Hubbard,0.0,0.0,0.0,0.0,0.0,0.0,,4.0,21.0,0.0,0.0,0.0,3.0,1.0,7.0,0.0,-6.0,0.0,0.0,3.8,2.8,,,,,,
2025,11,CAR,ATL,J.Coker,0.0,0.0,0.0,0.0,0.0,0.0,,0.0,0.0,0.0,0.0,0.0,5.0,4.0,52.0,0.0,43.0,0.0,0.0,9.2,5.2,,,,,,
2025,11,CAR,ATL,J.Sanders,0.0,0.0,0.0,0.0,0.0,0.0,,0.0,0.0,0.0,0.0,0.0,4.0,4.0,22.0,0.0,10.0,0.0,0.0,6.2,2.2,,,,,,
2025,11,CAR,ATL,M.Evans,0.0,0.0,0.0,0.0,0.0,0.0,,0.0,0.0,0.0,0.0,0.0,2.0,2.0,28.0,0.0,19.0,0.0,0.0,4.8,2.8,,,,,,
2025,11,CAR,ATL,R.Dowdle,0.0,0.0,0.0,0.0,0.0,0.0,,19.0,45.0,0.0,0.0,0.0,7.0,5.0,55.0,0.0,-20.0,0.0,0.0,15.0,10.0,,,,,,
2025,11,CAR,ATL,T.Etienne,0.0,0.0,0.0,0.0,0.0,0.0,,1.0,2.0,0.0,0.0,0.0,0.0,0.0,0.0,0.0,0.0,0.0,0.0,0.2,0.2,,,,,,
2025,11,CAR,ATL,T.McMillan,0.0,0.0,0.0,0.0,0.0,0.0,,0.0,0.0,0.0,0.0,0.0,12.0,8.0,130.0,2.0,118.0,0.0,0.0,33.0,25.0,,,,,,
2025,11,CAR,ATL,T.Tremble,0.0,0.0,0.0,0.0,0.0,0.0,,0.0,0.0,0.0,0.0,0.0,2.0,1.0,54.0,0.0,2.0,0.0,0.0,6.4,5.4,,,,,,
2025,11,CAR,ATL,X.Legette,0.0,0.0,0.0,0.0,0.0,0.0,,0.0,0.0,0.0,0.0,0.0,8.0,4.0,83.0,1.0,102.0,0.0,0.0,18.3,14.3,,,,,,
2025,11,CHI,MIN,C.Kmet,0.0,0.0,0.0,0.0,0.0,0.0,,0.0,0.0,0.0,0.0,0.0,5.0,5.0,45.0,0.0,16.0,0.0,0.0,9.5,4.5,,,,,,
2025,11,CHI,MIN,C.Loveland,0.0,0.0,0.0,0.0,0.0,0.0,,0.0,0.0,0.0,0.0,0.0,4.0,3.0,40.0,0.0,28.0,0.0,0.0,7.0,4.0,,,,,,
2025,11,CHI,MIN,C.Williams,34.0,16.0,193.0,0.0,0.0,2.0,QB,4.0,26.0,0.0,1.0,0.0,0.0,0.0,0.0,0.0,0.0,0.0,0.0,10.32,10.32,,,,,,
2025,11,CHI,MIN,D.Moore,0.0,0.0,0.0,0.0,0.0,0.0,,1.0,3.0,0.0,0.0,0.0,3.0,1.0,18.0,0.0,72.0,0.0,0.0,3.1,2.1,,,,,,
2025,11,CHI,MIN,D.Smythe,0.0,0.0,0.0,0.0,0.0,0.0,,0.0,0.0,0.0,0.0,0.0,3.0,1.0,8.0,0.0,18.0,0.0,0.0,1.8,0.8,,,,,,
2025,11,CHI,MIN,D.Swift,0.0,0.0,0.0,0.0,0.0,0.0,,21.0,90.0,0.0,0.0,0.0,1.0,0.0,0.0,0.0,17.0,0.0,0.0,9.0,9.0,,,,,,
2025,11,CHI,MIN,K.Monangai,0.0,0.0,0.0,0.0,0.0,0.0,,12.0,23.0,1.0,0.0,0.0,1.0,1.0,14.0,0.0,-4.0,0.0,0.0,10.7,9.7,,,,,,
2025,11,CHI,MIN,L.Burden,0.0,0.0,0.0,0.0,0.0,0.0,,0.0,0.0,0.0,0.0,0.0,5.0,3.0,27.0,0.0,37.0,0.0,0.0,5.7,2.7,,,,,,
2025,11,CHI,MIN,R.Odunze,0.0,0.0,0.0,0.0,0.0,0.0,,0.0,0.0,0.0,0.0,0.0,6.0,2.0,41.0,0.0,144.0,0.0,0.0,6.1,4.1,,,,,,
2025,11,CHI,MIN,T.Homer,0.0,0.0,0.0,0.0,0.0,0.0,,1.0,-2.0,0.0,0.0,0.0,0.0,0.0,0.0,0.0,0.0,0.0,0.0,-0.2,-0.2,,,,,,
2025,11,CIN,PIT,A.Iosivas,0.0,0.0,0.0,0.0,0.0,0.0,,0.0,0.0,0.0,0.0,0.0,4.0,3.0,20.0,0.0,20.0,0.0,0.0,5.0,2.0,,,,,,
2025,11,CIN,PIT,C.Brown,0.0,0.0,0.0,0.0,0.0,0.0,,19.0,99.0,0.0,0.0,0.0,8.0,6.0,28.0,0.0,-2.0,0.0,0.0,18.7,12.7,,,,,,
2025,11,CIN,PIT,J.Chase,0.0,0.0,0.0,0.0,0.0,0.0,,0.0,0.0,0.0,0.0,0.0,10.0,3.0,30.0,0.0,116.0,0.0,0.0,6.0,3.0,,,,,,
2025,11,CIN,PIT,J.Flacco,41.0,23.0,199.0,1.0,1.0,1.0,QB,1.0,-1.0,0.0,0.0,0.0,0.0,0.0,0.0,0.0,0.0,0.0,0.0,10.86,10.86,,,,,,
2025,11,CIN,PIT,K.Milton,0.0,0.0,0.0,0.0,0.0,0.0,,2.0,2.0,0.0,0.0,0.0,0.0,0.0,0.0,0.0,0.0,0.0,0.0,0.2,0.2,,,,,,
2025,11,CIN,PIT,N.Fant,0.0,0.0,0.0,0.0,0.0,0.0,,0.0,0.0,0.0,0.0,0.0,6.0,5.0,36.0,0.0,10.0,1.0,1.0,8.6,3.6,,,,,,
2025,11,CIN,PIT,T.Brooks,0.0,0.0,0.0,0.0,0.0,0.0,,1.0,5.0,0.0,0.0,0.0,0.0,0.0,0.0,0.0,0.0,0.0,0.0,0.5,0.5,,,,,,
2025,11,CIN,PIT,T.Higgins,0.0,0.0,0.0,0.0,0.0,0.0,,0.0,0.0,0.0,0.0,0.0,8.0,3.0,63.0,1.0,117.0,0.0,0.0,15.3,12.3,,,,,,
2025,11,CIN,PIT,T.Hudson,0.0,0.0,0.0,0.0,0.0,0.0,,0.0,0.0,0.0,0.0,0.0,3.0,3.0,22.0,0.0,13.0,0.0,0.0,5.2,2.2,,,,,,
2025,11,CLE,BAL,C.Tillman,0.0,0.0,0.0,0.0,0.0,0.0,,0.0,0.0,0.0,0.0,0.0,4.0,3.0,52.0,0.0,39.0,0.0,0.0,8.2,5.2,,,,,,
2025,11,CLE,BAL,D.Gabriel,11.0,7.0,68.0,0.0,0.0,1.0,QB,2.0,2.0,0.0,0.0,0.0,0.0,0.0,0.0,0.0,0.0,0.0,0.0,2.92,2.92,,,,,,
2025,11,CLE,BAL,D.Njoku,0.0,0.0,0.0,0.0,0.0,0.0,,0.0,0.0,0.0,0.0,0.0,2.0,1.0,7.0,0.0,8.0,0.0,0.0,1.7,0.7,,,,,,
2025,11,CLE,BAL,D.Sampson,0.0,0.0,0.0,0.0,0.0,0.0,,1.0,19.0,0.0,0.0,0.0,1.0,0.0,0.0,0.0,5.0,0.0,0.0,1.9,1.9,,,,,,
2025,11,CLE,BAL,G.Larvadain,0.0,0.0,0.0,0.0,0.0,0.0,,0.0,0.0,0.0,0.0,0.0,1.0,0.0,0.0,0.0,25.0,0.0,0.0,0.0,0.0,,,,,,
2025,11,CLE,BAL,H.Fannin,0.0,0.0,0.0,0.0,0.0,0.0,,0.0,0.0,0.0,0.0,0.0,5.0,2.0,26.0,0.0,37.0,0.0,0.0,4.6,2.6,,,,,,
2025,11,CLE,BAL,I.Bond,0.0,0.0,0.0,0.0,0.0,0.0,,1.0,8.0,0.0,0.0,0.0,1.0,0.0,0.0,0.0,25.0,0.0,0.0,0.8,0.8,,,,,,
2025,11,CLE,BAL,J.Ford,0.0,0.0,0.0,0.0,0.0,0.0,,1.0,2.0,0.0,0.0,0.0,0.0,0.0,0.0,0.0,0.0,0.0,0.0,0.2,0.2,,,,,,
2025,11,CLE,BAL,J.Jeudy,0.0,0.0,0.0,0.0,0.0,0.0,,0.0,0.0,0.0,0.0,0.0,7.0,3.0,21.0,0.0,47.0,0.0,0.0,5.1,2.1,,,,,,
2025,11,CLE,BAL,M.Corley,0.0,0.0,0.0,0.0,0.0,0.0,,0.0,0.0,0.0,0.0,0.0,2.0,2.0,9.0,0.0,-4.0,0.0,0.0,2.9,0.9,,,,,,
2025,11,CLE,BAL,Q.Judkins,0.0,0.0,0.0,0.0,0.0,0.0,,17.0,59.0,0.0,0.0,0.0,2.0,0.0,0.0,0.0,-10.0,0.0,0.0,5.9,5.9,,,,,,
2025,11,CLE,BAL,S.Sanders,18.0,4.0,47.0,0.0,1.0,2.0,QB,3.0,16.0,0.0,0.0,0.0,0.0,0.0,0.0,0.0,0.0,0.0,0.0,2.48,2.48,,,,,,
2025,11,DAL,LV,B.Spann-Ford,0.0,0.0,0.0,0.0,0.0,0.0,,0.0,0.0,0.0,0.0,0.0,1.0,1.0,4.0,0.0,2.0,0.0,0.0,1.4,0.4,,,,,,
2025,11,DAL,LV,C.Lamb,0.0,0.0,0.0,0.0,0.0,0.0,,0.0,0.0,0.0,0.0,0.0,7.0,5.0,66.0,1.0,54.0,0.0,0.0,17.6,12.6,,,,,,
2025,11,DAL,LV,D.Prescott,34.0,25.0,268.0,4.0,0.0,1.0,QB,4.0,-4.0,0.0,0.0,0.0,0.0,0.0,0.0,0.0,0.0,0.0,0.0,26.32,26.32,,,,,,
2025,11,DAL,LV,G.Pickens,0.0,0.0,0.0,0.0,0.0,0.0,,0.0,0.0,0.0,0.0,0.0,11.0,9.0,144.0,1.0,136.0,0.0,0.0,29.4,20.4,,,,,,
2025,11,DAL,LV,H.Luepke,0.0,0.0,0.0,0.0,0.0,0.0,,1.0,5.0,0.0,0.0,0.0,3.0,3.0,36.0,0.0,10.0,0.0,0.0,7.1,4.1,,,,,,
2025,11,DAL,LV,J.Ferguson,0.0,0.0,0.0,0.0,0.0,0.0,,0.0,0.0,0.0,0.0,0.0,5.0,4.0,16.0,1.0,-8.0,0.0,0.0,11.6,7.6,,,,,,
2025,11,DAL,LV,J.Tolbert,0.0,0.0,0.0,0.0,0.0,0.0,,0.0,0.0,0.0,0.0,0.0,1.0,0.0,0.0,0.0,19.0,0.0,0.0,0.0,0.0,,,,,,
2025,11,DAL,LV,J.Williams,0.0,0.0,0.0,0.0,0.0,0.0,,22.0,93.0,0.0,0.0,0.0,1.0,1.0,0.0,0.0,-4.0,0.0,0.0,10.3,9.3,,,,,,
2025,11,DAL,LV,K.Turpin,0.0,0.0,0.0,0.0,0.0,0.0,,0.0,0.0,0.0,0.0,0.0,2.0,1.0,0.0,0.0,4.0,0.0,0.0,1.0,0.0,,,,,,
2025,11,DAL,LV,M.Davis,0.0,0.0,0.0,0.0,0.0,0.0,,4.0,20.0,0.0,0.0,0.0,0.0,0.0,0.0,0.0,0.0,0.0,0.0,2.0,2.0,,,,,,
2025,11,DAL,LV,R.Flournoy,0.0,0.0,0.0,0.0,0.0,0.0,,0.0,0.0,0.0,0.0,0.0,1.0,1.0,2.0,1.0,2.0,0.0,0.0,7.2,6.2,,,,,,
2025,11,DEN,KC,A.Prentice,0.0,0.0,0.0,0.0,0.0,0.0,,0.0,0.0,0.0,0.0,0.0,2.0,1.0,14.0,0.0,10.0,0.0,0.0,2.4,1.4,,,,,,
2025,11,DEN,KC,A.Trautman,0.0,0.0,0.0,0.0,0.0,0.0,,0.0,0.0,0.0,0.0,0.0,1.0,1.0,8.0,0.0,2.0,0.0,0.0,1.8,0.8,,,,,,
2025,11,DEN,KC,B.Nix,39.0,24.0,295.0,0.0,0.0,2.0,QB,3.0,8.0,0.0,0.0,0.0,1.0,0.0,0.0,0.0,2.0,0.0,0.0,12.6,12.6,,,,,,
2025,11,DEN,KC,C.Sutton,0.0,0.0,0.0,0.0,0.0,0.0,,0.0,0.0,0.0,0.0,0.0,8.0,4.0,59.0,0.0,65.0,0.0,0.0,9.9,5.9,,,,,,
2025,11,DEN,KC,E.Engram,0.0,0.0,0.0,0.0,0.0,0.0,,0.0,0.0,0.0,0.0,0.0,5.0,4.0,33.0,0.0,2.0,0.0,0.0,7.3,3.3,,,,,,
2025,11,DEN,KC,J.McLaughlin,0.0,0.0,0.0,0.0,0.0,0.0,,6.0,19.0,1.0,0.0,0.0,1.0,1.0,-5.0,0.0,-6.0,0.0,0.0,8.4,7.4,,,,,,
2025,11,DEN,KC,M.Mims,0.0,0.0,0.0,0.0,0.0,0.0,,1.0,2.0,0.0,0.0,0.0,0.0,0.0,0.0,0.0,0.0,0.0,0.0,0.2,0.2,,,,,,
2025,11,DEN,KC,P.Bryant,0.0,0.0,0.0,0.0,0.0,0.0,,0.0,0.0,0.0,0.0,0.0,6.0,5.0,82.0,0.0,57.0,0.0,0.0,13.2,8.2,,,,,,
2025,11,DEN,KC,R.Harvey,1.0,0.0,0.0,0.0,0.0,0.0,QB,11.0,30.0,0.0,0.0,0.0,3.0,3.0,20.0,0.0,-2.0,0.0,0.0,8.0,5.0,,,,,,
2025,11,DEN,KC,T.Badie,0.0,0.0,0.0,0.0,0.0,0.0,,0.0,0.0,0.0,0.0,0.0,1.0,1.0,0.0,0.0,-5.0,0.0,0.0,1.0,0.0,,,,,,
2025,11,DEN,KC,T.Franklin,0.0,0.0,0.0,0.0,0.0,0.0,,0.0,0.0,0.0,0.0,0.0,8.0,4.0,84.0,0.0,193.0,0.0,0.0,12.4,8.4,,,,,,
2025,11,DET,PHI,A.St. Brown,0.0,0.0,0.0,0.0,0.0,0.0,,0.0,0.0,0.0,0.0,0.0,12.0,2.0,42.0,0.0,147.0,0.0,0.0,6.2,4.2,,,,,,
2025,11,DET,PHI,B.Wright,0.0,0.0,0.0,0.0,0.0,0.0,,0.0,0.0,0.0,0.0,0.0,7.0,2.0,8.0,0.0,3.0,0.0,0.0,2.8,0.8,,,,,,
2025,11,DET,PHI,D.Montgomery,0.0,0.0,0.0,0.0,0.0,0.0,,6.0,27.0,0.0,0.0,0.0,1.0,1.0,10.0,0.0,1.0,0.0,0.0,4.7,3.7,,,,,,
2025,11,DET,PHI,G.Stuard,0.0,0.0,0.0,0.0,0.0,0.0,,1.0,0.0,0.0,0.0,0.0,0.0,0.0,0.0,0.0,0.0,0.0,0.0,0.0,0.0,,,,,,
2025,11,DET,PHI,I.TeSlaa,0.0,0.0,0.0,0.0,0.0,0.0,,0.0,0.0,0.0,0.0,0.0,1.0,0.0,0.0,0.0,14.0,0.0,0.0,0.0,0.0,,,,,,
2025,11,DET,PHI,J.Gibbs,0.0,0.0,0.0,0.0,0.0,0.0,,12.0,39.0,0.0,0.0,0.0,8.0,5.0,107.0,0.0,5.0,0.0,0.0,19.6,14.6,,,,,,
2025,11,DET,PHI,J.Goff,39.0,14.0,255.0,1.0,1.0,2.0,QB,1.0,-1.0,0.0,0.0,0.0,0.0,0.0,0.0,0.0,0.0,0.0,0.0,13.1,13.1,,,,,,
2025,11,DET,PHI,J.Williams,0.0,0.0,0.0,0.0,0.0,0.0,,1.0,9.0,0.0,0.0,0.0,7.0,4.0,88.0,1.0,75.0,0.0,0.0,19.7,15.7,,,,,,
2025,11,GB,NYG,B.Melton,0.0,0.0,0.0,0.0,0.0,0.0,,1.0,17.0,0.0,0.0,0.0,0.0,0.0,0.0,0.0,0.0,0.0,0.0,1.7,1.7,,,,,,
2025,11,GB,NYG,C.Brooks,0.0,0.0,0.0,0.0,0.0,0.0,,1.0,8.0,0.0,0.0,0.0,0.0,0.0,0.0,0.0,0.0,0.0,0.0,0.8,0.8,,,,,,
2025,11,GB,NYG,C.Watson,0.0,0.0,0.0,0.0,0.0,0.0,,0.0,0.0,0.0,0.0,0.0,5.0,4.0,46.0,2.0,74.0,0.0,0.0,20.6,16.6,,,,,,
2025,11,GB,NYG,D.Wicks,0.0,0.0,0.0,0.0,0.0,0.0,,0.0,0.0,0.0,0.0,0.0,2.0,1.0,9.0,0.0,10.0,0.0,0.0,1.9,0.9,,,,,,
2025,11,GB,NYG,E.Wilson,0.0,0.0,0.0,0.0,0.0,0.0,,11.0,40.0,1.0,0.0,0.0,2.0,1.0,9.0,0.0,1.0,0.0,0.0,11.9,10.9,,,,,,
2025,11,GB,NYG,J.FitzPatrick,0.0,0.0,0.0,0.0,0.0,0.0,,0.0,0.0,0.0,0.0,0.0,1.0,1.0,5.0,0.0,2.0,0.0,0.0,1.5,0.5,,,,,,
2025,11,GB,NYG,J.Jacobs,0.0,0.0,0.0,0.0,0.0,0.0,,7.0,40.0,0.0,0.0,0.0,1.0,0.0,0.0,0.0,-9.0,0.0,0.0,4.0,4.0,,,,,,
2025,11,GB,NYG,J.Love,27.0,13.0,174.0,2.0,0.0,2.0,QB,2.0,7.0,0.0,0.0,0.0,0.0,0.0,0.0,0.0,0.0,0.0,0.0,15.66,15.66,,,,,,
2025,11,GB,NYG,J.Whyle,0.0,0.0,0.0,0.0,0.0,0.0,,0.0,0.0,0.0,0.0,0.0,1.0,1.0,2.0,1.0,2.0,0.0,0.0,7.2,6.2,,,,,,
2025,11,GB,NYG,L.Musgrave,0.0,0.0,0.0,0.0,0.0,0.0,,0.0,0.0,0.0,0.0,0.0,2.0,1.0,-1.0,0.0,2.0,2.0,0.0,0.9,-0.1,,,,,,
2025,11,GB,NYG,M.Golden,0.0,0.0,0.0,0.0,0.0,0.0,,0.0,0.0,0.0,0.0,0.0,3.0,1.0,24.0,0.0,64.0,0.0,0.0,3.4,2.4,,,,,,
2025,11,GB,NYG,M.Willis,2.0,2.0,6.0,1.0,0.0,0.0,QB,1.0,16.0,0.0,0.0,0.0,0.0,0.0,0.0,0.0,0.0,0.0,0.0,5.84,5.84,,,,,,
2025,11,GB,NYG,R.Doubs,0.0,0.0,0.0,0.0,0.0,0.0,,0.0,0.0,0.0,0.0,0.0,8.0,4.0,53.0,0.0,91.0,0.0,0.0,9.3,5.3,,,,,,
2025,11,GB,NYG,S.Williams,0.0,0.0,0.0,0.0,0.0,0.0,,0.0,0.0,0.0,0.0,0.0,1.0,1.0,33.0,0.0,33.0,0.0,0.0,4.3,3.3,,,,,,
2025,11,HOU,TEN,C.Kirk,0.0,0.0,0.0,0.0,0.0,0.0,,0.0,0.0,0.0,0.0,0.0,4.0,1.0,6.0,0.0,16.0,0.0,0.0,1.6,0.6,,,,,,
2025,11,HOU,TEN,D.Mills,45.0,26.0,274.0,1.0,0.0,4.0,QB,2.0,14.0,0.0,0.0,0.0,0.0,0.0,0.0,0.0,0.0,0.0,0.0,16.36,16.36,,,,,,
2025,11,HOU,TEN,D.Ogunbowale,0.0,0.0,0.0,0.0,0.0,0.0,,0.0,0.0,0.0,0.0,0.0,1.0,1.0,9.0,0.0,2.0,0.0,0.0,1.9,0.9,,,,,,
2025,11,HOU,TEN,D.Schultz,0.0,0.0,0.0,0.0,0.0,0.0,,0.0,0.0,0.0,0.0,0.0,9.0,6.0,51.0,0.0,60.0,0.0,0.0,11.1,5.1,,,,,,
2025,11,HOU,TEN,J.Higgins,0.0,0.0,0.0,0.0,0.0,0.0,,0.0,0.0,0.0,0.0,0.0,7.0,4.0,55.0,0.0,106.0,0.0,0.0,9.5,5.5,,,,,,
2025,11,HOU,TEN,J.Noel,0.0,0.0,0.0,0.0,0.0,0.0,,0.0,0.0,0.0,0.0,0.0,1.0,1.0,12.0,0.0,-4.0,0.0,0.0,2.2,1.2,,,,,,
2025,11,HOU,TEN,N.Chubb,0.0,0.0,0.0,0.0,0.0,0.0,,3.0,17.0,0.0,0.0,0.0,2.0,0.0,0.0,0.0,2.0,0.0,0.0,1.7,1.7,,,,,,
2025,11,HOU,TEN,N.Collins,0.0,0.0,0.0,0.0,0.0,0.0,,0.0,0.0,0.0,0.0,0.0,10.0,9.0,92.0,1.0,104.0,0.0,0.0,24.2,15.2,,,,,,
2025,11,HOU,TEN,W.Marks,0.0,0.0,0.0,0.0,0.0,0.0,,18.0,44.0,0.0,0.0,0.0,1.0,1.0,7.0,0.0,-3.0,0.0,0.0,6.1,5.1,,,,,,
2025,11,HOU,TEN,X.Hutchinson,0.0,0.0,0.0,0.0,0.0,0.0,,0.0,0.0,0.0,0.0,0.0,5.0,3.0,42.0,0.0,62.0,0.0,0.0,7.2,4.2,,,,,,
2025,11,JAX,LAC,A.Trammell,0.0,0.0,0.0,0.0,0.0,0.0,,0.0,0.0,0.0,0.0,0.0,1.0,1.0,13.0,0.0,13.0,0.0,0.0,2.3,1.3,,,,,,
2025,11,JAX,LAC,B.Tuten,0.0,0.0,0.0,0.0,0.0,0.0,,15.0,74.0,1.0,0.0,0.0,0.0,0.0,0.0,0.0,0.0,0.0,0.0,13.4,13.4,,,,,,
2025,11,JAX,LAC,D.Brown,0.0,0.0,0.0,0.0,0.0,0.0,,0.0,0.0,0.0,0.0,0.0,1.0,0.0,0.0,0.0,45.0,0.0,0.0,0.0,0.0,,,,,,
2025,11,JAX,LAC,J.Meyers,0.0,0.0,0.0,0.0,0.0,0.0,,0.0,0.0,0.0,0.0,0.0,6.0,5.0,64.0,0.0,68.0,0.0,0.0,11.4,6.4,,,,,,
2025,11,JAX,LAC,J.Mundt,0.0,0.0,0.0,0.0,0.0,0.0,,0.0,0.0,0.0,0.0,0.0,3.0,2.0,25.0,0.0,2.0,0.0,0.0,4.5,2.5,,,,,,
2025,11,JAX,LAC,L.Allen,0.0,0.0,0.0,0.0,0.0,0.0,,8.0,36.0,0.0,0.0,0.0,0.0,0.0,0.0,0.0,0.0,0.0,0.0,3.6,3.6,,,,,,
2025,11,JAX,LAC,P.Washington,0.0,0.0,0.0,0.0,0.0,0.0,,0.0,0.0,0.0,0.0,0.0,2.0,2.0,20.0,0.0,19.0,0.0,0.0,4.0,2.0,,,,,,
2025,11,JAX,LAC,Q.Morris,0.0,0.0,0.0,0.0,0.0,0.0,,0.0,0.0,0.0,0.0,0.0,3.0,1.0,11.0,0.0,23.0,0.0,0.0,2.1,1.1,,,,,,
2025,11,JAX,LAC,T.Etienne,0.0,0.0,0.0,0.0,0.0,0.0,,19.0,73.0,2.0,0.0,0.0,2.0,0.0,0.0,0.0,-1.0,0.0,0.0,19.3,19.3,,,,,,
2025,11,JAX,LAC,T.Lawrence,22.0,14.0,153.0,1.0,1.0,0.0,QB,5.0,9.0,1.0,0.0,0.0,0.0,0.0,0.0,0.0,0.0,0.0,0.0,16.02,16.02,,,,,,
2025,11,JAX,LAC,T.Patrick,0.0,0.0,0.0,0.0,0.0,0.0,,0.0,0.0,0.0,0.0,0.0,4.0,3.0,20.0,1.0,25.0,0.0,0.0,11.0,8.0,,,,,,
2025,11,KC,DEN,B.Smith,0.0,0.0,0.0,0.0,0.0,0.0,,0.0,0.0,0.0,0.0,0.0,3.0,2.0,8.0,0.0,4.0,0.0,0.0,2.8,0.8,,,,,,
2025,11,KC,DEN,E.Mitchell,0.0,0.0,0.0,0.0,0.0,0.0,,0.0,0.0,0.0,0.0,0.0,1.0,0.0,0.0,0.0,16.0,1.0,0.0,0.0,0.0,,,,,,
2025,11,KC,DEN,K.Hunt,0.0,0.0,0.0,0.0,0.0,0.0,,13.0,59.0,1.0,0.0,0.0,2.0,1.0,3.0,0.0,-3.0,0.0,0.0,13.2,12.2,,,,,,
2025,11,KC,DEN,M.Brown,0.0,0.0,0.0,0.0,0.0,0.0,,0.0,0.0,0.0,0.0,0.0,4.0,4.0,40.0,0.0,28.0,0.0,0.0,8.0,4.0,,,,,,
2025,11,KC,DEN,N.Gray,0.0,0.0,0.0,0.0,0.0,0.0,,0.0,0.0,0.0,0.0,0.0,3.0,2.0,9.0,0.0,14.0,0.0,0.0,2.9,0.9,,,,,,
2025,11,KC,DEN,P.Mahomes,48.0,29.0,276.0,1.0,1.0,3.0,QB,1.0,3.0,0.0,0.0,0.0,0.0,0.0,0.0,0.0,0.0,0.0,0.0,14.34,14.34,,,,,,
2025,11,KC,DEN,R.Rice,0.0,0.0,0.0,0.0,0.0,0.0,,0.0,0.0,0.0,0.0,0.0,9.0,6.0,38.0,0.0,39.0,0.0,0.0,9.8,3.8,,,,,,
2025,11,KC,DEN,R.Tonyan,0.0,0.0,0.0,0.0,0.0,0.0,,0.0,0.0,0.0,0.0,0.0,1.0,1.0,1.0,0.0,1.0,0.0,0.0,1.1,0.1,,,,,,
2025,11,KC,DEN,T.Kelce,0.0,0.0,0.0,0.0,0.0,0.0,,0.0,0.0,0.0,0.0,0.0,13.0,9.0,91.0,1.0,61.0,0.0,0.0,24.1,15.1,,,,,,
2025,11,KC,DEN,T.Thornton,0.0,0.0,0.0,0.0,0.0,0.0,,0.0,0.0,0.0,0.0,0.0,2.0,1.0,61.0,0.0,86.0,0.0,0.0,7.1,6.1,,,,,,
2025,11,KC,DEN,X.Worthy,0.0,0.0,0.0,0.0,0.0,0.0,,0.0,0.0,0.0,0.0,0.0,5.0,3.0,25.0,0.0,68.0,0.0,0.0,5.5,2.5,,,,,,
2025,11,LA,SEA,B.Corum,0.0,0.0,0.0,0.0,0.0,0.0,,8.0,10.0,0.0,0.0,0.0,2.0,1.0,-5.0,0.0,-8.0,0.0,0.0,1.5,0.5,,,,,,
2025,11,LA,SEA,C.Parkinson,0.0,0.0,0.0,0.0,0.0,0.0,,0.0,0.0,0.0,0.0,0.0,2.0,2.0,14.0,1.0,-4.0,0.0,0.0,9.4,7.4,,,,,,
2025,11,LA,SEA,D.Adams,0.0,0.0,0.0,0.0,0.0,0.0,,0.0,0.0,0.0,0.0,0.0,8.0,1.0,1.0,1.0,81.0,0.0,0.0,7.1,6.1,,,,,,
2025,11,LA,SEA,J.Whittington,0.0,0.0,0.0,0.0,0.0,0.0,,0.0,0.0,0.0,0.0,0.0,1.0,1.0,9.0,0.0,3.0,0.0,0.0,1.9,0.9,,,,,,
2025,11,LA,SEA,K.Williams,0.0,0.0,0.0,0.0,0.0,0.0,,12.0,91.0,1.0,0.0,0.0,2.0,1.0,5.0,0.0,4.0,0.0,0.0,16.6,15.6,,,,,,
2025,11,LA,SEA,M.Stafford,28.0,15.0,130.0,2.0,0.0,0.0,QB,0.0,0.0,0.0,0.0,0.0,0.0,0.0,0.0,0.0,0.0,0.0,0.0,13.2,13.2,,,,,,
2025,11,LA,SEA,P.Nacua,0.0,0.0,0.0,0.0,0.0,0.0,,2.0,18.0,0.0,0.0,0.0,8.0,7.0,75.0,0.0,59.0,1.0,1.0,16.3,9.3,,,,,,
2025,11,LA,SEA,T.Higbee,0.0,0.0,0.0,0.0,0.0,0.0,,0.0,0.0,0.0,0.0,0.0,2.0,1.0,23.0,0.0,1.0,0.0,0.0,3.3,2.3,,,,,,
2025,11,LA,SEA,X.Smith,0.0,0.0,0.0,0.0,0.0,0.0,,0.0,0.0,0.0,0.0,0.0,2.0,1.0,8.0,0.0,13.0,0.0,0.0,1.8,0.8,,,,,,
2025,11,LAC,JAX,A.Johnson,0.0,0.0,0.0,0.0,0.0,0.0,,2.0,8.0,0.0,0.0,0.0,1.0,0.0,0.0,0.0,-2.0,0.0,0.0,0.8,0.8,,,,,,
2025,11,LAC,JAX,D.Davis,0.0,0.0,0.0,0.0,0.0,0.0,,0.0,0.0,0.0,0.0,0.0,1.0,0.0,0.0,0.0,31.0,0.0,0.0,0.0,0.0,,,,,,
2025,11,LAC,JAX,J.Herbert,20.0,10.0,81.0,0.0,1.0,2.0,QB,3.0,21.0,0.0,0.0,0.0,0.0,0.0,0.0,0.0,0.0,0.0,0.0,4.34,4.34,,,,,,
2025,11,LAC,JAX,K.Allen,0.0,0.0,0.0,0.0,0.0,0.0,,0.0,0.0,0.0,0.0,0.0,6.0,4.0,53.0,0.0,49.0,0.0,0.0,9.3,5.3,,,,,,
2025,11,LAC,JAX,K.Vidal,0.0,0.0,0.0,0.0,0.0,0.0,,5.0,13.0,0.0,0.0,0.0,2.0,2.0,-1.0,0.0,-11.0,0.0,0.0,3.2,1.2,,,,,,
2025,11,LAC,JAX,L.McConkey,0.0,0.0,0.0,0.0,0.0,0.0,,0.0,0.0,0.0,0.0,0.0,4.0,3.0,13.0,0.0,28.0,0.0,0.0,4.3,1.3,,,,,,
2025,11,LAC,JAX,O.Gadsden,0.0,0.0,0.0,0.0,0.0,0.0,,0.0,0.0,0.0,0.0,0.0,5.0,2.0,41.0,0.0,60.0,0.0,0.0,6.1,4.1,,,,,,
2025,11,LAC,JAX,Q.Johnston,0.0,0.0,0.0,0.0,0.0,0.0,,0.0,0.0,0.0,0.0,0.0,3.0,0.0,0.0,0.0,40.0,0.0,0.0,0.0,0.0,,,,,,
2025,11,LAC,JAX,T.Harris,0.0,0.0,0.0,0.0,0.0,0.0,,0.0,0.0,0.0,0.0,0.0,1.0,1.0,12.0,0.0,-3.0,0.0,0.0,2.2,1.2,,,,,,
2025,11,LAC,JAX,T.Lance,9.0,3.0,37.0,0.0,0.0,1.0,QB,3.0,1.0,0.0,0.0,0.0,0.0,0.0,0.0,0.0,0.0,0.0,0.0,1.58,1.58,,,,,,
2025,11,LAC,JAX,T.Williams,0.0,0.0,0.0,0.0,0.0,0.0,,3.0,-1.0,0.0,0.0,0.0,1.0,1.0,0.0,0.0,-1.0,0.0,0.0,0.9,-0.1,,,,,,
2025,11,LV,DAL,A.Jeanty,0.0,0.0,0.0,0.0,0.0,0.0,,6.0,7.0,0.0,0.0,0.0,8.0,6.0,27.0,0.0,-21.0,0.0,0.0,9.4,3.4,,,,,,
2025,11,LV,DAL,B.Bowers,0.0,0.0,0.0,0.0,0.0,0.0,,0.0,0.0,0.0,0.0,0.0,12.0,7.0,72.0,0.0,118.0,0.0,0.0,14.2,7.2,,,,,,
2025,11,LV,DAL,G.Smith,46.0,27.0,238.0,1.0,1.0,4.0,QB,4.0,14.0,0.0,0.0,0.0,0.0,0.0,0.0,0.0,0.0,0.0,0.0,13.92,13.92,,,,,,
2025,11,LV,DAL,I.Thomas,0.0,0.0,0.0,0.0,0.0,0.0,,0.0,0.0,0.0,0.0,0.0,1.0,1.0,20.0,0.0,17.0,0.0,0.0,3.0,2.0,,,,,,
2025,11,LV,DAL,J.Bech,0.0,0.0,0.0,0.0,0.0,0.0,,0.0,0.0,0.0,0.0,0.0,1.0,1.0,19.0,0.0,2.0,0.0,0.0,2.9,1.9,,,,,,
2025,11,LV,DAL,M.Mayer,0.0,0.0,0.0,0.0,0.0,0.0,,0.0,0.0,0.0,0.0,0.0,4.0,3.0,13.0,0.0,17.0,0.0,0.0,4.3,1.3,,,,,,
2025,11,LV,DAL,R.Mostert,0.0,0.0,0.0,0.0,0.0,0.0,,2.0,6.0,0.0,0.0,0.0,2.0,2.0,7.0,0.0,-9.0,0.0,0.0,3.3,1.3,,,,,,
2025,11,LV,DAL,T.Lockett,0.0,0.0,0.0,0.0,0.0,0.0,,0.0,0.0,0.0,0.0,0.0,3.0,3.0,33.0,0.0,23.0,0.0,0.0,6.3,3.3,,,,,,
2025,11,LV,DAL,T.Tucker,0.0,0.0,0.0,0.0,0.0,0.0,,0.0,0.0,0.0,0.0,0.0,8.0,4.0,47.0,1.0,69.0,0.0,0.0,14.7,10.7,,,,,,
2025,11,MIA,WAS,D.Achane,0.0,0.0,0.0,0.0,0.0,0.0,,21.0,120.0,0.0,0.0,0.0,5.0,5.0,45.0,0.0,-1.0,0.0,0.0,21.5,16.5,,,,,,
2025,11,MIA,WAS,G.Dulcich,0.0,0.0,0.0,0.0,0.0,0.0,,0.0,0.0,0.0,0.0,0.0,4.0,2.0,18.0,0.0,25.0,0.0,0.0,3.8,1.8,,,,,,
2025,11,MIA,WAS,J.Hill,0.0,0.0,0.0,0.0,0.0,0.0,,0.0,0.0,0.0,0.0,0.0,1.0,1.0,14.0,0.0,0.0,0.0,0.0,2.4,1.4,,,,,,
2025,11,MIA,WAS,J.Waddle,0.0,0.0,0.0,0.0,0.0,0.0,,0.0,0.0,0.0,0.0,0.0,7.0,3.0,52.0,0.0,96.0,0.0,0.0,8.2,5.2,,,,,,
2025,11,MIA,WAS,J.Wright,0.0,0.0,0.0,0.0,0.0,0.0,,1.0,4.0,0.0,0.0,0.0,0.0,0.0,0.0,0.0,0.0,0.0,0.0,0.4,0.4,,,,,,
2025,11,MIA,WAS,M.Washington,0.0,0.0,0.0,0.0,0.0,0.0,,0.0,0.0,0.0,0.0,0.0,3.0,3.0,42.0,0.0,15.0,0.0,0.0,7.2,4.2,,,,,,
2025,11,MIA,WAS,O.Gordon,0.0,0.0,0.0,0.0,0.0,0.0,,9.0,45.0,1.0,0.0,0.0,0.0,0.0,0.0,0.0,0.0,0.0,0.0,10.5,10.5,,,,,,
2025,11,MIA,WAS,T.Tagovailoa,23.0,14.0,171.0,0.0,0.0,3.0,QB,0.0,0.0,0.0,0.0,0.0,0.0,0.0,0.0,0.0,0.0,0.0,0.0,6.84,6.84,,,,,,
2025,11,MIN,CHI,A.Jones,0.0,0.0,0.0,0.0,0.0,0.0,,16.0,70.0,0.0,0.0,0.0,6.0,3.0,11.0,0.0,11.0,0.0,0.0,11.1,8.1,,,,,,
2025,11,MIN,CHI,A.Thielen,0.0,0.0,0.0,0.0,0.0,0.0,,0.0,0.0,0.0,0.0,0.0,2.0,1.0,6.0,0.0,17.0,0.0,0.0,1.6,0.6,,,,,,
2025,11,MIN,CHI,J.Addison,0.0,0.0,0.0,0.0,0.0,0.0,,0.0,0.0,0.0,0.0,0.0,7.0,2.0,20.0,1.0,143.0,0.0,0.0,10.0,8.0,,,,,,
2025,11,MIN,CHI,J.Jefferson,0.0,0.0,0.0,0.0,0.0,0.0,,0.0,0.0,0.0,0.0,0.0,9.0,5.0,61.0,0.0,82.0,1.0,0.0,11.1,6.1,,,,,,
2025,11,MIN,CHI,J.Mason,0.0,0.0,0.0,0.0,0.0,0.0,,6.0,45.0,1.0,0.0,0.0,0.0,0.0,0.0,0.0,0.0,0.0,0.0,10.5,10.5,,,,,,
2025,11,MIN,CHI,J.McCarthy,32.0,16.0,150.0,1.0,2.0,0.0,QB,0.0,0.0,0.0,0.0,0.0,0.0,0.0,0.0,0.0,0.0,0.0,0.0,8.0,8.0,,,,,,
2025,11,MIN,CHI,J.Nailor,0.0,0.0,0.0,0.0,0.0,0.0,,0.0,0.0,0.0,0.0,0.0,1.0,1.0,16.0,0.0,15.0,0.0,0.0,2.6,1.6,,,,,,
2025,11,MIN,CHI,J.Oliver,0.0,0.0,0.0,0.0,0.0,0.0,,0.0,0.0,0.0,0.0,0.0,1.0,1.0,-3.0,0.0,-3.0,0.0,0.0,0.7,-0.3,,,,,,
2025,11,MIN,CHI,T.Hockenson,0.0,0.0,0.0,0.0,0.0,0.0,,0.0,0.0,0.0,0.0,0.0,6.0,3.0,39.0,0.0,44.0,0.0,0.0,6.9,3.9,,,,,,
2025,11,NE,NYJ,D.Douglas,0.0,0.0,0.0,0.0,0.0,0.0,,1.0,-5.0,0.0,0.0,0.0,3.0,3.0,36.0,0.0,17.0,0.0,0.0,6.1,3.1,,,,,,
2025,11,NE,NYJ,D.Johnson,0.0,0.0,0.0,0.0,0.0,0.0,,3.0,6.0,0.0,0.0,0.0,0.0,0.0,0.0,0.0,0.0,0.0,0.0,0.6,0.6,,,,,,
2025,11,NE,NYJ,D.Maye,35.0,25.0,281.0,1.0,0.0,1.0,QB,4.0,2.0,0.0,0.0,0.0,0.0,0.0,0.0,0.0,0.0,0.0,0.0,15.44,15.44,,,,,,
2025,11,NE,NYJ,H.Henry,0.0,0.0,0.0,0.0,0.0,0.0,,0.0,0.0,0.0,0.0,0.0,6.0,4.0,45.0,0.0,50.0,0.0,0.0,8.5,4.5,,,,,,
2025,11,NE,NYJ,K.Williams,0.0,0.0,0.0,0.0,0.0,0.0,,0.0,0.0,0.0,0.0,0.0,3.0,0.0,0.0,0.0,108.0,0.0,0.0,0.0,0.0,,,,,,
2025,11,NE,NYJ,M.Hollins,0.0,0.0,0.0,0.0,0.0,0.0,,0.0,0.0,0.0,0.0,0.0,5.0,4.0,64.0,0.0,98.0,0.0,0.0,10.4,6.4,,,,,,
2025,11,NE,NYJ,S.Diggs,0.0,0.0,0.0,0.0,0.0,0.0,,0.0,0.0,0.0,0.0,0.0,11.0,9.0,105.0,0.0,105.0,0.0,0.0,19.5,10.5,,,,,,
2025,11,NE,NYJ,T.Henderson,0.0,0.0,0.0,0.0,0.0,0.0,,19.0,62.0,2.0,0.0,0.0,5.0,5.0,31.0,1.0,13.0,0.0,0.0,32.3,27.3,,,,,,
2025,11,NYG,GB,D.Bellinger,0.0,0.0,0.0,0.0,0.0,0.0,,0.0,0.0,0.0,0.0,0.0,1.0,0.0,0.0,0.0,3.0,0.0,0.0,0.0,0.0,,,,,,
2025,11,NYG,GB,D.Singletary,0.0,0.0,0.0,0.0,0.0,0.0,,16.0,44.0,2.0,0.0,0.0,1.0,1.0,3.0,0.0,-5.0,0.0,0.0,17.7,16.7,,,,,,
2025,11,NYG,GB,I.Hodgins,0.0,0.0,0.0,0.0,0.0,0.0,,0.0,0.0,0.0,0.0,0.0,6.0,5.0,57.0,0.0,59.0,0.0,0.0,10.7,5.7,,,,,,
2025,11,NYG,GB,J.Hyatt,0.0,0.0,0.0,0.0,0.0,0.0,,0.0,0.0,0.0,0.0,0.0,4.0,2.0,18.0,0.0,71.0,0.0,0.0,3.8,1.8,,,,,,
2025,11,NYG,GB,J.Winston,31.0,19.0,201.0,0.0,1.0,2.0,QB,3.0,10.0,1.0,0.0,0.0,0.0,0.0,0.0,0.0,0.0,0.0,0.0,14.04,14.04,,,,,,
2025,11,NYG,GB,T.Johnson,0.0,0.0,0.0,0.0,0.0,0.0,,0.0,0.0,0.0,0.0,0.0,4.0,3.0,36.0,0.0,34.0,0.0,0.0,6.6,3.6,,,,,,
2025,11,NYG,GB,T.Tracy,0.0,0.0,0.0,0.0,0.0,0.0,,19.0,88.0,0.0,0.0,0.0,4.0,4.0,51.0,0.0,-14.0,0.0,0.0,17.9,13.9,,,,,,
2025,11,NYG,GB,W.Robinson,0.0,0.0,0.0,0.0,0.0,0.0,,0.0,0.0,0.0,0.0,0.0,9.0,4.0,36.0,0.0,71.0,0.0,0.0,7.6,3.6,,,,,,
2025,11,NYJ,NE,A.Mitchell,0.0,0.0,0.0,0.0,0.0,0.0,,0.0,0.0,0.0,0.0,0.0,6.0,1.0,10.0,0.0,104.0,0.0,0.0,2.0,1.0,,,,,,
2025,11,NYJ,NE,B.Hall,0.0,0.0,0.0,0.0,0.0,0.0,,14.0,58.0,0.0,0.0,0.0,2.0,2.0,6.0,0.0,-2.0,0.0,0.0,8.4,6.4,,,,,,
2025,11,NYJ,NE,I.Davis,0.0,0.0,0.0,0.0,0.0,0.0,,2.0,11.0,0.0,0.0,0.0,1.0,0.0,0.0,0.0,4.0,0.0,0.0,1.1,1.1,,,,,,
2025,11,NYJ,NE,I.Williams,1.0,0.0,0.0,0.0,0.0,0.0,QB,1.0,4.0,0.0,0.0,0.0,4.0,1.0,2.0,0.0,17.0,0.0,0.0,1.6,0.6,,,,,,
2025,11,NYJ,NE,J.Fields,28.0,15.0,116.0,1.0,0.0,2.0,QB,11.0,67.0,1.0,1.0,1.0,1.0,0.0,0.0,0.0,6.0,0.0,0.0,21.34,21.34,,,,,,
2025,11,NYJ,NE,J.Metchie,0.0,0.0,0.0,0.0,0.0,0.0,,0.0,0.0,0.0,0.0,0.0,3.0,3.0,45.0,1.0,32.0,0.0,0.0,13.5,10.5,,,,,,
2025,11,NYJ,NE,J.Ruckert,0.0,0.0,0.0,0.0,0.0,0.0,,0.0,0.0,0.0,0.0,0.0,5.0,4.0,23.0,0.0,18.0,0.0,0.0,6.3,2.3,,,,,,
2025,11,NYJ,NE,M.Taylor,0.0,0.0,0.0,0.0,0.0,0.0,,0.0,0.0,0.0,0.0,0.0,4.0,4.0,30.0,0.0,25.0,0.0,0.0,7.0,3.0,,,,,,
2025,11,PHI,DET,A.Brown,0.0,0.0,0.0,0.0,0.0,0.0,,0.0,0.0,0.0,0.0,0.0,11.0,7.0,49.0,0.0,122.0,0.0,0.0,11.9,4.9,,,,,,
2025,11,PHI,DET,D.Goedert,0.0,0.0,0.0,0.0,0.0,0.0,,0.0,0.0,0.0,0.0,0.0,5.0,2.0,24.0,0.0,41.0,0.0,0.0,4.4,2.4,,,,,,
2025,11,PHI,DET,D.Smith,0.0,0.0,0.0,0.0,0.0,0.0,,0.0,0.0,0.0,0.0,0.0,5.0,1.0,8.0,0.0,88.0,0.0,0.0,1.8,0.8,,,,,,
2025,11,PHI,DET,J.Dotson,0.0,0.0,0.0,0.0,0.0,0.0,,0.0,0.0,0.0,0.0,0.0,2.0,2.0,43.0,0.0,38.0,0.0,0.0,6.3,4.3,,,,,,
2025,11,PHI,DET,J.Hurts,29.0,14.0,135.0,0.0,0.0,1.0,QB,10.0,31.0,1.0,1.0,0.0,0.0,0.0,0.0,0.0,0.0,0.0,0.0,14.5,14.5,,,,,,
2025,11,PHI,DET,K.Granson,0.0,0.0,0.0,0.0,0.0,0.0,,0.0,0.0,0.0,0.0,0.0,2.0,1.0,4.0,0.0,34.0,0.0,0.0,1.4,0.4,,,,,,
2025,11,PHI,DET,S.Barkley,0.0,0.0,0.0,0.0,0.0,0.0,,26.0,83.0,0.0,0.0,0.0,2.0,1.0,7.0,0.0,31.0,0.0,0.0,10.0,9.0,,,,,,
2025,11,PHI,DET,T.Bigsby,0.0,0.0,0.0,0.0,0.0,0.0,,4.0,34.0,0.0,0.0,0.0,0.0,0.0,0.0,0.0,0.0,0.0,0.0,3.4,3.4,,,,,,
2025,11,PIT,CIN,A.Rodgers,16.0,9.0,116.0,1.0,0.0,1.0,QB,1.0,8.0,0.0,0.0,0.0,0.0,0.0,0.0,0.0,0.0,0.0,0.0,9.44,9.44,,,,,,
2025,11,PIT,CIN,C.Austin,0.0,0.0,0.0,0.0,0.0,0.0,,0.0,0.0,0.0,0.0,0.0,1.0,1.0,5.0,0.0,4.0,0.0,0.0,1.5,0.5,,,,,,
2025,11,PIT,CIN,Co.Heyward,0.0,0.0,0.0,0.0,0.0,0.0,,2.0,3.0,0.0,0.0,0.0,0.0,0.0,0.0,0.0,0.0,0.0,0.0,0.3,0.3,,,,,,
2025,11,PIT,CIN,D.Metcalf,0.0,0.0,0.0,0.0,0.0,0.0,,0.0,0.0,0.0,0.0,0.0,8.0,5.0,49.0,0.0,88.0,0.0,0.0,9.9,4.9,,,,,,
2025,11,PIT,CIN,D.Washington,0.0,0.0,0.0,0.0,0.0,0.0,,0.0,0.0,0.0,0.0,0.0,5.0,4.0,67.0,0.0,14.0,0.0,0.0,10.7,6.7,,,,,,
2025,11,PIT,CIN,J.Smith,0.0,0.0,0.0,0.0,0.0,0.0,,0.0,0.0,0.0,0.0,0.0,2.0,0.0,0.0,0.0,21.0,0.0,0.0,0.0,0.0,,,,,,
2025,11,PIT,CIN,J.Warren,0.0,0.0,0.0,0.0,0.0,0.0,,10.0,62.0,0.0,0.0,0.0,2.0,2.0,5.0,0.0,-12.0,0.0,0.0,8.7,6.7,,,,,,
2025,11,PIT,CIN,K.Gainwell,0.0,0.0,0.0,0.0,0.0,0.0,,9.0,24.0,0.0,0.0,0.0,8.0,7.0,81.0,2.0,-16.0,0.0,0.0,29.5,22.5,,,,,,
2025,11,PIT,CIN,K.Johnson,0.0,0.0,0.0,0.0,0.0,0.0,,5.0,15.0,0.0,0.0,0.0,0.0,0.0,0.0,0.0,0.0,0.0,0.0,1.5,1.5,,,,,,
2025,11,PIT,CIN,M.Rudolph,16.0,12.0,127.0,1.0,0.0,0.0,QB,1.0,-1.0,0.0,0.0,0.0,0.0,0.0,0.0,0.0,0.0,0.0,0.0,8.98,8.98,,,,,,
2025,11,PIT,CIN,P.Freiermuth,0.0,0.0,0.0,0.0,0.0,0.0,,0.0,0.0,0.0,0.0,0.0,1.0,1.0,19.0,0.0,1.0,0.0,0.0,2.9,1.9,,,,,,
2025,11,PIT,CIN,R.Wilson,0.0,0.0,0.0,0.0,0.0,0.0,,0.0,0.0,0.0,0.0,0.0,2.0,1.0,17.0,0.0,20.0,0.0,0.0,2.7,1.7,,,,,,
2025,11,SEA,LA,A.Barner,0.0,0.0,0.0,0.0,0.0,0.0,,2.0,1.0,0.0,0.0,0.0,11.0,10.0,70.0,0.0,30.0,1.0,0.0,17.1,7.1,,,,,,
2025,11,SEA,LA,C.Kupp,0.0,0.0,0.0,0.0,0.0,0.0,,0.0,0.0,0.0,0.0,0.0,7.0,3.0,23.0,0.0,81.0,0.0,0.0,5.3,2.3,,,,,,
2025,11,SEA,LA,E.Arroyo,0.0,0.0,0.0,0.0,0.0,0.0,,0.0,0.0,0.0,0.0,0.0,2.0,0.0,0.0,0.0,23.0,0.0,0.0,0.0,0.0,,,,,,
2025,11,SEA,LA,G.Holani,0.0,0.0,0.0,0.0,0.0,0.0,,2.0,6.0,0.0,0.0,0.0,0.0,0.0,0.0,0.0,0.0,0.0,0.0,0.6,0.6,,,,,,
2025,11,SEA,LA,J.Smith-Njigba,0.0,0.0,0.0,0.0,0.0,0.0,,1.0,11.0,0.0,0.0,0.0,12.0,9.0,105.0,0.0,117.0,0.0,0.0,20.6,11.6,,,,,,
2025,11,SEA,LA,K.Walker,0.0,0.0,0.0,0.0,0.0,0.0,,16.0,67.0,1.0,0.0,0.0,3.0,3.0,44.0,0.0,8.0,0.0,0.0,20.1,17.1,,,,,,
2025,11,SEA,LA,R.Shaheed,0.0,0.0,0.0,0.0,0.0,0.0,,1.0,2.0,0.0,0.0,0.0,5.0,2.0,27.0,0.0,63.0,0.0,0.0,4.9,2.9,,,,,,
2025,11,SEA,LA,S.Darnold,44.0,29.0,279.0,0.0,4.0,0.0,QB,2.0,11.0,0.0,0.0,0.0,0.0,0.0,0.0,0.0,0.0,0.0,0.0,8.26,8.26,,,,,,
2025,11,SEA,LA,Z.Charbonnet,0.0,0.0,0.0,0.0,0.0,0.0,,11.0,37.0,0.0,0.0,0.0,2.0,2.0,10.0,0.0,5.0,0.0,0.0,6.7,4.7,,,,,,
2025,11,SF,ARI,B.Purdy,28.0,19.0,200.0,3.0,0.0,1.0,QB,1.0,-7.0,0.0,0.0,0.0,0.0,0.0,0.0,0.0,0.0,0.0,0.0,19.3,19.3,,,,,,
2025,11,SF,ARI,B.Robinson,0.0,0.0,0.0,0.0,0.0,0.0,,8.0,24.0,0.0,0.0,0.0,1.0,0.0,0.0,0.0,2.0,0.0,0.0,2.4,2.4,,,,,,
2025,11,SF,ARI,C.McCaffrey,0.0,0.0,0.0,0.0,0.0,0.0,,13.0,81.0,2.0,0.0,0.0,6.0,5.0,40.0,1.0,18.0,0.0,0.0,35.1,30.1,,,,,,
2025,11,SF,ARI,D.Robinson,0.0,0.0,0.0,0.0,0.0,0.0,,0.0,0.0,0.0,0.0,0.0,2.0,1.0,13.0,0.0,37.0,0.0,0.0,2.3,1.3,,,,,,
2025,11,SF,ARI,G.Kittle,0.0,0.0,0.0,0.0,0.0,0.0,,0.0,0.0,0.0,0.0,0.0,6.0,6.0,67.0,2.0,43.0,0.0,0.0,24.7,18.7,,,,,,
2025,11,SF,ARI,J.Jennings,0.0,0.0,0.0,0.0,0.0,0.0,,0.0,0.0,0.0,0.0,0.0,6.0,4.0,54.0,0.0,56.0,0.0,0.0,9.4,5.4,,,,,,
2025,11,SF,ARI,K.Juszczyk,0.0,0.0,0.0,0.0,0.0,0.0,,0.0,0.0,0.0,0.0,0.0,2.0,2.0,26.0,0.0,9.0,0.0,0.0,4.6,2.6,,,,,,
2025,11,SF,ARI,M.Jones,0.0,0.0,0.0,0.0,0.0,0.0,,3.0,-3.0,0.0,0.0,0.0,0.0,0.0,0.0,0.0,0.0,0.0,0.0,-0.3,-0.3,,,,,,
2025,11,SF,ARI,R.Pearsall,0.0,0.0,0.0,0.0,0.0,0.0,,0.0,0.0,0.0,0.0,0.0,2.0,1.0,0.0,0.0,19.0,0.0,0.0,1.0,0.0,,,,,,
2025,11,TB,BUF,B.Mayfield,31.0,16.0,173.0,1.0,1.0,1.0,QB,5.0,39.0,1.0,0.0,0.0,0.0,0.0,0.0,0.0,0.0,0.0,0.0,19.82,19.82,,,,,,
2025,11,TB,BUF,C.Otton,0.0,0.0,0.0,0.0,0.0,0.0,,0.0,0.0,0.0,0.0,0.0,5.0,2.0,28.0,0.0,35.0,0.0,0.0,4.8,2.8,,,,,,
2025,11,TB,BUF,E.Egbuka,0.0,0.0,0.0,0.0,0.0,0.0,,0.0,0.0,0.0,0.0,0.0,9.0,5.0,40.0,0.0,42.0,0.0,0.0,9.0,4.0,,,,,,
2025,11,TB,BUF,R.White,0.0,0.0,0.0,0.0,0.0,0.0,,10.0,51.0,0.0,0.0,0.0,3.0,2.0,11.0,0.0,-9.0,0.0,0.0,8.2,6.2,,,,,,
2025,11,TB,BUF,S.Shepard,0.0,0.0,0.0,0.0,0.0,0.0,,1.0,7.0,0.0,0.0,0.0,6.0,4.0,54.0,0.0,52.0,0.0,0.0,10.1,6.1,,,,,,
2025,11,TB,BUF,S.Tucker,0.0,0.0,0.0,0.0,0.0,0.0,,19.0,106.0,2.0,0.0,0.0,2.0,2.0,34.0,1.0,9.0,0.0,0.0,34.0,32.0,,,,,,
2025,11,TB,BUF,T.Bridgewater,0.0,0.0,0.0,0.0,0.0,0.0,,1.0,-1.0,0.0,0.0,0.0,0.0,0.0,0.0,0.0,0.0,0.0,0.0,-0.1,-0.1,,,,,,
2025,11,TB,BUF,T.Johnson,0.0,0.0,0.0,0.0,0.0,0.0,,3.0,0.0,0.0,0.0,0.0,3.0,1.0,6.0,0.0,63.0,0.0,0.0,1.6,0.6,,,,,,
2025,11,TEN,HOU,C.Dike,0.0,0.0,0.0,0.0,0.0,0.0,,0.0,0.0,0.0,0.0,0.0,3.0,2.0,14.0,0.0,10.0,0.0,0.0,3.4,1.4,,,,,,
2025,11,TEN,HOU,C.Okonkwo,0.0,0.0,0.0,0.0,0.0,0.0,,0.0,0.0,0.0,0.0,0.0,3.0,3.0,56.0,0.0,55.0,0.0,0.0,8.6,5.6,,,,,,
2025,11,TEN,HOU,C.Ridley,0.0,0.0,0.0,0.0,0.0,0.0,,0.0,0.0,0.0,0.0,0.0,1.0,1.0,13.0,0.0,8.0,0.0,0.0,2.3,1.3,,,,,,
2025,11,TEN,HOU,C.Ward,40.0,24.0,194.0,1.0,0.0,3.0,QB,3.0,33.0,0.0,0.0,0.0,0.0,0.0,0.0,0.0,0.0,0.0,0.0,15.06,15.06,,,,,,
2025,11,TEN,HOU,E.Ayomanor,0.0,0.0,0.0,0.0,0.0,0.0,,0.0,0.0,0.0,0.0,0.0,6.0,2.0,11.0,0.0,75.0,0.0,0.0,3.1,1.1,,,,,,
2025,11,TEN,HOU,G.Helm,0.0,0.0,0.0,0.0,0.0,0.0,,0.0,0.0,0.0,0.0,0.0,5.0,4.0,29.0,0.0,15.0,0.0,0.0,6.9,2.9,,,,,,
2025,11,TEN,HOU,M.Kinsey,0.0,0.0,0.0,0.0,0.0,0.0,,0.0,0.0,0.0,0.0,0.0,3.0,1.0,14.0,0.0,59.0,0.0,0.0,2.4,1.4,,,,,,
2025,11,TEN,HOU,T.Pollard,0.0,0.0,0.0,0.0,0.0,0.0,,10.0,22.0,0.0,0.0,0.0,3.0,3.0,4.0,0.0,-2.0,0.0,0.0,5.6,2.6,,,,,,
2025,11,TEN,HOU,T.Spears,0.0,0.0,0.0,0.0,0.0,0.0,,4.0,3.0,0.0,0.0,0.0,5.0,5.0,31.0,0.0,-15.0,0.0,0.0,8.4,3.4,,,,,,
2025,11,TEN,HOU,V.Jefferson,0.0,0.0,0.0,0.0,0.0,0.0,,0.0,0.0,0.0,0.0,0.0,7.0,3.0,22.0,1.0,63.0,0.0,0.0,11.2,8.2,,,,,,
2025,11,WAS,MIA,C.Moore,0.0,0.0,0.0,0.0,0.0,0.0,,0.0,0.0,0.0,0.0,0.0,5.0,2.0,28.0,0.0,86.0,0.0,0.0,4.8,2.8,,,,,,
2025,11,WAS,MIA,C.Rodriguez,0.0,0.0,0.0,0.0,0.0,0.0,,15.0,79.0,0.0,0.0,0.0,1.0,1.0,6.0,0.0,3.0,0.0,0.0,9.5,8.5,,,,,,
2025,11,WAS,MIA,C.Yankoff,0.0,0.0,0.0,0.0,0.0,0.0,,0.0,0.0,0.0,0.0,0.0,1.0,1.0,4.0,0.0,1.0,0.0,0.0,1.4,0.4,,,,,,
2025,11,WAS,MIA,D.Samuel,0.0,0.0,0.0,0.0,0.0,0.0,,1.0,3.0,0.0,0.0,0.0,8.0,7.0,74.0,1.0,25.0,0.0,0.0,20.7,13.7,,,,,,
2025,11,WAS,MIA,J.Croskey-Merritt,0.0,0.0,0.0,0.0,0.0,0.0,,9.0,28.0,0.0,0.0,0.0,1.0,1.0,5.0,0.0,-4.0,0.0,0.0,4.3,3.3,,,,,,
2025,11,WAS,MIA,J.Lane,0.0,0.0,0.0,0.0,0.0,0.0,,0.0,0.0,0.0,0.0,0.0,1.0,1.0,13.0,0.0,12.0,0.0,0.0,2.3,1.3,,,,,,
2025,11,WAS,MIA,J.McNichols,0.0,0.0,0.0,0.0,0.0,0.0,,4.0,13.0,0.0,0.0,0.0,2.0,2.0,16.0,0.0,-4.0,0.0,0.0,4.9,2.9,,,,,,
2025,11,WAS,MIA,Ja.Jones,0.0,0.0,0.0,0.0,0.0,0.0,,0.0,0.0,0.0,0.0,0.0,1.0,1.0,25.0,0.0,3.0,0.0,0.0,3.5,2.5,,,,,,
2025,11,WAS,MIA,M.Mariota,31.0,20.0,213.0,1.0,1.0,1.0,QB,4.0,49.0,0.0,0.0,0.0,0.0,0.0,0.0,0.0,0.0,0.0,0.0,16.42,16.42,,,,,,
2025,11,WAS,MIA,R.Chosen,0.0,0.0,0.0,0.0,0.0,0.0,,0.0,0.0,0.0,0.0,0.0,1.0,0.0,0.0,0.0,10.0,0.0,0.0,0.0,0.0,,,,,,
2025,11,WAS,MIA,Z.Ertz,0.0,0.0,0.0,0.0,0.0,0.0,,0.0,0.0,0.0,0.0,0.0,8.0,4.0,42.0,0.0,87.0,0.0,0.0,8.2,4.2,,,,,,
2025,12,ARI,JAX,G.Dortch,0.0,0.0,0.0,0.0,0.0,0.0,,2.0,-5.0,0.0,0.0,0.0,9.0,6.0,53.0,1.0,49.0,0.0,0.0,16.8,10.8,,,,,,
2025,12,ARI,JAX,J.Brissett,55.0,33.0,317.0,1.0,0.0,6.0,QB,3.0,20.0,0.0,0.0,0.0,0.0,0.0,0.0,0.0,0.0,0.0,0.0,18.68,18.68,,,,,,
2025,12,ARI,JAX,J.Deguara,0.0,0.0,0.0,0.0,0.0,0.0,,0.0,0.0,0.0,0.0,0.0,1.0,1.0,6.0,0.0,5.0,0.0,0.0,1.6,0.6,,,,,,
2025,12,ARI,JAX,K.Slovis,1.0,1.0,-2.0,0.0,0.0,0.0,QB,0.0,0.0,0.0,0.0,0.0,0.0,0.0,0.0,0.0,0.0,0.0,0.0,-0.08,-0.08,,,,,,
2025,12,ARI,JAX,M.Carter,0.0,0.0,0.0,0.0,0.0,0.0,,5.0,28.0,0.0,0.0,0.0,3.0,3.0,30.0,0.0,5.0,0.0,0.0,8.8,5.8,,,,,,
2025,12,ARI,JAX,M.Wilson,0.0,0.0,0.0,0.0,0.0,0.0,,0.0,0.0,0.0,0.0,0.0,11.0,6.0,75.0,0.0,118.0,0.0,0.0,13.5,7.5,,,,,,
2025,12,ARI,JAX,Mi.Wilson,0.0,0.0,0.0,0.0,0.0,0.0,,0.0,0.0,0.0,0.0,0.0,4.0,4.0,43.0,0.0,35.0,0.0,0.0,8.3,4.3,,,,,,
2025,12,ARI,JAX,T.McBride,0.0,0.0,0.0,0.0,0.0,0.0,,0.0,0.0,0.0,0.0,0.0,10.0,9.0,79.0,0.0,56.0,0.0,0.0,16.9,7.9,,,,,,
2025,12,ARI,JAX,X.Weaver,0.0,0.0,0.0,0.0,0.0,0.0,,0.0,0.0,0.0,0.0,0.0,3.0,1.0,9.0,0.0,64.0,0.0,0.0,1.9,0.9,,,,,,
2025,12,ARI,JAX,Z.Knight,0.0,0.0,0.0,0.0,0.0,0.0,,10.0,12.0,1.0,0.0,0.0,5.0,4.0,20.0,0.0,-13.0,0.0,0.0,13.2,9.2,,,,,,
2025,12,ATL,NO,B.Robinson,0.0,0.0,0.0,0.0,0.0,0.0,,15.0,70.0,0.0,0.0,0.0,2.0,2.0,37.0,0.0,-10.0,0.0,0.0,12.7,10.7,,,,,,
2025,12,ATL,NO,C.Woerner,0.0,0.0,0.0,0.0,0.0,0.0,,0.0,0.0,0.0,0.0,0.0,3.0,3.0,24.0,0.0,3.0,0.0,0.0,5.4,2.4,,,,,,
2025,12,ATL,NO,D.Drummond,0.0,0.0,0.0,0.0,0.0,0.0,,0.0,0.0,0.0,0.0,0.0,3.0,3.0,18.0,0.0,14.0,0.0,0.0,4.8,1.8,,,,,,
2025,12,ATL,NO,D.Mooney,0.0,0.0,0.0,0.0,0.0,0.0,,0.0,0.0,0.0,0.0,0.0,3.0,3.0,74.0,1.0,69.0,0.0,0.0,16.4,13.4,,,,,,
2025,12,ATL,NO,D.Sills,0.0,0.0,0.0,0.0,0.0,0.0,,0.0,0.0,0.0,0.0,0.0,3.0,2.0,16.0,1.0,21.0,0.0,0.0,9.6,7.6,,,,,,
2025,12,ATL,NO,F.Franks,0.0,0.0,0.0,0.0,0.0,0.0,,1.0,2.0,0.0,0.0,0.0,0.0,0.0,0.0,0.0,0.0,0.0,0.0,0.2,0.2,,,,,,
2025,12,ATL,NO,K.Cousins,26.0,16.0,199.0,2.0,1.0,3.0,QB,2.0,5.0,0.0,0.0,0.0,0.0,0.0,0.0,0.0,0.0,0.0,0.0,15.46,15.46,,,,,,
2025,12,ATL,NO,K.Pitts,0.0,0.0,0.0,0.0,0.0,0.0,,0.0,0.0,0.0,0.0,0.0,5.0,2.0,25.0,0.0,60.0,0.0,0.0,4.5,2.5,,,,,,
2025,12,ATL,NO,T.Allgeier,0.0,0.0,0.0,0.0,0.0,0.0,,12.0,44.0,0.0,0.0,0.0,1.0,1.0,5.0,0.0,1.0,0.0,0.0,5.9,4.9,,,,,,
2025,12,BAL,NYJ,D.Henry,0.0,0.0,0.0,0.0,0.0,0.0,,21.0,64.0,2.0,1.0,0.0,2.0,2.0,24.0,0.0,4.0,0.0,0.0,22.8,20.8,,,,,,
2025,12,BAL,NYJ,D.Hopkins,0.0,0.0,0.0,0.0,0.0,0.0,,0.0,0.0,0.0,0.0,0.0,3.0,2.0,13.0,0.0,30.0,0.0,0.0,3.3,1.3,,,,,,
2025,12,BAL,NYJ,D.Walker,0.0,0.0,0.0,0.0,0.0,0.0,,0.0,0.0,0.0,0.0,0.0,1.0,1.0,30.0,0.0,30.0,0.0,0.0,4.0,3.0,,,,,,
2025,12,BAL,NYJ,I.Likely,0.0,0.0,0.0,0.0,0.0,0.0,,0.0,0.0,0.0,0.0,0.0,3.0,1.0,10.0,0.0,43.0,0.0,0.0,2.0,1.0,,,,,,
2025,12,BAL,NYJ,K.Mitchell,0.0,0.0,0.0,0.0,0.0,0.0,,2.0,10.0,0.0,0.0,0.0,1.0,1.0,9.0,0.0,1.0,0.0,0.0,2.9,1.9,,,,,,
2025,12,BAL,NYJ,L.Jackson,24.0,13.0,153.0,0.0,0.0,1.0,QB,7.0,11.0,0.0,0.0,0.0,0.0,0.0,0.0,0.0,0.0,0.0,0.0,7.22,7.22,,,,,,
2025,12,BAL,NYJ,M.Andrews,0.0,0.0,0.0,0.0,0.0,0.0,,2.0,2.0,0.0,0.0,0.0,3.0,1.0,9.0,0.0,23.0,0.0,0.0,2.1,1.1,,,,,,
2025,12,BAL,NYJ,T.Wallace,0.0,0.0,0.0,0.0,0.0,0.0,,0.0,0.0,0.0,0.0,0.0,1.0,0.0,0.0,0.0,33.0,0.0,0.0,0.0,0.0,,,,,,
2025,12,BAL,NYJ,Z.Flowers,0.0,0.0,0.0,0.0,0.0,0.0,,2.0,11.0,0.0,0.0,0.0,6.0,5.0,58.0,0.0,53.0,0.0,0.0,11.9,6.9,,,,,,
2025,12,BUF,HOU,D.Knox,0.0,0.0,0.0,0.0,0.0,0.0,,0.0,0.0,0.0,0.0,0.0,4.0,3.0,17.0,0.0,17.0,0.0,0.0,4.7,1.7,,,,,,
2025,12,BUF,HOU,E.Moore,0.0,0.0,0.0,0.0,0.0,0.0,,0.0,0.0,0.0,0.0,0.0,3.0,1.0,-3.0,0.0,23.0,0.0,0.0,0.7,-0.3,,,,,,
2025,12,BUF,HOU,G.Davis,0.0,0.0,0.0,0.0,0.0,0.0,,0.0,0.0,0.0,0.0,0.0,2.0,1.0,22.0,0.0,40.0,0.0,0.0,3.2,2.2,,,,,,
2025,12,BUF,HOU,J.Allen,42.0,24.0,253.0,0.0,2.0,8.0,QB,5.0,20.0,0.0,0.0,0.0,0.0,0.0,0.0,0.0,0.0,0.0,0.0,10.12,10.12,,,,,,
2025,12,BUF,HOU,J.Cook,0.0,0.0,0.0,0.0,0.0,0.0,,17.0,116.0,1.0,0.0,0.0,3.0,3.0,13.0,0.0,1.0,0.0,0.0,21.9,18.9,,,,,,
2025,12,BUF,HOU,J.Hawes,0.0,0.0,0.0,0.0,0.0,0.0,,0.0,0.0,0.0,0.0,0.0,2.0,2.0,26.0,0.0,6.0,0.0,0.0,4.6,2.6,,,,,,
2025,12,BUF,HOU,J.Palmer,0.0,0.0,0.0,0.0,0.0,0.0,,0.0,0.0,0.0,0.0,0.0,4.0,2.0,21.0,0.0,50.0,0.0,0.0,4.1,2.1,,,,,,
2025,12,BUF,HOU,K.Shakir,0.0,0.0,0.0,0.0,0.0,0.0,,0.0,0.0,0.0,0.0,0.0,10.0,8.0,77.0,0.0,15.0,1.0,1.0,15.7,7.7,,,,,,
2025,12,BUF,HOU,R.Gilliam,0.0,0.0,0.0,0.0,0.0,0.0,,0.0,0.0,0.0,0.0,0.0,1.0,1.0,2.0,0.0,1.0,0.0,0.0,1.2,0.2,,,,,,
2025,12,BUF,HOU,Ty.Johnson,0.0,0.0,0.0,0.0,0.0,0.0,,2.0,7.0,0.0,0.0,0.0,3.0,3.0,45.0,0.0,14.0,0.0,0.0,8.2,5.2,,,,,,
2025,12,CAR,SF,B.Young,31.0,18.0,169.0,1.0,2.0,1.0,QB,4.0,15.0,0.0,0.0,0.0,0.0,0.0,0.0,0.0,0.0,0.0,0.0,10.26,10.26,,,,,,
2025,12,CAR,SF,C.Hubbard,0.0,0.0,0.0,0.0,0.0,0.0,,3.0,16.0,0.0,0.0,0.0,4.0,4.0,27.0,0.0,-14.0,0.0,0.0,8.3,4.3,,,,,,
2025,12,CAR,SF,J.Coker,0.0,0.0,0.0,0.0,0.0,0.0,,0.0,0.0,0.0,0.0,0.0,5.0,3.0,32.0,0.0,29.0,0.0,0.0,6.2,3.2,,,,,,
2025,12,CAR,SF,J.Sanders,0.0,0.0,0.0,0.0,0.0,0.0,,0.0,0.0,0.0,0.0,0.0,1.0,1.0,6.0,0.0,5.0,0.0,0.0,1.6,0.6,,,,,,
2025,12,CAR,SF,Ji.Horn,0.0,0.0,0.0,0.0,0.0,0.0,,0.0,0.0,0.0,0.0,0.0,1.0,1.0,11.0,0.0,-6.0,0.0,0.0,2.1,1.1,,,,,,
2025,12,CAR,SF,M.Evans,0.0,0.0,0.0,0.0,0.0,0.0,,0.0,0.0,0.0,0.0,0.0,1.0,0.0,0.0,0.0,1.0,0.0,0.0,0.0,0.0,,,,,,
2025,12,CAR,SF,R.Dowdle,0.0,0.0,0.0,0.0,0.0,0.0,,6.0,38.0,0.0,0.0,0.0,4.0,4.0,36.0,0.0,-4.0,0.0,0.0,11.4,7.4,,,,,,
2025,12,CAR,SF,T.McMillan,0.0,0.0,0.0,0.0,0.0,0.0,,0.0,0.0,0.0,0.0,0.0,7.0,2.0,35.0,1.0,97.0,0.0,0.0,11.5,9.5,,,,,,
2025,12,CAR,SF,X.Legette,0.0,0.0,0.0,0.0,0.0,0.0,,0.0,0.0,0.0,0.0,0.0,5.0,3.0,22.0,0.0,54.0,0.0,0.0,5.2,2.2,,,,,,
2025,12,CHI,PIT,C.Kmet,0.0,0.0,0.0,0.0,0.0,0.0,,0.0,0.0,0.0,0.0,0.0,1.0,1.0,3.0,0.0,2.0,0.0,0.0,1.3,0.3,,,,,,
2025,12,CHI,PIT,C.Loveland,0.0,0.0,0.0,0.0,0.0,0.0,,0.0,0.0,0.0,0.0,0.0,5.0,4.0,49.0,1.0,39.0,0.0,0.0,14.9,10.9,,,,,,
2025,12,CHI,PIT,C.Williams,36.0,19.0,239.0,3.0,0.0,1.0,QB,4.0,21.0,0.0,0.0,0.0,0.0,0.0,0.0,0.0,0.0,0.0,0.0,23.66,23.66,,,,,,
2025,12,CHI,PIT,D.Moore,0.0,0.0,0.0,0.0,0.0,0.0,,0.0,0.0,0.0,0.0,0.0,7.0,5.0,64.0,2.0,73.0,0.0,0.0,23.4,18.4,,,,,,
2025,12,CHI,PIT,D.Smythe,0.0,0.0,0.0,0.0,0.0,0.0,,0.0,0.0,0.0,0.0,0.0,1.0,1.0,4.0,0.0,4.0,0.0,0.0,1.4,0.4,,,,,,
2025,12,CHI,PIT,D.Swift,0.0,0.0,0.0,0.0,0.0,0.0,,8.0,15.0,0.0,1.0,1.0,1.0,1.0,14.0,0.0,-6.0,0.0,0.0,3.9,2.9,,,,,,
2025,12,CHI,PIT,K.Monangai,0.0,0.0,0.0,0.0,0.0,0.0,,12.0,48.0,1.0,0.0,0.0,0.0,0.0,0.0,0.0,0.0,0.0,0.0,10.8,10.8,,,,,,
2025,12,CHI,PIT,L.Burden,0.0,0.0,0.0,0.0,0.0,0.0,,1.0,15.0,0.0,0.0,0.0,5.0,3.0,46.0,0.0,38.0,0.0,0.0,9.1,6.1,,,,,,
2025,12,CHI,PIT,O.Zaccheaus,0.0,0.0,0.0,0.0,0.0,0.0,,0.0,0.0,0.0,0.0,0.0,1.0,1.0,6.0,0.0,6.0,0.0,0.0,1.6,0.6,,,,,,
2025,12,CHI,PIT,R.Odunze,0.0,0.0,0.0,0.0,0.0,0.0,,0.0,0.0,0.0,0.0,0.0,9.0,3.0,53.0,0.0,117.0,0.0,0.0,8.3,5.3,,,,,,
2025,12,CIN,NE,A.Iosivas,0.0,0.0,0.0,0.0,0.0,0.0,,1.0,5.0,0.0,0.0,0.0,7.0,4.0,61.0,0.0,120.0,0.0,0.0,10.6,6.6,,,,,,
2025,12,CIN,NE,C.Brown,0.0,0.0,0.0,0.0,0.0,0.0,,19.0,107.0,0.0,0.0,0.0,4.0,2.0,6.0,0.0,-9.0,0.0,0.0,13.3,11.3,,,,,,
2025,12,CIN,NE,C.Jones,0.0,0.0,0.0,0.0,0.0,0.0,,0.0,0.0,0.0,0.0,0.0,1.0,0.0,0.0,0.0,42.0,0.0,0.0,0.0,0.0,,,,,,
2025,12,CIN,NE,D.Sample,0.0,0.0,0.0,0.0,0.0,0.0,,0.0,0.0,0.0,0.0,0.0,1.0,1.0,0.0,0.0,-2.0,0.0,0.0,1.0,0.0,,,,,,
2025,12,CIN,NE,J.Browning,1.0,1.0,14.0,0.0,0.0,0.0,QB,0.0,0.0,0.0,0.0,0.0,0.0,0.0,0.0,0.0,0.0,0.0,0.0,0.56,0.56,,,,,,
2025,12,CIN,NE,J.Flacco,38.0,19.0,183.0,1.0,1.0,1.0,QB,1.0,3.0,0.0,0.0,0.0,0.0,0.0,0.0,0.0,0.0,0.0,0.0,10.62,10.62,,,,,,
2025,12,CIN,NE,M.Gesicki,0.0,0.0,0.0,0.0,0.0,0.0,,0.0,0.0,0.0,0.0,0.0,6.0,4.0,35.0,0.0,62.0,0.0,0.0,7.5,3.5,,,,,,
2025,12,CIN,NE,M.Tinsley,0.0,0.0,0.0,0.0,0.0,0.0,,0.0,0.0,0.0,0.0,0.0,6.0,2.0,29.0,1.0,93.0,0.0,0.0,10.9,8.9,,,,,,
2025,12,CIN,NE,N.Fant,0.0,0.0,0.0,0.0,0.0,0.0,,0.0,0.0,0.0,0.0,0.0,1.0,1.0,9.0,0.0,1.0,0.0,0.0,1.9,0.9,,,,,,
2025,12,CIN,NE,T.Brooks,0.0,0.0,0.0,0.0,0.0,0.0,,2.0,5.0,0.0,0.0,0.0,1.0,0.0,0.0,0.0,-3.0,0.0,0.0,0.5,0.5,,,,,,
2025,12,CIN,NE,T.Higgins,0.0,0.0,0.0,0.0,0.0,0.0,,0.0,0.0,0.0,0.0,0.0,6.0,5.0,31.0,0.0,27.0,0.0,0.0,8.1,3.1,,,,,,
2025,12,CIN,NE,T.Hudson,0.0,0.0,0.0,0.0,0.0,0.0,,0.0,0.0,0.0,0.0,0.0,1.0,1.0,9.0,0.0,5.0,0.0,0.0,1.9,0.9,,,,,,
2025,12,CLE,LV,C.Tillman,0.0,0.0,0.0,0.0,0.0,0.0,,0.0,0.0,0.0,0.0,0.0,3.0,1.0,5.0,0.0,64.0,0.0,0.0,1.5,0.5,,,,,,
2025,12,CLE,LV,D.Sampson,0.0,0.0,0.0,0.0,0.0,0.0,,7.0,23.0,0.0,0.0,0.0,3.0,2.0,59.0,1.0,-18.0,0.0,0.0,16.2,14.2,,,,,,
2025,12,CLE,LV,H.Fannin,0.0,0.0,0.0,0.0,0.0,0.0,,1.0,4.0,0.0,0.0,0.0,6.0,4.0,40.0,0.0,4.0,0.0,0.0,8.4,4.4,,,,,,
2025,12,CLE,LV,I.Bond,0.0,0.0,0.0,0.0,0.0,0.0,,0.0,0.0,0.0,0.0,0.0,2.0,2.0,58.0,0.0,50.0,0.0,0.0,7.8,5.8,,,,,,
2025,12,CLE,LV,J.Ford,0.0,0.0,0.0,0.0,0.0,0.0,,1.0,-3.0,0.0,0.0,0.0,0.0,0.0,0.0,0.0,0.0,0.0,0.0,-0.3,-0.3,,,,,,
2025,12,CLE,LV,J.Jeudy,0.0,0.0,0.0,0.0,0.0,0.0,,0.0,0.0,0.0,0.0,0.0,3.0,1.0,39.0,0.0,67.0,1.0,1.0,4.9,3.9,,,,,,
2025,12,CLE,LV,M.Corley,0.0,0.0,0.0,0.0,0.0,0.0,,1.0,-6.0,0.0,0.0,0.0,1.0,1.0,8.0,0.0,-3.0,0.0,0.0,1.2,0.2,,,,,,
2025,12,CLE,LV,Q.Judkins,0.0,0.0,0.0,0.0,0.0,0.0,,16.0,47.0,2.0,0.0,0.0,0.0,0.0,0.0,0.0,0.0,0.0,0.0,16.7,16.7,,,,,,
2025,12,CLE,LV,S.Sanders,21.0,11.0,209.0,1.0,1.0,1.0,QB,1.0,-1.0,0.0,0.0,0.0,0.0,0.0,0.0,0.0,0.0,0.0,0.0,11.26,11.26,,,,,,
2025,12,DAL,PHI,B.Spann-Ford,0.0,0.0,0.0,0.0,0.0,0.0,,0.0,0.0,0.0,0.0,0.0,1.0,1.0,4.0,1.0,4.0,0.0,0.0,7.4,6.4,,,,,,
2025,12,DAL,PHI,C.Lamb,0.0,0.0,0.0,0.0,0.0,0.0,,0.0,0.0,0.0,0.0,0.0,11.0,4.0,75.0,0.0,160.0,0.0,0.0,11.5,7.5,,,,,,
2025,12,DAL,PHI,D.Prescott,37.0,23.0,354.0,2.0,1.0,1.0,QB,5.0,9.0,1.0,0.0,0.0,0.0,0.0,0.0,0.0,0.0,0.0,0.0,28.06,28.06,,,,,,
2025,12,DAL,PHI,G.Pickens,0.0,0.0,0.0,0.0,0.0,0.0,,0.0,0.0,0.0,0.0,0.0,9.0,9.0,146.0,1.0,117.0,0.0,0.0,29.6,20.6,,,,,,
2025,12,DAL,PHI,H.Luepke,0.0,0.0,0.0,0.0,0.0,0.0,,0.0,0.0,0.0,0.0,0.0,1.0,1.0,7.0,0.0,-6.0,0.0,0.0,1.7,0.7,,,,,,
2025,12,DAL,PHI,J.Ferguson,0.0,0.0,0.0,0.0,0.0,0.0,,1.0,1.0,0.0,0.0,0.0,6.0,5.0,60.0,0.0,35.0,1.0,0.0,11.1,6.1,,,,,,
2025,12,DAL,PHI,J.Williams,0.0,0.0,0.0,0.0,0.0,0.0,,20.0,87.0,0.0,0.0,0.0,3.0,2.0,14.0,0.0,0.0,0.0,0.0,12.1,10.1,,,,,,
2025,12,DAL,PHI,K.Turpin,0.0,0.0,0.0,0.0,0.0,0.0,,2.0,4.0,0.0,1.0,1.0,2.0,1.0,48.0,0.0,12.0,0.0,0.0,6.2,5.2,,,,,,
2025,12,DAL,PHI,L.Schoonmaker,0.0,0.0,0.0,0.0,0.0,0.0,,0.0,0.0,0.0,0.0,0.0,1.0,0.0,0.0,0.0,24.0,0.0,0.0,0.0,0.0,,,,,,
2025,12,DAL,PHI,M.Davis,0.0,0.0,0.0,0.0,0.0,0.0,,3.0,24.0,0.0,0.0,0.0,0.0,0.0,0.0,0.0,0.0,0.0,0.0,2.4,2.4,,,,,,
2025,12,DAL,PHI,R.Flournoy,0.0,0.0,0.0,0.0,0.0,0.0,,0.0,0.0,0.0,0.0,0.0,1.0,0.0,0.0,0.0,21.0,0.0,0.0,0.0,0.0,,,,,,
2025,12,DET,NYG,A.St. Brown,0.0,0.0,0.0,0.0,0.0,0.0,,0.0,0.0,0.0,0.0,0.0,13.0,9.0,149.0,1.0,155.0,0.0,0.0,29.9,20.9,,,,,,
2025,12,DET,NYG,B.Wright,0.0,0.0,0.0,0.0,0.0,0.0,,0.0,0.0,0.0,0.0,0.0,4.0,3.0,29.0,0.0,9.0,0.0,0.0,5.9,2.9,,,,,,
2025,12,DET,NYG,D.Montgomery,0.0,0.0,0.0,0.0,0.0,0.0,,5.0,18.0,0.0,0.0,0.0,3.0,3.0,19.0,0.0,-2.0,0.0,0.0,6.7,3.7,,,,,,
2025,12,DET,NYG,I.TeSlaa,0.0,0.0,0.0,0.0,0.0,0.0,,0.0,0.0,0.0,0.0,0.0,1.0,0.0,0.0,0.0,17.0,0.0,0.0,0.0,0.0,,,,,,
2025,12,DET,NYG,J.Gibbs,0.0,0.0,0.0,0.0,0.0,0.0,,15.0,219.0,2.0,0.0,0.0,12.0,11.0,45.0,1.0,-7.0,0.0,0.0,55.4,44.4,,,,,,
2025,12,DET,NYG,J.Goff,45.0,28.0,279.0,2.0,1.0,3.0,QB,0.0,0.0,0.0,0.0,0.0,0.0,0.0,0.0,0.0,0.0,0.0,0.0,18.16,18.16,,,,,,
2025,12,DET,NYG,J.Williams,0.0,0.0,0.0,0.0,0.0,0.0,,0.0,0.0,0.0,0.0,0.0,3.0,0.0,0.0,0.0,19.0,0.0,0.0,0.0,0.0,,,,,,
2025,12,DET,NYG,K.Raymond,0.0,0.0,0.0,0.0,0.0,0.0,,0.0,0.0,0.0,0.0,0.0,2.0,2.0,37.0,0.0,25.0,0.0,0.0,5.7,3.7,,,,,,
2025,12,GB,MIN,C.Brooks,0.0,0.0,0.0,0.0,0.0,0.0,,8.0,21.0,0.0,0.0,0.0,1.0,1.0,5.0,0.0,2.0,0.0,0.0,3.6,2.6,,,,,,
2025,12,GB,MIN,C.Watson,0.0,0.0,0.0,0.0,0.0,0.0,,0.0,0.0,0.0,0.0,0.0,7.0,5.0,49.0,0.0,87.0,0.0,0.0,9.9,4.9,,,,,,
2025,12,GB,MIN,D.Wicks,0.0,0.0,0.0,0.0,0.0,0.0,,0.0,0.0,0.0,0.0,0.0,4.0,2.0,32.0,0.0,52.0,0.0,0.0,5.2,3.2,,,,,,
2025,12,GB,MIN,E.Wilson,0.0,0.0,0.0,0.0,0.0,0.0,,28.0,107.0,2.0,0.0,0.0,2.0,2.0,18.0,0.0,2.0,0.0,0.0,26.5,24.5,,,,,,
2025,12,GB,MIN,J.FitzPatrick,0.0,0.0,0.0,0.0,0.0,0.0,,0.0,0.0,0.0,0.0,0.0,1.0,1.0,11.0,0.0,0.0,0.0,0.0,2.1,1.1,,,,,,
2025,12,GB,MIN,J.Love,22.0,14.0,139.0,0.0,0.0,1.0,QB,3.0,15.0,0.0,0.0,0.0,0.0,0.0,0.0,0.0,0.0,0.0,0.0,7.06,7.06,,,,,,
2025,12,GB,MIN,J.Whyle,0.0,0.0,0.0,0.0,0.0,0.0,,0.0,0.0,0.0,0.0,0.0,1.0,1.0,1.0,0.0,-3.0,0.0,0.0,1.1,0.1,,,,,,
2025,12,GB,MIN,L.Musgrave,0.0,0.0,0.0,0.0,0.0,0.0,,0.0,0.0,0.0,0.0,0.0,2.0,1.0,7.0,0.0,6.0,0.0,0.0,1.7,0.7,,,,,,
2025,12,GB,MIN,M.Willis,1.0,1.0,7.0,0.0,0.0,0.0,QB,2.0,3.0,0.0,0.0,0.0,0.0,0.0,0.0,0.0,0.0,0.0,0.0,0.58,0.58,,,,,,
2025,12,GB,MIN,R.Doubs,0.0,0.0,0.0,0.0,0.0,0.0,,0.0,0.0,0.0,0.0,0.0,3.0,2.0,23.0,0.0,17.0,0.0,0.0,4.3,2.3,,,,,,
2025,12,GB,MIN,S.Williams,0.0,0.0,0.0,0.0,0.0,0.0,,1.0,0.0,0.0,0.0,0.0,0.0,0.0,0.0,0.0,0.0,0.0,0.0,0.0,0.0,,,,,,
2025,12,HOU,BUF,C.Kirk,0.0,0.0,0.0,0.0,0.0,0.0,,0.0,0.0,0.0,0.0,0.0,6.0,5.0,54.0,1.0,17.0,0.0,0.0,16.4,11.4,,,,,,
2025,12,HOU,BUF,C.Stover,0.0,0.0,0.0,0.0,0.0,0.0,,0.0,0.0,0.0,0.0,0.0,2.0,0.0,0.0,0.0,5.0,0.0,0.0,0.0,0.0,,,,,,
2025,12,HOU,BUF,D.Mills,30.0,16.0,153.0,2.0,0.0,0.0,QB,2.0,4.0,0.0,0.0,0.0,0.0,0.0,0.0,0.0,0.0,0.0,0.0,14.52,14.52,,,,,,
2025,12,HOU,BUF,D.Schultz,0.0,0.0,0.0,0.0,0.0,0.0,,0.0,0.0,0.0,0.0,0.0,4.0,1.0,8.0,0.0,59.0,0.0,0.0,1.8,0.8,,,,,,
2025,12,HOU,BUF,J.Higgins,0.0,0.0,0.0,0.0,0.0,0.0,,0.0,0.0,0.0,0.0,0.0,9.0,4.0,38.0,1.0,117.0,0.0,0.0,13.8,9.8,,,,,,
2025,12,HOU,BUF,J.Noel,0.0,0.0,0.0,0.0,0.0,0.0,,1.0,5.0,0.0,0.0,0.0,2.0,1.0,4.0,0.0,5.0,0.0,0.0,1.9,0.9,,,,,,
2025,12,HOU,BUF,N.Chubb,0.0,0.0,0.0,0.0,0.0,0.0,,6.0,16.0,0.0,0.0,0.0,1.0,1.0,-1.0,0.0,-1.0,0.0,0.0,2.5,1.5,,,,,,
2025,12,HOU,BUF,N.Collins,0.0,0.0,0.0,0.0,0.0,0.0,,0.0,0.0,0.0,0.0,0.0,3.0,3.0,55.0,0.0,36.0,0.0,0.0,8.5,5.5,,,,,,
2025,12,HOU,BUF,W.Marks,0.0,0.0,0.0,0.0,0.0,0.0,,16.0,74.0,0.0,0.0,0.0,1.0,1.0,-5.0,0.0,-5.0,0.0,0.0,7.9,6.9,,,,,,
2025,12,HOU,BUF,X.Hutchinson,0.0,0.0,0.0,0.0,0.0,0.0,,1.0,9.0,0.0,0.0,0.0,0.0,0.0,0.0,0.0,0.0,0.0,0.0,0.9,0.9,,,,,,
2025,12,IND,KC,A.Abdullah,0.0,0.0,0.0,0.0,0.0,0.0,,0.0,0.0,0.0,0.0,0.0,1.0,0.0,0.0,0.0,3.0,0.0,0.0,0.0,0.0,,,,,,
2025,12,IND,KC,A.Dulin,0.0,0.0,0.0,0.0,0.0,0.0,,0.0,0.0,0.0,0.0,0.0,1.0,1.0,48.0,0.0,6.0,0.0,0.0,5.8,4.8,,,,,,
2025,12,IND,KC,A.Ogletree,0.0,0.0,0.0,0.0,0.0,0.0,,0.0,0.0,0.0,0.0,0.0,2.0,2.0,8.0,1.0,7.0,0.0,0.0,8.8,6.8,,,,,,
2025,12,IND,KC,A.Pierce,0.0,0.0,0.0,0.0,0.0,0.0,,0.0,0.0,0.0,0.0,0.0,2.0,1.0,26.0,0.0,24.0,0.0,0.0,3.6,2.6,,,,,,
2025,12,IND,KC,D.Jones,31.0,19.0,181.0,2.0,0.0,0.0,QB,3.0,16.0,0.0,0.0,0.0,0.0,0.0,0.0,0.0,0.0,0.0,0.0,16.84,16.84,,,,,,
2025,12,IND,KC,J.Downs,0.0,0.0,0.0,0.0,0.0,0.0,,0.0,0.0,0.0,0.0,0.0,6.0,2.0,10.0,0.0,46.0,0.0,0.0,3.0,1.0,,,,,,
2025,12,IND,KC,J.Taylor,0.0,0.0,0.0,0.0,0.0,0.0,,16.0,58.0,0.0,0.0,0.0,3.0,2.0,8.0,0.0,-5.0,0.0,0.0,8.6,6.6,,,,,,
2025,12,IND,KC,M.Alie-Cox,0.0,0.0,0.0,0.0,0.0,0.0,,0.0,0.0,0.0,0.0,0.0,1.0,1.0,9.0,0.0,5.0,0.0,0.0,1.9,0.9,,,,,,
2025,12,IND,KC,M.Pittman,0.0,0.0,0.0,0.0,0.0,0.0,,0.0,0.0,0.0,0.0,0.0,8.0,5.0,27.0,1.0,37.0,0.0,0.0,13.7,8.7,,,,,,
2025,12,IND,KC,T.Warren,0.0,0.0,0.0,0.0,0.0,0.0,,0.0,0.0,0.0,0.0,0.0,7.0,5.0,45.0,0.0,16.0,0.0,0.0,9.5,4.5,,,,,,
2025,12,JAX,ARI,A.Trammell,0.0,0.0,0.0,0.0,0.0,0.0,,0.0,0.0,0.0,0.0,0.0,1.0,0.0,0.0,0.0,7.0,0.0,0.0,0.0,0.0,,,,,,
2025,12,JAX,ARI,B.Strange,0.0,0.0,0.0,0.0,0.0,0.0,,0.0,0.0,0.0,0.0,0.0,5.0,5.0,93.0,0.0,61.0,0.0,0.0,14.3,9.3,,,,,,
2025,12,JAX,ARI,B.Tuten,0.0,0.0,0.0,0.0,0.0,0.0,,7.0,17.0,0.0,0.0,0.0,1.0,0.0,0.0,0.0,1.0,0.0,0.0,1.7,1.7,,,,,,
2025,12,JAX,ARI,J.Meyers,0.0,0.0,0.0,0.0,0.0,0.0,,0.0,0.0,0.0,0.0,0.0,6.0,4.0,50.0,1.0,54.0,0.0,0.0,15.0,11.0,,,,,,
2025,12,JAX,ARI,J.Mundt,0.0,0.0,0.0,0.0,0.0,0.0,,0.0,0.0,0.0,0.0,0.0,2.0,1.0,12.0,0.0,10.0,0.0,0.0,2.2,1.2,,,,,,
2025,12,JAX,ARI,L.Allen,0.0,0.0,0.0,0.0,0.0,0.0,,1.0,2.0,0.0,0.0,0.0,0.0,0.0,0.0,0.0,0.0,0.0,0.0,0.2,0.2,,,,,,
2025,12,JAX,ARI,P.Washington,0.0,0.0,0.0,0.0,0.0,0.0,,0.0,0.0,0.0,0.0,0.0,7.0,5.0,71.0,1.0,69.0,0.0,0.0,18.1,13.1,,,,,,
2025,12,JAX,ARI,T.Etienne,0.0,0.0,0.0,0.0,0.0,0.0,,15.0,86.0,0.0,0.0,0.0,4.0,3.0,30.0,1.0,2.0,0.0,0.0,20.6,17.6,,,,,,
2025,12,JAX,ARI,T.Lawrence,33.0,18.0,256.0,3.0,3.0,3.0,QB,5.0,29.0,0.0,0.0,0.0,0.0,0.0,0.0,0.0,0.0,0.0,0.0,22.14,22.14,,,,,,
2025,12,JAX,ARI,T.Patrick,0.0,0.0,0.0,0.0,0.0,0.0,,0.0,0.0,0.0,0.0,0.0,4.0,0.0,0.0,0.0,67.0,0.0,0.0,0.0,0.0,,,,,,
2025,12,KC,IND,B.Smith,0.0,0.0,0.0,0.0,0.0,0.0,,1.0,5.0,0.0,0.0,0.0,4.0,3.0,31.0,0.0,9.0,0.0,0.0,6.6,3.6,,,,,,
2025,12,KC,IND,C.Edwards-Helaire,0.0,0.0,0.0,0.0,0.0,0.0,,5.0,8.0,0.0,0.0,0.0,2.0,2.0,9.0,0.0,-4.0,0.0,0.0,3.7,1.7,,,,,,
2025,12,KC,IND,J.Smith-Schuster,0.0,0.0,0.0,0.0,0.0,0.0,,0.0,0.0,0.0,0.0,0.0,2.0,1.0,8.0,0.0,21.0,0.0,0.0,1.8,0.8,,,,,,
2025,12,KC,IND,K.Hunt,0.0,0.0,0.0,0.0,0.0,0.0,,30.0,104.0,1.0,1.0,1.0,3.0,3.0,26.0,0.0,4.0,0.0,0.0,22.0,19.0,,,,,,
2025,12,KC,IND,M.Brown,0.0,0.0,0.0,0.0,0.0,0.0,,0.0,0.0,0.0,0.0,0.0,1.0,1.0,10.0,0.0,-2.0,0.0,0.0,2.0,1.0,,,,,,
2025,12,KC,IND,N.Gray,0.0,0.0,0.0,0.0,0.0,0.0,,0.0,0.0,0.0,0.0,0.0,4.0,3.0,25.0,0.0,36.0,0.0,0.0,5.5,2.5,,,,,,
2025,12,KC,IND,P.Mahomes,51.0,29.0,352.0,0.0,1.0,4.0,QB,4.0,30.0,0.0,0.0,0.0,0.0,0.0,0.0,0.0,0.0,0.0,0.0,16.08,16.08,,,,,,
2025,12,KC,IND,R.Rice,0.0,0.0,0.0,0.0,0.0,0.0,,0.0,0.0,0.0,0.0,0.0,13.0,8.0,141.0,0.0,56.0,0.0,0.0,22.1,14.1,,,,,,
2025,12,KC,IND,T.Kelce,0.0,0.0,0.0,0.0,0.0,0.0,,1.0,1.0,0.0,0.0,0.0,6.0,4.0,43.0,0.0,76.0,0.0,0.0,8.4,4.4,,,,,,
2025,12,KC,IND,T.Thornton,0.0,0.0,0.0,0.0,0.0,0.0,,0.0,0.0,0.0,0.0,0.0,1.0,0.0,0.0,0.0,43.0,0.0,0.0,0.0,0.0,,,,,,
2025,12,KC,IND,X.Worthy,0.0,0.0,0.0,0.0,0.0,0.0,,0.0,0.0,0.0,0.0,0.0,8.0,4.0,59.0,0.0,101.0,0.0,0.0,9.9,5.9,,,,,,
2025,12,LA,TB,B.Corum,0.0,0.0,0.0,0.0,0.0,0.0,,7.0,24.0,0.0,0.0,0.0,0.0,0.0,0.0,0.0,0.0,0.0,0.0,2.4,2.4,,,,,,
2025,12,LA,TB,C.Parkinson,0.0,0.0,0.0,0.0,0.0,0.0,,0.0,0.0,0.0,0.0,0.0,4.0,4.0,41.0,1.0,6.0,0.0,0.0,14.1,10.1,,,,,,
2025,12,LA,TB,D.Adams,0.0,0.0,0.0,0.0,0.0,0.0,,0.0,0.0,0.0,0.0,0.0,8.0,5.0,62.0,2.0,95.0,0.0,0.0,23.2,18.2,,,,,,
2025,12,LA,TB,D.Allen,0.0,0.0,0.0,0.0,0.0,0.0,,0.0,0.0,0.0,0.0,0.0,4.0,3.0,29.0,0.0,12.0,0.0,0.0,5.9,2.9,,,,,,
2025,12,LA,TB,J.Whittington,0.0,0.0,0.0,0.0,0.0,0.0,,0.0,0.0,0.0,0.0,0.0,3.0,3.0,17.0,0.0,5.0,0.0,0.0,4.7,1.7,,,,,,
2025,12,LA,TB,K.Mumpfield,0.0,0.0,0.0,0.0,0.0,0.0,,0.0,0.0,0.0,0.0,0.0,2.0,2.0,25.0,0.0,21.0,0.0,0.0,4.5,2.5,,,,,,
2025,12,LA,TB,K.Williams,0.0,0.0,0.0,0.0,0.0,0.0,,12.0,46.0,0.0,0.0,0.0,1.0,1.0,2.0,0.0,2.0,0.0,0.0,5.8,4.8,,,,,,
2025,12,LA,TB,M.Stafford,36.0,25.0,273.0,3.0,0.0,1.0,QB,0.0,0.0,0.0,0.0,0.0,0.0,0.0,0.0,0.0,0.0,0.0,0.0,22.92,22.92,,,,,,
2025,12,LA,TB,P.Nacua,0.0,0.0,0.0,0.0,0.0,0.0,,0.0,0.0,0.0,0.0,0.0,11.0,7.0,97.0,0.0,93.0,0.0,0.0,16.7,9.7,,,,,,
2025,12,LA,TB,T.Ferguson,0.0,0.0,0.0,0.0,0.0,0.0,,0.0,0.0,0.0,0.0,0.0,1.0,0.0,0.0,0.0,16.0,0.0,0.0,0.0,0.0,,,,,,
2025,12,LV,CLE,A.Jeanty,0.0,0.0,0.0,0.0,0.0,0.0,,17.0,50.0,0.0,0.0,0.0,8.0,8.0,58.0,1.0,-20.0,0.0,0.0,24.8,16.8,,,,,,
2025,12,LV,CLE,B.Bowers,0.0,0.0,0.0,0.0,0.0,0.0,,0.0,0.0,0.0,0.0,0.0,9.0,6.0,55.0,0.0,64.0,0.0,0.0,11.5,5.5,,,,,,
2025,12,LV,CLE,D.Thornton,0.0,0.0,0.0,0.0,0.0,0.0,,0.0,0.0,0.0,0.0,0.0,2.0,1.0,14.0,0.0,29.0,0.0,0.0,2.4,1.4,,,,,,
2025,12,LV,CLE,G.Smith,54.0,30.0,285.0,1.0,0.0,10.0,QB,3.0,8.0,0.0,0.0,0.0,0.0,0.0,0.0,0.0,0.0,0.0,0.0,16.2,16.2,,,,,,
2025,12,LV,CLE,I.Thomas,0.0,0.0,0.0,0.0,0.0,0.0,,0.0,0.0,0.0,0.0,0.0,4.0,4.0,36.0,0.0,10.0,0.0,0.0,7.6,3.6,,,,,,
2025,12,LV,CLE,M.Mayer,0.0,0.0,0.0,0.0,0.0,0.0,,0.0,0.0,0.0,0.0,0.0,1.0,1.0,14.0,0.0,4.0,0.0,0.0,2.4,1.4,,,,,,
2025,12,LV,CLE,R.Mostert,0.0,0.0,0.0,0.0,0.0,0.0,,1.0,2.0,0.0,0.0,0.0,3.0,3.0,18.0,0.0,-1.0,0.0,0.0,5.0,2.0,,,,,,
2025,12,LV,CLE,T.Lockett,0.0,0.0,0.0,0.0,0.0,0.0,,0.0,0.0,0.0,0.0,0.0,5.0,4.0,62.0,0.0,71.0,0.0,0.0,10.2,6.2,,,,,,
2025,12,LV,CLE,T.Tucker,0.0,0.0,0.0,0.0,0.0,0.0,,0.0,0.0,0.0,0.0,0.0,10.0,3.0,28.0,0.0,188.0,0.0,0.0,5.8,2.8,,,,,,
2025,12,MIN,GB,A.Jones,0.0,0.0,0.0,0.0,0.0,0.0,,9.0,41.0,0.0,0.0,0.0,4.0,3.0,16.0,0.0,-3.0,0.0,0.0,8.7,5.7,,,,,,
2025,12,MIN,GB,A.Thielen,0.0,0.0,0.0,0.0,0.0,0.0,,0.0,0.0,0.0,0.0,0.0,1.0,0.0,0.0,0.0,3.0,0.0,0.0,0.0,0.0,,,,,,
2025,12,MIN,GB,J.Addison,0.0,0.0,0.0,0.0,0.0,0.0,,0.0,0.0,0.0,0.0,0.0,1.0,0.0,0.0,0.0,-1.0,0.0,0.0,0.0,0.0,,,,,,
2025,12,MIN,GB,J.Jefferson,0.0,0.0,0.0,0.0,0.0,0.0,,0.0,0.0,0.0,0.0,0.0,6.0,4.0,48.0,0.0,58.0,0.0,0.0,8.8,4.8,,,,,,
2025,12,MIN,GB,J.Mason,0.0,0.0,0.0,0.0,0.0,0.0,,8.0,42.0,0.0,0.0,0.0,0.0,0.0,0.0,0.0,0.0,0.0,0.0,4.2,4.2,,,,,,
2025,12,MIN,GB,J.McCarthy,24.0,12.0,87.0,0.0,2.0,5.0,QB,2.0,10.0,0.0,1.0,0.0,0.0,0.0,0.0,0.0,0.0,0.0,0.0,2.48,2.48,,,,,,
2025,12,MIN,GB,J.Nailor,0.0,0.0,0.0,0.0,0.0,0.0,,0.0,0.0,0.0,0.0,0.0,1.0,0.0,0.0,0.0,30.0,0.0,0.0,0.0,0.0,,,,,,
2025,12,MIN,GB,J.Oliver,0.0,0.0,0.0,0.0,0.0,0.0,,0.0,0.0,0.0,0.0,0.0,1.0,1.0,4.0,0.0,2.0,0.0,0.0,1.4,0.4,,,,,,
2025,12,MIN,GB,T.Hockenson,0.0,0.0,0.0,0.0,0.0,0.0,,1.0,0.0,0.0,0.0,0.0,4.0,4.0,19.0,0.0,16.0,0.0,0.0,5.9,1.9,,,,,,
2025,12,NE,CIN,A.Hooper,0.0,0.0,0.0,0.0,0.0,0.0,,0.0,0.0,0.0,0.0,0.0,4.0,3.0,39.0,0.0,39.0,0.0,0.0,6.9,3.9,,,,,,
2025,12,NE,CIN,D.Douglas,0.0,0.0,0.0,0.0,0.0,0.0,,1.0,14.0,0.0,0.0,0.0,1.0,1.0,37.0,0.0,36.0,0.0,0.0,6.1,5.1,,,,,,
2025,12,NE,CIN,D.Maye,36.0,22.0,294.0,1.0,1.0,1.0,QB,5.0,22.0,0.0,0.0,0.0,0.0,0.0,0.0,0.0,0.0,0.0,0.0,16.96,16.96,,,,,,
2025,12,NE,CIN,H.Henry,0.0,0.0,0.0,0.0,0.0,0.0,,0.0,0.0,0.0,0.0,0.0,10.0,7.0,115.0,1.0,77.0,0.0,0.0,24.5,17.5,,,,,,
2025,12,NE,CIN,K.Boutte,0.0,0.0,0.0,0.0,0.0,0.0,,0.0,0.0,0.0,0.0,0.0,2.0,2.0,15.0,0.0,12.0,0.0,0.0,3.5,1.5,,,,,,
2025,12,NE,CIN,K.Williams,0.0,0.0,0.0,0.0,0.0,0.0,,0.0,0.0,0.0,0.0,0.0,1.0,1.0,18.0,0.0,5.0,0.0,0.0,2.8,1.8,,,,,,
2025,12,NE,CIN,M.Hollins,0.0,0.0,0.0,0.0,0.0,0.0,,0.0,0.0,0.0,0.0,0.0,6.0,2.0,30.0,0.0,74.0,0.0,0.0,5.0,3.0,,,,,,
2025,12,NE,CIN,R.Stevenson,0.0,0.0,0.0,0.0,0.0,0.0,,6.0,5.0,0.0,0.0,0.0,2.0,1.0,5.0,0.0,14.0,0.0,0.0,2.0,1.0,,,,,,
2025,12,NE,CIN,S.Diggs,0.0,0.0,0.0,0.0,0.0,0.0,,0.0,0.0,0.0,0.0,0.0,3.0,2.0,20.0,0.0,28.0,0.0,0.0,4.0,2.0,,,,,,
2025,12,NE,CIN,T.Henderson,0.0,0.0,0.0,0.0,0.0,0.0,,18.0,66.0,0.0,0.0,0.0,4.0,3.0,15.0,0.0,7.0,0.0,0.0,11.1,8.1,,,,,,
2025,12,NE,CIN,T.Jennings,0.0,0.0,0.0,0.0,0.0,0.0,,1.0,0.0,0.0,0.0,0.0,0.0,0.0,0.0,0.0,0.0,0.0,0.0,0.0,0.0,,,,,,
2025,12,NO,ATL,A.Kamara,0.0,0.0,0.0,0.0,0.0,0.0,,3.0,11.0,0.0,0.0,0.0,2.0,2.0,4.0,0.0,-8.0,0.0,0.0,3.5,1.5,,,,,,
2025,12,NO,ATL,C.Olave,0.0,0.0,0.0,0.0,0.0,0.0,,0.0,0.0,0.0,0.0,0.0,13.0,9.0,70.0,0.0,151.0,0.0,0.0,16.0,7.0,,,,,,
2025,12,NO,ATL,D.Neal,0.0,0.0,0.0,0.0,0.0,0.0,,7.0,18.0,0.0,0.0,0.0,7.0,5.0,43.0,0.0,-25.0,0.0,0.0,11.1,6.1,,,,,,
2025,12,NO,ATL,D.Pettis,0.0,0.0,0.0,0.0,0.0,0.0,,0.0,0.0,0.0,0.0,0.0,1.0,1.0,14.0,0.0,14.0,0.0,0.0,2.4,1.4,,,,,,
2025,12,NO,ATL,D.Vele,0.0,0.0,0.0,0.0,0.0,0.0,,0.0,0.0,0.0,0.0,0.0,7.0,3.0,37.0,0.0,59.0,0.0,0.0,6.7,3.7,,,,,,
2025,12,NO,ATL,F.Moreau,0.0,0.0,0.0,0.0,0.0,0.0,,0.0,0.0,0.0,0.0,0.0,1.0,0.0,0.0,0.0,-1.0,0.0,0.0,0.0,0.0,,,,,,
2025,12,NO,ATL,J.Johnson,0.0,0.0,0.0,0.0,0.0,0.0,,0.0,0.0,0.0,0.0,0.0,7.0,6.0,46.0,0.0,54.0,0.0,0.0,10.6,4.6,,,,,,
2025,12,NO,ATL,J.Stoll,0.0,0.0,0.0,0.0,0.0,0.0,,0.0,0.0,0.0,0.0,0.0,1.0,1.0,7.0,0.0,7.0,0.0,0.0,1.7,0.7,,,,,,
2025,12,NO,ATL,M.Tipton,0.0,0.0,0.0,0.0,0.0,0.0,,1.0,11.0,0.0,0.0,0.0,4.0,3.0,22.0,0.0,53.0,0.0,0.0,6.3,3.3,,,,,,
2025,12,NO,ATL,T.Hill,2.0,0.0,0.0,0.0,0.0,0.0,QB,10.0,17.0,0.0,0.0,0.0,0.0,0.0,0.0,0.0,0.0,0.0,0.0,1.7,1.7,,,,,,
2025,12,NO,ATL,T.Shough,48.0,30.0,243.0,0.0,1.0,5.0,QB,7.0,22.0,0.0,1.0,1.0,0.0,0.0,0.0,0.0,0.0,0.0,0.0,10.92,10.92,,,,,,
2025,12,NYG,DET,D.Bellinger,0.0,0.0,0.0,0.0,0.0,0.0,,0.0,0.0,0.0,0.0,0.0,2.0,0.0,0.0,0.0,21.0,0.0,0.0,0.0,0.0,,,,,,
2025,12,NYG,DET,D.Singletary,0.0,0.0,0.0,0.0,0.0,0.0,,14.0,47.0,0.0,0.0,0.0,0.0,0.0,0.0,0.0,0.0,0.0,0.0,4.7,4.7,,,,,,
2025,12,NYG,DET,D.Slayton,0.0,0.0,0.0,0.0,0.0,0.0,,0.0,0.0,0.0,0.0,0.0,2.0,1.0,23.0,0.0,34.0,0.0,0.0,3.3,2.3,,,,,,
2025,12,NYG,DET,G.Olszewski,1.0,1.0,33.0,1.0,0.0,0.0,QB,0.0,0.0,0.0,0.0,0.0,0.0,0.0,0.0,0.0,0.0,0.0,0.0,5.32,5.32,,,,,,
2025,12,NYG,DET,I.Hodgins,0.0,0.0,0.0,0.0,0.0,0.0,,0.0,0.0,0.0,0.0,0.0,6.0,2.0,42.0,1.0,75.0,0.0,0.0,12.2,10.2,,,,,,
2025,12,NYG,DET,J.Winston,37.0,18.0,366.0,2.0,1.0,1.0,QB,4.0,13.0,0.0,0.0,0.0,1.0,1.0,33.0,1.0,13.0,0.0,0.0,33.24,32.24,,,,,,
2025,12,NYG,DET,T.Johnson,0.0,0.0,0.0,0.0,0.0,0.0,,0.0,0.0,0.0,0.0,0.0,5.0,3.0,77.0,0.0,79.0,0.0,0.0,10.7,7.7,,,,,,
2025,12,NYG,DET,T.Tracy,0.0,0.0,0.0,0.0,0.0,0.0,,20.0,62.0,0.0,0.0,0.0,4.0,3.0,68.0,0.0,2.0,0.0,0.0,16.0,13.0,,,,,,
2025,12,NYG,DET,W.Robinson,0.0,0.0,0.0,0.0,0.0,0.0,,1.0,0.0,0.0,0.0,0.0,14.0,9.0,156.0,1.0,175.0,1.0,0.0,30.6,21.6,,,,,,
2025,12,NYJ,BAL,A.Beck,0.0,0.0,0.0,0.0,0.0,0.0,,0.0,0.0,0.0,0.0,0.0,1.0,1.0,10.0,0.0,4.0,0.0,0.0,2.0,1.0,,,,,,
2025,12,NYJ,BAL,A.Lazard,0.0,0.0,0.0,0.0,0.0,0.0,,0.0,0.0,0.0,0.0,0.0,3.0,1.0,9.0,0.0,21.0,0.0,0.0,1.9,0.9,,,,,,
2025,12,NYJ,BAL,A.Mitchell,0.0,0.0,0.0,0.0,0.0,0.0,,0.0,0.0,0.0,0.0,0.0,7.0,2.0,42.0,0.0,182.0,0.0,0.0,6.2,4.2,,,,,,
2025,12,NYJ,BAL,A.Smith,0.0,0.0,0.0,0.0,0.0,0.0,,1.0,8.0,0.0,0.0,0.0,0.0,0.0,0.0,0.0,0.0,0.0,0.0,0.8,0.8,,,,,,
2025,12,NYJ,BAL,B.Hall,0.0,0.0,0.0,0.0,0.0,0.0,,16.0,44.0,0.0,1.0,1.0,4.0,4.0,75.0,0.0,-2.0,0.0,0.0,15.9,11.9,,,,,,
2025,12,NYJ,BAL,I.Davis,0.0,0.0,0.0,0.0,0.0,0.0,,4.0,7.0,0.0,0.0,0.0,0.0,0.0,0.0,0.0,0.0,0.0,0.0,0.7,0.7,,,,,,
2025,12,NYJ,BAL,J.Metchie,0.0,0.0,0.0,0.0,0.0,0.0,,0.0,0.0,0.0,0.0,0.0,7.0,6.0,65.0,1.0,32.0,0.0,0.0,18.5,12.5,,,,,,
2025,12,NYJ,BAL,M.Taylor,0.0,0.0,0.0,0.0,0.0,0.0,,0.0,0.0,0.0,0.0,0.0,5.0,3.0,21.0,0.0,27.0,0.0,0.0,5.1,2.1,,,,,,
2025,12,NYJ,BAL,T.Taylor,31.0,17.0,222.0,1.0,1.0,3.0,QB,5.0,19.0,0.0,0.0,0.0,0.0,0.0,0.0,0.0,0.0,0.0,0.0,13.78,13.78,,,,,,
2025,12,PHI,DAL,A.Brown,0.0,0.0,0.0,0.0,0.0,0.0,,0.0,0.0,0.0,0.0,0.0,10.0,8.0,110.0,1.0,90.0,0.0,0.0,25.0,17.0,,,,,,
2025,12,PHI,DAL,D.Cooper,0.0,0.0,0.0,0.0,0.0,0.0,,0.0,0.0,0.0,0.0,0.0,2.0,2.0,7.0,0.0,1.0,0.0,0.0,2.7,0.7,,,,,,
2025,12,PHI,DAL,D.Goedert,0.0,0.0,0.0,0.0,0.0,0.0,,0.0,0.0,0.0,0.0,0.0,2.0,2.0,20.0,0.0,11.0,0.0,0.0,4.0,2.0,,,,,,
2025,12,PHI,DAL,D.Smith,0.0,0.0,0.0,0.0,0.0,0.0,,0.0,0.0,0.0,0.0,0.0,11.0,6.0,89.0,0.0,169.0,0.0,0.0,14.9,8.9,,,,,,
2025,12,PHI,DAL,G.Calcaterra,0.0,0.0,0.0,0.0,0.0,0.0,,0.0,0.0,0.0,0.0,0.0,1.0,1.0,8.0,0.0,4.0,0.0,0.0,1.8,0.8,,,,,,
2025,12,PHI,DAL,J.Dotson,0.0,0.0,0.0,0.0,0.0,0.0,,0.0,0.0,0.0,0.0,0.0,1.0,0.0,0.0,0.0,10.0,0.0,0.0,0.0,0.0,,,,,,
2025,12,PHI,DAL,J.Hurts,40.0,27.0,289.0,1.0,0.0,1.0,QB,7.0,33.0,2.0,0.0,0.0,0.0,0.0,0.0,0.0,0.0,0.0,0.0,30.86,30.86,,,,,,
2025,12,PHI,DAL,S.Barkley,0.0,0.0,0.0,0.0,0.0,0.0,,10.0,22.0,0.0,0.0,0.0,8.0,7.0,52.0,0.0,21.0,1.0,1.0,14.4,7.4,,,,,,
2025,12,PHI,DAL,T.Bigsby,0.0,0.0,0.0,0.0,0.0,0.0,,1.0,8.0,0.0,0.0,0.0,0.0,0.0,0.0,0.0,0.0,0.0,0.0,0.8,0.8,,,,,,
2025,12,PHI,DAL,X.Gipson,0.0,0.0,0.0,0.0,0.0,0.0,,0.0,0.0,0.0,0.0,0.0,1.0,1.0,3.0,0.0,-4.0,0.0,0.0,1.3,0.3,,,,,,
2025,12,PIT,CHI,B.Skowronek,0.0,0.0,0.0,0.0,0.0,0.0,,0.0,0.0,0.0,0.0,0.0,1.0,1.0,21.0,0.0,18.0,0.0,0.0,3.1,2.1,,,,,,
2025,12,PIT,CHI,C.Austin,0.0,0.0,0.0,0.0,0.0,0.0,,0.0,0.0,0.0,0.0,0.0,5.0,4.0,36.0,0.0,26.0,0.0,0.0,7.6,3.6,,,,,,
2025,12,PIT,CHI,Co.Heyward,0.0,0.0,0.0,0.0,0.0,0.0,,1.0,0.0,0.0,0.0,0.0,0.0,0.0,0.0,0.0,0.0,0.0,0.0,0.0,0.0,,,,,,
2025,12,PIT,CHI,D.Metcalf,0.0,0.0,0.0,0.0,0.0,0.0,,2.0,12.0,1.0,0.0,0.0,8.0,5.0,22.0,0.0,49.0,0.0,0.0,14.4,9.4,,,,,,
2025,12,PIT,CHI,D.Washington,0.0,0.0,0.0,0.0,0.0,0.0,,0.0,0.0,0.0,0.0,0.0,2.0,2.0,22.0,0.0,8.0,0.0,0.0,4.2,2.2,,,,,,
2025,12,PIT,CHI,J.Smith,0.0,0.0,0.0,0.0,0.0,0.0,,2.0,7.0,0.0,0.0,0.0,3.0,3.0,21.0,0.0,6.0,0.0,0.0,5.8,2.8,,,,,,
2025,12,PIT,CHI,J.Warren,0.0,0.0,0.0,0.0,0.0,0.0,,18.0,68.0,1.0,0.0,0.0,0.0,0.0,0.0,0.0,0.0,0.0,0.0,12.8,12.8,,,,,,
2025,12,PIT,CHI,K.Gainwell,0.0,0.0,0.0,0.0,0.0,0.0,,10.0,92.0,0.0,0.0,0.0,6.0,6.0,30.0,0.0,-9.0,0.0,0.0,18.2,12.2,,,,,,
2025,12,PIT,CHI,M.Rudolph,33.0,24.0,171.0,1.0,1.0,2.0,QB,3.0,7.0,0.0,0.0,0.0,0.0,0.0,0.0,0.0,0.0,0.0,0.0,10.54,10.54,,,,,,
2025,12,PIT,CHI,P.Freiermuth,0.0,0.0,0.0,0.0,0.0,0.0,,0.0,0.0,0.0,0.0,0.0,3.0,3.0,19.0,1.0,9.0,0.0,0.0,10.9,7.9,,,,,,
2025,12,PIT,CHI,R.Wilson,0.0,0.0,0.0,0.0,0.0,0.0,,0.0,0.0,0.0,0.0,0.0,3.0,0.0,0.0,0.0,89.0,0.0,0.0,0.0,0.0,,,,,,
2025,12,SEA,TEN,A.Barner,0.0,0.0,0.0,0.0,0.0,0.0,,0.0,0.0,0.0,0.0,0.0,4.0,2.0,18.0,0.0,29.0,0.0,0.0,3.8,1.8,,,,,,
2025,12,SEA,TEN,C.Kupp,0.0,0.0,0.0,0.0,0.0,0.0,,0.0,0.0,0.0,0.0,0.0,4.0,2.0,24.0,0.0,40.0,0.0,0.0,4.4,2.4,,,,,,
2025,12,SEA,TEN,E.Arroyo,0.0,0.0,0.0,0.0,0.0,0.0,,0.0,0.0,0.0,0.0,0.0,1.0,1.0,5.0,0.0,2.0,0.0,0.0,1.5,0.5,,,,,,
2025,12,SEA,TEN,J.Smith-Njigba,0.0,0.0,0.0,0.0,0.0,0.0,,1.0,4.0,0.0,0.0,0.0,10.0,8.0,167.0,2.0,138.0,0.0,0.0,37.1,29.1,,,,,,
2025,12,SEA,TEN,K.Walker,0.0,0.0,0.0,0.0,0.0,0.0,,11.0,71.0,0.0,0.0,0.0,4.0,3.0,30.0,0.0,-9.0,0.0,0.0,13.1,10.1,,,,,,
2025,12,SEA,TEN,R.Shaheed,0.0,0.0,0.0,0.0,0.0,0.0,,1.0,5.0,0.0,0.0,0.0,2.0,0.0,0.0,0.0,52.0,0.0,0.0,0.5,0.5,,,,,,
2025,12,SEA,TEN,S.Darnold,27.0,16.0,244.0,2.0,0.0,1.0,QB,1.0,-1.0,0.0,0.0,0.0,0.0,0.0,0.0,0.0,0.0,0.0,0.0,17.66,17.66,,,,,,
2025,12,SEA,TEN,Z.Charbonnet,0.0,0.0,0.0,0.0,0.0,0.0,,6.0,35.0,1.0,0.0,0.0,0.0,0.0,0.0,0.0,0.0,0.0,0.0,9.5,9.5,,,,,,
2025,12,SF,CAR,B.Purdy,32.0,23.0,193.0,1.0,3.0,0.0,QB,6.0,16.0,0.0,0.0,0.0,0.0,0.0,0.0,0.0,0.0,0.0,0.0,10.32,10.32,,,,,,
2025,12,SF,CAR,B.Robinson,0.0,0.0,0.0,0.0,0.0,0.0,,7.0,40.0,0.0,0.0,0.0,2.0,1.0,4.0,0.0,2.0,0.0,0.0,5.4,4.4,,,,,,
2025,12,SF,CAR,C.McCaffrey,0.0,0.0,0.0,0.0,0.0,0.0,,24.0,89.0,1.0,1.0,0.0,7.0,7.0,53.0,0.0,1.0,0.0,0.0,27.2,20.2,,,,,,
2025,12,SF,CAR,D.Robinson,0.0,0.0,0.0,0.0,0.0,0.0,,0.0,0.0,0.0,0.0,0.0,1.0,1.0,8.0,0.0,8.0,0.0,0.0,1.8,0.8,,,,,,
2025,12,SF,CAR,G.Kittle,0.0,0.0,0.0,0.0,0.0,0.0,,0.0,0.0,0.0,0.0,0.0,10.0,6.0,78.0,0.0,67.0,0.0,0.0,13.8,7.8,,,,,,
2025,12,SF,CAR,J.Jennings,0.0,0.0,0.0,0.0,0.0,0.0,,0.0,0.0,0.0,0.0,0.0,7.0,5.0,41.0,1.0,65.0,0.0,0.0,15.1,10.1,,,,,,
2025,12,SF,CAR,L.Farrell,0.0,0.0,0.0,0.0,0.0,0.0,,0.0,0.0,0.0,0.0,0.0,1.0,1.0,3.0,0.0,3.0,0.0,0.0,1.3,0.3,,,,,,
2025,12,SF,CAR,R.Pearsall,0.0,0.0,0.0,0.0,0.0,0.0,,1.0,2.0,0.0,0.0,0.0,4.0,2.0,6.0,0.0,49.0,0.0,0.0,2.8,0.8,,,,,,
2025,12,TB,LA,B.Mayfield,21.0,9.0,41.0,1.0,2.0,2.0,QB,4.0,19.0,0.0,1.0,0.0,0.0,0.0,0.0,0.0,0.0,0.0,0.0,5.54,5.54,,,,,,
2025,12,TB,LA,C.Godwin,0.0,0.0,0.0,0.0,0.0,0.0,,0.0,0.0,0.0,0.0,0.0,4.0,2.0,9.0,0.0,41.0,0.0,0.0,2.9,0.9,,,,,,
2025,12,TB,LA,C.Otton,0.0,0.0,0.0,0.0,0.0,0.0,,0.0,0.0,0.0,0.0,0.0,7.0,4.0,21.0,0.0,24.0,0.0,0.0,6.1,2.1,,,,,,
2025,12,TB,LA,E.Egbuka,0.0,0.0,0.0,0.0,0.0,0.0,,0.0,0.0,0.0,0.0,0.0,8.0,3.0,32.0,0.0,87.0,0.0,0.0,6.2,3.2,,,,,,
2025,12,TB,LA,O.Wright,0.0,0.0,0.0,0.0,0.0,0.0,,3.0,6.0,0.0,0.0,0.0,0.0,0.0,0.0,0.0,0.0,0.0,0.0,0.6,0.6,,,,,,
2025,12,TB,LA,R.White,0.0,0.0,0.0,0.0,0.0,0.0,,7.0,38.0,0.0,0.0,0.0,1.0,1.0,4.0,0.0,-5.0,0.0,0.0,5.2,4.2,,,,,,
2025,12,TB,LA,S.Shepard,0.0,0.0,0.0,0.0,0.0,0.0,,0.0,0.0,0.0,0.0,0.0,5.0,3.0,12.0,0.0,20.0,0.0,0.0,4.2,1.2,,,,,,
2025,12,TB,LA,S.Tucker,0.0,0.0,0.0,0.0,0.0,0.0,,12.0,42.0,0.0,0.0,0.0,2.0,1.0,4.0,0.0,4.0,0.0,0.0,5.6,4.6,,,,,,
2025,12,TB,LA,T.Bridgewater,17.0,8.0,62.0,0.0,0.0,2.0,QB,1.0,6.0,0.0,0.0,0.0,0.0,0.0,0.0,0.0,0.0,0.0,0.0,3.08,3.08,,,,,,
2025,12,TB,LA,T.Johnson,0.0,0.0,0.0,0.0,0.0,0.0,,2.0,12.0,0.0,0.0,0.0,4.0,3.0,21.0,1.0,24.0,0.0,0.0,12.3,9.3,,,,,,
2025,12,TEN,SEA,C.Dike,0.0,0.0,0.0,0.0,0.0,0.0,,0.0,0.0,0.0,0.0,0.0,7.0,5.0,44.0,1.0,54.0,0.0,0.0,15.4,10.4,,,,,,
2025,12,TEN,SEA,C.Okonkwo,0.0,0.0,0.0,0.0,0.0,0.0,,0.0,0.0,0.0,0.0,0.0,4.0,3.0,40.0,0.0,20.0,0.0,0.0,7.0,4.0,,,,,,
2025,12,TEN,SEA,C.Ward,46.0,28.0,256.0,1.0,0.0,4.0,QB,6.0,37.0,1.0,0.0,0.0,0.0,0.0,0.0,0.0,0.0,0.0,0.0,23.94,23.94,,,,,,
2025,12,TEN,SEA,G.Helm,0.0,0.0,0.0,0.0,0.0,0.0,,0.0,0.0,0.0,0.0,0.0,7.0,6.0,51.0,0.0,32.0,0.0,0.0,11.1,5.1,,,,,,
2025,12,TEN,SEA,J.Chestnut,0.0,0.0,0.0,0.0,0.0,0.0,,2.0,3.0,0.0,0.0,0.0,0.0,0.0,0.0,0.0,0.0,0.0,0.0,0.3,0.3,,,,,,
2025,12,TEN,SEA,J.Proche,0.0,0.0,0.0,0.0,0.0,0.0,,0.0,0.0,0.0,0.0,0.0,3.0,3.0,42.0,0.0,40.0,0.0,0.0,7.2,4.2,,,,,,
2025,12,TEN,SEA,T.Pollard,0.0,0.0,0.0,0.0,0.0,0.0,,11.0,20.0,0.0,0.0,0.0,5.0,4.0,21.0,0.0,2.0,0.0,0.0,8.1,4.1,,,,,,
2025,12,TEN,SEA,T.Spears,0.0,0.0,0.0,0.0,0.0,0.0,,3.0,4.0,0.0,0.0,0.0,5.0,4.0,21.0,0.0,-27.0,0.0,0.0,6.5,2.5,,,,,,
2025,12,TEN,SEA,V.Jefferson,0.0,0.0,0.0,0.0,0.0,0.0,,0.0,0.0,0.0,0.0,0.0,1.0,1.0,11.0,0.0,5.0,0.0,0.0,2.1,1.1,,,,,,
2025,12,TEN,SEA,X.Restrepo,0.0,0.0,0.0,0.0,0.0,0.0,,0.0,0.0,0.0,0.0,0.0,6.0,2.0,26.0,0.0,68.0,0.0,0.0,4.6,2.6,,,,,,
2025,13,ARI,TB,E.Higgins,0.0,0.0,0.0,0.0,0.0,0.0,,0.0,0.0,0.0,0.0,0.0,2.0,2.0,17.0,0.0,6.0,0.0,0.0,3.7,1.7,,,,,,
2025,13,ARI,TB,G.Dortch,0.0,0.0,0.0,0.0,0.0,0.0,,0.0,0.0,0.0,0.0,0.0,2.0,2.0,14.0,0.0,-3.0,0.0,0.0,3.4,1.4,,,,,,
2025,13,ARI,TB,J.Brissett,42.0,29.0,301.0,2.0,1.0,2.0,QB,3.0,16.0,0.0,0.0,0.0,0.0,0.0,0.0,0.0,0.0,0.0,0.0,20.64,20.64,,,,,,
2025,13,ARI,TB,M.Carter,0.0,0.0,0.0,0.0,0.0,0.0,,5.0,17.0,0.0,0.0,0.0,6.0,5.0,47.0,0.0,-8.0,0.0,0.0,11.4,6.4,,,,,,
2025,13,ARI,TB,M.Harrison,0.0,0.0,0.0,0.0,0.0,0.0,,0.0,0.0,0.0,0.0,0.0,7.0,6.0,69.0,0.0,83.0,0.0,0.0,12.9,6.9,,,,,,
2025,13,ARI,TB,M.Wilson,0.0,0.0,0.0,0.0,0.0,0.0,,0.0,0.0,0.0,0.0,0.0,7.0,3.0,36.0,0.0,91.0,0.0,0.0,6.6,3.6,,,,,,
2025,13,ARI,TB,T.McBride,0.0,0.0,0.0,0.0,0.0,0.0,,0.0,0.0,0.0,0.0,0.0,9.0,8.0,82.0,1.0,95.0,0.0,0.0,22.2,14.2,,,,,,
2025,13,ARI,TB,X.Weaver,0.0,0.0,0.0,0.0,0.0,0.0,,0.0,0.0,0.0,0.0,0.0,1.0,0.0,0.0,0.0,5.0,0.0,0.0,0.0,0.0,,,,,,
2025,13,ARI,TB,Z.Knight,0.0,0.0,0.0,0.0,0.0,0.0,,11.0,62.0,0.0,1.0,1.0,3.0,3.0,36.0,1.0,12.0,0.0,0.0,18.8,15.8,,,,,,
2025,13,ATL,NYJ,B.Robinson,0.0,0.0,0.0,0.0,0.0,0.0,,23.0,142.0,1.0,0.0,0.0,7.0,5.0,51.0,0.0,-6.0,0.0,0.0,30.3,25.3,,,,,,
2025,13,ATL,NYJ,D.Drummond,0.0,0.0,0.0,0.0,0.0,0.0,,0.0,0.0,0.0,0.0,0.0,3.0,1.0,3.0,0.0,45.0,0.0,0.0,1.3,0.3,,,,,,
2025,13,ATL,NYJ,D.Mooney,0.0,0.0,0.0,0.0,0.0,0.0,,0.0,0.0,0.0,0.0,0.0,5.0,2.0,25.0,0.0,43.0,0.0,0.0,4.5,2.5,,,,,,
2025,13,ATL,NYJ,D.Sills,0.0,0.0,0.0,0.0,0.0,0.0,,0.0,0.0,0.0,0.0,0.0,4.0,2.0,15.0,1.0,42.0,0.0,0.0,9.5,7.5,,,,,,
2025,13,ATL,NYJ,D.Thompkins,0.0,0.0,0.0,0.0,0.0,0.0,,1.0,5.0,0.0,0.0,0.0,2.0,2.0,23.0,0.0,11.0,0.0,0.0,4.8,2.8,,,,,,
2025,13,ATL,NYJ,K.Cousins,35.0,21.0,234.0,1.0,0.0,2.0,QB,0.0,0.0,0.0,0.0,0.0,0.0,0.0,0.0,0.0,0.0,0.0,0.0,13.36,13.36,,,,,,
2025,13,ATL,NYJ,K.Pitts,0.0,0.0,0.0,0.0,0.0,0.0,,0.0,0.0,0.0,0.0,0.0,8.0,7.0,82.0,0.0,35.0,0.0,0.0,15.2,8.2,,,,,,
2025,13,ATL,NYJ,T.Allgeier,0.0,0.0,0.0,0.0,0.0,0.0,,8.0,20.0,1.0,0.0,0.0,2.0,2.0,35.0,0.0,-4.0,0.0,0.0,13.5,11.5,,,,,,
2025,13,BAL,CIN,C.Kolar,0.0,0.0,0.0,0.0,0.0,0.0,,0.0,0.0,0.0,0.0,0.0,1.0,1.0,17.0,0.0,14.0,0.0,0.0,2.7,1.7,,,,,,
2025,13,BAL,CIN,D.Henry,0.0,0.0,0.0,0.0,0.0,0.0,,10.0,60.0,1.0,0.0,0.0,1.0,1.0,44.0,0.0,2.0,0.0,0.0,17.4,16.4,,,,,,
2025,13,BAL,CIN,D.Hopkins,0.0,0.0,0.0,0.0,0.0,0.0,,0.0,0.0,0.0,0.0,0.0,3.0,2.0,25.0,0.0,31.0,0.0,0.0,4.5,2.5,,,,,,
2025,13,BAL,CIN,D.Walker,0.0,0.0,0.0,0.0,0.0,0.0,,0.0,0.0,0.0,0.0,0.0,2.0,0.0,0.0,0.0,83.0,0.0,0.0,0.0,0.0,,,,,,
2025,13,BAL,CIN,I.Likely,0.0,0.0,0.0,0.0,0.0,0.0,,0.0,0.0,0.0,0.0,0.0,6.0,5.0,95.0,0.0,71.0,1.0,1.0,14.5,9.5,,,,,,
2025,13,BAL,CIN,K.Mitchell,0.0,0.0,0.0,0.0,0.0,0.0,,2.0,19.0,1.0,0.0,0.0,3.0,2.0,12.0,0.0,-7.0,0.0,0.0,11.1,9.1,,,,,,
2025,13,BAL,CIN,L.Jackson,35.0,17.0,246.0,0.0,1.0,3.0,QB,6.0,27.0,0.0,0.0,0.0,0.0,0.0,0.0,0.0,0.0,0.0,0.0,11.54,11.54,,,,,,
2025,13,BAL,CIN,M.Andrews,0.0,0.0,0.0,0.0,0.0,0.0,,0.0,0.0,0.0,0.0,0.0,6.0,4.0,47.0,0.0,43.0,0.0,0.0,8.7,4.7,,,,,,
2025,13,BAL,CIN,R.Ali,0.0,0.0,0.0,0.0,0.0,0.0,,4.0,17.0,0.0,0.0,0.0,0.0,0.0,0.0,0.0,0.0,0.0,0.0,1.7,1.7,,,,,,
2025,13,BAL,CIN,R.Bateman,0.0,0.0,0.0,0.0,0.0,0.0,,0.0,0.0,0.0,0.0,0.0,1.0,0.0,0.0,0.0,31.0,0.0,0.0,0.0,0.0,,,,,,
2025,13,BAL,CIN,Z.Flowers,0.0,0.0,0.0,0.0,0.0,0.0,,0.0,0.0,0.0,0.0,0.0,7.0,2.0,6.0,0.0,113.0,1.0,1.0,2.6,0.6,,,,,,
2025,13,BUF,PIT,B.Cooks,0.0,0.0,0.0,0.0,0.0,0.0,,0.0,0.0,0.0,0.0,0.0,1.0,1.0,13.0,0.0,13.0,0.0,0.0,2.3,1.3,,,,,,
2025,13,BUF,PIT,D.Knox,0.0,0.0,0.0,0.0,0.0,0.0,,0.0,0.0,0.0,0.0,0.0,4.0,3.0,28.0,0.0,17.0,0.0,0.0,5.8,2.8,,,,,,
2025,13,BUF,PIT,G.Davis,0.0,0.0,0.0,0.0,0.0,0.0,,0.0,0.0,0.0,0.0,0.0,2.0,1.0,5.0,0.0,10.0,0.0,0.0,1.5,0.5,,,,,,
2025,13,BUF,PIT,J.Allen,23.0,15.0,123.0,1.0,1.0,0.0,QB,8.0,38.0,1.0,0.0,0.0,0.0,0.0,0.0,0.0,0.0,0.0,0.0,17.72,17.72,,,,,,
2025,13,BUF,PIT,J.Cook,0.0,0.0,0.0,0.0,0.0,0.0,,32.0,144.0,0.0,2.0,1.0,3.0,3.0,33.0,0.0,-4.0,0.0,0.0,20.7,17.7,,,,,,
2025,13,BUF,PIT,J.Hawes,0.0,0.0,0.0,0.0,0.0,0.0,,0.0,0.0,0.0,0.0,0.0,1.0,1.0,10.0,0.0,0.0,0.0,0.0,2.0,1.0,,,,,,
2025,13,BUF,PIT,K.Coleman,0.0,0.0,0.0,0.0,0.0,0.0,,0.0,0.0,0.0,0.0,0.0,3.0,2.0,9.0,1.0,6.0,0.0,0.0,8.9,6.9,,,,,,
2025,13,BUF,PIT,K.Shakir,0.0,0.0,0.0,0.0,0.0,0.0,,0.0,0.0,0.0,0.0,0.0,4.0,1.0,5.0,0.0,5.0,0.0,0.0,1.5,0.5,,,,,,
2025,13,BUF,PIT,R.Davis,0.0,0.0,0.0,0.0,0.0,0.0,,9.0,62.0,0.0,0.0,0.0,0.0,0.0,0.0,0.0,0.0,0.0,0.0,6.2,6.2,,,,,,
2025,13,BUF,PIT,Ty.Johnson,0.0,0.0,0.0,0.0,0.0,0.0,,2.0,5.0,0.0,0.0,0.0,5.0,3.0,20.0,0.0,-8.0,0.0,0.0,5.5,2.5,,,,,,
2025,13,CAR,LA,B.Young,22.0,15.0,206.0,3.0,0.0,2.0,QB,5.0,23.0,0.0,0.0,0.0,0.0,0.0,0.0,0.0,0.0,0.0,0.0,22.54,22.54,,,,,,
2025,13,CAR,LA,C.Hubbard,0.0,0.0,0.0,0.0,0.0,0.0,,17.0,83.0,0.0,0.0,0.0,2.0,2.0,41.0,1.0,-5.0,0.0,0.0,20.4,18.4,,,,,,
2025,13,CAR,LA,J.Coker,0.0,0.0,0.0,0.0,0.0,0.0,,0.0,0.0,0.0,0.0,0.0,6.0,4.0,74.0,1.0,96.0,0.0,0.0,17.4,13.4,,,,,,
2025,13,CAR,LA,M.Evans,0.0,0.0,0.0,0.0,0.0,0.0,,0.0,0.0,0.0,0.0,0.0,3.0,3.0,20.0,0.0,-3.0,0.0,0.0,5.0,2.0,,,,,,
2025,13,CAR,LA,R.Dowdle,0.0,0.0,0.0,0.0,0.0,0.0,,18.0,58.0,0.0,0.0,0.0,2.0,2.0,21.0,0.0,-11.0,0.0,0.0,9.9,7.9,,,,,,
2025,13,CAR,LA,T.Etienne,0.0,0.0,0.0,0.0,0.0,0.0,,0.0,0.0,0.0,0.0,0.0,1.0,1.0,4.0,0.0,1.0,0.0,0.0,1.4,0.4,,,,,,
2025,13,CAR,LA,T.McMillan,0.0,0.0,0.0,0.0,0.0,0.0,,0.0,0.0,0.0,0.0,0.0,2.0,1.0,43.0,1.0,46.0,0.0,0.0,11.3,10.3,,,,,,
2025,13,CAR,LA,T.Tremble,0.0,0.0,0.0,0.0,0.0,0.0,,0.0,0.0,0.0,0.0,0.0,2.0,1.0,2.0,0.0,5.0,0.0,0.0,1.2,0.2,,,,,,
2025,13,CAR,LA,X.Legette,0.0,0.0,0.0,0.0,0.0,0.0,,0.0,0.0,0.0,0.0,0.0,2.0,1.0,1.0,0.0,26.0,0.0,0.0,1.1,0.1,,,,,,
2025,13,CHI,PHI,C.Kmet,0.0,0.0,0.0,0.0,0.0,0.0,,0.0,0.0,0.0,0.0,0.0,3.0,3.0,36.0,1.0,26.0,0.0,0.0,12.6,9.6,,,,,,
2025,13,CHI,PHI,C.Loveland,0.0,0.0,0.0,0.0,0.0,0.0,,0.0,0.0,0.0,0.0,0.0,6.0,3.0,28.0,0.0,69.0,0.0,0.0,5.8,2.8,,,,,,
2025,13,CHI,PHI,C.Williams,38.0,17.0,154.0,1.0,1.0,2.0,QB,5.0,13.0,0.0,0.0,0.0,0.0,0.0,0.0,0.0,0.0,0.0,0.0,10.46,10.46,,,,,,
2025,13,CHI,PHI,D.Moore,0.0,0.0,0.0,0.0,0.0,0.0,,1.0,10.0,0.0,0.0,0.0,5.0,2.0,17.0,0.0,54.0,0.0,0.0,4.7,2.7,,,,,,
2025,13,CHI,PHI,D.Swift,0.0,0.0,0.0,0.0,0.0,0.0,,18.0,125.0,1.0,0.0,0.0,2.0,1.0,13.0,0.0,-2.0,0.0,0.0,20.8,19.8,,,,,,
2025,13,CHI,PHI,K.Monangai,0.0,0.0,0.0,0.0,0.0,0.0,,22.0,130.0,1.0,0.0,0.0,1.0,0.0,0.0,0.0,-8.0,0.0,0.0,19.0,19.0,,,,,,
2025,13,CHI,PHI,L.Burden,0.0,0.0,0.0,0.0,0.0,0.0,,1.0,3.0,0.0,0.0,0.0,6.0,4.0,33.0,0.0,32.0,0.0,0.0,7.6,3.6,,,,,,
2025,13,CHI,PHI,O.Zaccheaus,0.0,0.0,0.0,0.0,0.0,0.0,,0.0,0.0,0.0,0.0,0.0,3.0,2.0,19.0,0.0,15.0,0.0,0.0,3.9,1.9,,,,,,
2025,13,CHI,PHI,R.Odunze,0.0,0.0,0.0,0.0,0.0,0.0,,0.0,0.0,0.0,0.0,0.0,6.0,2.0,8.0,0.0,57.0,0.0,0.0,2.8,0.8,,,,,,
2025,13,CIN,BAL,A.Iosivas,0.0,0.0,0.0,0.0,0.0,0.0,,0.0,0.0,0.0,0.0,0.0,2.0,1.0,29.0,1.0,28.0,0.0,0.0,9.9,8.9,,,,,,
2025,13,CIN,BAL,C.Brown,0.0,0.0,0.0,0.0,0.0,0.0,,15.0,78.0,0.0,0.0,0.0,7.0,7.0,35.0,0.0,-11.0,0.0,0.0,18.3,11.3,,,,,,
2025,13,CIN,BAL,D.Sample,0.0,0.0,0.0,0.0,0.0,0.0,,1.0,3.0,0.0,0.0,0.0,2.0,1.0,14.0,0.0,1.0,0.0,0.0,2.7,1.7,,,,,,
2025,13,CIN,BAL,J.Burrow,47.0,24.0,261.0,2.0,0.0,1.0,QB,3.0,8.0,0.0,0.0,0.0,0.0,0.0,0.0,0.0,0.0,0.0,0.0,19.24,19.24,,,,,,
2025,13,CIN,BAL,J.Chase,0.0,0.0,0.0,0.0,0.0,0.0,,0.0,0.0,0.0,0.0,0.0,14.0,7.0,110.0,0.0,171.0,0.0,0.0,18.0,11.0,,,,,,
2025,13,CIN,BAL,M.Gesicki,0.0,0.0,0.0,0.0,0.0,0.0,,0.0,0.0,0.0,0.0,0.0,4.0,2.0,19.0,0.0,27.0,0.0,0.0,3.9,1.9,,,,,,
2025,13,CIN,BAL,M.Tinsley,0.0,0.0,0.0,0.0,0.0,0.0,,0.0,0.0,0.0,0.0,0.0,9.0,2.0,22.0,0.0,125.0,0.0,0.0,4.2,2.2,,,,,,
2025,13,CIN,BAL,N.Fant,0.0,0.0,0.0,0.0,0.0,0.0,,0.0,0.0,0.0,0.0,0.0,2.0,1.0,3.0,0.0,7.0,0.0,0.0,1.3,0.3,,,,,,
2025,13,CIN,BAL,S.Perine,0.0,0.0,0.0,0.0,0.0,0.0,,14.0,39.0,0.0,1.0,1.0,2.0,2.0,15.0,0.0,2.0,0.0,0.0,7.4,5.4,,,,,,
2025,13,CIN,BAL,T.Hudson,0.0,0.0,0.0,0.0,0.0,0.0,,0.0,0.0,0.0,0.0,0.0,2.0,1.0,14.0,1.0,29.0,0.0,0.0,8.4,7.4,,,,,,
2025,13,CLE,SF,C.Tillman,0.0,0.0,0.0,0.0,0.0,0.0,,0.0,0.0,0.0,0.0,0.0,1.0,0.0,0.0,0.0,3.0,0.0,0.0,0.0,0.0,,,,,,
2025,13,CLE,SF,D.Gabriel,1.0,1.0,0.0,0.0,0.0,0.0,QB,0.0,0.0,0.0,0.0,0.0,0.0,0.0,0.0,0.0,0.0,0.0,0.0,0.0,0.0,,,,,,
2025,13,CLE,SF,D.Njoku,0.0,0.0,0.0,0.0,0.0,0.0,,0.0,0.0,0.0,0.0,0.0,2.0,2.0,4.0,0.0,2.0,0.0,0.0,2.4,0.4,,,,,,
2025,13,CLE,SF,D.Sampson,0.0,0.0,0.0,0.0,0.0,0.0,,4.0,23.0,0.0,0.0,0.0,0.0,0.0,0.0,0.0,0.0,0.0,0.0,2.3,2.3,,,,,,
2025,13,CLE,SF,G.Larvadain,0.0,0.0,0.0,0.0,0.0,0.0,,0.0,0.0,0.0,0.0,0.0,3.0,2.0,23.0,0.0,18.0,0.0,0.0,4.3,2.3,,,,,,
2025,13,CLE,SF,H.Fannin,0.0,0.0,0.0,0.0,0.0,0.0,,1.0,0.0,0.0,1.0,1.0,5.0,3.0,43.0,1.0,26.0,0.0,0.0,13.3,10.3,,,,,,
2025,13,CLE,SF,I.Bond,0.0,0.0,0.0,0.0,0.0,0.0,,1.0,9.0,0.0,0.0,0.0,2.0,1.0,18.0,0.0,58.0,0.0,0.0,3.7,2.7,,,,,,
2025,13,CLE,SF,J.Ford,0.0,0.0,0.0,0.0,0.0,0.0,,0.0,0.0,0.0,0.0,0.0,3.0,3.0,17.0,0.0,-4.0,0.0,0.0,4.7,1.7,,,,,,
2025,13,CLE,SF,J.Jeudy,0.0,0.0,0.0,0.0,0.0,0.0,,0.0,0.0,0.0,0.0,0.0,4.0,3.0,26.0,0.0,55.0,0.0,0.0,5.6,2.6,,,,,,
2025,13,CLE,SF,M.Corley,0.0,0.0,0.0,0.0,0.0,0.0,,1.0,9.0,0.0,0.0,0.0,0.0,0.0,0.0,0.0,0.0,0.0,0.0,0.9,0.9,,,,,,
2025,13,CLE,SF,Q.Judkins,0.0,0.0,0.0,0.0,0.0,0.0,,24.0,91.0,0.0,0.0,0.0,3.0,3.0,18.0,0.0,-8.0,0.0,0.0,13.9,10.9,,,,,,
2025,13,CLE,SF,S.Sanders,28.0,16.0,149.0,1.0,0.0,3.0,QB,1.0,6.0,0.0,0.0,0.0,0.0,0.0,0.0,0.0,0.0,0.0,0.0,10.56,10.56,,,,,,
2025,13,DAL,KC,C.Lamb,0.0,0.0,0.0,0.0,0.0,0.0,,0.0,0.0,0.0,0.0,0.0,9.0,7.0,112.0,1.0,101.0,0.0,0.0,24.2,17.2,,,,,,
2025,13,DAL,KC,D.Prescott,40.0,27.0,320.0,2.0,1.0,0.0,QB,3.0,-2.0,0.0,0.0,0.0,0.0,0.0,0.0,0.0,0.0,0.0,0.0,19.6,19.6,,,,,,
2025,13,DAL,KC,G.Pickens,0.0,0.0,0.0,0.0,0.0,0.0,,0.0,0.0,0.0,0.0,0.0,14.0,6.0,88.0,0.0,125.0,1.0,0.0,14.8,8.8,,,,,,
2025,13,DAL,KC,J.Ferguson,0.0,0.0,0.0,0.0,0.0,0.0,,0.0,0.0,0.0,0.0,0.0,6.0,5.0,36.0,0.0,19.0,0.0,0.0,8.6,3.6,,,,,,
2025,13,DAL,KC,J.Williams,0.0,0.0,0.0,0.0,0.0,0.0,,17.0,59.0,0.0,0.0,0.0,3.0,3.0,21.0,1.0,-10.0,0.0,0.0,17.0,14.0,,,,,,
2025,13,DAL,KC,K.Turpin,0.0,0.0,0.0,0.0,0.0,0.0,,3.0,33.0,0.0,0.0,0.0,2.0,2.0,28.0,0.0,0.0,0.0,0.0,8.1,6.1,,,,,,
2025,13,DAL,KC,L.Schoonmaker,0.0,0.0,0.0,0.0,0.0,0.0,,0.0,0.0,0.0,0.0,0.0,1.0,1.0,1.0,0.0,-1.0,0.0,0.0,1.1,0.1,,,,,,
2025,13,DAL,KC,M.Davis,0.0,0.0,0.0,0.0,0.0,0.0,,3.0,47.0,1.0,0.0,0.0,0.0,0.0,0.0,0.0,0.0,0.0,0.0,10.7,10.7,,,,,,
2025,13,DAL,KC,R.Flournoy,0.0,0.0,0.0,0.0,0.0,0.0,,0.0,0.0,0.0,0.0,0.0,3.0,3.0,34.0,0.0,21.0,0.0,0.0,6.4,3.4,,,,,,
2025,13,DEN,WAS,A.Prentice,0.0,0.0,0.0,0.0,0.0,0.0,,1.0,3.0,0.0,0.0,0.0,1.0,1.0,11.0,0.0,2.0,0.0,0.0,2.4,1.4,,,,,,
2025,13,DEN,WAS,A.Trautman,0.0,0.0,0.0,0.0,0.0,0.0,,0.0,0.0,0.0,0.0,0.0,4.0,3.0,47.0,0.0,21.0,0.0,0.0,7.7,4.7,,,,,,
2025,13,DEN,WAS,B.Nix,46.0,29.0,321.0,1.0,1.0,1.0,QB,2.0,16.0,0.0,0.0,0.0,0.0,0.0,0.0,0.0,0.0,0.0,0.0,17.44,17.44,,,,,,
2025,13,DEN,WAS,C.Sutton,0.0,0.0,0.0,0.0,0.0,0.0,,0.0,0.0,0.0,0.0,0.0,6.0,5.0,62.0,1.0,63.0,0.0,0.0,17.2,12.2,,,,,,
2025,13,DEN,WAS,E.Engram,0.0,0.0,0.0,0.0,0.0,0.0,,0.0,0.0,0.0,0.0,0.0,9.0,6.0,79.0,0.0,39.0,0.0,0.0,13.9,7.9,,,,,,
2025,13,DEN,WAS,J.McLaughlin,0.0,0.0,0.0,0.0,0.0,0.0,,6.0,24.0,0.0,0.0,0.0,1.0,1.0,6.0,0.0,-2.0,0.0,0.0,4.0,3.0,,,,,,
2025,13,DEN,WAS,L.Humphrey,0.0,0.0,0.0,0.0,0.0,0.0,,0.0,0.0,0.0,0.0,0.0,1.0,0.0,0.0,0.0,0.0,0.0,0.0,0.0,0.0,,,,,,
2025,13,DEN,WAS,M.Mims,0.0,0.0,0.0,0.0,0.0,0.0,,1.0,9.0,0.0,0.0,0.0,2.0,2.0,8.0,0.0,-2.0,0.0,0.0,3.7,1.7,,,,,,
2025,13,DEN,WAS,P.Bryant,0.0,0.0,0.0,0.0,0.0,0.0,,0.0,0.0,0.0,0.0,0.0,7.0,3.0,42.0,0.0,66.0,0.0,0.0,7.2,4.2,,,,,,
2025,13,DEN,WAS,R.Harvey,0.0,0.0,0.0,0.0,0.0,0.0,,13.0,35.0,2.0,0.0,0.0,4.0,3.0,27.0,0.0,-3.0,0.0,0.0,21.2,18.2,,,,,,
2025,13,DEN,WAS,T.Badie,0.0,0.0,0.0,0.0,0.0,0.0,,0.0,0.0,0.0,0.0,0.0,5.0,3.0,18.0,0.0,-11.0,0.0,0.0,4.8,1.8,,,,,,
2025,13,DEN,WAS,T.Franklin,0.0,0.0,0.0,0.0,0.0,0.0,,0.0,0.0,0.0,0.0,0.0,3.0,2.0,21.0,0.0,19.0,0.0,0.0,4.1,2.1,,,,,,
2025,13,DET,GB,A.Firkser,0.0,0.0,0.0,0.0,0.0,0.0,,0.0,0.0,0.0,0.0,0.0,1.0,1.0,4.0,0.0,4.0,0.0,0.0,1.4,0.4,,,,,,
2025,13,DET,GB,A.St. Brown,0.0,0.0,0.0,0.0,0.0,0.0,,0.0,0.0,0.0,0.0,0.0,1.0,0.0,0.0,0.0,-3.0,0.0,0.0,0.0,0.0,,,,,,
2025,13,DET,GB,D.Montgomery,1.0,0.0,0.0,0.0,0.0,0.0,QB,8.0,32.0,1.0,1.0,0.0,2.0,2.0,16.0,0.0,5.0,0.0,0.0,12.8,10.8,,,,,,
2025,13,DET,GB,I.TeSlaa,0.0,0.0,0.0,0.0,0.0,0.0,,0.0,0.0,0.0,0.0,0.0,2.0,2.0,35.0,1.0,34.0,0.0,0.0,11.5,9.5,,,,,,
2025,13,DET,GB,J.Gibbs,0.0,0.0,0.0,0.0,0.0,0.0,,20.0,68.0,0.0,0.0,0.0,4.0,3.0,18.0,0.0,10.0,0.0,0.0,11.6,8.6,,,,,,
2025,13,DET,GB,J.Goff,29.0,20.0,256.0,2.0,0.0,3.0,QB,1.0,24.0,0.0,0.0,0.0,0.0,0.0,0.0,0.0,0.0,0.0,0.0,20.64,20.64,,,,,,
2025,13,DET,GB,J.Williams,0.0,0.0,0.0,0.0,0.0,0.0,,1.0,-5.0,0.0,0.0,0.0,10.0,7.0,144.0,1.0,87.0,0.0,0.0,26.9,19.9,,,,,,
2025,13,DET,GB,R.Dwelley,0.0,0.0,0.0,0.0,0.0,0.0,,0.0,0.0,0.0,0.0,0.0,3.0,1.0,3.0,0.0,1.0,0.0,0.0,1.3,0.3,,,,,,
2025,13,DET,GB,T.Kennedy,0.0,0.0,0.0,0.0,0.0,0.0,,0.0,0.0,0.0,0.0,0.0,4.0,4.0,36.0,0.0,32.0,0.0,0.0,7.6,3.6,,,,,,
2025,13,GB,DET,B.Melton,0.0,0.0,0.0,0.0,0.0,0.0,,2.0,15.0,0.0,0.0,0.0,1.0,0.0,0.0,0.0,11.0,0.0,0.0,1.5,1.5,,,,,,
2025,13,GB,DET,C.Brooks,0.0,0.0,0.0,0.0,0.0,0.0,,0.0,0.0,0.0,0.0,0.0,2.0,2.0,9.0,0.0,5.0,0.0,0.0,2.9,0.9,,,,,,
2025,13,GB,DET,C.Watson,0.0,0.0,0.0,0.0,0.0,0.0,,1.0,3.0,0.0,0.0,0.0,10.0,4.0,80.0,1.0,186.0,0.0,0.0,18.3,14.3,,,,,,
2025,13,GB,DET,D.Wicks,0.0,0.0,0.0,0.0,0.0,0.0,,1.0,6.0,0.0,0.0,0.0,7.0,6.0,94.0,2.0,85.0,0.0,0.0,28.0,22.0,,,,,,
2025,13,GB,DET,E.Wilson,0.0,0.0,0.0,0.0,0.0,0.0,,4.0,14.0,0.0,0.0,0.0,0.0,0.0,0.0,0.0,0.0,0.0,0.0,1.4,1.4,,,,,,
2025,13,GB,DET,J.FitzPatrick,0.0,0.0,0.0,0.0,0.0,0.0,,0.0,0.0,0.0,0.0,0.0,1.0,0.0,0.0,0.0,6.0,0.0,0.0,0.0,0.0,,,,,,
2025,13,GB,DET,J.Jacobs,0.0,0.0,0.0,0.0,0.0,0.0,,17.0,83.0,0.0,0.0,0.0,1.0,1.0,8.0,0.0,3.0,0.0,0.0,10.1,9.1,,,,,,
2025,13,GB,DET,J.Love,30.0,18.0,234.0,4.0,0.0,0.0,QB,5.0,4.0,0.0,0.0,0.0,0.0,0.0,0.0,0.0,0.0,0.0,0.0,25.76,25.76,,,,,,
2025,13,GB,DET,J.Whyle,0.0,0.0,0.0,0.0,0.0,0.0,,0.0,0.0,0.0,0.0,0.0,1.0,0.0,0.0,0.0,8.0,0.0,0.0,0.0,0.0,,,,,,
2025,13,GB,DET,L.Musgrave,0.0,0.0,0.0,0.0,0.0,0.0,,0.0,0.0,0.0,0.0,0.0,1.0,1.0,23.0,0.0,21.0,0.0,0.0,3.3,2.3,,,,,,
2025,13,GB,DET,M.Heath,0.0,0.0,0.0,0.0,0.0,0.0,,0.0,0.0,0.0,0.0,0.0,1.0,0.0,0.0,0.0,8.0,1.0,0.0,0.0,0.0,,,,,,
2025,13,GB,DET,R.Doubs,0.0,0.0,0.0,0.0,0.0,0.0,,0.0,0.0,0.0,0.0,0.0,4.0,4.0,20.0,1.0,11.0,1.0,0.0,12.0,8.0,,,,,,
2025,13,HOU,IND,C.Stover,0.0,0.0,0.0,0.0,0.0,0.0,,4.0,3.0,0.0,0.0,0.0,2.0,2.0,16.0,0.0,9.0,0.0,0.0,3.9,1.9,,,,,,
2025,13,HOU,IND,C.Stroud,37.0,22.0,276.0,0.0,1.0,2.0,QB,1.0,0.0,0.0,0.0,0.0,0.0,0.0,0.0,0.0,0.0,0.0,0.0,10.04,10.04,,,,,,
2025,13,HOU,IND,D.Schultz,0.0,0.0,0.0,0.0,0.0,0.0,,0.0,0.0,0.0,0.0,0.0,8.0,7.0,55.0,0.0,35.0,0.0,0.0,12.5,5.5,,,,,,
2025,13,HOU,IND,J.Higgins,0.0,0.0,0.0,0.0,0.0,0.0,,0.0,0.0,0.0,0.0,0.0,5.0,5.0,65.0,0.0,47.0,0.0,0.0,11.5,6.5,,,,,,
2025,13,HOU,IND,J.Noel,0.0,0.0,0.0,0.0,0.0,0.0,,0.0,0.0,0.0,0.0,0.0,1.0,0.0,0.0,0.0,5.0,0.0,0.0,0.0,0.0,,,,,,
2025,13,HOU,IND,N.Chubb,0.0,0.0,0.0,0.0,0.0,0.0,,9.0,34.0,1.0,0.0,0.0,0.0,0.0,0.0,0.0,0.0,0.0,0.0,9.4,9.4,,,,,,
2025,13,HOU,IND,N.Collins,0.0,0.0,0.0,0.0,0.0,0.0,,1.0,7.0,1.0,0.0,0.0,10.0,5.0,98.0,0.0,180.0,0.0,0.0,21.5,16.5,,,,,,
2025,13,HOU,IND,W.Marks,0.0,0.0,0.0,0.0,0.0,0.0,,19.0,64.0,0.0,1.0,0.0,1.0,1.0,3.0,0.0,-3.0,0.0,0.0,7.7,6.7,,,,,,
2025,13,HOU,IND,X.Hutchinson,0.0,0.0,0.0,0.0,0.0,0.0,,0.0,0.0,0.0,0.0,0.0,5.0,2.0,39.0,0.0,78.0,0.0,0.0,5.9,3.9,,,,,,
2025,13,IND,HOU,A.Ogletree,0.0,0.0,0.0,0.0,0.0,0.0,,0.0,0.0,0.0,0.0,0.0,1.0,1.0,8.0,0.0,7.0,0.0,0.0,1.8,0.8,,,,,,
2025,13,IND,HOU,A.Pierce,0.0,0.0,0.0,0.0,0.0,0.0,,0.0,0.0,0.0,0.0,0.0,5.0,4.0,78.0,1.0,97.0,0.0,0.0,17.8,13.8,,,,,,
2025,13,IND,HOU,D.Jones,28.0,14.0,201.0,2.0,0.0,1.0,QB,1.0,1.0,0.0,1.0,0.0,0.0,0.0,0.0,0.0,0.0,0.0,0.0,16.14,16.14,,,,,,
2025,13,IND,HOU,J.Downs,0.0,0.0,0.0,0.0,0.0,0.0,,0.0,0.0,0.0,0.0,0.0,6.0,2.0,44.0,0.0,47.0,0.0,0.0,6.4,4.4,,,,,,
2025,13,IND,HOU,J.Taylor,0.0,0.0,0.0,0.0,0.0,0.0,,21.0,85.0,0.0,0.0,0.0,5.0,3.0,36.0,0.0,-6.0,0.0,0.0,15.1,12.1,,,,,,
2025,13,IND,HOU,M.Pittman,0.0,0.0,0.0,0.0,0.0,0.0,,0.0,0.0,0.0,0.0,0.0,4.0,1.0,13.0,0.0,46.0,0.0,0.0,2.3,1.3,,,,,,
2025,13,IND,HOU,T.Warren,0.0,0.0,0.0,0.0,0.0,0.0,,1.0,0.0,0.0,1.0,0.0,4.0,3.0,22.0,1.0,12.0,0.0,0.0,11.2,8.2,,,,,,
2025,13,JAX,TEN,A.Trammell,0.0,0.0,0.0,0.0,0.0,0.0,,0.0,0.0,0.0,0.0,0.0,4.0,0.0,0.0,0.0,45.0,0.0,0.0,0.0,0.0,,,,,,
2025,13,JAX,TEN,B.Strange,0.0,0.0,0.0,0.0,0.0,0.0,,0.0,0.0,0.0,0.0,0.0,4.0,3.0,45.0,1.0,65.0,0.0,0.0,13.5,10.5,,,,,,
2025,13,JAX,TEN,B.Thomas,0.0,0.0,0.0,0.0,0.0,0.0,,0.0,0.0,0.0,0.0,0.0,3.0,2.0,28.0,0.0,47.0,0.0,0.0,4.8,2.8,,,,,,
2025,13,JAX,TEN,B.Tuten,0.0,0.0,0.0,0.0,0.0,0.0,,8.0,17.0,1.0,0.0,0.0,1.0,1.0,2.0,0.0,2.0,0.0,0.0,8.9,7.9,,,,,,
2025,13,JAX,TEN,J.Meyers,0.0,0.0,0.0,0.0,0.0,0.0,,1.0,3.0,0.0,0.0,0.0,6.0,6.0,90.0,1.0,45.0,0.0,0.0,21.3,15.3,,,,,,
2025,13,JAX,TEN,N.Mullens,0.0,0.0,0.0,0.0,0.0,0.0,,3.0,-3.0,0.0,0.0,0.0,0.0,0.0,0.0,0.0,0.0,0.0,0.0,-0.3,-0.3,,,,,,
2025,13,JAX,TEN,P.Washington,0.0,0.0,0.0,0.0,0.0,0.0,,0.0,0.0,0.0,0.0,0.0,3.0,1.0,26.0,0.0,63.0,0.0,0.0,3.6,2.6,,,,,,
2025,13,JAX,TEN,Q.Morris,0.0,0.0,0.0,0.0,0.0,0.0,,0.0,0.0,0.0,0.0,0.0,2.0,1.0,14.0,0.0,9.0,0.0,0.0,2.4,1.4,,,,,,
2025,13,JAX,TEN,T.Etienne,0.0,0.0,0.0,0.0,0.0,0.0,,12.0,28.0,0.0,0.0,0.0,1.0,1.0,13.0,0.0,-4.0,0.0,0.0,5.1,4.1,,,,,,
2025,13,JAX,TEN,T.Lawrence,30.0,16.0,229.0,2.0,0.0,3.0,QB,4.0,25.0,0.0,0.0,0.0,0.0,0.0,0.0,0.0,0.0,0.0,0.0,19.66,19.66,,,,,,
2025,13,JAX,TEN,T.Patrick,0.0,0.0,0.0,0.0,0.0,0.0,,0.0,0.0,0.0,0.0,0.0,1.0,1.0,11.0,0.0,11.0,0.0,0.0,2.1,1.1,,,,,,
2025,13,KC,DAL,I.Pacheco,0.0,0.0,0.0,0.0,0.0,0.0,,3.0,16.0,0.0,0.0,0.0,2.0,2.0,17.0,0.0,5.0,0.0,0.0,5.3,3.3,,,,,,
2025,13,KC,DAL,J.Smith-Schuster,0.0,0.0,0.0,0.0,0.0,0.0,,0.0,0.0,0.0,0.0,0.0,1.0,0.0,0.0,0.0,4.0,0.0,0.0,0.0,0.0,,,,,,
2025,13,KC,DAL,J.Wiley,0.0,0.0,0.0,0.0,0.0,0.0,,0.0,0.0,0.0,0.0,0.0,1.0,1.0,4.0,0.0,-4.0,0.0,0.0,1.4,0.4,,,,,,
2025,13,KC,DAL,K.Hunt,0.0,0.0,0.0,0.0,0.0,0.0,,14.0,58.0,0.0,0.0,0.0,2.0,1.0,22.0,0.0,0.0,0.0,0.0,9.0,8.0,,,,,,
2025,13,KC,DAL,M.Brown,0.0,0.0,0.0,0.0,0.0,0.0,,0.0,0.0,0.0,0.0,0.0,2.0,2.0,20.0,1.0,17.0,0.0,0.0,10.0,8.0,,,,,,
2025,13,KC,DAL,P.Mahomes,37.0,23.0,261.0,4.0,0.0,3.0,QB,3.0,30.0,0.0,0.0,0.0,0.0,0.0,0.0,0.0,0.0,0.0,0.0,29.44,29.44,,,,,,
2025,13,KC,DAL,R.Rice,0.0,0.0,0.0,0.0,0.0,0.0,,1.0,2.0,0.0,1.0,0.0,12.0,8.0,92.0,2.0,66.0,0.0,0.0,29.4,21.4,,,,,,
2025,13,KC,DAL,T.Kelce,0.0,0.0,0.0,0.0,0.0,0.0,,0.0,0.0,0.0,0.0,0.0,6.0,5.0,45.0,1.0,57.0,0.0,0.0,15.5,10.5,,,,,,
2025,13,KC,DAL,X.Worthy,0.0,0.0,0.0,0.0,0.0,0.0,,2.0,13.0,0.0,0.0,0.0,6.0,4.0,61.0,0.0,66.0,0.0,0.0,11.4,7.4,,,,,,
2025,13,LA,CAR,B.Corum,0.0,0.0,0.0,0.0,0.0,0.0,,7.0,81.0,1.0,0.0,0.0,0.0,0.0,0.0,0.0,0.0,0.0,0.0,14.1,14.1,,,,,,
2025,13,LA,CAR,C.Parkinson,0.0,0.0,0.0,0.0,0.0,0.0,,0.0,0.0,0.0,0.0,0.0,5.0,4.0,27.0,0.0,8.0,0.0,0.0,6.7,2.7,,,,,,
2025,13,LA,CAR,D.Adams,0.0,0.0,0.0,0.0,0.0,0.0,,0.0,0.0,0.0,0.0,0.0,5.0,4.0,58.0,2.0,64.0,0.0,0.0,21.8,17.8,,,,,,
2025,13,LA,CAR,D.Allen,0.0,0.0,0.0,0.0,0.0,0.0,,0.0,0.0,0.0,0.0,0.0,1.0,1.0,4.0,0.0,-5.0,0.0,0.0,1.4,0.4,,,,,,
2025,13,LA,CAR,J.Whittington,0.0,0.0,0.0,0.0,0.0,0.0,,0.0,0.0,0.0,0.0,0.0,1.0,0.0,0.0,0.0,22.0,0.0,0.0,0.0,0.0,,,,,,
2025,13,LA,CAR,K.Williams,0.0,0.0,0.0,0.0,0.0,0.0,,13.0,72.0,1.0,0.0,0.0,1.0,0.0,0.0,0.0,-5.0,0.0,0.0,13.2,13.2,,,,,,
2025,13,LA,CAR,M.Stafford,30.0,18.0,243.0,2.0,2.0,2.0,QB,1.0,-1.0,0.0,0.0,0.0,0.0,0.0,0.0,0.0,0.0,0.0,0.0,15.62,15.62,,,,,,
2025,13,LA,CAR,P.Nacua,0.0,0.0,0.0,0.0,0.0,0.0,,0.0,0.0,0.0,0.0,0.0,9.0,6.0,72.0,0.0,49.0,0.0,0.0,13.2,7.2,,,,,,
2025,13,LA,CAR,T.Ferguson,0.0,0.0,0.0,0.0,0.0,0.0,,0.0,0.0,0.0,0.0,0.0,2.0,0.0,0.0,0.0,34.0,0.0,0.0,0.0,0.0,,,,,,
2025,13,LA,CAR,X.Smith,0.0,0.0,0.0,0.0,0.0,0.0,,0.0,0.0,0.0,0.0,0.0,3.0,3.0,82.0,0.0,50.0,0.0,0.0,11.2,8.2,,,,,,
2025,13,LAC,LV,J.Herbert,23.0,15.0,151.0,2.0,1.0,3.0,QB,3.0,8.0,0.0,0.0,0.0,0.0,0.0,0.0,0.0,0.0,0.0,0.0,13.84,13.84,,,,,,
2025,13,LAC,LV,J.Patterson,0.0,0.0,0.0,0.0,0.0,0.0,,11.0,54.0,1.0,0.0,0.0,0.0,0.0,0.0,0.0,0.0,0.0,0.0,11.4,11.4,,,,,,
2025,13,LAC,LV,K.Allen,0.0,0.0,0.0,0.0,0.0,0.0,,0.0,0.0,0.0,0.0,0.0,5.0,4.0,30.0,0.0,53.0,0.0,0.0,7.0,3.0,,,,,,
2025,13,LAC,LV,K.Vidal,0.0,0.0,0.0,0.0,0.0,0.0,,25.0,126.0,1.0,0.0,0.0,1.0,1.0,11.0,0.0,-1.0,0.0,0.0,20.7,19.7,,,,,,
2025,13,LAC,LV,L.McConkey,0.0,0.0,0.0,0.0,0.0,0.0,,0.0,0.0,0.0,0.0,0.0,6.0,4.0,39.0,1.0,52.0,0.0,0.0,13.9,9.9,,,,,,
2025,13,LAC,LV,O.Gadsden,0.0,0.0,0.0,0.0,0.0,0.0,,0.0,0.0,0.0,0.0,0.0,2.0,1.0,27.0,0.0,33.0,0.0,0.0,3.7,2.7,,,,,,
2025,13,LAC,LV,Q.Johnston,0.0,0.0,0.0,0.0,0.0,0.0,,0.0,0.0,0.0,0.0,0.0,3.0,3.0,23.0,1.0,18.0,0.0,0.0,11.3,8.3,,,,,,
2025,13,LAC,LV,T.Harris,0.0,0.0,0.0,0.0,0.0,0.0,,0.0,0.0,0.0,0.0,0.0,4.0,3.0,30.0,0.0,44.0,0.0,0.0,6.0,3.0,,,,,,
2025,13,LAC,LV,T.Lance,1.0,1.0,9.0,0.0,0.0,0.0,QB,4.0,4.0,0.0,0.0,0.0,0.0,0.0,0.0,0.0,0.0,0.0,0.0,0.76,0.76,,,,,,
2025,13,LV,LAC,A.Jeanty,0.0,0.0,0.0,0.0,0.0,0.0,,15.0,31.0,0.0,0.0,0.0,8.0,6.0,30.0,0.0,-27.0,0.0,0.0,12.1,6.1,,,,,,
2025,13,LV,LAC,B.Bowers,0.0,0.0,0.0,0.0,0.0,0.0,,0.0,0.0,0.0,0.0,0.0,4.0,4.0,63.0,2.0,42.0,0.0,0.0,22.3,18.3,,,,,,
2025,13,LV,LAC,D.Thornton,0.0,0.0,0.0,0.0,0.0,0.0,,0.0,0.0,0.0,0.0,0.0,2.0,1.0,11.0,0.0,23.0,0.0,0.0,2.1,1.1,,,,,,
2025,13,LV,LAC,G.Smith,28.0,18.0,165.0,2.0,1.0,5.0,QB,2.0,-6.0,0.0,0.0,0.0,0.0,0.0,0.0,0.0,0.0,0.0,0.0,13.0,13.0,,,,,,
2025,13,LV,LAC,I.Thomas,0.0,0.0,0.0,0.0,0.0,0.0,,0.0,0.0,0.0,0.0,0.0,1.0,1.0,8.0,0.0,1.0,0.0,0.0,1.8,0.8,,,,,,
2025,13,LV,LAC,J.Bech,0.0,0.0,0.0,0.0,0.0,0.0,,0.0,0.0,0.0,0.0,0.0,3.0,2.0,22.0,0.0,14.0,0.0,0.0,4.2,2.2,,,,,,
2025,13,LV,LAC,R.Mostert,0.0,0.0,0.0,0.0,0.0,0.0,,1.0,6.0,0.0,0.0,0.0,0.0,0.0,0.0,0.0,0.0,0.0,0.0,0.6,0.6,,,,,,
2025,13,LV,LAC,T.Lockett,0.0,0.0,0.0,0.0,0.0,0.0,,0.0,0.0,0.0,0.0,0.0,1.0,1.0,11.0,0.0,4.0,0.0,0.0,2.1,1.1,,,,,,
2025,13,LV,LAC,T.Tucker,0.0,0.0,0.0,0.0,0.0,0.0,,0.0,0.0,0.0,0.0,0.0,3.0,3.0,20.0,0.0,14.0,0.0,0.0,5.0,2.0,,,,,,
2025,13,MIA,NO,C.Wilson,0.0,0.0,0.0,0.0,0.0,0.0,,0.0,0.0,0.0,0.0,0.0,2.0,1.0,16.0,0.0,36.0,0.0,0.0,2.6,1.6,,,,,,
2025,13,MIA,NO,D.Achane,0.0,0.0,0.0,0.0,0.0,0.0,,22.0,134.0,1.0,0.0,0.0,1.0,0.0,0.0,0.0,0.0,0.0,0.0,19.4,19.4,,,,,,
2025,13,MIA,NO,D.Waller,0.0,0.0,0.0,0.0,0.0,0.0,,0.0,0.0,0.0,0.0,0.0,3.0,2.0,47.0,0.0,39.0,0.0,0.0,6.7,4.7,,,,,,
2025,13,MIA,NO,G.Dulcich,0.0,0.0,0.0,0.0,0.0,0.0,,0.0,0.0,0.0,0.0,0.0,2.0,2.0,24.0,0.0,17.0,0.0,0.0,4.4,2.4,,,,,,
2025,13,MIA,NO,J.Hill,0.0,0.0,0.0,0.0,0.0,0.0,,0.0,0.0,0.0,0.0,0.0,1.0,0.0,0.0,0.0,8.0,0.0,0.0,0.0,0.0,,,,,,
2025,13,MIA,NO,J.Waddle,0.0,0.0,0.0,0.0,0.0,0.0,,0.0,0.0,0.0,0.0,0.0,6.0,3.0,40.0,0.0,102.0,0.0,0.0,7.0,4.0,,,,,,
2025,13,MIA,NO,J.Wright,0.0,0.0,0.0,0.0,0.0,0.0,,3.0,16.0,0.0,0.0,0.0,0.0,0.0,0.0,0.0,0.0,0.0,0.0,1.6,1.6,,,,,,
2025,13,MIA,NO,M.Washington,0.0,0.0,0.0,0.0,0.0,0.0,,0.0,0.0,0.0,0.0,0.0,5.0,4.0,30.0,0.0,18.0,1.0,0.0,7.0,3.0,,,,,,
2025,13,MIA,NO,O.Gordon,0.0,0.0,0.0,0.0,0.0,0.0,,3.0,10.0,0.0,0.0,0.0,0.0,0.0,0.0,0.0,0.0,0.0,0.0,1.0,1.0,,,,,,
2025,13,MIA,NO,T.Tagovailoa,27.0,12.0,157.0,0.0,1.0,4.0,QB,4.0,4.0,0.0,0.0,0.0,0.0,0.0,0.0,0.0,0.0,0.0,0.0,5.68,5.68,,,,,,
2025,13,MIN,SEA,A.Jones,0.0,0.0,0.0,0.0,0.0,0.0,,6.0,3.0,0.0,0.0,0.0,4.0,4.0,22.0,0.0,-24.0,1.0,1.0,6.5,2.5,,,,,,
2025,13,MIN,SEA,J.Addison,0.0,0.0,0.0,0.0,0.0,0.0,,0.0,0.0,0.0,0.0,0.0,10.0,5.0,36.0,0.0,110.0,1.0,1.0,8.6,3.6,,,,,,
2025,13,MIN,SEA,J.Jefferson,0.0,0.0,0.0,0.0,0.0,0.0,,0.0,0.0,0.0,0.0,0.0,6.0,2.0,4.0,0.0,48.0,0.0,0.0,2.4,0.4,,,,,,
2025,13,MIN,SEA,J.Mason,0.0,0.0,0.0,0.0,0.0,0.0,,6.0,47.0,0.0,0.0,0.0,1.0,1.0,1.0,0.0,-5.0,1.0,0.0,5.8,4.8,,,,,,
2025,13,MIN,SEA,J.Nailor,0.0,0.0,0.0,0.0,0.0,0.0,,0.0,0.0,0.0,0.0,0.0,1.0,0.0,0.0,0.0,24.0,0.0,0.0,0.0,0.0,,,,,,
2025,13,MIN,SEA,M.Brosmer,34.0,19.0,126.0,0.0,4.0,4.0,QB,1.0,-1.0,0.0,0.0,0.0,0.0,0.0,0.0,0.0,0.0,0.0,0.0,0.94,0.94,,,,,,
2025,13,MIN,SEA,T.Hockenson,0.0,0.0,0.0,0.0,0.0,0.0,,0.0,0.0,0.0,0.0,0.0,6.0,6.0,59.0,0.0,27.0,0.0,0.0,11.9,5.9,,,,,,
2025,13,MIN,SEA,Z.Scott,0.0,0.0,0.0,0.0,0.0,0.0,,3.0,17.0,0.0,0.0,0.0,1.0,1.0,4.0,0.0,-2.0,0.0,0.0,3.1,2.1,,,,,,
2025,13,NE,NYG,D.Douglas,0.0,0.0,0.0,0.0,0.0,0.0,,0.0,0.0,0.0,0.0,0.0,3.0,3.0,33.0,0.0,23.0,0.0,0.0,6.3,3.3,,,,,,
2025,13,NE,NYG,D.Maye,34.0,24.0,282.0,2.0,0.0,3.0,QB,6.0,12.0,0.0,0.0,0.0,0.0,0.0,0.0,0.0,0.0,0.0,0.0,20.48,20.48,,,,,,
2025,13,NE,NYG,H.Henry,0.0,0.0,0.0,0.0,0.0,0.0,,0.0,0.0,0.0,0.0,0.0,6.0,4.0,73.0,0.0,50.0,0.0,0.0,11.3,7.3,,,,,,
2025,13,NE,NYG,K.Boutte,0.0,0.0,0.0,0.0,0.0,0.0,,0.0,0.0,0.0,0.0,0.0,5.0,4.0,35.0,1.0,57.0,0.0,0.0,13.5,9.5,,,,,,
2025,13,NE,NYG,K.Williams,0.0,0.0,0.0,0.0,0.0,0.0,,0.0,0.0,0.0,0.0,0.0,1.0,1.0,33.0,1.0,33.0,0.0,0.0,10.3,9.3,,,,,,
2025,13,NE,NYG,M.Hollins,0.0,0.0,0.0,0.0,0.0,0.0,,0.0,0.0,0.0,0.0,0.0,4.0,3.0,23.0,0.0,59.0,0.0,0.0,5.3,2.3,,,,,,
2025,13,NE,NYG,R.Stevenson,0.0,0.0,0.0,0.0,0.0,0.0,,12.0,40.0,0.0,0.0,0.0,3.0,3.0,40.0,0.0,2.0,0.0,0.0,11.0,8.0,,,,,,
2025,13,NE,NYG,S.Diggs,0.0,0.0,0.0,0.0,0.0,0.0,,0.0,0.0,0.0,0.0,0.0,4.0,3.0,26.0,0.0,12.0,0.0,0.0,5.6,2.6,,,,,,
2025,13,NE,NYG,T.Henderson,0.0,0.0,0.0,0.0,0.0,0.0,,11.0,67.0,0.0,0.0,0.0,4.0,3.0,19.0,0.0,-4.0,0.0,0.0,11.6,8.6,,,,,,
2025,13,NO,MIA,C.Olave,0.0,0.0,0.0,0.0,0.0,0.0,,0.0,0.0,0.0,0.0,0.0,7.0,4.0,47.0,1.0,82.0,0.0,0.0,14.7,10.7,,,,,,
2025,13,NO,MIA,D.Neal,0.0,0.0,0.0,0.0,0.0,0.0,,14.0,47.0,0.0,0.0,0.0,3.0,3.0,22.0,0.0,-3.0,0.0,0.0,9.9,6.9,,,,,,
2025,13,NO,MIA,D.Vele,0.0,0.0,0.0,0.0,0.0,0.0,,0.0,0.0,0.0,0.0,0.0,9.0,8.0,93.0,1.0,87.0,0.0,0.0,23.3,15.3,,,,,,
2025,13,NO,MIA,E.Hull,0.0,0.0,0.0,0.0,0.0,0.0,,5.0,15.0,0.0,0.0,0.0,0.0,0.0,0.0,0.0,0.0,0.0,0.0,1.5,1.5,,,,,,
2025,13,NO,MIA,F.Moreau,0.0,0.0,0.0,0.0,0.0,0.0,,0.0,0.0,0.0,0.0,0.0,2.0,2.0,13.0,0.0,3.0,0.0,0.0,3.3,1.3,,,,,,
2025,13,NO,MIA,J.Johnson,0.0,0.0,0.0,0.0,0.0,0.0,,0.0,0.0,0.0,0.0,0.0,9.0,5.0,39.0,0.0,47.0,0.0,0.0,8.9,3.9,,,,,,
2025,13,NO,MIA,M.Tipton,0.0,0.0,0.0,0.0,0.0,0.0,,1.0,-1.0,0.0,0.0,0.0,4.0,3.0,20.0,0.0,20.0,0.0,0.0,4.9,1.9,,,,,,
2025,13,NO,MIA,T.Hill,0.0,0.0,0.0,0.0,0.0,0.0,,1.0,2.0,0.0,0.0,0.0,1.0,1.0,5.0,0.0,5.0,0.0,0.0,1.7,0.7,,,,,,
2025,13,NO,MIA,T.Shough,43.0,26.0,239.0,2.0,1.0,4.0,QB,7.0,18.0,0.0,0.0,0.0,0.0,0.0,0.0,0.0,0.0,0.0,0.0,18.36,18.36,,,,,,
2025,13,NYG,NE,D.Singletary,0.0,0.0,0.0,0.0,0.0,0.0,,12.0,68.0,1.0,0.0,0.0,3.0,3.0,34.0,0.0,-1.0,0.0,0.0,19.2,16.2,,,,,,
2025,13,NYG,NE,D.Slayton,0.0,0.0,0.0,0.0,0.0,0.0,,0.0,0.0,0.0,0.0,0.0,4.0,2.0,41.0,1.0,45.0,0.0,0.0,12.1,10.1,,,,,,
2025,13,NYG,NE,I.Hodgins,0.0,0.0,0.0,0.0,0.0,0.0,,0.0,0.0,0.0,0.0,0.0,1.0,1.0,4.0,0.0,4.0,0.0,0.0,1.4,0.4,,,,,,
2025,13,NYG,NE,J.Dart,27.0,17.0,139.0,1.0,0.0,2.0,QB,4.0,20.0,0.0,0.0,0.0,0.0,0.0,0.0,0.0,0.0,0.0,0.0,11.56,11.56,,,,,,
2025,13,NYG,NE,J.Gillan,0.0,0.0,0.0,0.0,0.0,0.0,,1.0,-13.0,0.0,0.0,0.0,0.0,0.0,0.0,0.0,0.0,0.0,0.0,-1.3,-1.3,,,,,,
2025,13,NYG,NE,T.Johnson,0.0,0.0,0.0,0.0,0.0,0.0,,0.0,0.0,0.0,0.0,0.0,8.0,3.0,29.0,0.0,103.0,0.0,0.0,5.9,2.9,,,,,,
2025,13,NYG,NE,T.Tracy,0.0,0.0,0.0,0.0,0.0,0.0,,10.0,36.0,0.0,0.0,0.0,1.0,1.0,-3.0,0.0,-4.0,0.0,0.0,4.3,3.3,,,,,,
2025,13,NYG,NE,W.Robinson,0.0,0.0,0.0,0.0,0.0,0.0,,0.0,0.0,0.0,0.0,0.0,8.0,7.0,34.0,0.0,37.0,0.0,0.0,10.4,3.4,,,,,,
2025,13,NYJ,ATL,A.Lazard,0.0,0.0,0.0,0.0,0.0,0.0,,0.0,0.0,0.0,0.0,0.0,1.0,1.0,10.0,0.0,10.0,0.0,0.0,2.0,1.0,,,,,,
2025,13,NYJ,ATL,A.Mitchell,0.0,0.0,0.0,0.0,0.0,0.0,,0.0,0.0,0.0,0.0,0.0,12.0,8.0,102.0,1.0,173.0,0.0,0.0,24.2,16.2,,,,,,
2025,13,NYJ,ATL,B.Hall,0.0,0.0,0.0,0.0,0.0,0.0,,19.0,68.0,1.0,0.0,0.0,2.0,2.0,8.0,0.0,7.0,0.0,0.0,15.6,13.6,,,,,,
2025,13,NYJ,ATL,I.Davis,0.0,0.0,0.0,0.0,0.0,0.0,,0.0,0.0,0.0,0.0,0.0,1.0,0.0,0.0,0.0,6.0,0.0,0.0,0.0,0.0,,,,,,
2025,13,NYJ,ATL,I.Williams,0.0,0.0,0.0,0.0,0.0,0.0,,0.0,0.0,0.0,0.0,0.0,1.0,0.0,0.0,0.0,7.0,0.0,0.0,0.0,0.0,,,,,,
2025,13,NYJ,ATL,J.Metchie,0.0,0.0,0.0,0.0,0.0,0.0,,1.0,-2.0,0.0,0.0,0.0,8.0,4.0,19.0,0.0,46.0,0.0,0.0,5.7,1.7,,,,,,
2025,13,NYJ,ATL,J.Ruckert,0.0,0.0,0.0,0.0,0.0,0.0,,0.0,0.0,0.0,0.0,0.0,2.0,2.0,12.0,0.0,8.0,0.0,0.0,3.2,1.2,,,,,,
2025,13,NYJ,ATL,M.Taylor,0.0,0.0,0.0,0.0,0.0,0.0,,0.0,0.0,0.0,0.0,0.0,4.0,2.0,21.0,0.0,41.0,0.0,0.0,4.1,2.1,,,,,,
2025,13,NYJ,ATL,T.Taylor,35.0,19.0,172.0,1.0,0.0,2.0,QB,8.0,44.0,1.0,0.0,0.0,0.0,0.0,0.0,0.0,0.0,0.0,0.0,21.28,21.28,,,,,,
2025,13,PHI,CHI,A.Brown,0.0,0.0,0.0,0.0,0.0,0.0,,0.0,0.0,0.0,0.0,0.0,12.0,10.0,132.0,2.0,150.0,0.0,0.0,35.2,25.2,,,,,,
2025,13,PHI,CHI,D.Goedert,0.0,0.0,0.0,0.0,0.0,0.0,,0.0,0.0,0.0,0.0,0.0,4.0,2.0,27.0,0.0,37.0,0.0,0.0,4.7,2.7,,,,,,
2025,13,PHI,CHI,D.Smith,0.0,0.0,0.0,0.0,0.0,0.0,,0.0,0.0,0.0,0.0,0.0,8.0,5.0,48.0,0.0,72.0,0.0,0.0,9.8,4.8,,,,,,
2025,13,PHI,CHI,J.Dotson,0.0,0.0,0.0,0.0,0.0,0.0,,0.0,0.0,0.0,0.0,0.0,3.0,1.0,12.0,0.0,32.0,0.0,0.0,2.2,1.2,,,,,,
2025,13,PHI,CHI,J.Hurts,35.0,19.0,230.0,2.0,1.0,0.0,QB,4.0,31.0,0.0,1.0,1.0,0.0,0.0,0.0,0.0,0.0,0.0,0.0,19.3,19.3,,,,,,
2025,13,PHI,CHI,S.Barkley,0.0,0.0,0.0,0.0,0.0,0.0,,13.0,56.0,0.0,0.0,0.0,3.0,0.0,0.0,0.0,0.0,0.0,0.0,5.6,5.6,,,,,,
2025,13,PHI,CHI,W.Shipley,0.0,0.0,0.0,0.0,0.0,0.0,,0.0,0.0,0.0,0.0,0.0,1.0,1.0,11.0,0.0,10.0,0.0,0.0,2.1,1.1,,,,,,
2025,13,PIT,BUF,A.Rodgers,22.0,10.0,117.0,0.0,0.0,1.0,QB,1.0,0.0,0.0,1.0,0.0,0.0,0.0,0.0,0.0,0.0,0.0,0.0,4.68,4.68,,,,,,
2025,13,PIT,BUF,B.Skowronek,0.0,0.0,0.0,0.0,0.0,0.0,,0.0,0.0,0.0,0.0,0.0,1.0,0.0,0.0,0.0,4.0,0.0,0.0,0.0,0.0,,,,,,
2025,13,PIT,BUF,C.Austin,0.0,0.0,0.0,0.0,0.0,0.0,,0.0,0.0,0.0,0.0,0.0,2.0,0.0,0.0,0.0,33.0,0.0,0.0,0.0,0.0,,,,,,
2025,13,PIT,BUF,D.Metcalf,0.0,0.0,0.0,0.0,0.0,0.0,,0.0,0.0,0.0,0.0,0.0,5.0,3.0,32.0,0.0,24.0,0.0,0.0,6.2,3.2,,,,,,
2025,13,PIT,BUF,D.Washington,0.0,0.0,0.0,0.0,0.0,0.0,,0.0,0.0,0.0,0.0,0.0,4.0,2.0,45.0,0.0,47.0,0.0,0.0,6.5,4.5,,,,,,
2025,13,PIT,BUF,J.Smith,0.0,0.0,0.0,0.0,0.0,0.0,,0.0,0.0,0.0,0.0,0.0,2.0,1.0,6.0,0.0,12.0,0.0,0.0,1.6,0.6,,,,,,
2025,13,PIT,BUF,J.Warren,0.0,0.0,0.0,0.0,0.0,0.0,,10.0,35.0,1.0,0.0,0.0,4.0,2.0,9.0,0.0,-9.0,0.0,0.0,12.4,10.4,,,,,,
2025,13,PIT,BUF,K.Gainwell,0.0,0.0,0.0,0.0,0.0,0.0,,5.0,20.0,0.0,0.0,0.0,3.0,2.0,25.0,0.0,-11.0,0.0,0.0,6.5,4.5,,,,,,
2025,13,PIT,BUF,K.Johnson,0.0,0.0,0.0,0.0,0.0,0.0,,2.0,3.0,0.0,0.0,0.0,0.0,0.0,0.0,0.0,0.0,0.0,0.0,0.3,0.3,,,,,,
2025,13,PIT,BUF,M.Rudolph,3.0,0.0,0.0,0.0,1.0,0.0,QB,0.0,0.0,0.0,0.0,0.0,0.0,0.0,0.0,0.0,0.0,0.0,0.0,-1.0,-1.0,,,,,,
2025,13,PIT,BUF,R.Wilson,0.0,0.0,0.0,0.0,0.0,0.0,,0.0,0.0,0.0,0.0,0.0,1.0,0.0,0.0,0.0,24.0,0.0,0.0,0.0,0.0,,,,,,
2025,13,SEA,MIN,A.Barner,0.0,0.0,0.0,0.0,0.0,0.0,,1.0,2.0,0.0,0.0,0.0,5.0,4.0,35.0,0.0,9.0,0.0,0.0,7.7,3.7,,,,,,
2025,13,SEA,MIN,C.Kupp,0.0,0.0,0.0,0.0,0.0,0.0,,0.0,0.0,0.0,0.0,0.0,4.0,3.0,24.0,0.0,13.0,0.0,0.0,5.4,2.4,,,,,,
2025,13,SEA,MIN,C.White,0.0,0.0,0.0,0.0,0.0,0.0,,0.0,0.0,0.0,0.0,0.0,1.0,1.0,21.0,0.0,8.0,0.0,0.0,3.1,2.1,,,,,,
2025,13,SEA,MIN,E.Arroyo,0.0,0.0,0.0,0.0,0.0,0.0,,0.0,0.0,0.0,0.0,0.0,2.0,0.0,0.0,0.0,31.0,0.0,0.0,0.0,0.0,,,,,,
2025,13,SEA,MIN,J.Smith-Njigba,0.0,0.0,0.0,0.0,0.0,0.0,,0.0,0.0,0.0,0.0,0.0,4.0,2.0,23.0,0.0,7.0,0.0,0.0,4.3,2.3,,,,,,
2025,13,SEA,MIN,K.Walker,0.0,0.0,0.0,0.0,0.0,0.0,,13.0,56.0,0.0,0.0,0.0,4.0,3.0,18.0,0.0,-12.0,0.0,0.0,10.4,7.4,,,,,,
2025,13,SEA,MIN,M.Gaskin,0.0,0.0,0.0,0.0,0.0,0.0,,3.0,6.0,0.0,0.0,0.0,0.0,0.0,0.0,0.0,0.0,0.0,0.0,0.6,0.6,,,,,,
2025,13,SEA,MIN,R.Shaheed,0.0,0.0,0.0,0.0,0.0,0.0,,1.0,9.0,0.0,0.0,0.0,3.0,1.0,7.0,0.0,11.0,0.0,0.0,2.6,1.6,,,,,,
2025,13,SEA,MIN,S.Darnold,30.0,14.0,128.0,0.0,0.0,4.0,QB,0.0,0.0,0.0,0.0,0.0,0.0,0.0,0.0,0.0,0.0,0.0,0.0,5.12,5.12,,,,,,
2025,13,SEA,MIN,Z.Charbonnet,0.0,0.0,0.0,0.0,0.0,0.0,,14.0,52.0,1.0,0.0,0.0,0.0,0.0,0.0,0.0,0.0,0.0,0.0,11.2,11.2,,,,,,
2025,13,SF,CLE,B.Purdy,31.0,16.0,168.0,1.0,0.0,1.0,QB,2.0,4.0,1.0,0.0,0.0,0.0,0.0,0.0,0.0,0.0,0.0,0.0,17.12,17.12,,,,,,
2025,13,SF,CLE,B.Robinson,0.0,0.0,0.0,0.0,0.0,0.0,,8.0,26.0,0.0,0.0,0.0,0.0,0.0,0.0,0.0,0.0,0.0,0.0,2.6,2.6,,,,,,
2025,13,SF,CLE,C.McCaffrey,1.0,0.0,0.0,0.0,0.0,0.0,QB,20.0,53.0,1.0,0.0,0.0,4.0,4.0,21.0,0.0,-4.0,0.0,0.0,17.4,13.4,,,,,,
2025,13,SF,CLE,D.Robinson,0.0,0.0,0.0,0.0,0.0,0.0,,1.0,6.0,0.0,0.0,0.0,1.0,0.0,0.0,0.0,8.0,0.0,0.0,0.6,0.6,,,,,,
2025,13,SF,CLE,G.Kittle,0.0,0.0,0.0,0.0,0.0,0.0,,0.0,0.0,0.0,0.0,0.0,5.0,4.0,67.0,0.0,63.0,0.0,0.0,10.7,6.7,,,,,,
2025,13,SF,CLE,J.Jennings,0.0,0.0,0.0,0.0,0.0,0.0,,0.0,0.0,0.0,0.0,0.0,7.0,4.0,39.0,1.0,71.0,0.0,0.0,13.9,9.9,,,,,,
2025,13,SF,CLE,K.Bourne,0.0,0.0,0.0,0.0,0.0,0.0,,0.0,0.0,0.0,0.0,0.0,1.0,0.0,0.0,0.0,20.0,0.0,0.0,0.0,0.0,,,,,,
2025,13,SF,CLE,K.Juszczyk,0.0,0.0,0.0,0.0,0.0,0.0,,0.0,0.0,0.0,0.0,0.0,2.0,2.0,27.0,0.0,23.0,0.0,0.0,4.7,2.7,,,,,,
2025,13,SF,CLE,L.Farrell,0.0,0.0,0.0,0.0,0.0,0.0,,0.0,0.0,0.0,0.0,0.0,1.0,0.0,0.0,0.0,2.0,0.0,0.0,0.0,0.0,,,,,,
2025,13,SF,CLE,M.Jones,0.0,0.0,0.0,0.0,0.0,0.0,,2.0,2.0,0.0,0.0,0.0,0.0,0.0,0.0,0.0,0.0,0.0,0.0,0.2,0.2,,,,,,
2025,13,SF,CLE,R.Pearsall,0.0,0.0,0.0,0.0,0.0,0.0,,0.0,0.0,0.0,0.0,0.0,3.0,2.0,14.0,0.0,21.0,0.0,0.0,3.4,1.4,,,,,,
2025,13,TB,ARI,B.Irving,0.0,0.0,0.0,0.0,0.0,0.0,,17.0,61.0,1.0,0.0,0.0,2.0,2.0,20.0,0.0,-10.0,0.0,0.0,16.1,14.1,,,,,,
2025,13,TB,ARI,B.Mayfield,30.0,18.0,194.0,1.0,0.0,2.0,QB,6.0,27.0,0.0,0.0,0.0,0.0,0.0,0.0,0.0,0.0,0.0,0.0,14.46,14.46,,,,,,
2025,13,TB,ARI,C.Godwin,0.0,0.0,0.0,0.0,0.0,0.0,,0.0,0.0,0.0,0.0,0.0,5.0,3.0,78.0,0.0,44.0,0.0,0.0,10.8,7.8,,,,,,
2025,13,TB,ARI,C.Otton,0.0,0.0,0.0,0.0,0.0,0.0,,0.0,0.0,0.0,0.0,0.0,2.0,2.0,9.0,0.0,5.0,0.0,0.0,2.9,0.9,,,,,,
2025,13,TB,ARI,E.Egbuka,0.0,0.0,0.0,0.0,0.0,0.0,,0.0,0.0,0.0,0.0,0.0,8.0,4.0,42.0,0.0,84.0,0.0,0.0,8.2,4.2,,,,,,
2025,13,TB,ARI,P.Durham,0.0,0.0,0.0,0.0,0.0,0.0,,0.0,0.0,0.0,0.0,0.0,1.0,1.0,11.0,0.0,0.0,0.0,0.0,2.1,1.1,,,,,,
2025,13,TB,ARI,R.White,0.0,0.0,0.0,0.0,0.0,0.0,,2.0,7.0,0.0,0.0,0.0,3.0,3.0,22.0,0.0,-13.0,0.0,0.0,5.9,2.9,,,,,,
2025,13,TB,ARI,S.Shepard,0.0,0.0,0.0,0.0,0.0,0.0,,0.0,0.0,0.0,0.0,0.0,2.0,1.0,5.0,0.0,50.0,0.0,0.0,1.5,0.5,,,,,,
2025,13,TB,ARI,S.Tucker,0.0,0.0,0.0,0.0,0.0,0.0,,2.0,0.0,0.0,0.0,0.0,0.0,0.0,0.0,0.0,0.0,0.0,0.0,0.0,0.0,,,,,,
2025,13,TB,ARI,T.Johnson,0.0,0.0,0.0,0.0,0.0,0.0,,0.0,0.0,0.0,0.0,0.0,2.0,1.0,5.0,0.0,30.0,0.0,0.0,1.5,0.5,,,,,,
2025,13,TB,ARI,T.Wirfs,0.0,0.0,0.0,0.0,0.0,0.0,,0.0,0.0,0.0,0.0,0.0,1.0,1.0,2.0,1.0,1.0,0.0,0.0,7.2,6.2,,,,,,
2025,13,TEN,JAX,C.Dike,0.0,0.0,0.0,0.0,0.0,0.0,,1.0,1.0,0.0,0.0,0.0,4.0,1.0,8.0,0.0,35.0,0.0,0.0,1.9,0.9,,,,,,
2025,13,TEN,JAX,C.Okonkwo,0.0,0.0,0.0,0.0,0.0,0.0,,0.0,0.0,0.0,0.0,0.0,5.0,4.0,29.0,0.0,40.0,0.0,0.0,6.9,2.9,,,,,,
2025,13,TEN,JAX,C.Ward,41.0,24.0,141.0,0.0,0.0,3.0,QB,1.0,7.0,0.0,0.0,0.0,0.0,0.0,0.0,0.0,0.0,0.0,0.0,6.34,6.34,,,,,,
2025,13,TEN,JAX,E.Ayomanor,0.0,0.0,0.0,0.0,0.0,0.0,,0.0,0.0,0.0,0.0,0.0,5.0,1.0,5.0,0.0,57.0,0.0,0.0,1.5,0.5,,,,,,
2025,13,TEN,JAX,G.Helm,0.0,0.0,0.0,0.0,0.0,0.0,,0.0,0.0,0.0,0.0,0.0,7.0,6.0,23.0,0.0,36.0,0.0,0.0,8.3,2.3,,,,,,
2025,13,TEN,JAX,J.Proche,0.0,0.0,0.0,0.0,0.0,0.0,,0.0,0.0,0.0,0.0,0.0,1.0,1.0,13.0,0.0,13.0,0.0,0.0,2.3,1.3,,,,,,
2025,13,TEN,JAX,T.Pollard,0.0,0.0,0.0,0.0,0.0,0.0,,10.0,60.0,0.0,0.0,0.0,2.0,1.0,3.0,0.0,8.0,1.0,1.0,7.3,6.3,,,,,,
2025,13,TEN,JAX,T.Spears,0.0,0.0,0.0,0.0,0.0,0.0,,2.0,-1.0,0.0,0.0,0.0,6.0,6.0,25.0,0.0,4.0,0.0,0.0,8.4,2.4,,,,,,
2025,13,TEN,JAX,V.Jefferson,0.0,0.0,0.0,0.0,0.0,0.0,,0.0,0.0,0.0,0.0,0.0,4.0,3.0,20.0,0.0,34.0,0.0,0.0,5.0,2.0,,,,,,
2025,13,TEN,JAX,X.Restrepo,0.0,0.0,0.0,0.0,0.0,0.0,,0.0,0.0,0.0,0.0,0.0,1.0,1.0,15.0,0.0,9.0,0.0,0.0,2.5,1.5,,,,,,
2025,13,WAS,DEN,C.Rodriguez,0.0,0.0,0.0,0.0,0.0,0.0,,11.0,41.0,1.0,0.0,0.0,1.0,0.0,0.0,0.0,12.0,0.0,0.0,10.1,10.1,,,,,,
2025,13,WAS,DEN,C.Yankoff,0.0,0.0,0.0,0.0,0.0,0.0,,0.0,0.0,0.0,0.0,0.0,1.0,1.0,14.0,0.0,13.0,0.0,0.0,2.4,1.4,,,,,,
2025,13,WAS,DEN,D.Samuel,0.0,0.0,0.0,0.0,0.0,0.0,,2.0,-3.0,0.0,0.0,0.0,7.0,5.0,64.0,0.0,64.0,0.0,0.0,11.1,6.1,,,,,,
2025,13,WAS,DEN,J.Bates,0.0,0.0,0.0,0.0,0.0,0.0,,0.0,0.0,0.0,0.0,0.0,2.0,2.0,9.0,0.0,1.0,0.0,0.0,2.9,0.9,,,,,,
2025,13,WAS,DEN,J.Croskey-Merritt,0.0,0.0,0.0,0.0,0.0,0.0,,4.0,20.0,0.0,0.0,0.0,0.0,0.0,0.0,0.0,0.0,0.0,0.0,2.0,2.0,,,,,,
2025,13,WAS,DEN,J.Lane,0.0,0.0,0.0,0.0,0.0,0.0,,0.0,0.0,0.0,0.0,0.0,1.0,0.0,0.0,0.0,29.0,0.0,0.0,0.0,0.0,,,,,,
2025,13,WAS,DEN,J.McNichols,0.0,0.0,0.0,0.0,0.0,0.0,,6.0,30.0,0.0,0.0,0.0,3.0,2.0,0.0,0.0,-9.0,0.0,0.0,5.0,3.0,,,,,,
2025,13,WAS,DEN,M.Mariota,53.0,28.0,294.0,2.0,1.0,2.0,QB,10.0,55.0,0.0,0.0,0.0,0.0,0.0,0.0,0.0,0.0,0.0,0.0,24.26,24.26,,,,,,
2025,13,WAS,DEN,T.Burks,0.0,0.0,0.0,0.0,0.0,0.0,,0.0,0.0,0.0,0.0,0.0,4.0,1.0,5.0,1.0,75.0,0.0,0.0,7.5,6.5,,,,,,
2025,13,WAS,DEN,T.McLaurin,0.0,0.0,0.0,0.0,0.0,0.0,,0.0,0.0,0.0,0.0,0.0,14.0,7.0,96.0,1.0,221.0,0.0,0.0,22.6,15.6,,,,,,
2025,13,WAS,DEN,Z.Ertz,0.0,0.0,0.0,0.0,0.0,0.0,,0.0,0.0,0.0,0.0,0.0,13.0,10.0,106.0,0.0,120.0,0.0,0.0,20.6,10.6,,,,,,
2025,14,ARI,LA,A.Baccellia,0.0,0.0,0.0,0.0,0.0,0.0,,0.0,0.0,0.0,0.0,0.0,3.0,1.0,3.0,0.0,2.0,0.0,0.0,1.3,0.3,,,,,,
2025,14,ARI,LA,E.Higgins,0.0,0.0,0.0,0.0,0.0,0.0,,0.0,0.0,0.0,0.0,0.0,1.0,1.0,0.0,0.0,-3.0,0.0,0.0,1.0,0.0,,,,,,
2025,14,ARI,LA,J.Brissett,47.0,25.0,271.0,2.0,1.0,3.0,QB,4.0,22.0,0.0,0.0,0.0,0.0,0.0,0.0,0.0,0.0,0.0,0.0,20.04,20.04,,,,,,
2025,14,ARI,LA,J.Brooks,0.0,0.0,0.0,0.0,0.0,0.0,,0.0,0.0,0.0,0.0,0.0,3.0,2.0,32.0,0.0,40.0,0.0,0.0,5.2,3.2,,,,,,
2025,14,ARI,LA,J.Deguara,0.0,0.0,0.0,0.0,0.0,0.0,,0.0,0.0,0.0,0.0,0.0,1.0,0.0,0.0,0.0,5.0,0.0,0.0,0.0,0.0,,,,,,
2025,14,ARI,LA,M.Carter,0.0,0.0,0.0,0.0,0.0,0.0,,3.0,13.0,0.0,0.0,0.0,4.0,2.0,18.0,0.0,18.0,0.0,0.0,5.1,3.1,,,,,,
2025,14,ARI,LA,M.Wilson,0.0,0.0,0.0,0.0,0.0,0.0,,0.0,0.0,0.0,0.0,0.0,16.0,11.0,142.0,2.0,193.0,0.0,0.0,37.2,26.2,,,,,,
2025,14,ARI,LA,T.McBride,0.0,0.0,0.0,0.0,0.0,0.0,,0.0,0.0,0.0,0.0,0.0,9.0,5.0,58.0,0.0,71.0,0.0,0.0,10.8,5.8,,,,,,
2025,14,ARI,LA,T.Sherfield,0.0,0.0,0.0,0.0,0.0,0.0,,0.0,0.0,0.0,0.0,0.0,1.0,0.0,0.0,0.0,6.0,0.0,0.0,0.0,0.0,,,,,,
2025,14,ARI,LA,Z.Knight,0.0,0.0,0.0,0.0,0.0,0.0,,7.0,16.0,0.0,0.0,0.0,6.0,3.0,18.0,0.0,20.0,0.0,0.0,6.4,3.4,,,,,,
2025,14,ATL,SEA,B.Robinson,0.0,0.0,0.0,0.0,0.0,0.0,,20.0,86.0,0.0,1.0,1.0,2.0,2.0,8.0,0.0,1.0,0.0,0.0,11.4,9.4,,,,,,
2025,14,ATL,SEA,D.Drummond,0.0,0.0,0.0,0.0,0.0,0.0,,0.0,0.0,0.0,0.0,0.0,5.0,3.0,21.0,0.0,26.0,0.0,0.0,5.1,2.1,,,,,,
2025,14,ATL,SEA,D.Mooney,0.0,0.0,0.0,0.0,0.0,0.0,,0.0,0.0,0.0,0.0,0.0,4.0,1.0,6.0,0.0,40.0,0.0,0.0,1.6,0.6,,,,,,
2025,14,ATL,SEA,D.Sills,0.0,0.0,0.0,0.0,0.0,0.0,,0.0,0.0,0.0,0.0,0.0,4.0,0.0,0.0,0.0,41.0,0.0,0.0,0.0,0.0,,,,,,
2025,14,ATL,SEA,D.Thompkins,0.0,0.0,0.0,0.0,0.0,0.0,,0.0,0.0,0.0,0.0,0.0,1.0,1.0,4.0,0.0,-4.0,0.0,0.0,1.4,0.4,,,,,,
2025,14,ATL,SEA,K.Cousins,31.0,15.0,162.0,0.0,2.0,1.0,QB,0.0,0.0,0.0,0.0,0.0,0.0,0.0,0.0,0.0,0.0,0.0,0.0,4.48,4.48,,,,,,
2025,14,ATL,SEA,K.Pitts,0.0,0.0,0.0,0.0,0.0,0.0,,0.0,0.0,0.0,0.0,0.0,10.0,6.0,90.0,0.0,104.0,0.0,0.0,15.0,9.0,,,,,,
2025,14,ATL,SEA,T.Allgeier,0.0,0.0,0.0,0.0,0.0,0.0,,11.0,34.0,0.0,0.0,0.0,2.0,2.0,33.0,0.0,-6.0,0.0,0.0,8.7,6.7,,,,,,
2025,14,BAL,PIT,C.Kolar,0.0,0.0,0.0,0.0,0.0,0.0,,0.0,0.0,0.0,0.0,0.0,1.0,1.0,19.0,0.0,15.0,0.0,0.0,2.9,1.9,,,,,,
2025,14,BAL,PIT,D.Henry,0.0,0.0,0.0,0.0,0.0,0.0,,25.0,94.0,0.0,0.0,0.0,2.0,1.0,8.0,0.0,1.0,0.0,0.0,11.2,10.2,,,,,,
2025,14,BAL,PIT,D.Hopkins,0.0,0.0,0.0,0.0,0.0,0.0,,0.0,0.0,0.0,0.0,0.0,1.0,0.0,0.0,0.0,27.0,0.0,0.0,0.0,0.0,,,,,,
2025,14,BAL,PIT,I.Likely,0.0,0.0,0.0,0.0,0.0,0.0,,0.0,0.0,0.0,0.0,0.0,6.0,4.0,25.0,1.0,31.0,0.0,0.0,12.5,8.5,,,,,,
2025,14,BAL,PIT,K.Mitchell,0.0,0.0,0.0,0.0,0.0,0.0,,6.0,76.0,0.0,0.0,0.0,0.0,0.0,0.0,0.0,0.0,0.0,0.0,7.6,7.6,,,,,,
2025,14,BAL,PIT,L.Jackson,37.0,19.0,219.0,1.0,1.0,2.0,QB,7.0,43.0,1.0,0.0,0.0,0.0,0.0,0.0,0.0,0.0,0.0,0.0,22.06,22.06,,,,,,
2025,14,BAL,PIT,M.Andrews,0.0,0.0,0.0,0.0,0.0,0.0,,0.0,0.0,0.0,0.0,0.0,5.0,1.0,9.0,0.0,27.0,0.0,0.0,1.9,0.9,,,,,,
2025,14,BAL,PIT,P.Ricard,0.0,0.0,0.0,0.0,0.0,0.0,,0.0,0.0,0.0,0.0,0.0,1.0,0.0,0.0,0.0,0.0,0.0,0.0,0.0,0.0,,,,,,
2025,14,BAL,PIT,R.Ali,0.0,0.0,0.0,0.0,0.0,0.0,,1.0,2.0,0.0,0.0,0.0,3.0,2.0,11.0,0.0,11.0,0.0,0.0,3.3,1.3,,,,,,
2025,14,BAL,PIT,R.Bateman,0.0,0.0,0.0,0.0,0.0,0.0,,0.0,0.0,0.0,0.0,0.0,3.0,2.0,23.0,0.0,27.0,0.0,0.0,4.3,2.3,,,,,,
2025,14,BAL,PIT,Z.Flowers,0.0,0.0,0.0,0.0,0.0,0.0,,1.0,2.0,0.0,0.0,0.0,11.0,8.0,124.0,0.0,118.0,0.0,0.0,20.6,12.6,,,,,,
2025,14,BUF,CIN,D.Kincaid,0.0,0.0,0.0,0.0,0.0,0.0,,0.0,0.0,0.0,0.0,0.0,5.0,4.0,41.0,1.0,21.0,0.0,0.0,14.1,10.1,,,,,,
2025,14,BUF,CIN,D.Knox,0.0,0.0,0.0,0.0,0.0,0.0,,0.0,0.0,0.0,0.0,0.0,8.0,6.0,93.0,0.0,34.0,0.0,0.0,15.3,9.3,,,,,,
2025,14,BUF,CIN,G.Davis,0.0,0.0,0.0,0.0,0.0,0.0,,0.0,0.0,0.0,0.0,0.0,2.0,2.0,21.0,0.0,21.0,0.0,0.0,4.1,2.1,,,,,,
2025,14,BUF,CIN,J.Allen,32.0,22.0,251.0,3.0,0.0,3.0,QB,9.0,78.0,1.0,0.0,0.0,0.0,0.0,0.0,0.0,0.0,0.0,0.0,35.84,35.84,,,,,,
2025,14,BUF,CIN,J.Cook,0.0,0.0,0.0,0.0,0.0,0.0,,18.0,80.0,0.0,2.0,1.0,2.0,2.0,31.0,0.0,-5.0,0.0,0.0,13.1,11.1,,,,,,
2025,14,BUF,CIN,J.Hawes,0.0,0.0,0.0,0.0,0.0,0.0,,0.0,0.0,0.0,0.0,0.0,1.0,1.0,3.0,1.0,3.0,0.0,0.0,7.3,6.3,,,,,,
2025,14,BUF,CIN,K.Coleman,0.0,0.0,0.0,0.0,0.0,0.0,,0.0,0.0,0.0,0.0,0.0,3.0,2.0,16.0,0.0,30.0,0.0,0.0,3.6,1.6,,,,,,
2025,14,BUF,CIN,K.Shakir,0.0,0.0,0.0,0.0,0.0,0.0,,0.0,0.0,0.0,0.0,0.0,3.0,2.0,16.0,1.0,4.0,0.0,0.0,9.6,7.6,,,,,,
2025,14,BUF,CIN,T.Shavers,0.0,0.0,0.0,0.0,0.0,0.0,,0.0,0.0,0.0,0.0,0.0,1.0,1.0,16.0,0.0,16.0,0.0,0.0,2.6,1.6,,,,,,
2025,14,BUF,CIN,Ty.Johnson,0.0,0.0,0.0,0.0,0.0,0.0,,2.0,25.0,0.0,0.0,0.0,3.0,2.0,14.0,0.0,-12.0,0.0,0.0,5.9,3.9,,,,,,
2025,14,CHI,GB,C.Kmet,0.0,0.0,0.0,0.0,0.0,0.0,,0.0,0.0,0.0,0.0,0.0,3.0,2.0,42.0,0.0,53.0,0.0,0.0,6.2,4.2,,,,,,
2025,14,CHI,GB,C.Loveland,0.0,0.0,0.0,0.0,0.0,0.0,,0.0,0.0,0.0,0.0,0.0,5.0,4.0,29.0,1.0,32.0,0.0,0.0,12.9,8.9,,,,,,
2025,14,CHI,GB,C.Williams,36.0,19.0,186.0,2.0,1.0,1.0,QB,4.0,15.0,0.0,0.0,0.0,0.0,0.0,0.0,0.0,0.0,0.0,0.0,15.94,15.94,,,,,,
2025,14,CHI,GB,D.Duvernay,0.0,0.0,0.0,0.0,0.0,0.0,,0.0,0.0,0.0,0.0,0.0,1.0,1.0,24.0,0.0,24.0,0.0,0.0,3.4,2.4,,,,,,
2025,14,CHI,GB,D.Moore,0.0,0.0,0.0,0.0,0.0,0.0,,0.0,0.0,0.0,0.0,0.0,3.0,1.0,-4.0,0.0,26.0,0.0,0.0,0.6,-0.4,,,,,,
2025,14,CHI,GB,D.Smythe,0.0,0.0,0.0,0.0,0.0,0.0,,0.0,0.0,0.0,0.0,0.0,1.0,1.0,2.0,0.0,-2.0,0.0,0.0,1.2,0.2,,,,,,
2025,14,CHI,GB,D.Swift,0.0,0.0,0.0,0.0,0.0,0.0,,13.0,63.0,0.0,0.0,0.0,4.0,3.0,19.0,0.0,-8.0,0.0,0.0,11.2,8.2,,,,,,
2025,14,CHI,GB,K.Monangai,0.0,0.0,0.0,0.0,0.0,0.0,,15.0,57.0,0.0,0.0,0.0,2.0,1.0,0.0,0.0,2.0,0.0,0.0,6.7,5.7,,,,,,
2025,14,CHI,GB,L.Burden,0.0,0.0,0.0,0.0,0.0,0.0,,1.0,3.0,0.0,0.0,0.0,6.0,4.0,67.0,0.0,60.0,0.0,0.0,11.0,7.0,,,,,,
2025,14,CHI,GB,O.Zaccheaus,0.0,0.0,0.0,0.0,0.0,0.0,,0.0,0.0,0.0,0.0,0.0,3.0,2.0,7.0,1.0,21.0,0.0,0.0,8.7,6.7,,,,,,
2025,14,CIN,BUF,A.Iosivas,0.0,0.0,0.0,0.0,0.0,0.0,,0.0,0.0,0.0,0.0,0.0,3.0,2.0,17.0,0.0,19.0,0.0,0.0,3.7,1.7,,,,,,
2025,14,CIN,BUF,C.Brown,0.0,0.0,0.0,0.0,0.0,0.0,,12.0,23.0,1.0,0.0,0.0,4.0,3.0,12.0,1.0,33.0,0.0,0.0,18.5,15.5,,,,,,
2025,14,CIN,BUF,J.Burrow,38.0,25.0,284.0,4.0,2.0,1.0,QB,0.0,0.0,0.0,0.0,0.0,0.0,0.0,0.0,0.0,0.0,0.0,0.0,25.36,25.36,,,,,,
2025,14,CIN,BUF,J.Chase,0.0,0.0,0.0,0.0,0.0,0.0,,1.0,8.0,0.0,0.0,0.0,8.0,5.0,44.0,0.0,19.0,0.0,0.0,10.2,5.2,,,,,,
2025,14,CIN,BUF,M.Gesicki,0.0,0.0,0.0,0.0,0.0,0.0,,0.0,0.0,0.0,0.0,0.0,6.0,6.0,86.0,1.0,67.0,0.0,0.0,20.6,14.6,,,,,,
2025,14,CIN,BUF,N.Fant,0.0,0.0,0.0,0.0,0.0,0.0,,0.0,0.0,0.0,0.0,0.0,2.0,1.0,15.0,0.0,17.0,0.0,0.0,2.5,1.5,,,,,,
2025,14,CIN,BUF,S.Perine,0.0,0.0,0.0,0.0,0.0,0.0,,6.0,31.0,0.0,0.0,0.0,1.0,1.0,7.0,0.0,1.0,0.0,0.0,4.8,3.8,,,,,,
2025,14,CIN,BUF,T.Higgins,0.0,0.0,0.0,0.0,0.0,0.0,,0.0,0.0,0.0,0.0,0.0,11.0,6.0,92.0,2.0,168.0,0.0,0.0,27.2,21.2,,,,,,
2025,14,CIN,BUF,T.Hudson,0.0,0.0,0.0,0.0,0.0,0.0,,0.0,0.0,0.0,0.0,0.0,1.0,1.0,11.0,0.0,5.0,0.0,0.0,2.1,1.1,,,,,,
2025,14,CLE,TEN,B.Whiteheart,0.0,0.0,0.0,0.0,0.0,0.0,,0.0,0.0,0.0,0.0,0.0,1.0,0.0,0.0,0.0,4.0,0.0,0.0,0.0,0.0,,,,,,
2025,14,CLE,TEN,C.Tillman,0.0,0.0,0.0,0.0,0.0,0.0,,0.0,0.0,0.0,0.0,0.0,3.0,1.0,23.0,0.0,68.0,0.0,0.0,3.3,2.3,,,,,,
2025,14,CLE,TEN,D.Njoku,0.0,0.0,0.0,0.0,0.0,0.0,,0.0,0.0,0.0,0.0,0.0,1.0,1.0,1.0,1.0,1.0,0.0,0.0,7.1,6.1,,,,,,
2025,14,CLE,TEN,D.Sampson,0.0,0.0,0.0,0.0,0.0,0.0,,2.0,4.0,0.0,0.0,0.0,6.0,5.0,64.0,0.0,-3.0,1.0,1.0,11.8,6.8,,,,,,
2025,14,CLE,TEN,G.Larvadain,0.0,0.0,0.0,0.0,0.0,0.0,,0.0,0.0,0.0,0.0,0.0,4.0,2.0,18.0,0.0,35.0,0.0,0.0,3.8,1.8,,,,,,
2025,14,CLE,TEN,H.Fannin,0.0,0.0,0.0,0.0,0.0,0.0,,0.0,0.0,0.0,0.0,0.0,11.0,8.0,114.0,1.0,74.0,0.0,0.0,25.4,17.4,,,,,,
2025,14,CLE,TEN,I.Bond,0.0,0.0,0.0,0.0,0.0,0.0,,0.0,0.0,0.0,0.0,0.0,2.0,0.0,0.0,0.0,57.0,0.0,0.0,0.0,0.0,,,,,,
2025,14,CLE,TEN,J.Ford,0.0,0.0,0.0,0.0,0.0,0.0,,0.0,0.0,0.0,0.0,0.0,3.0,2.0,10.0,0.0,-8.0,0.0,0.0,3.0,1.0,,,,,,
2025,14,CLE,TEN,J.Jeudy,0.0,0.0,0.0,0.0,0.0,0.0,,0.0,0.0,0.0,0.0,0.0,5.0,3.0,76.0,1.0,59.0,0.0,0.0,16.6,13.6,,,,,,
2025,14,CLE,TEN,M.Corley,0.0,0.0,0.0,0.0,0.0,0.0,,1.0,2.0,0.0,0.0,0.0,0.0,0.0,0.0,0.0,0.0,0.0,0.0,0.2,0.2,,,,,,
2025,14,CLE,TEN,Q.Judkins,1.0,0.0,0.0,0.0,0.0,0.0,QB,14.0,26.0,0.0,0.0,0.0,3.0,1.0,58.0,0.0,3.0,0.0,0.0,9.4,8.4,,,,,,
2025,14,CLE,TEN,S.Sanders,44.0,23.0,364.0,3.0,1.0,2.0,QB,4.0,29.0,1.0,0.0,0.0,0.0,0.0,0.0,0.0,0.0,0.0,0.0,34.46,34.46,,,,,,
2025,14,DAL,DET,B.Spann-Ford,0.0,0.0,0.0,0.0,0.0,0.0,,0.0,0.0,0.0,0.0,0.0,1.0,1.0,7.0,0.0,7.0,0.0,0.0,1.7,0.7,,,,,,
2025,14,DAL,DET,C.Lamb,0.0,0.0,0.0,0.0,0.0,0.0,,0.0,0.0,0.0,0.0,0.0,8.0,6.0,121.0,0.0,114.0,0.0,0.0,18.1,12.1,,,,,,
2025,14,DAL,DET,D.Prescott,53.0,31.0,376.0,1.0,2.0,5.0,QB,3.0,14.0,0.0,0.0,0.0,0.0,0.0,0.0,0.0,0.0,0.0,0.0,18.44,18.44,,,,,,
2025,14,DAL,DET,G.Pickens,0.0,0.0,0.0,0.0,0.0,0.0,,0.0,0.0,0.0,0.0,0.0,9.0,5.0,37.0,0.0,111.0,1.0,0.0,8.7,3.7,,,,,,
2025,14,DAL,DET,J.Ferguson,0.0,0.0,0.0,0.0,0.0,0.0,,0.0,0.0,0.0,0.0,0.0,8.0,5.0,58.0,0.0,61.0,1.0,1.0,10.8,5.8,,,,,,
2025,14,DAL,DET,J.Mingo,0.0,0.0,0.0,0.0,0.0,0.0,,0.0,0.0,0.0,0.0,0.0,1.0,0.0,0.0,0.0,18.0,0.0,0.0,0.0,0.0,,,,,,
2025,14,DAL,DET,J.Williams,0.0,0.0,0.0,0.0,0.0,0.0,,17.0,67.0,1.0,0.0,0.0,4.0,2.0,0.0,0.0,-4.0,0.0,0.0,14.7,12.7,,,,,,
2025,14,DAL,DET,K.Turpin,0.0,0.0,0.0,0.0,0.0,0.0,,1.0,4.0,0.0,0.0,0.0,2.0,2.0,26.0,0.0,12.0,0.0,0.0,5.0,3.0,,,,,,
2025,14,DAL,DET,L.Schoonmaker,0.0,0.0,0.0,0.0,0.0,0.0,,0.0,0.0,0.0,0.0,0.0,2.0,1.0,12.0,0.0,17.0,0.0,0.0,2.2,1.2,,,,,,
2025,14,DAL,DET,M.Davis,0.0,0.0,0.0,0.0,0.0,0.0,,3.0,6.0,0.0,0.0,0.0,0.0,0.0,0.0,0.0,0.0,0.0,0.0,0.6,0.6,,,,,,
2025,14,DAL,DET,R.Flournoy,0.0,0.0,0.0,0.0,0.0,0.0,,0.0,0.0,0.0,0.0,0.0,13.0,9.0,115.0,1.0,161.0,0.0,0.0,26.5,17.5,,,,,,
2025,14,DEN,LV,A.Prentice,0.0,0.0,0.0,0.0,0.0,0.0,,2.0,22.0,0.0,0.0,0.0,2.0,2.0,11.0,0.0,2.0,0.0,0.0,5.3,3.3,,,,,,
2025,14,DEN,LV,A.Trautman,0.0,0.0,0.0,0.0,0.0,0.0,,0.0,0.0,0.0,0.0,0.0,2.0,2.0,17.0,0.0,10.0,0.0,0.0,3.7,1.7,,,,,,
2025,14,DEN,LV,B.Nix,41.0,31.0,212.0,0.0,0.0,3.0,QB,3.0,15.0,1.0,0.0,0.0,0.0,0.0,0.0,0.0,0.0,0.0,0.0,15.98,15.98,,,,,,
2025,14,DEN,LV,C.Sutton,0.0,0.0,0.0,0.0,0.0,0.0,,0.0,0.0,0.0,0.0,0.0,10.0,6.0,62.0,0.0,105.0,0.0,0.0,12.2,6.2,,,,,,
2025,14,DEN,LV,E.Engram,0.0,0.0,0.0,0.0,0.0,0.0,,0.0,0.0,0.0,0.0,0.0,2.0,2.0,8.0,0.0,2.0,0.0,0.0,2.8,0.8,,,,,,
2025,14,DEN,LV,J.McLaughlin,0.0,0.0,0.0,0.0,0.0,0.0,,4.0,22.0,0.0,0.0,0.0,1.0,1.0,9.0,0.0,1.0,0.0,0.0,4.1,3.1,,,,,,
2025,14,DEN,LV,L.Humphrey,0.0,0.0,0.0,0.0,0.0,0.0,,0.0,0.0,0.0,0.0,0.0,3.0,3.0,27.0,0.0,16.0,0.0,0.0,5.7,2.7,,,,,,
2025,14,DEN,LV,M.Mims,0.0,0.0,0.0,0.0,0.0,0.0,,1.0,2.0,0.0,0.0,0.0,1.0,1.0,5.0,0.0,3.0,0.0,0.0,1.7,0.7,,,,,,
2025,14,DEN,LV,P.Bryant,0.0,0.0,0.0,0.0,0.0,0.0,,0.0,0.0,0.0,0.0,0.0,4.0,4.0,32.0,0.0,20.0,0.0,0.0,7.2,3.2,,,,,,
2025,14,DEN,LV,R.Harvey,0.0,0.0,0.0,0.0,0.0,0.0,,17.0,75.0,1.0,0.0,0.0,6.0,6.0,25.0,0.0,-9.0,0.0,0.0,22.0,16.0,,,,,,
2025,14,DEN,LV,T.Badie,0.0,0.0,0.0,0.0,0.0,0.0,,4.0,16.0,0.0,0.0,0.0,1.0,1.0,5.0,0.0,-4.0,0.0,0.0,3.1,2.1,,,,,,
2025,14,DEN,LV,T.Franklin,0.0,0.0,0.0,0.0,0.0,0.0,,0.0,0.0,0.0,0.0,0.0,4.0,3.0,11.0,0.0,23.0,0.0,0.0,4.1,1.1,,,,,,
2025,14,DET,DAL,A.Firkser,0.0,0.0,0.0,0.0,0.0,0.0,,0.0,0.0,0.0,0.0,0.0,1.0,1.0,7.0,0.0,2.0,0.0,0.0,1.7,0.7,,,,,,
2025,14,DET,DAL,A.St. Brown,0.0,0.0,0.0,0.0,0.0,0.0,,0.0,0.0,0.0,0.0,0.0,9.0,6.0,92.0,0.0,62.0,0.0,0.0,15.2,9.2,,,,,,
2025,14,DET,DAL,D.Montgomery,0.0,0.0,0.0,0.0,0.0,0.0,,6.0,60.0,1.0,0.0,0.0,1.0,1.0,13.0,0.0,2.0,0.0,0.0,14.3,13.3,,,,,,
2025,14,DET,DAL,I.TeSlaa,0.0,0.0,0.0,0.0,0.0,0.0,,0.0,0.0,0.0,0.0,0.0,3.0,2.0,20.0,1.0,47.0,0.0,0.0,10.0,8.0,,,,,,
2025,14,DET,DAL,J.Gibbs,0.0,0.0,0.0,0.0,0.0,0.0,,12.0,43.0,3.0,0.0,0.0,7.0,7.0,77.0,0.0,14.0,0.0,0.0,37.0,30.0,,,,,,
2025,14,DET,DAL,J.Goff,35.0,25.0,309.0,1.0,0.0,1.0,QB,2.0,-2.0,0.0,0.0,0.0,0.0,0.0,0.0,0.0,0.0,0.0,0.0,16.16,16.16,,,,,,
2025,14,DET,DAL,J.Williams,0.0,0.0,0.0,0.0,0.0,0.0,,1.0,7.0,0.0,0.0,0.0,9.0,7.0,96.0,0.0,110.0,0.0,0.0,17.3,10.3,,,,,,
2025,14,DET,DAL,M.Cunningham,0.0,0.0,0.0,0.0,0.0,0.0,,1.0,1.0,0.0,0.0,0.0,0.0,0.0,0.0,0.0,0.0,0.0,0.0,0.1,0.1,,,,,,
2025,14,DET,DAL,R.Dwelley,0.0,0.0,0.0,0.0,0.0,0.0,,0.0,0.0,0.0,0.0,0.0,1.0,1.0,4.0,0.0,0.0,0.0,0.0,1.4,0.4,,,,,,
2025,14,GB,CHI,B.Melton,0.0,0.0,0.0,0.0,0.0,0.0,,0.0,0.0,0.0,0.0,0.0,2.0,1.0,45.0,1.0,75.0,0.0,0.0,11.5,10.5,,,,,,
2025,14,GB,CHI,C.Brooks,0.0,0.0,0.0,0.0,0.0,0.0,,0.0,0.0,0.0,0.0,0.0,1.0,1.0,6.0,0.0,-5.0,0.0,0.0,1.6,0.6,,,,,,
2025,14,GB,CHI,C.Watson,0.0,0.0,0.0,0.0,0.0,0.0,,0.0,0.0,0.0,0.0,0.0,4.0,4.0,89.0,2.0,43.0,0.0,0.0,24.9,20.9,,,,,,
2025,14,GB,CHI,E.Wilson,0.0,0.0,0.0,0.0,0.0,0.0,,3.0,10.0,0.0,0.0,0.0,0.0,0.0,0.0,0.0,0.0,0.0,0.0,1.0,1.0,,,,,,
2025,14,GB,CHI,J.FitzPatrick,0.0,0.0,0.0,0.0,0.0,0.0,,0.0,0.0,0.0,0.0,0.0,2.0,2.0,14.0,0.0,2.0,0.0,0.0,3.4,1.4,,,,,,
2025,14,GB,CHI,J.Jacobs,0.0,0.0,0.0,0.0,0.0,0.0,,20.0,86.0,1.0,0.0,0.0,2.0,2.0,6.0,0.0,-6.0,0.0,0.0,17.2,15.2,,,,,,
2025,14,GB,CHI,J.Love,26.0,17.0,234.0,3.0,1.0,1.0,QB,1.0,-1.0,0.0,0.0,0.0,0.0,0.0,0.0,0.0,0.0,0.0,0.0,20.26,20.26,,,,,,
2025,14,GB,CHI,J.Reed,0.0,0.0,0.0,0.0,0.0,0.0,,2.0,22.0,0.0,0.0,0.0,4.0,4.0,31.0,0.0,27.0,0.0,0.0,9.3,5.3,,,,,,
2025,14,GB,CHI,J.Whyle,0.0,0.0,0.0,0.0,0.0,0.0,,0.0,0.0,0.0,0.0,0.0,1.0,1.0,21.0,0.0,12.0,0.0,0.0,3.1,2.1,,,,,,
2025,14,GB,CHI,L.Musgrave,0.0,0.0,0.0,0.0,0.0,0.0,,0.0,0.0,0.0,0.0,0.0,4.0,2.0,22.0,0.0,56.0,0.0,0.0,4.2,2.2,,,,,,
2025,14,GB,CHI,M.Golden,0.0,0.0,0.0,0.0,0.0,0.0,,0.0,0.0,0.0,0.0,0.0,1.0,0.0,0.0,0.0,16.0,0.0,0.0,0.0,0.0,,,,,,
2025,14,GB,CHI,R.Doubs,0.0,0.0,0.0,0.0,0.0,0.0,,0.0,0.0,0.0,0.0,0.0,2.0,0.0,0.0,0.0,65.0,0.0,0.0,0.0,0.0,,,,,,
2025,14,HOU,KC,C.Kirk,0.0,0.0,0.0,0.0,0.0,0.0,,0.0,0.0,0.0,0.0,0.0,3.0,1.0,6.0,0.0,47.0,0.0,0.0,1.6,0.6,,,,,,
2025,14,HOU,KC,C.Stroud,34.0,15.0,203.0,1.0,0.0,3.0,QB,2.0,5.0,0.0,0.0,0.0,0.0,0.0,0.0,0.0,0.0,0.0,0.0,12.62,12.62,,,,,,
2025,14,HOU,KC,D.Ogunbowale,0.0,0.0,0.0,0.0,0.0,0.0,,1.0,5.0,1.0,0.0,0.0,0.0,0.0,0.0,0.0,0.0,0.0,0.0,6.5,6.5,,,,,,
2025,14,HOU,KC,D.Schultz,0.0,0.0,0.0,0.0,0.0,0.0,,0.0,0.0,0.0,0.0,0.0,4.0,3.0,22.0,0.0,14.0,0.0,0.0,5.2,2.2,,,,,,
2025,14,HOU,KC,J.Higgins,0.0,0.0,0.0,0.0,0.0,0.0,,0.0,0.0,0.0,0.0,0.0,5.0,3.0,34.0,0.0,72.0,0.0,0.0,6.4,3.4,,,,,,
2025,14,HOU,KC,J.Noel,0.0,0.0,0.0,0.0,0.0,0.0,,1.0,1.0,0.0,0.0,0.0,2.0,2.0,12.0,0.0,6.0,0.0,0.0,3.3,1.3,,,,,,
2025,14,HOU,KC,N.Chubb,0.0,0.0,0.0,0.0,0.0,0.0,,1.0,3.0,0.0,0.0,0.0,0.0,0.0,0.0,0.0,0.0,0.0,0.0,0.3,0.3,,,,,,
2025,14,HOU,KC,N.Collins,0.0,0.0,0.0,0.0,0.0,0.0,,0.0,0.0,0.0,0.0,0.0,8.0,4.0,121.0,0.0,129.0,0.0,0.0,16.1,12.1,,,,,,
2025,14,HOU,KC,W.Marks,0.0,0.0,0.0,0.0,0.0,0.0,,26.0,68.0,0.0,0.0,0.0,3.0,2.0,8.0,1.0,13.0,0.0,0.0,15.6,13.6,,,,,,
2025,14,HOU,KC,X.Hutchinson,0.0,0.0,0.0,0.0,0.0,0.0,,0.0,0.0,0.0,0.0,0.0,2.0,0.0,0.0,0.0,30.0,0.0,0.0,0.0,0.0,,,,,,
2025,14,IND,JAX,A.Abdullah,0.0,0.0,0.0,0.0,0.0,0.0,,1.0,4.0,0.0,0.0,0.0,2.0,2.0,5.0,0.0,-5.0,0.0,0.0,2.9,0.9,,,,,,
2025,14,IND,JAX,A.Gould,0.0,0.0,0.0,0.0,0.0,0.0,,0.0,0.0,0.0,0.0,0.0,1.0,1.0,3.0,0.0,-5.0,0.0,0.0,1.3,0.3,,,,,,
2025,14,IND,JAX,A.Pierce,0.0,0.0,0.0,0.0,0.0,0.0,,0.0,0.0,0.0,0.0,0.0,8.0,5.0,80.0,0.0,99.0,0.0,0.0,13.0,8.0,,,,,,
2025,14,IND,JAX,D.Jones,7.0,5.0,60.0,0.0,1.0,0.0,QB,1.0,4.0,0.0,0.0,0.0,0.0,0.0,0.0,0.0,0.0,0.0,0.0,1.8,1.8,,,,,,
2025,14,IND,JAX,J.Downs,0.0,0.0,0.0,0.0,0.0,0.0,,0.0,0.0,0.0,0.0,0.0,5.0,4.0,23.0,0.0,15.0,0.0,0.0,6.3,2.3,,,,,,
2025,14,IND,JAX,J.Taylor,0.0,0.0,0.0,0.0,0.0,0.0,,21.0,74.0,1.0,1.0,1.0,0.0,0.0,0.0,0.0,0.0,0.0,0.0,13.4,13.4,,,,,,
2025,14,IND,JAX,M.Alie-Cox,0.0,0.0,0.0,0.0,0.0,0.0,,0.0,0.0,0.0,0.0,0.0,2.0,0.0,0.0,0.0,20.0,0.0,0.0,0.0,0.0,,,,,,
2025,14,IND,JAX,M.Pittman,0.0,0.0,0.0,0.0,0.0,0.0,,0.0,0.0,0.0,0.0,0.0,12.0,9.0,79.0,0.0,75.0,0.0,0.0,16.9,7.9,,,,,,
2025,14,IND,JAX,R.Leonard,31.0,18.0,145.0,0.0,1.0,1.0,QB,2.0,5.0,1.0,0.0,0.0,0.0,0.0,0.0,0.0,0.0,0.0,0.0,11.3,11.3,,,,,,
2025,14,IND,JAX,T.Warren,0.0,0.0,0.0,0.0,0.0,0.0,,1.0,2.0,0.0,0.0,0.0,7.0,2.0,15.0,0.0,33.0,0.0,0.0,3.7,1.7,,,,,,
2025,14,JAX,IND,B.Strange,0.0,0.0,0.0,0.0,0.0,0.0,,0.0,0.0,0.0,0.0,0.0,6.0,3.0,27.0,0.0,39.0,0.0,0.0,5.7,2.7,,,,,,
2025,14,JAX,IND,B.Thomas,0.0,0.0,0.0,0.0,0.0,0.0,,0.0,0.0,0.0,0.0,0.0,6.0,3.0,87.0,0.0,153.0,0.0,0.0,11.7,8.7,,,,,,
2025,14,JAX,IND,B.Tuten,0.0,0.0,0.0,0.0,0.0,0.0,,2.0,5.0,0.0,1.0,1.0,0.0,0.0,0.0,0.0,0.0,0.0,0.0,0.5,0.5,,,,,,
2025,14,JAX,IND,J.Meyers,0.0,0.0,0.0,0.0,0.0,0.0,,3.0,9.0,0.0,0.0,0.0,10.0,4.0,39.0,1.0,79.0,0.0,0.0,14.8,10.8,,,,,,
2025,14,JAX,IND,L.Allen,0.0,0.0,0.0,0.0,0.0,0.0,,0.0,0.0,0.0,0.0,0.0,2.0,2.0,8.0,0.0,-7.0,0.0,0.0,2.8,0.8,,,,,,
2025,14,JAX,IND,N.Mullens,1.0,1.0,3.0,0.0,0.0,0.0,QB,3.0,-1.0,0.0,0.0,0.0,0.0,0.0,0.0,0.0,0.0,0.0,0.0,0.02,0.02,,,,,,
2025,14,JAX,IND,T.Etienne,0.0,0.0,0.0,0.0,0.0,0.0,,20.0,74.0,2.0,0.0,0.0,1.0,1.0,8.0,0.0,-5.0,0.0,0.0,21.2,20.2,,,,,,
2025,14,JAX,IND,T.Lawrence,30.0,17.0,244.0,2.0,0.0,0.0,QB,4.0,16.0,0.0,0.0,0.0,0.0,0.0,0.0,0.0,0.0,0.0,0.0,19.36,19.36,,,,,,
2025,14,JAX,IND,T.Patrick,0.0,0.0,0.0,0.0,0.0,0.0,,0.0,0.0,0.0,0.0,0.0,6.0,5.0,78.0,1.0,74.0,0.0,0.0,18.8,13.8,,,,,,
2025,14,KC,HOU,B.Smith,0.0,0.0,0.0,0.0,0.0,0.0,,1.0,7.0,0.0,0.0,0.0,0.0,0.0,0.0,0.0,0.0,0.0,0.0,0.7,0.7,,,,,,
2025,14,KC,HOU,I.Pacheco,0.0,0.0,0.0,0.0,0.0,0.0,,9.0,30.0,0.0,0.0,0.0,0.0,0.0,0.0,0.0,0.0,0.0,0.0,3.0,3.0,,,,,,
2025,14,KC,HOU,J.Smith-Schuster,0.0,0.0,0.0,0.0,0.0,0.0,,0.0,0.0,0.0,0.0,0.0,2.0,1.0,5.0,0.0,24.0,0.0,0.0,1.5,0.5,,,,,,
2025,14,KC,HOU,K.Hunt,0.0,0.0,0.0,0.0,0.0,0.0,,12.0,30.0,1.0,0.0,0.0,1.0,0.0,0.0,0.0,0.0,0.0,0.0,9.0,9.0,,,,,,
2025,14,KC,HOU,M.Brown,0.0,0.0,0.0,0.0,0.0,0.0,,0.0,0.0,0.0,0.0,0.0,2.0,1.0,35.0,0.0,77.0,0.0,0.0,4.5,3.5,,,,,,
2025,14,KC,HOU,N.Gray,0.0,0.0,0.0,0.0,0.0,0.0,,0.0,0.0,0.0,0.0,0.0,3.0,1.0,14.0,0.0,17.0,0.0,0.0,2.4,1.4,,,,,,
2025,14,KC,HOU,P.Mahomes,35.0,14.0,160.0,0.0,3.0,2.0,QB,7.0,59.0,0.0,0.0,0.0,1.0,1.0,-10.0,0.0,-8.0,0.0,0.0,9.3,8.3,,,,,,
2025,14,KC,HOU,R.Rice,0.0,0.0,0.0,0.0,0.0,0.0,,0.0,0.0,0.0,0.0,0.0,8.0,4.0,34.0,0.0,28.0,0.0,0.0,7.4,3.4,,,,,,
2025,14,KC,HOU,T.Kelce,0.0,0.0,0.0,0.0,0.0,0.0,,0.0,0.0,0.0,0.0,0.0,5.0,1.0,8.0,0.0,39.0,0.0,0.0,1.8,0.8,,,,,,
2025,14,KC,HOU,T.Thornton,0.0,0.0,0.0,0.0,0.0,0.0,,0.0,0.0,0.0,0.0,0.0,3.0,2.0,19.0,0.0,67.0,0.0,0.0,3.9,1.9,,,,,,
2025,14,KC,HOU,X.Worthy,0.0,0.0,0.0,0.0,0.0,0.0,,0.0,0.0,0.0,0.0,0.0,4.0,3.0,55.0,0.0,47.0,0.0,0.0,8.5,5.5,,,,,,
2025,14,LA,ARI,B.Corum,0.0,0.0,0.0,0.0,0.0,0.0,,12.0,128.0,2.0,0.0,0.0,1.0,1.0,3.0,0.0,2.0,0.0,0.0,26.1,25.1,,,,,,
2025,14,LA,ARI,C.Parkinson,0.0,0.0,0.0,0.0,0.0,0.0,,0.0,0.0,0.0,0.0,0.0,5.0,3.0,32.0,1.0,11.0,0.0,0.0,12.2,9.2,,,,,,
2025,14,LA,ARI,D.Adams,0.0,0.0,0.0,0.0,0.0,0.0,,0.0,0.0,0.0,0.0,0.0,6.0,4.0,29.0,0.0,42.0,0.0,0.0,6.9,2.9,,,,,,
2025,14,LA,ARI,D.Allen,0.0,0.0,0.0,0.0,0.0,0.0,,0.0,0.0,0.0,0.0,0.0,2.0,2.0,21.0,0.0,1.0,0.0,0.0,4.1,2.1,,,,,,
2025,14,LA,ARI,J.Garoppolo,0.0,0.0,0.0,0.0,0.0,0.0,,3.0,-4.0,0.0,0.0,0.0,0.0,0.0,0.0,0.0,0.0,0.0,0.0,-0.4,-0.4,,,,,,
2025,14,LA,ARI,J.Whittington,0.0,0.0,0.0,0.0,0.0,0.0,,0.0,0.0,0.0,0.0,0.0,1.0,1.0,5.0,0.0,1.0,0.0,0.0,1.5,0.5,,,,,,
2025,14,LA,ARI,K.Mumpfield,0.0,0.0,0.0,0.0,0.0,0.0,,0.0,0.0,0.0,0.0,0.0,1.0,1.0,5.0,0.0,4.0,0.0,0.0,1.5,0.5,,,,,,
2025,14,LA,ARI,K.Williams,0.0,0.0,0.0,0.0,0.0,0.0,,13.0,84.0,1.0,0.0,0.0,2.0,2.0,13.0,0.0,4.0,0.0,0.0,17.7,15.7,,,,,,
2025,14,LA,ARI,M.Stafford,31.0,22.0,281.0,3.0,0.0,0.0,QB,0.0,0.0,0.0,0.0,0.0,0.0,0.0,0.0,0.0,0.0,0.0,0.0,23.24,23.24,,,,,,
2025,14,LA,ARI,P.Nacua,0.0,0.0,0.0,0.0,0.0,0.0,,0.0,0.0,0.0,0.0,0.0,11.0,7.0,167.0,2.0,146.0,0.0,0.0,35.7,28.7,,,,,,
2025,14,LA,ARI,R.Rivers,0.0,0.0,0.0,0.0,0.0,0.0,,8.0,41.0,0.0,0.0,0.0,0.0,0.0,0.0,0.0,0.0,0.0,0.0,4.1,4.1,,,,,,
2025,14,LA,ARI,T.Ferguson,0.0,0.0,0.0,0.0,0.0,0.0,,0.0,0.0,0.0,0.0,0.0,1.0,0.0,0.0,0.0,6.0,0.0,0.0,0.0,0.0,,,,,,
2025,14,LA,ARI,X.Smith,0.0,0.0,0.0,0.0,0.0,0.0,,0.0,0.0,0.0,0.0,0.0,1.0,1.0,6.0,0.0,6.0,0.0,0.0,1.6,0.6,,,,,,
2025,14,LAC,PHI,J.Herbert,33.0,12.0,139.0,1.0,1.0,7.0,QB,10.0,66.0,0.0,0.0,0.0,0.0,0.0,0.0,0.0,0.0,0.0,0.0,15.16,15.16,,,,,,
2025,14,LAC,PHI,K.Allen,0.0,0.0,0.0,0.0,0.0,0.0,,0.0,0.0,0.0,0.0,0.0,3.0,3.0,22.0,0.0,20.0,0.0,0.0,5.2,2.2,,,,,,
2025,14,LAC,PHI,K.Vidal,0.0,0.0,0.0,0.0,0.0,0.0,,14.0,44.0,0.0,0.0,0.0,3.0,1.0,60.0,0.0,19.0,0.0,0.0,11.4,10.4,,,,,,
2025,14,LAC,PHI,L.McConkey,0.0,0.0,0.0,0.0,0.0,0.0,,0.0,0.0,0.0,0.0,0.0,5.0,1.0,12.0,0.0,133.0,0.0,0.0,2.2,1.2,,,,,,
2025,14,LAC,PHI,O.Gadsden,0.0,0.0,0.0,0.0,0.0,0.0,,0.0,0.0,0.0,0.0,0.0,4.0,1.0,7.0,0.0,38.0,0.0,0.0,1.7,0.7,,,,,,
2025,14,LAC,PHI,O.Hampton,0.0,0.0,0.0,0.0,0.0,0.0,,13.0,56.0,0.0,0.0,0.0,2.0,2.0,11.0,1.0,2.0,0.0,0.0,14.7,12.7,,,,,,
2025,14,LAC,PHI,Q.Johnston,0.0,0.0,0.0,0.0,0.0,0.0,,0.0,0.0,0.0,0.0,0.0,3.0,2.0,8.0,0.0,9.0,0.0,0.0,2.8,0.8,,,,,,
2025,14,LAC,PHI,T.Harris,0.0,0.0,0.0,0.0,0.0,0.0,,1.0,3.0,0.0,0.0,0.0,2.0,1.0,18.0,0.0,26.0,0.0,0.0,3.1,2.1,,,,,,
2025,14,LAC,PHI,W.Dissly,0.0,0.0,0.0,0.0,0.0,0.0,,0.0,0.0,0.0,0.0,0.0,1.0,1.0,1.0,0.0,1.0,0.0,0.0,1.1,0.1,,,,,,
2025,14,LV,DEN,A.Jeanty,0.0,0.0,0.0,0.0,0.0,0.0,,10.0,30.0,0.0,0.0,0.0,4.0,2.0,8.0,0.0,19.0,0.0,0.0,5.8,3.8,,,,,,
2025,14,LV,DEN,B.Bowers,0.0,0.0,0.0,0.0,0.0,0.0,,0.0,0.0,0.0,0.0,0.0,5.0,4.0,46.0,1.0,41.0,0.0,0.0,14.6,10.6,,,,,,
2025,14,LV,DEN,G.Smith,24.0,13.0,116.0,1.0,0.0,3.0,QB,1.0,4.0,0.0,0.0,0.0,0.0,0.0,0.0,0.0,0.0,0.0,0.0,9.04,9.04,,,,,,
2025,14,LV,DEN,I.Thomas,0.0,0.0,0.0,0.0,0.0,0.0,,0.0,0.0,0.0,0.0,0.0,2.0,2.0,17.0,0.0,6.0,0.0,0.0,3.7,1.7,,,,,,
2025,14,LV,DEN,J.Bech,0.0,0.0,0.0,0.0,0.0,0.0,,0.0,0.0,0.0,0.0,0.0,6.0,6.0,50.0,0.0,47.0,0.0,0.0,11.0,5.0,,,,,,
2025,14,LV,DEN,K.Pickett,12.0,8.0,97.0,1.0,0.0,1.0,QB,1.0,6.0,0.0,0.0,0.0,0.0,0.0,0.0,0.0,0.0,0.0,0.0,8.48,8.48,,,,,,
2025,14,LV,DEN,R.Mostert,0.0,0.0,0.0,0.0,0.0,0.0,,0.0,0.0,0.0,0.0,0.0,1.0,1.0,2.0,0.0,-2.0,0.0,0.0,1.2,0.2,,,,,,
2025,14,LV,DEN,S.Jackson,0.0,0.0,0.0,0.0,0.0,0.0,,0.0,0.0,0.0,0.0,0.0,1.0,1.0,25.0,1.0,25.0,0.0,0.0,9.5,8.5,,,,,,
2025,14,LV,DEN,T.Lockett,0.0,0.0,0.0,0.0,0.0,0.0,,0.0,0.0,0.0,0.0,0.0,4.0,3.0,41.0,0.0,42.0,0.0,0.0,7.1,4.1,,,,,,
2025,14,LV,DEN,T.Tucker,0.0,0.0,0.0,0.0,0.0,0.0,,0.0,0.0,0.0,0.0,0.0,5.0,2.0,24.0,0.0,76.0,0.0,0.0,4.4,2.4,,,,,,
2025,14,MIA,NYJ,D.Achane,0.0,0.0,0.0,0.0,0.0,0.0,,7.0,92.0,1.0,0.0,0.0,1.0,1.0,13.0,0.0,0.0,0.0,0.0,17.5,16.5,,,,,,
2025,14,MIA,NYJ,D.Waller,0.0,0.0,0.0,0.0,0.0,0.0,,1.0,4.0,0.0,0.0,0.0,3.0,1.0,13.0,0.0,38.0,0.0,0.0,2.7,1.7,,,,,,
2025,14,MIA,NYJ,G.Dulcich,0.0,0.0,0.0,0.0,0.0,0.0,,0.0,0.0,0.0,0.0,0.0,3.0,3.0,41.0,0.0,4.0,0.0,0.0,7.1,4.1,,,,,,
2025,14,MIA,NYJ,J.Waddle,0.0,0.0,0.0,0.0,0.0,0.0,,1.0,21.0,0.0,0.0,0.0,7.0,5.0,50.0,1.0,56.0,0.0,0.0,18.1,13.1,,,,,,
2025,14,MIA,NYJ,J.Wright,0.0,0.0,0.0,0.0,0.0,0.0,,24.0,107.0,1.0,0.0,0.0,3.0,0.0,0.0,0.0,-16.0,0.0,0.0,16.7,16.7,,,,,,
2025,14,MIA,NYJ,M.Washington,0.0,0.0,0.0,0.0,0.0,0.0,,0.0,0.0,0.0,0.0,0.0,4.0,3.0,10.0,0.0,13.0,0.0,0.0,4.0,1.0,,,,,,
2025,14,MIA,NYJ,O.Gordon,0.0,0.0,0.0,0.0,0.0,0.0,,5.0,17.0,1.0,0.0,0.0,0.0,0.0,0.0,0.0,0.0,0.0,0.0,7.7,7.7,,,,,,
2025,14,MIA,NYJ,T.Tagovailoa,22.0,13.0,127.0,1.0,0.0,1.0,QB,1.0,0.0,0.0,1.0,0.0,0.0,0.0,0.0,0.0,0.0,0.0,0.0,9.08,9.08,,,,,,
2025,14,MIA,NYJ,Z.Wilson,0.0,0.0,0.0,0.0,0.0,0.0,,2.0,-2.0,0.0,0.0,0.0,0.0,0.0,0.0,0.0,0.0,0.0,0.0,-0.2,-0.2,,,,,,
2025,14,MIN,WAS,A.Jones,0.0,0.0,0.0,0.0,0.0,0.0,,14.0,76.0,0.0,0.0,0.0,1.0,0.0,0.0,0.0,-7.0,0.0,0.0,7.6,7.6,,,,,,
2025,14,MIN,WAS,B.Sims,0.0,0.0,0.0,0.0,0.0,0.0,,0.0,0.0,0.0,0.0,0.0,1.0,1.0,9.0,0.0,4.0,0.0,0.0,1.9,0.9,,,,,,
2025,14,MIN,WAS,J.Addison,0.0,0.0,0.0,0.0,0.0,0.0,,0.0,0.0,0.0,0.0,0.0,7.0,4.0,62.0,0.0,78.0,0.0,0.0,10.2,6.2,,,,,,
2025,14,MIN,WAS,J.Jefferson,0.0,0.0,0.0,0.0,0.0,0.0,,0.0,0.0,0.0,0.0,0.0,4.0,2.0,11.0,0.0,40.0,0.0,0.0,3.1,1.1,,,,,,
2025,14,MIN,WAS,J.Mason,0.0,0.0,0.0,0.0,0.0,0.0,,11.0,52.0,1.0,0.0,0.0,0.0,0.0,0.0,0.0,0.0,0.0,0.0,11.2,11.2,,,,,,
2025,14,MIN,WAS,J.McCarthy,27.0,16.0,163.0,3.0,0.0,4.0,QB,6.0,19.0,0.0,0.0,0.0,0.0,0.0,0.0,0.0,0.0,0.0,0.0,20.42,20.42,,,,,,
2025,14,MIN,WAS,J.Nailor,0.0,0.0,0.0,0.0,0.0,0.0,,0.0,0.0,0.0,0.0,0.0,3.0,3.0,30.0,0.0,15.0,0.0,0.0,6.0,3.0,,,,,,
2025,14,MIN,WAS,J.Oliver,0.0,0.0,0.0,0.0,0.0,0.0,,0.0,0.0,0.0,0.0,0.0,2.0,2.0,24.0,2.0,18.0,0.0,0.0,16.4,14.4,,,,,,
2025,14,MIN,WAS,T.Felton,0.0,0.0,0.0,0.0,0.0,0.0,,0.0,0.0,0.0,0.0,0.0,1.0,1.0,10.0,0.0,-2.0,0.0,0.0,2.0,1.0,,,,,,
2025,14,MIN,WAS,T.Hockenson,0.0,0.0,0.0,0.0,0.0,0.0,,0.0,0.0,0.0,0.0,0.0,3.0,2.0,12.0,1.0,13.0,0.0,0.0,9.2,7.2,,,,,,
2025,14,MIN,WAS,Z.Scott,0.0,0.0,0.0,0.0,0.0,0.0,,3.0,15.0,0.0,0.0,0.0,1.0,1.0,5.0,0.0,-6.0,0.0,0.0,3.0,2.0,,,,,,
2025,14,NO,TB,A.Estime,0.0,0.0,0.0,0.0,0.0,0.0,,3.0,11.0,0.0,0.0,0.0,0.0,0.0,0.0,0.0,0.0,0.0,0.0,1.1,1.1,,,,,,
2025,14,NO,TB,C.Olave,0.0,0.0,0.0,0.0,0.0,0.0,,0.0,0.0,0.0,0.0,0.0,5.0,3.0,30.0,0.0,96.0,0.0,0.0,6.0,3.0,,,,,,
2025,14,NO,TB,D.Neal,0.0,0.0,0.0,0.0,0.0,0.0,,19.0,70.0,1.0,0.0,0.0,1.0,1.0,14.0,0.0,-5.0,0.0,0.0,15.4,14.4,,,,,,
2025,14,NO,TB,D.Vele,0.0,0.0,0.0,0.0,0.0,0.0,,0.0,0.0,0.0,0.0,0.0,5.0,3.0,40.0,0.0,50.0,0.0,0.0,7.0,4.0,,,,,,
2025,14,NO,TB,E.Hull,0.0,0.0,0.0,0.0,0.0,0.0,,1.0,4.0,0.0,0.0,0.0,1.0,1.0,6.0,0.0,-4.0,0.0,0.0,2.0,1.0,,,,,,
2025,14,NO,TB,F.Moreau,0.0,0.0,0.0,0.0,0.0,0.0,,0.0,0.0,0.0,0.0,0.0,1.0,1.0,16.0,0.0,6.0,0.0,0.0,2.6,1.6,,,,,,
2025,14,NO,TB,J.Johnson,0.0,0.0,0.0,0.0,0.0,0.0,,0.0,0.0,0.0,0.0,0.0,4.0,4.0,38.0,0.0,20.0,0.0,0.0,7.8,3.8,,,,,,
2025,14,NO,TB,J.Stoll,0.0,0.0,0.0,0.0,0.0,0.0,,0.0,0.0,0.0,0.0,0.0,1.0,0.0,0.0,0.0,-8.0,0.0,0.0,0.0,0.0,,,,,,
2025,14,NO,TB,T.Hill,0.0,0.0,0.0,0.0,0.0,0.0,,2.0,-1.0,0.0,1.0,0.0,2.0,0.0,0.0,0.0,3.0,0.0,0.0,-0.1,-0.1,,,,,,
2025,14,NO,TB,T.Shough,23.0,13.0,144.0,0.0,1.0,3.0,QB,7.0,55.0,2.0,0.0,0.0,0.0,0.0,0.0,0.0,0.0,0.0,0.0,22.26,22.26,,,,,,
2025,14,NYJ,MIA,A.Beck,0.0,0.0,0.0,0.0,0.0,0.0,,0.0,0.0,0.0,0.0,0.0,1.0,1.0,17.0,0.0,12.0,0.0,0.0,2.7,1.7,,,,,,
2025,14,NYJ,MIA,A.Lazard,0.0,0.0,0.0,0.0,0.0,0.0,,0.0,0.0,0.0,0.0,0.0,1.0,0.0,0.0,0.0,12.0,0.0,0.0,0.0,0.0,,,,,,
2025,14,NYJ,MIA,A.Mitchell,0.0,0.0,0.0,0.0,0.0,0.0,,0.0,0.0,0.0,0.0,0.0,6.0,1.0,24.0,0.0,78.0,0.0,0.0,3.4,2.4,,,,,,
2025,14,NYJ,MIA,B.Cook,36.0,14.0,163.0,0.0,2.0,6.0,QB,1.0,0.0,0.0,1.0,0.0,0.0,0.0,0.0,0.0,0.0,0.0,0.0,4.52,4.52,,,,,,
2025,14,NYJ,MIA,B.Hall,0.0,0.0,0.0,0.0,0.0,0.0,,14.0,43.0,0.0,0.0,0.0,1.0,0.0,0.0,0.0,0.0,0.0,0.0,4.3,4.3,,,,,,
2025,14,NYJ,MIA,I.Davis,0.0,0.0,0.0,0.0,0.0,0.0,,2.0,22.0,0.0,1.0,0.0,0.0,0.0,0.0,0.0,0.0,0.0,0.0,2.2,2.2,,,,,,
2025,14,NYJ,MIA,I.Williams,0.0,0.0,0.0,0.0,0.0,0.0,,0.0,0.0,0.0,0.0,0.0,3.0,2.0,24.0,0.0,16.0,0.0,0.0,4.4,2.4,,,,,,
2025,14,NYJ,MIA,J.Metchie,0.0,0.0,0.0,0.0,0.0,0.0,,0.0,0.0,0.0,0.0,0.0,8.0,4.0,34.0,0.0,48.0,0.0,0.0,7.4,3.4,,,,,,
2025,14,NYJ,MIA,J.Ruckert,0.0,0.0,0.0,0.0,0.0,0.0,,0.0,0.0,0.0,0.0,0.0,3.0,2.0,19.0,0.0,12.0,0.0,0.0,3.9,1.9,,,,,,
2025,14,NYJ,MIA,M.Taylor,0.0,0.0,0.0,0.0,0.0,0.0,,0.0,0.0,0.0,0.0,0.0,8.0,5.0,51.0,0.0,40.0,0.0,0.0,10.1,5.1,,,,,,
2025,14,NYJ,MIA,S.Smartt,0.0,0.0,0.0,0.0,0.0,0.0,,0.0,0.0,0.0,0.0,0.0,1.0,0.0,0.0,0.0,16.0,0.0,0.0,0.0,0.0,,,,,,
2025,14,NYJ,MIA,T.Taylor,4.0,1.0,6.0,0.0,1.0,0.0,QB,0.0,0.0,0.0,0.0,0.0,0.0,0.0,0.0,0.0,0.0,0.0,0.0,-0.76,-0.76,,,,,,
2025,14,PHI,LAC,A.Brown,0.0,0.0,0.0,0.0,0.0,0.0,,0.0,0.0,0.0,0.0,0.0,13.0,6.0,100.0,0.0,198.0,1.0,1.0,16.0,10.0,,,,,,
2025,14,PHI,LAC,D.Cooper,0.0,0.0,0.0,0.0,0.0,0.0,,0.0,0.0,0.0,0.0,0.0,1.0,1.0,19.0,0.0,13.0,0.0,0.0,2.9,1.9,,,,,,
2025,14,PHI,LAC,D.Goedert,0.0,0.0,0.0,0.0,0.0,0.0,,0.0,0.0,0.0,0.0,0.0,10.0,8.0,78.0,0.0,50.0,0.0,0.0,15.8,7.8,,,,,,
2025,14,PHI,LAC,D.Smith,0.0,0.0,0.0,0.0,0.0,0.0,,0.0,0.0,0.0,0.0,0.0,8.0,4.0,37.0,0.0,69.0,0.0,0.0,7.7,3.7,,,,,,
2025,14,PHI,LAC,J.Dotson,0.0,0.0,0.0,0.0,0.0,0.0,,0.0,0.0,0.0,0.0,0.0,3.0,1.0,3.0,0.0,44.0,0.0,0.0,1.3,0.3,,,,,,
2025,14,PHI,LAC,J.Hurts,41.0,21.0,240.0,0.0,4.0,1.0,QB,4.0,8.0,0.0,0.0,0.0,0.0,0.0,0.0,0.0,0.0,0.0,0.0,6.4,6.4,,,,,,
2025,14,PHI,LAC,S.Barkley,0.0,0.0,0.0,0.0,0.0,0.0,,20.0,122.0,1.0,0.0,0.0,2.0,0.0,0.0,0.0,12.0,0.0,0.0,18.2,18.2,,,,,,
2025,14,PHI,LAC,T.Bigsby,0.0,0.0,0.0,0.0,0.0,0.0,,1.0,4.0,0.0,0.0,0.0,0.0,0.0,0.0,0.0,0.0,0.0,0.0,0.4,0.4,,,,,,
2025,14,PHI,LAC,W.Shipley,0.0,0.0,0.0,0.0,0.0,0.0,,0.0,0.0,0.0,0.0,0.0,1.0,1.0,3.0,0.0,1.0,0.0,0.0,1.3,0.3,,,,,,
2025,14,PIT,BAL,A.Rodgers,34.0,23.0,284.0,1.0,0.0,0.0,QB,2.0,0.0,1.0,0.0,0.0,1.0,1.0,-9.0,0.0,-9.0,0.0,0.0,21.46,20.46,,,,,,
2025,14,PIT,BAL,A.Thielen,0.0,0.0,0.0,0.0,0.0,0.0,,0.0,0.0,0.0,0.0,0.0,1.0,1.0,4.0,0.0,3.0,0.0,0.0,1.4,0.4,,,,,,
2025,14,PIT,BAL,B.Skowronek,0.0,0.0,0.0,0.0,0.0,0.0,,0.0,0.0,0.0,0.0,0.0,1.0,1.0,13.0,0.0,13.0,0.0,0.0,2.3,1.3,,,,,,
2025,14,PIT,BAL,C.Austin,0.0,0.0,0.0,0.0,0.0,0.0,,0.0,0.0,0.0,0.0,0.0,2.0,1.0,31.0,0.0,24.0,0.0,0.0,4.1,3.1,,,,,,
2025,14,PIT,BAL,Co.Heyward,0.0,0.0,0.0,0.0,0.0,0.0,,1.0,2.0,0.0,0.0,0.0,0.0,0.0,0.0,0.0,0.0,0.0,0.0,0.2,0.2,,,,,,
2025,14,PIT,BAL,D.Metcalf,0.0,0.0,0.0,0.0,0.0,0.0,,0.0,0.0,0.0,0.0,0.0,12.0,7.0,148.0,0.0,166.0,0.0,0.0,21.8,14.8,,,,,,
2025,14,PIT,BAL,D.Washington,0.0,0.0,0.0,0.0,0.0,0.0,,0.0,0.0,0.0,0.0,0.0,1.0,1.0,12.0,0.0,4.0,0.0,0.0,2.2,1.2,,,,,,
2025,14,PIT,BAL,J.Smith,0.0,0.0,0.0,0.0,0.0,0.0,,0.0,0.0,0.0,0.0,0.0,1.0,0.0,0.0,0.0,3.0,0.0,0.0,0.0,0.0,,,,,,
2025,14,PIT,BAL,J.Warren,0.0,0.0,0.0,0.0,0.0,0.0,,8.0,13.0,0.0,0.0,0.0,3.0,3.0,49.0,1.0,-9.0,0.0,0.0,15.2,12.2,,,,,,
2025,14,PIT,BAL,K.Gainwell,0.0,0.0,0.0,0.0,0.0,0.0,,4.0,15.0,1.0,0.0,0.0,7.0,6.0,27.0,0.0,-1.0,0.0,0.0,16.2,10.2,,,,,,
2025,14,PIT,BAL,K.Johnson,0.0,0.0,0.0,0.0,0.0,0.0,,2.0,4.0,0.0,0.0,0.0,0.0,0.0,0.0,0.0,0.0,0.0,0.0,0.4,0.4,,,,,,
2025,14,PIT,BAL,M.Valdes-Scantling,0.0,0.0,0.0,0.0,0.0,0.0,,0.0,0.0,0.0,0.0,0.0,1.0,0.0,0.0,0.0,4.0,0.0,0.0,0.0,0.0,,,,,,
2025,14,PIT,BAL,P.Freiermuth,0.0,0.0,0.0,0.0,0.0,0.0,,0.0,0.0,0.0,0.0,0.0,3.0,2.0,9.0,0.0,6.0,0.0,0.0,2.9,0.9,,,,,,
2025,14,SEA,ATL,A.Barner,0.0,0.0,0.0,0.0,0.0,0.0,,0.0,0.0,0.0,0.0,0.0,4.0,3.0,27.0,0.0,14.0,0.0,0.0,5.7,2.7,,,,,,
2025,14,SEA,ATL,C.Kupp,0.0,0.0,0.0,0.0,0.0,0.0,,0.0,0.0,0.0,0.0,0.0,3.0,2.0,35.0,1.0,30.0,0.0,0.0,11.5,9.5,,,,,,
2025,14,SEA,ATL,C.White,0.0,0.0,0.0,0.0,0.0,0.0,,0.0,0.0,0.0,0.0,0.0,1.0,1.0,9.0,0.0,6.0,0.0,0.0,1.9,0.9,,,,,,
2025,14,SEA,ATL,D.Lock,0.0,0.0,0.0,0.0,0.0,0.0,,1.0,0.0,0.0,1.0,0.0,0.0,0.0,0.0,0.0,0.0,0.0,0.0,0.0,0.0,,,,,,
2025,14,SEA,ATL,E.Arroyo,0.0,0.0,0.0,0.0,0.0,0.0,,0.0,0.0,0.0,0.0,0.0,1.0,0.0,0.0,0.0,17.0,0.0,0.0,0.0,0.0,,,,,,
2025,14,SEA,ATL,J.Smith-Njigba,0.0,0.0,0.0,0.0,0.0,0.0,,1.0,-1.0,0.0,0.0,0.0,10.0,7.0,92.0,2.0,106.0,1.0,0.0,28.1,21.1,,,,,,
2025,14,SEA,ATL,K.Walker,0.0,0.0,0.0,0.0,0.0,0.0,,10.0,29.0,0.0,0.0,0.0,3.0,1.0,-1.0,0.0,11.0,0.0,0.0,3.8,2.8,,,,,,
2025,14,SEA,ATL,R.Shaheed,0.0,0.0,0.0,0.0,0.0,0.0,,0.0,0.0,0.0,0.0,0.0,5.0,4.0,67.0,0.0,63.0,0.0,0.0,10.7,6.7,,,,,,
2025,14,SEA,ATL,S.Darnold,32.0,20.0,249.0,3.0,1.0,2.0,QB,3.0,23.0,0.0,0.0,0.0,0.0,0.0,0.0,0.0,0.0,0.0,0.0,23.26,23.26,,,,,,
2025,14,SEA,ATL,V.Jones,0.0,0.0,0.0,0.0,0.0,0.0,,4.0,32.0,0.0,0.0,0.0,0.0,0.0,0.0,0.0,0.0,0.0,0.0,3.2,3.2,,,,,,
2025,14,SEA,ATL,Z.Charbonnet,0.0,0.0,0.0,0.0,0.0,0.0,,7.0,46.0,0.0,0.0,0.0,3.0,2.0,20.0,0.0,8.0,0.0,0.0,8.6,6.6,,,,,,
2025,14,TB,NO,B.Irving,0.0,0.0,0.0,0.0,0.0,0.0,,15.0,55.0,0.0,0.0,0.0,3.0,2.0,26.0,1.0,-3.0,0.0,0.0,16.1,14.1,,,,,,
2025,14,TB,NO,B.Mayfield,30.0,14.0,122.0,1.0,1.0,0.0,QB,6.0,42.0,0.0,0.0,0.0,0.0,0.0,0.0,0.0,0.0,0.0,0.0,12.08,12.08,,,,,,
2025,14,TB,NO,C.Godwin,0.0,0.0,0.0,0.0,0.0,0.0,,0.0,0.0,0.0,0.0,0.0,8.0,5.0,55.0,0.0,25.0,0.0,0.0,10.5,5.5,,,,,,
2025,14,TB,NO,C.Otton,0.0,0.0,0.0,0.0,0.0,0.0,,0.0,0.0,0.0,0.0,0.0,4.0,3.0,19.0,0.0,25.0,0.0,0.0,4.9,1.9,,,,,,
2025,14,TB,NO,E.Egbuka,0.0,0.0,0.0,0.0,0.0,0.0,,0.0,0.0,0.0,0.0,0.0,9.0,2.0,15.0,0.0,132.0,0.0,0.0,3.5,1.5,,,,,,
2025,14,TB,NO,K.Johnson,0.0,0.0,0.0,0.0,0.0,0.0,,0.0,0.0,0.0,0.0,0.0,1.0,0.0,0.0,0.0,16.0,0.0,0.0,0.0,0.0,,,,,,
2025,14,TB,NO,R.White,0.0,0.0,0.0,0.0,0.0,0.0,,11.0,53.0,0.0,0.0,0.0,2.0,1.0,2.0,0.0,-8.0,0.0,0.0,6.5,5.5,,,,,,
2025,14,TB,NO,S.Shepard,0.0,0.0,0.0,0.0,0.0,0.0,,0.0,0.0,0.0,0.0,0.0,1.0,1.0,5.0,0.0,4.0,0.0,0.0,1.5,0.5,,,,,,
2025,14,TB,NO,S.Tucker,0.0,0.0,0.0,0.0,0.0,0.0,,7.0,29.0,1.0,0.0,0.0,0.0,0.0,0.0,0.0,0.0,0.0,0.0,8.9,8.9,,,,,,
2025,14,TEN,CLE,C.Dike,0.0,0.0,0.0,0.0,0.0,0.0,,0.0,0.0,0.0,0.0,0.0,8.0,5.0,24.0,1.0,78.0,0.0,0.0,13.4,8.4,,,,,,
2025,14,TEN,CLE,C.Okonkwo,0.0,0.0,0.0,0.0,0.0,0.0,,0.0,0.0,0.0,0.0,0.0,2.0,2.0,20.0,0.0,1.0,0.0,0.0,4.0,2.0,,,,,,
2025,14,TEN,CLE,C.Ward,29.0,14.0,117.0,2.0,1.0,1.0,QB,2.0,4.0,0.0,0.0,0.0,0.0,0.0,0.0,0.0,0.0,0.0,0.0,12.08,12.08,,,,,,
2025,14,TEN,CLE,D.Martin-Robinson,0.0,0.0,0.0,0.0,0.0,0.0,,0.0,0.0,0.0,0.0,0.0,1.0,1.0,6.0,0.0,0.0,0.0,0.0,1.6,0.6,,,,,,
2025,14,TEN,CLE,E.Ayomanor,0.0,0.0,0.0,0.0,0.0,0.0,,0.0,0.0,0.0,0.0,0.0,3.0,1.0,14.0,1.0,22.0,0.0,0.0,8.4,7.4,,,,,,
2025,14,TEN,CLE,G.Helm,0.0,0.0,0.0,0.0,0.0,0.0,,0.0,0.0,0.0,0.0,0.0,2.0,1.0,8.0,0.0,2.0,0.0,0.0,1.8,0.8,,,,,,
2025,14,TEN,CLE,J.Proche,0.0,0.0,0.0,0.0,0.0,0.0,,0.0,0.0,0.0,0.0,0.0,1.0,0.0,0.0,0.0,12.0,0.0,0.0,0.0,0.0,,,,,,
2025,14,TEN,CLE,T.Pollard,0.0,0.0,0.0,0.0,0.0,0.0,,25.0,161.0,2.0,0.0,0.0,0.0,0.0,0.0,0.0,0.0,0.0,0.0,28.1,28.1,,,,,,
2025,14,TEN,CLE,T.Spears,0.0,0.0,0.0,0.0,0.0,0.0,,8.0,19.0,0.0,0.0,0.0,4.0,2.0,28.0,0.0,2.0,0.0,0.0,6.7,4.7,,,,,,
2025,14,TEN,CLE,V.Jefferson,0.0,0.0,0.0,0.0,0.0,0.0,,0.0,0.0,0.0,0.0,0.0,4.0,2.0,17.0,0.0,31.0,0.0,0.0,3.7,1.7,,,,,,
2025,14,WAS,MIN,B.Sinnott,0.0,0.0,0.0,0.0,0.0,0.0,,0.0,0.0,0.0,0.0,0.0,1.0,1.0,8.0,0.0,0.0,0.0,0.0,1.8,0.8,,,,,,
2025,14,WAS,MIN,C.Rodriguez,0.0,0.0,0.0,0.0,0.0,0.0,,10.0,52.0,0.0,0.0,0.0,0.0,0.0,0.0,0.0,0.0,0.0,0.0,5.2,5.2,,,,,,
2025,14,WAS,MIN,C.Yankoff,0.0,0.0,0.0,0.0,0.0,0.0,,0.0,0.0,0.0,0.0,0.0,1.0,0.0,0.0,0.0,4.0,0.0,0.0,0.0,0.0,,,,,,
2025,14,WAS,MIN,D.Samuel,0.0,0.0,0.0,0.0,0.0,0.0,,0.0,0.0,0.0,0.0,0.0,6.0,4.0,27.0,0.0,-1.0,0.0,0.0,6.7,2.7,,,,,,
2025,14,WAS,MIN,J.Croskey-Merritt,0.0,0.0,0.0,0.0,0.0,0.0,,7.0,32.0,0.0,0.0,0.0,0.0,0.0,0.0,0.0,0.0,0.0,0.0,3.2,3.2,,,,,,
2025,14,WAS,MIN,J.Daniels,21.0,9.0,78.0,0.0,1.0,1.0,QB,4.0,16.0,0.0,0.0,0.0,0.0,0.0,0.0,0.0,0.0,0.0,0.0,3.72,3.72,,,,,,
2025,14,WAS,MIN,J.McNichols,0.0,0.0,0.0,0.0,0.0,0.0,,0.0,0.0,0.0,0.0,0.0,1.0,1.0,2.0,0.0,-6.0,0.0,0.0,1.2,0.2,,,,,,
2025,14,WAS,MIN,M.Mariota,5.0,2.0,30.0,0.0,1.0,1.0,QB,2.0,7.0,0.0,1.0,1.0,0.0,0.0,0.0,0.0,0.0,0.0,0.0,0.9,0.9,,,,,,
2025,14,WAS,MIN,N.Brown,0.0,0.0,0.0,0.0,0.0,0.0,,0.0,0.0,0.0,0.0,0.0,2.0,1.0,19.0,0.0,23.0,0.0,0.0,2.9,1.9,,,,,,
2025,14,WAS,MIN,T.Burks,0.0,0.0,0.0,0.0,0.0,0.0,,0.0,0.0,0.0,0.0,0.0,1.0,0.0,0.0,0.0,11.0,0.0,0.0,0.0,0.0,,,,,,
2025,14,WAS,MIN,T.McLaurin,0.0,0.0,0.0,0.0,0.0,0.0,,0.0,0.0,0.0,0.0,0.0,6.0,3.0,41.0,0.0,43.0,0.0,0.0,7.1,4.1,,,,,,
2025,14,WAS,MIN,Z.Ertz,0.0,0.0,0.0,0.0,0.0,0.0,,0.0,0.0,0.0,0.0,0.0,2.0,1.0,11.0,0.0,19.0,0.0,0.0,2.1,1.1,,,,,,
2025,15,ARI,HOU,C.Kiner,0.0,0.0,0.0,0.0,0.0,0.0,,2.0,11.0,0.0,0.0,0.0,0.0,0.0,0.0,0.0,0.0,0.0,0.0,1.1,1.1,,,,,,
2025,15,ARI,HOU,E.Demercado,0.0,0.0,0.0,0.0,0.0,0.0,,1.0,1.0,0.0,0.0,0.0,3.0,2.0,0.0,0.0,8.0,0.0,0.0,2.1,0.1,,,,,,
2025,15,ARI,HOU,E.Higgins,0.0,0.0,0.0,0.0,0.0,0.0,,0.0,0.0,0.0,0.0,0.0,2.0,1.0,3.0,0.0,21.0,0.0,0.0,1.3,0.3,,,,,,
2025,15,ARI,HOU,J.Brissett,43.0,27.0,249.0,3.0,1.0,2.0,QB,3.0,6.0,0.0,0.0,0.0,0.0,0.0,0.0,0.0,0.0,0.0,0.0,21.56,21.56,,,,,,
2025,15,ARI,HOU,J.Brooks,0.0,0.0,0.0,0.0,0.0,0.0,,0.0,0.0,0.0,0.0,0.0,3.0,1.0,19.0,0.0,28.0,0.0,0.0,2.9,1.9,,,,,,
2025,15,ARI,HOU,M.Carter,0.0,0.0,0.0,0.0,0.0,0.0,,14.0,56.0,0.0,0.0,0.0,4.0,4.0,38.0,0.0,3.0,0.0,0.0,13.4,9.4,,,,,,
2025,15,ARI,HOU,M.Wilson,0.0,0.0,0.0,0.0,0.0,0.0,,0.0,0.0,0.0,0.0,0.0,12.0,5.0,54.0,1.0,151.0,0.0,0.0,16.4,11.4,,,,,,
2025,15,ARI,HOU,P.Brown,0.0,0.0,0.0,0.0,0.0,0.0,,0.0,0.0,0.0,0.0,0.0,2.0,2.0,1.0,0.0,1.0,0.0,0.0,2.1,0.1,,,,,,
2025,15,ARI,HOU,T.McBride,0.0,0.0,0.0,0.0,0.0,0.0,,0.0,0.0,0.0,0.0,0.0,13.0,12.0,134.0,2.0,50.0,0.0,0.0,37.4,25.4,,,,,,
2025,15,ARI,HOU,Z.Knight,0.0,0.0,0.0,0.0,0.0,0.0,,1.0,-2.0,0.0,0.0,0.0,0.0,0.0,0.0,0.0,0.0,0.0,0.0,-0.2,-0.2,,,,,,
2025,15,ATL,TB,B.Robinson,0.0,0.0,0.0,0.0,0.0,0.0,,19.0,93.0,1.0,0.0,0.0,11.0,8.0,82.0,0.0,32.0,1.0,1.0,31.5,23.5,,,,,,
2025,15,ATL,TB,C.Woerner,0.0,0.0,0.0,0.0,0.0,0.0,,0.0,0.0,0.0,0.0,0.0,2.0,2.0,12.0,0.0,12.0,0.0,0.0,3.2,1.2,,,,,,
2025,15,ATL,TB,D.Drummond,0.0,0.0,0.0,0.0,0.0,0.0,,0.0,0.0,0.0,0.0,0.0,1.0,0.0,0.0,0.0,0.0,0.0,0.0,0.0,0.0,,,,,,
2025,15,ATL,TB,D.Mooney,0.0,0.0,0.0,0.0,0.0,0.0,,0.0,0.0,0.0,0.0,0.0,6.0,3.0,35.0,0.0,83.0,1.0,0.0,6.5,3.5,,,,,,
2025,15,ATL,TB,D.Sills,0.0,0.0,0.0,0.0,0.0,0.0,,0.0,0.0,0.0,0.0,0.0,10.0,6.0,78.0,0.0,126.0,0.0,0.0,13.8,7.8,,,,,,
2025,15,ATL,TB,K.Cousins,47.0,30.0,373.0,3.0,0.0,1.0,QB,0.0,0.0,0.0,0.0,0.0,0.0,0.0,0.0,0.0,0.0,0.0,0.0,26.92,26.92,,,,,,
2025,15,ATL,TB,K.Pitts,0.0,0.0,0.0,0.0,0.0,0.0,,0.0,0.0,0.0,0.0,0.0,13.0,11.0,166.0,3.0,86.0,0.0,0.0,45.6,34.6,,,,,,
2025,15,ATL,TB,T.Allgeier,0.0,0.0,0.0,0.0,0.0,0.0,,2.0,18.0,0.0,0.0,0.0,0.0,0.0,0.0,0.0,0.0,0.0,0.0,1.8,1.8,,,,,,
2025,15,BAL,CIN,D.Henry,0.0,0.0,0.0,0.0,0.0,0.0,,11.0,100.0,0.0,0.0,0.0,0.0,0.0,0.0,0.0,0.0,0.0,0.0,10.0,10.0,,,,,,
2025,15,BAL,CIN,D.Hopkins,0.0,0.0,0.0,0.0,0.0,0.0,,0.0,0.0,0.0,0.0,0.0,1.0,1.0,32.0,0.0,8.0,0.0,0.0,4.2,3.2,,,,,,
2025,15,BAL,CIN,K.Mitchell,0.0,0.0,0.0,0.0,0.0,0.0,,8.0,66.0,0.0,0.0,0.0,1.0,0.0,0.0,0.0,-4.0,0.0,0.0,6.6,6.6,,,,,,
2025,15,BAL,CIN,L.Jackson,16.0,8.0,150.0,2.0,1.0,4.0,QB,2.0,26.0,0.0,0.0,0.0,0.0,0.0,0.0,0.0,0.0,0.0,0.0,15.6,15.6,,,,,,
2025,15,BAL,CIN,M.Andrews,0.0,0.0,0.0,0.0,0.0,0.0,,0.0,0.0,0.0,0.0,0.0,3.0,2.0,18.0,0.0,42.0,0.0,0.0,3.8,1.8,,,,,,
2025,15,BAL,CIN,R.Ali,0.0,0.0,0.0,0.0,0.0,0.0,,0.0,0.0,0.0,0.0,0.0,2.0,2.0,32.0,1.0,-6.0,0.0,0.0,11.2,9.2,,,,,,
2025,15,BAL,CIN,T.Huntley,0.0,0.0,0.0,0.0,0.0,0.0,,3.0,-3.0,0.0,0.0,0.0,0.0,0.0,0.0,0.0,0.0,0.0,0.0,-0.3,-0.3,,,,,,
2025,15,BAL,CIN,Z.Flowers,0.0,0.0,0.0,0.0,0.0,0.0,,0.0,0.0,0.0,0.0,0.0,5.0,3.0,68.0,1.0,89.0,0.0,0.0,15.8,12.8,,,,,,
2025,15,BUF,NE,B.Cooks,0.0,0.0,0.0,0.0,0.0,0.0,,0.0,0.0,0.0,0.0,0.0,3.0,0.0,0.0,0.0,109.0,0.0,0.0,0.0,0.0,,,,,,
2025,15,BUF,NE,D.Kincaid,0.0,0.0,0.0,0.0,0.0,0.0,,0.0,0.0,0.0,0.0,0.0,4.0,3.0,34.0,0.0,50.0,0.0,0.0,6.4,3.4,,,,,,
2025,15,BUF,NE,D.Knox,0.0,0.0,0.0,0.0,0.0,0.0,,0.0,0.0,0.0,0.0,0.0,4.0,3.0,37.0,2.0,24.0,0.0,0.0,18.7,15.7,,,,,,
2025,15,BUF,NE,J.Allen,30.0,19.0,193.0,3.0,0.0,2.0,QB,11.0,48.0,0.0,0.0,0.0,0.0,0.0,0.0,0.0,0.0,0.0,0.0,24.52,24.52,,,,,,
2025,15,BUF,NE,J.Cook,0.0,0.0,0.0,0.0,0.0,0.0,,22.0,107.0,2.0,0.0,0.0,3.0,2.0,4.0,1.0,-2.0,0.0,0.0,31.1,29.1,,,,,,
2025,15,BUF,NE,J.Hawes,0.0,0.0,0.0,0.0,0.0,0.0,,0.0,0.0,0.0,0.0,0.0,1.0,1.0,9.0,0.0,3.0,0.0,0.0,1.9,0.9,,,,,,
2025,15,BUF,NE,J.Palmer,0.0,0.0,0.0,0.0,0.0,0.0,,0.0,0.0,0.0,0.0,0.0,2.0,1.0,16.0,0.0,26.0,0.0,0.0,2.6,1.6,,,,,,
2025,15,BUF,NE,K.Shakir,0.0,0.0,0.0,0.0,0.0,0.0,,0.0,0.0,0.0,0.0,0.0,5.0,5.0,65.0,0.0,44.0,0.0,0.0,11.5,6.5,,,,,,
2025,15,BUF,NE,R.Davis,0.0,0.0,0.0,0.0,0.0,0.0,,0.0,0.0,0.0,0.0,0.0,1.0,1.0,13.0,0.0,-1.0,0.0,0.0,2.3,1.3,,,,,,
2025,15,BUF,NE,Ty.Johnson,0.0,0.0,0.0,0.0,0.0,0.0,,4.0,13.0,0.0,0.0,0.0,3.0,3.0,15.0,0.0,-16.0,0.0,0.0,5.8,2.8,,,,,,
2025,15,CAR,NO,B.Young,25.0,15.0,163.0,1.0,0.0,1.0,QB,7.0,49.0,0.0,0.0,0.0,0.0,0.0,0.0,0.0,0.0,0.0,0.0,15.42,15.42,,,,,,
2025,15,CAR,NO,C.Hubbard,0.0,0.0,0.0,0.0,0.0,0.0,,8.0,29.0,0.0,0.0,0.0,1.0,1.0,9.0,0.0,-5.0,0.0,0.0,4.8,3.8,,,,,,
2025,15,CAR,NO,J.Coker,0.0,0.0,0.0,0.0,0.0,0.0,,0.0,0.0,0.0,0.0,0.0,4.0,4.0,60.0,1.0,58.0,1.0,1.0,16.0,12.0,,,,,,
2025,15,CAR,NO,J.Sanders,0.0,0.0,0.0,0.0,0.0,0.0,,0.0,0.0,0.0,0.0,0.0,2.0,2.0,5.0,0.0,3.0,0.0,0.0,2.5,0.5,,,,,,
2025,15,CAR,NO,Ji.Horn,0.0,0.0,0.0,0.0,0.0,0.0,,0.0,0.0,0.0,0.0,0.0,1.0,1.0,7.0,0.0,1.0,0.0,0.0,1.7,0.7,,,,,,
2025,15,CAR,NO,R.Dowdle,0.0,0.0,0.0,0.0,0.0,0.0,,16.0,49.0,1.0,0.0,0.0,1.0,1.0,5.0,0.0,1.0,0.0,0.0,12.4,11.4,,,,,,
2025,15,CAR,NO,T.McMillan,0.0,0.0,0.0,0.0,0.0,0.0,,0.0,0.0,0.0,0.0,0.0,4.0,2.0,25.0,0.0,46.0,0.0,0.0,4.5,2.5,,,,,,
2025,15,CAR,NO,T.Tremble,0.0,0.0,0.0,0.0,0.0,0.0,,0.0,0.0,0.0,0.0,0.0,4.0,2.0,13.0,0.0,35.0,0.0,0.0,3.3,1.3,,,,,,
2025,15,CAR,NO,X.Legette,0.0,0.0,0.0,0.0,0.0,0.0,,0.0,0.0,0.0,0.0,0.0,3.0,2.0,39.0,0.0,42.0,0.0,0.0,5.9,3.9,,,,,,
2025,15,CHI,CLE,C.Kmet,0.0,0.0,0.0,0.0,0.0,0.0,,0.0,0.0,0.0,0.0,0.0,4.0,2.0,28.0,0.0,36.0,0.0,0.0,4.8,2.8,,,,,,
2025,15,CHI,CLE,C.Loveland,0.0,0.0,0.0,0.0,0.0,0.0,,1.0,-2.0,0.0,0.0,0.0,5.0,4.0,63.0,0.0,61.0,0.0,0.0,10.1,6.1,,,,,,
2025,15,CHI,CLE,C.Williams,31.0,17.0,242.0,2.0,0.0,3.0,QB,3.0,13.0,0.0,1.0,0.0,0.0,0.0,0.0,0.0,0.0,0.0,0.0,18.98,18.98,,,,,,
2025,15,CHI,CLE,D.Moore,0.0,0.0,0.0,0.0,0.0,0.0,,0.0,0.0,0.0,0.0,0.0,5.0,4.0,65.0,2.0,105.0,0.0,0.0,22.5,18.5,,,,,,
2025,15,CHI,CLE,D.Swift,0.0,0.0,0.0,0.0,0.0,0.0,,18.0,98.0,2.0,0.0,0.0,1.0,1.0,-2.0,0.0,-5.0,0.0,0.0,22.6,21.6,,,,,,
2025,15,CHI,CLE,K.Monangai,0.0,0.0,0.0,0.0,0.0,0.0,,11.0,33.0,0.0,0.0,0.0,2.0,0.0,0.0,0.0,-10.0,0.0,0.0,3.3,3.3,,,,,,
2025,15,CHI,CLE,L.Burden,0.0,0.0,0.0,0.0,0.0,0.0,,0.0,0.0,0.0,0.0,0.0,7.0,6.0,84.0,0.0,50.0,0.0,0.0,14.4,8.4,,,,,,
2025,15,CHI,CLE,O.Zaccheaus,0.0,0.0,0.0,0.0,0.0,0.0,,0.0,0.0,0.0,0.0,0.0,3.0,0.0,0.0,0.0,40.0,0.0,0.0,0.0,0.0,,,,,,
2025,15,CIN,BAL,A.Iosivas,0.0,0.0,0.0,0.0,0.0,0.0,,0.0,0.0,0.0,0.0,0.0,1.0,0.0,0.0,0.0,29.0,0.0,0.0,0.0,0.0,,,,,,
2025,15,CIN,BAL,C.Brown,0.0,0.0,0.0,0.0,0.0,0.0,,13.0,53.0,0.0,0.0,0.0,7.0,7.0,37.0,0.0,8.0,0.0,0.0,16.0,9.0,,,,,,
2025,15,CIN,BAL,D.Sample,0.0,0.0,0.0,0.0,0.0,0.0,,0.0,0.0,0.0,0.0,0.0,2.0,2.0,12.0,0.0,4.0,0.0,0.0,3.2,1.2,,,,,,
2025,15,CIN,BAL,J.Burrow,42.0,25.0,225.0,0.0,2.0,3.0,QB,2.0,5.0,0.0,0.0,0.0,0.0,0.0,0.0,0.0,0.0,0.0,0.0,7.5,7.5,,,,,,
2025,15,CIN,BAL,J.Chase,0.0,0.0,0.0,0.0,0.0,0.0,,0.0,0.0,0.0,0.0,0.0,16.0,10.0,132.0,0.0,157.0,0.0,0.0,23.2,13.2,,,,,,
2025,15,CIN,BAL,M.Gesicki,0.0,0.0,0.0,0.0,0.0,0.0,,0.0,0.0,0.0,0.0,0.0,2.0,1.0,11.0,0.0,40.0,0.0,0.0,2.1,1.1,,,,,,
2025,15,CIN,BAL,M.Tinsley,0.0,0.0,0.0,0.0,0.0,0.0,,0.0,0.0,0.0,0.0,0.0,2.0,1.0,16.0,0.0,23.0,0.0,0.0,2.6,1.6,,,,,,
2025,15,CIN,BAL,S.Perine,0.0,0.0,0.0,0.0,0.0,0.0,,14.0,42.0,0.0,1.0,0.0,1.0,1.0,1.0,0.0,-6.0,0.0,0.0,5.3,4.3,,,,,,
2025,15,CIN,BAL,T.Hudson,0.0,0.0,0.0,0.0,0.0,0.0,,0.0,0.0,0.0,0.0,0.0,5.0,3.0,16.0,0.0,21.0,0.0,0.0,4.6,1.6,,,,,,
2025,15,CLE,CHI,G.Larvadain,0.0,0.0,0.0,0.0,0.0,0.0,,0.0,0.0,0.0,0.0,0.0,2.0,1.0,8.0,0.0,18.0,0.0,0.0,1.8,0.8,,,,,,
2025,15,CLE,CHI,H.Fannin,0.0,0.0,0.0,0.0,0.0,0.0,,1.0,2.0,0.0,0.0,0.0,14.0,7.0,48.0,0.0,93.0,0.0,0.0,12.0,5.0,,,,,,
2025,15,CLE,CHI,I.Bond,0.0,0.0,0.0,0.0,0.0,0.0,,0.0,0.0,0.0,0.0,0.0,4.0,2.0,89.0,0.0,118.0,0.0,0.0,10.9,8.9,,,,,,
2025,15,CLE,CHI,J.Jeudy,0.0,0.0,0.0,0.0,0.0,0.0,,0.0,0.0,0.0,0.0,0.0,4.0,2.0,22.0,0.0,61.0,0.0,0.0,4.2,2.2,,,,,,
2025,15,CLE,CHI,M.Corley,0.0,0.0,0.0,0.0,0.0,0.0,,0.0,0.0,0.0,0.0,0.0,1.0,1.0,10.0,0.0,4.0,0.0,0.0,2.0,1.0,,,,,,
2025,15,CLE,CHI,Q.Judkins,0.0,0.0,0.0,0.0,0.0,0.0,,12.0,21.0,0.0,0.0,0.0,4.0,3.0,-4.0,0.0,-7.0,0.0,0.0,4.7,1.7,,,,,,
2025,15,CLE,CHI,S.Sanders,40.0,18.0,177.0,0.0,3.0,5.0,QB,2.0,24.0,0.0,0.0,0.0,0.0,0.0,0.0,0.0,0.0,0.0,0.0,6.48,6.48,,,,,,
2025,15,CLE,CHI,T.Williams,0.0,0.0,0.0,0.0,0.0,0.0,,1.0,3.0,0.0,0.0,0.0,2.0,2.0,4.0,0.0,-6.0,0.0,0.0,2.7,0.7,,,,,,
2025,15,DAL,MIN,B.Aubrey,0.0,0.0,0.0,0.0,0.0,0.0,,1.0,6.0,0.0,0.0,0.0,0.0,0.0,0.0,0.0,0.0,0.0,0.0,0.6,0.6,,,,,,
2025,15,DAL,MIN,B.Spann-Ford,0.0,0.0,0.0,0.0,0.0,0.0,,0.0,0.0,0.0,0.0,0.0,1.0,0.0,0.0,0.0,8.0,0.0,0.0,0.0,0.0,,,,,,
2025,15,DAL,MIN,C.Lamb,0.0,0.0,0.0,0.0,0.0,0.0,,0.0,0.0,0.0,0.0,0.0,10.0,6.0,111.0,0.0,106.0,0.0,0.0,17.1,11.1,,,,,,
2025,15,DAL,MIN,D.Prescott,40.0,23.0,294.0,0.0,0.0,2.0,QB,1.0,2.0,0.0,0.0,0.0,0.0,0.0,0.0,0.0,0.0,0.0,0.0,11.96,11.96,,,,,,
2025,15,DAL,MIN,G.Pickens,0.0,0.0,0.0,0.0,0.0,0.0,,0.0,0.0,0.0,0.0,0.0,6.0,3.0,33.0,0.0,33.0,0.0,0.0,6.3,3.3,,,,,,
2025,15,DAL,MIN,H.Luepke,0.0,0.0,0.0,0.0,0.0,0.0,,3.0,16.0,0.0,0.0,0.0,2.0,2.0,14.0,0.0,0.0,0.0,0.0,5.0,3.0,,,,,,
2025,15,DAL,MIN,J.Ferguson,0.0,0.0,0.0,0.0,0.0,0.0,,0.0,0.0,0.0,0.0,0.0,4.0,2.0,16.0,0.0,34.0,0.0,0.0,3.6,1.6,,,,,,
2025,15,DAL,MIN,J.Mingo,0.0,0.0,0.0,0.0,0.0,0.0,,0.0,0.0,0.0,0.0,0.0,1.0,1.0,25.0,0.0,21.0,0.0,0.0,3.5,2.5,,,,,,
2025,15,DAL,MIN,J.Williams,0.0,0.0,0.0,0.0,0.0,0.0,,15.0,91.0,1.0,0.0,0.0,0.0,0.0,0.0,0.0,0.0,0.0,0.0,15.1,15.1,,,,,,
2025,15,DAL,MIN,K.Turpin,0.0,0.0,0.0,0.0,0.0,0.0,,1.0,2.0,0.0,0.0,0.0,2.0,2.0,10.0,0.0,-4.0,0.0,0.0,3.2,1.2,,,,,,
2025,15,DAL,MIN,L.Schoonmaker,0.0,0.0,0.0,0.0,0.0,0.0,,0.0,0.0,0.0,0.0,0.0,1.0,1.0,29.0,0.0,6.0,0.0,0.0,3.9,2.9,,,,,,
2025,15,DAL,MIN,M.Davis,0.0,0.0,0.0,0.0,0.0,0.0,,8.0,21.0,1.0,0.0,0.0,3.0,2.0,16.0,0.0,13.0,0.0,0.0,11.7,9.7,,,,,,
2025,15,DAL,MIN,R.Flournoy,0.0,0.0,0.0,0.0,0.0,0.0,,0.0,0.0,0.0,0.0,0.0,5.0,4.0,40.0,0.0,37.0,0.0,0.0,8.0,4.0,,,,,,
2025,15,DEN,GB,A.Prentice,0.0,0.0,0.0,0.0,0.0,0.0,,1.0,-1.0,0.0,0.0,0.0,0.0,0.0,0.0,0.0,0.0,0.0,0.0,-0.1,-0.1,,,,,,
2025,15,DEN,GB,B.Nix,34.0,23.0,302.0,4.0,0.0,0.0,QB,7.0,10.0,0.0,0.0,0.0,0.0,0.0,0.0,0.0,0.0,0.0,0.0,29.08,29.08,,,,,,
2025,15,DEN,GB,C.Sutton,0.0,0.0,0.0,0.0,0.0,0.0,,0.0,0.0,0.0,0.0,0.0,10.0,7.0,113.0,1.0,136.0,0.0,0.0,24.3,17.3,,,,,,
2025,15,DEN,GB,E.Engram,0.0,0.0,0.0,0.0,0.0,0.0,,0.0,0.0,0.0,0.0,0.0,3.0,1.0,12.0,0.0,4.0,0.0,0.0,2.2,1.2,,,,,,
2025,15,DEN,GB,J.McLaughlin,0.0,0.0,0.0,0.0,0.0,0.0,,2.0,4.0,0.0,0.0,0.0,0.0,0.0,0.0,0.0,0.0,0.0,0.0,0.4,0.4,,,,,,
2025,15,DEN,GB,L.Humphrey,0.0,0.0,0.0,0.0,0.0,0.0,,0.0,0.0,0.0,0.0,0.0,4.0,3.0,42.0,1.0,49.0,0.0,0.0,13.2,10.2,,,,,,
2025,15,DEN,GB,M.Bandy,0.0,0.0,0.0,0.0,0.0,0.0,,0.0,0.0,0.0,0.0,0.0,1.0,1.0,20.0,1.0,8.0,0.0,0.0,9.0,8.0,,,,,,
2025,15,DEN,GB,M.Mims,0.0,0.0,0.0,0.0,0.0,0.0,,1.0,8.0,0.0,0.0,0.0,6.0,4.0,29.0,0.0,66.0,0.0,0.0,7.7,3.7,,,,,,
2025,15,DEN,GB,R.Harvey,0.0,0.0,0.0,0.0,0.0,0.0,,20.0,65.0,1.0,1.0,1.0,1.0,0.0,0.0,0.0,5.0,0.0,0.0,12.5,12.5,,,,,,
2025,15,DEN,GB,T.Badie,0.0,0.0,0.0,0.0,0.0,0.0,,0.0,0.0,0.0,0.0,0.0,1.0,1.0,1.0,0.0,-7.0,0.0,0.0,1.1,0.1,,,,,,
2025,15,DEN,GB,T.Franklin,0.0,0.0,0.0,0.0,0.0,0.0,,1.0,3.0,0.0,0.0,0.0,6.0,6.0,85.0,1.0,57.0,0.0,0.0,20.8,14.8,,,,,,
2025,15,DET,LA,A.St. Brown,0.0,0.0,0.0,0.0,0.0,0.0,,0.0,0.0,0.0,0.0,0.0,18.0,13.0,164.0,2.0,134.0,0.0,0.0,41.4,28.4,,,,,,
2025,15,DET,LA,D.Montgomery,0.0,0.0,0.0,0.0,0.0,0.0,,7.0,32.0,1.0,0.0,0.0,1.0,0.0,0.0,0.0,5.0,0.0,0.0,9.2,9.2,,,,,,
2025,15,DET,LA,I.TeSlaa,0.0,0.0,0.0,0.0,0.0,0.0,,0.0,0.0,0.0,0.0,0.0,1.0,0.0,0.0,0.0,4.0,0.0,0.0,0.0,0.0,,,,,,
2025,15,DET,LA,J.Gibbs,0.0,0.0,0.0,0.0,0.0,0.0,,13.0,38.0,0.0,0.0,0.0,7.0,4.0,20.0,0.0,11.0,0.0,0.0,9.8,5.8,,,,,,
2025,15,DET,LA,J.Goff,42.0,25.0,338.0,3.0,0.0,1.0,QB,0.0,0.0,0.0,0.0,0.0,0.0,0.0,0.0,0.0,0.0,0.0,0.0,25.52,25.52,,,,,,
2025,15,DET,LA,J.Williams,0.0,0.0,0.0,0.0,0.0,0.0,,0.0,0.0,0.0,0.0,0.0,10.0,7.0,126.0,1.0,171.0,0.0,0.0,25.6,18.6,,,,,,
2025,15,DET,LA,K.Raymond,0.0,0.0,0.0,0.0,0.0,0.0,,0.0,0.0,0.0,0.0,0.0,1.0,1.0,20.0,0.0,19.0,0.0,0.0,3.0,2.0,,,,,,
2025,15,GB,DEN,B.Melton,0.0,0.0,0.0,0.0,0.0,0.0,,1.0,0.0,0.0,0.0,0.0,1.0,0.0,0.0,0.0,17.0,0.0,0.0,0.0,0.0,,,,,,
2025,15,GB,DEN,C.Brooks,0.0,0.0,0.0,0.0,0.0,0.0,,2.0,10.0,0.0,0.0,0.0,2.0,1.0,6.0,0.0,12.0,0.0,0.0,2.6,1.6,,,,,,
2025,15,GB,DEN,C.Watson,0.0,0.0,0.0,0.0,0.0,0.0,,0.0,0.0,0.0,0.0,0.0,5.0,3.0,29.0,0.0,133.0,0.0,0.0,5.9,2.9,,,,,,
2025,15,GB,DEN,D.Wicks,0.0,0.0,0.0,0.0,0.0,0.0,,0.0,0.0,0.0,0.0,0.0,2.0,1.0,6.0,0.0,22.0,0.0,0.0,1.6,0.6,,,,,,
2025,15,GB,DEN,E.Wilson,0.0,0.0,0.0,0.0,0.0,0.0,,2.0,3.0,0.0,0.0,0.0,0.0,0.0,0.0,0.0,0.0,0.0,0.0,0.3,0.3,,,,,,
2025,15,GB,DEN,J.FitzPatrick,0.0,0.0,0.0,0.0,0.0,0.0,,0.0,0.0,0.0,0.0,0.0,4.0,3.0,18.0,0.0,5.0,0.0,0.0,4.8,1.8,,,,,,
2025,15,GB,DEN,J.Jacobs,0.0,0.0,0.0,0.0,0.0,0.0,,12.0,73.0,1.0,0.0,0.0,3.0,2.0,19.0,1.0,19.0,0.0,0.0,23.2,21.2,,,,,,
2025,15,GB,DEN,J.Love,43.0,24.0,276.0,1.0,2.0,3.0,QB,3.0,29.0,0.0,0.0,0.0,0.0,0.0,0.0,0.0,0.0,0.0,0.0,15.94,15.94,,,,,,
2025,15,GB,DEN,J.Reed,0.0,0.0,0.0,0.0,0.0,0.0,,0.0,0.0,0.0,0.0,0.0,6.0,5.0,55.0,0.0,38.0,0.0,0.0,10.5,5.5,,,,,,
2025,15,GB,DEN,L.Musgrave,0.0,0.0,0.0,0.0,0.0,0.0,,0.0,0.0,0.0,0.0,0.0,6.0,4.0,52.0,0.0,49.0,0.0,0.0,9.2,5.2,,,,,,
2025,15,GB,DEN,M.Golden,0.0,0.0,0.0,0.0,0.0,0.0,,0.0,0.0,0.0,0.0,0.0,4.0,3.0,55.0,0.0,69.0,0.0,0.0,8.5,5.5,,,,,,
2025,15,GB,DEN,R.Doubs,0.0,0.0,0.0,0.0,0.0,0.0,,0.0,0.0,0.0,0.0,0.0,3.0,2.0,36.0,0.0,32.0,0.0,0.0,5.6,3.6,,,,,,
2025,15,HOU,ARI,C.Stover,0.0,0.0,0.0,0.0,0.0,0.0,,0.0,0.0,0.0,0.0,0.0,3.0,3.0,22.0,0.0,1.0,0.0,0.0,5.2,2.2,,,,,,
2025,15,HOU,ARI,C.Stroud,30.0,22.0,260.0,3.0,0.0,1.0,QB,6.0,10.0,0.0,1.0,0.0,0.0,0.0,0.0,0.0,0.0,0.0,0.0,23.4,23.4,,,,,,
2025,15,HOU,ARI,D.Ogunbowale,0.0,0.0,0.0,0.0,0.0,0.0,,5.0,2.0,0.0,0.0,0.0,4.0,3.0,32.0,0.0,17.0,0.0,0.0,6.4,3.4,,,,,,
2025,15,HOU,ARI,D.Schultz,0.0,0.0,0.0,0.0,0.0,0.0,,0.0,0.0,0.0,0.0,0.0,9.0,8.0,76.0,1.0,46.0,0.0,0.0,21.6,13.6,,,,,,
2025,15,HOU,ARI,J.Higgins,0.0,0.0,0.0,0.0,0.0,0.0,,0.0,0.0,0.0,0.0,0.0,1.0,1.0,4.0,0.0,4.0,0.0,0.0,1.4,0.4,,,,,,
2025,15,HOU,ARI,J.Jordan,0.0,0.0,0.0,0.0,0.0,0.0,,15.0,101.0,0.0,0.0,0.0,2.0,2.0,17.0,0.0,-9.0,0.0,0.0,13.8,11.8,,,,,,
2025,15,HOU,ARI,N.Collins,0.0,0.0,0.0,0.0,0.0,0.0,,0.0,0.0,0.0,0.0,0.0,4.0,3.0,85.0,2.0,35.0,0.0,0.0,23.5,20.5,,,,,,
2025,15,HOU,ARI,W.Marks,0.0,0.0,0.0,0.0,0.0,0.0,,7.0,30.0,0.0,0.0,0.0,1.0,1.0,8.0,0.0,1.0,0.0,0.0,4.8,3.8,,,,,,
2025,15,HOU,ARI,X.Hutchinson,0.0,0.0,0.0,0.0,0.0,0.0,,0.0,0.0,0.0,0.0,0.0,2.0,1.0,16.0,0.0,6.0,0.0,0.0,2.6,1.6,,,,,,
2025,15,IND,SEA,A.Abdullah,0.0,0.0,0.0,0.0,0.0,0.0,,4.0,15.0,0.0,0.0,0.0,5.0,5.0,32.0,0.0,-5.0,0.0,0.0,9.7,4.7,,,,,,
2025,15,IND,SEA,A.Pierce,0.0,0.0,0.0,0.0,0.0,0.0,,0.0,0.0,0.0,0.0,0.0,1.0,1.0,16.0,0.0,16.0,0.0,0.0,2.6,1.6,,,,,,
2025,15,IND,SEA,J.Downs,0.0,0.0,0.0,0.0,0.0,0.0,,0.0,0.0,0.0,0.0,0.0,5.0,3.0,13.0,1.0,27.0,0.0,0.0,10.3,7.3,,,,,,
2025,15,IND,SEA,J.Taylor,0.0,0.0,0.0,0.0,0.0,0.0,,25.0,87.0,0.0,0.0,0.0,4.0,3.0,14.0,0.0,9.0,0.0,0.0,13.1,10.1,,,,,,
2025,15,IND,SEA,M.Pittman,0.0,0.0,0.0,0.0,0.0,0.0,,0.0,0.0,0.0,0.0,0.0,5.0,3.0,26.0,0.0,47.0,0.0,0.0,5.6,2.6,,,,,,
2025,15,IND,SEA,P.Rivers,28.0,18.0,120.0,1.0,1.0,1.0,QB,1.0,0.0,0.0,1.0,0.0,0.0,0.0,0.0,0.0,0.0,0.0,0.0,7.8,7.8,,,,,,
2025,15,IND,SEA,T.Warren,0.0,0.0,0.0,0.0,0.0,0.0,,0.0,0.0,0.0,0.0,0.0,6.0,3.0,19.0,0.0,43.0,0.0,0.0,4.9,1.9,,,,,,
2025,15,JAX,NYJ,B.Strange,0.0,0.0,0.0,0.0,0.0,0.0,,0.0,0.0,0.0,0.0,0.0,3.0,1.0,26.0,0.0,26.0,0.0,0.0,3.6,2.6,,,,,,
2025,15,JAX,NYJ,B.Thomas,0.0,0.0,0.0,0.0,0.0,0.0,,1.0,5.0,0.0,0.0,0.0,7.0,4.0,66.0,1.0,131.0,0.0,0.0,17.1,13.1,,,,,,
2025,15,JAX,NYJ,B.Tuten,0.0,0.0,0.0,0.0,0.0,0.0,,1.0,7.0,0.0,0.0,0.0,1.0,1.0,16.0,1.0,13.0,0.0,0.0,9.3,8.3,,,,,,
2025,15,JAX,NYJ,D.Brown,0.0,0.0,0.0,0.0,0.0,0.0,,1.0,4.0,0.0,1.0,1.0,0.0,0.0,0.0,0.0,0.0,0.0,0.0,0.4,0.4,,,,,,
2025,15,JAX,NYJ,J.Meyers,0.0,0.0,0.0,0.0,0.0,0.0,,0.0,0.0,0.0,0.0,0.0,7.0,5.0,71.0,0.0,85.0,0.0,0.0,12.1,7.1,,,,,,
2025,15,JAX,NYJ,L.Allen,0.0,0.0,0.0,0.0,0.0,0.0,,4.0,11.0,0.0,0.0,0.0,1.0,1.0,5.0,0.0,-2.0,0.0,0.0,2.6,1.6,,,,,,
2025,15,JAX,NYJ,N.Mullens,0.0,0.0,0.0,0.0,0.0,0.0,,3.0,-2.0,0.0,0.0,0.0,0.0,0.0,0.0,0.0,0.0,0.0,0.0,-0.2,-0.2,,,,,,
2025,15,JAX,NYJ,P.Washington,0.0,0.0,0.0,0.0,0.0,0.0,,0.0,0.0,0.0,0.0,0.0,3.0,3.0,53.0,0.0,53.0,0.0,0.0,8.3,5.3,,,,,,
2025,15,JAX,NYJ,Q.Morris,0.0,0.0,0.0,0.0,0.0,0.0,,0.0,0.0,0.0,0.0,0.0,2.0,2.0,20.0,0.0,7.0,0.0,0.0,4.0,2.0,,,,,,
2025,15,JAX,NYJ,T.Etienne,0.0,0.0,0.0,0.0,0.0,0.0,,12.0,32.0,0.0,0.0,0.0,4.0,3.0,73.0,3.0,18.0,0.0,0.0,31.5,28.5,,,,,,
2025,15,JAX,NYJ,T.Lawrence,32.0,20.0,330.0,5.0,0.0,0.0,QB,5.0,51.0,1.0,0.0,0.0,0.0,0.0,0.0,0.0,0.0,0.0,0.0,44.3,44.3,,,,,,
2025,15,KC,LAC,B.Smith,0.0,0.0,0.0,0.0,0.0,0.0,,2.0,1.0,0.0,0.0,0.0,0.0,0.0,0.0,0.0,0.0,0.0,0.0,0.1,0.1,,,,,,
2025,15,KC,LAC,G.Minshew,5.0,3.0,22.0,0.0,1.0,0.0,QB,0.0,0.0,0.0,0.0,0.0,0.0,0.0,0.0,0.0,0.0,0.0,0.0,-0.12,-0.12,,,,,,
2025,15,KC,LAC,I.Pacheco,0.0,0.0,0.0,0.0,0.0,0.0,,11.0,21.0,0.0,0.0,0.0,0.0,0.0,0.0,0.0,0.0,0.0,0.0,2.1,2.1,,,,,,
2025,15,KC,LAC,J.Smith-Schuster,0.0,0.0,0.0,0.0,0.0,0.0,,0.0,0.0,0.0,0.0,0.0,1.0,0.0,0.0,0.0,2.0,0.0,0.0,0.0,0.0,,,,,,
2025,15,KC,LAC,K.Hunt,0.0,0.0,0.0,0.0,0.0,0.0,,6.0,12.0,0.0,0.0,0.0,2.0,1.0,8.0,0.0,11.0,0.0,0.0,3.0,2.0,,,,,,
2025,15,KC,LAC,P.Mahomes,33.0,16.0,189.0,0.0,1.0,5.0,QB,2.0,15.0,1.0,0.0,0.0,0.0,0.0,0.0,0.0,0.0,0.0,0.0,14.06,14.06,,,,,,
2025,15,KC,LAC,R.Rice,0.0,0.0,0.0,0.0,0.0,0.0,,0.0,0.0,0.0,0.0,0.0,11.0,7.0,51.0,0.0,13.0,0.0,0.0,12.1,5.1,,,,,,
2025,15,KC,LAC,T.Kelce,0.0,0.0,0.0,0.0,0.0,0.0,,0.0,0.0,0.0,0.0,0.0,9.0,7.0,70.0,0.0,70.0,0.0,0.0,14.0,7.0,,,,,,
2025,15,KC,LAC,T.Thornton,0.0,0.0,0.0,0.0,0.0,0.0,,0.0,0.0,0.0,0.0,0.0,3.0,2.0,47.0,0.0,83.0,0.0,0.0,6.7,4.7,,,,,,
2025,15,KC,LAC,X.Worthy,0.0,0.0,0.0,0.0,0.0,0.0,,0.0,0.0,0.0,0.0,0.0,4.0,2.0,35.0,0.0,56.0,0.0,0.0,5.5,3.5,,,,,,
2025,15,LA,DET,B.Corum,0.0,0.0,0.0,0.0,0.0,0.0,,11.0,71.0,1.0,0.0,0.0,0.0,0.0,0.0,0.0,0.0,0.0,0.0,13.1,13.1,,,,,,
2025,15,LA,DET,C.Parkinson,0.0,0.0,0.0,0.0,0.0,0.0,,0.0,0.0,0.0,0.0,0.0,7.0,5.0,75.0,2.0,57.0,0.0,0.0,24.5,19.5,,,,,,
2025,15,LA,DET,D.Adams,0.0,0.0,0.0,0.0,0.0,0.0,,0.0,0.0,0.0,0.0,0.0,9.0,4.0,71.0,0.0,162.0,0.0,0.0,11.1,7.1,,,,,,
2025,15,LA,DET,D.Allen,0.0,0.0,0.0,0.0,0.0,0.0,,0.0,0.0,0.0,0.0,0.0,4.0,3.0,16.0,0.0,14.0,0.0,0.0,4.6,1.6,,,,,,
2025,15,LA,DET,J.Whittington,0.0,0.0,0.0,0.0,0.0,0.0,,0.0,0.0,0.0,0.0,0.0,1.0,0.0,0.0,0.0,1.0,1.0,0.0,0.0,0.0,,,,,,
2025,15,LA,DET,K.Mumpfield,0.0,0.0,0.0,0.0,0.0,0.0,,0.0,0.0,0.0,0.0,0.0,1.0,0.0,0.0,0.0,38.0,0.0,0.0,0.0,0.0,,,,,,
2025,15,LA,DET,K.Williams,0.0,0.0,0.0,0.0,0.0,0.0,,15.0,78.0,2.0,0.0,0.0,1.0,1.0,10.0,0.0,2.0,0.0,0.0,21.8,20.8,,,,,,
2025,15,LA,DET,M.Stafford,40.0,24.0,368.0,2.0,1.0,2.0,QB,1.0,2.0,0.0,0.0,0.0,0.0,0.0,0.0,0.0,0.0,0.0,0.0,21.92,21.92,,,,,,
2025,15,LA,DET,P.Nacua,0.0,0.0,0.0,0.0,0.0,0.0,,2.0,8.0,0.0,0.0,0.0,11.0,9.0,181.0,0.0,148.0,0.0,0.0,27.9,18.9,,,,,,
2025,15,LA,DET,T.Atwell,0.0,0.0,0.0,0.0,0.0,0.0,,0.0,0.0,0.0,0.0,0.0,2.0,1.0,9.0,0.0,19.0,0.0,0.0,1.9,0.9,,,,,,
2025,15,LA,DET,T.Ferguson,0.0,0.0,0.0,0.0,0.0,0.0,,0.0,0.0,0.0,0.0,0.0,2.0,1.0,6.0,0.0,30.0,0.0,0.0,1.6,0.6,,,,,,
2025,15,LAC,KC,J.Herbert,33.0,19.0,210.0,1.0,1.0,4.0,QB,2.0,0.0,0.0,0.0,0.0,0.0,0.0,0.0,0.0,0.0,0.0,0.0,11.4,11.4,,,,,,
2025,15,LAC,KC,K.Allen,0.0,0.0,0.0,0.0,0.0,0.0,,0.0,0.0,0.0,0.0,0.0,7.0,5.0,36.0,0.0,35.0,1.0,0.0,8.6,3.6,,,,,,
2025,15,LAC,KC,K.Lambert-Smith,0.0,0.0,0.0,0.0,0.0,0.0,,0.0,0.0,0.0,0.0,0.0,1.0,1.0,16.0,1.0,16.0,0.0,0.0,8.6,7.6,,,,,,
2025,15,LAC,KC,K.Vidal,0.0,0.0,0.0,0.0,0.0,0.0,,12.0,33.0,0.0,0.0,0.0,1.0,1.0,15.0,0.0,-4.0,0.0,0.0,5.8,4.8,,,,,,
2025,15,LAC,KC,L.McConkey,0.0,0.0,0.0,0.0,0.0,0.0,,0.0,0.0,0.0,0.0,0.0,3.0,2.0,20.0,0.0,19.0,0.0,0.0,4.0,2.0,,,,,,
2025,15,LAC,KC,O.Gadsden,0.0,0.0,0.0,0.0,0.0,0.0,,0.0,0.0,0.0,0.0,0.0,5.0,4.0,61.0,0.0,70.0,0.0,0.0,10.1,6.1,,,,,,
2025,15,LAC,KC,O.Hampton,0.0,0.0,0.0,0.0,0.0,0.0,,15.0,61.0,0.0,0.0,0.0,1.0,1.0,4.0,0.0,-5.0,0.0,0.0,7.5,6.5,,,,,,
2025,15,LAC,KC,S.Matlock,0.0,0.0,0.0,0.0,0.0,0.0,,0.0,0.0,0.0,0.0,0.0,2.0,2.0,9.0,0.0,0.0,0.0,0.0,2.9,0.9,,,,,,
2025,15,LAC,KC,T.Harris,0.0,0.0,0.0,0.0,0.0,0.0,,0.0,0.0,0.0,0.0,0.0,5.0,3.0,49.0,0.0,57.0,0.0,0.0,7.9,4.9,,,,,,
2025,15,LAC,KC,T.Penning,0.0,0.0,0.0,0.0,0.0,0.0,,0.0,0.0,0.0,0.0,0.0,1.0,0.0,0.0,0.0,5.0,0.0,0.0,0.0,0.0,,,,,,
2025,15,LV,PHI,A.Jeanty,0.0,0.0,0.0,0.0,0.0,0.0,,9.0,35.0,0.0,0.0,0.0,6.0,4.0,7.0,0.0,4.0,0.0,0.0,8.2,4.2,,,,,,
2025,15,LV,PHI,B.Bowers,0.0,0.0,0.0,0.0,0.0,0.0,,0.0,0.0,0.0,0.0,0.0,8.0,6.0,28.0,0.0,12.0,0.0,0.0,8.8,2.8,,,,,,
2025,15,LV,PHI,D.Laube,0.0,0.0,0.0,0.0,0.0,0.0,,2.0,4.0,0.0,0.0,0.0,0.0,0.0,0.0,0.0,0.0,0.0,0.0,0.4,0.4,,,,,,
2025,15,LV,PHI,J.Bech,0.0,0.0,0.0,0.0,0.0,0.0,,0.0,0.0,0.0,0.0,0.0,3.0,2.0,17.0,0.0,37.0,0.0,0.0,3.7,1.7,,,,,,
2025,15,LV,PHI,K.Pickett,29.0,15.0,64.0,0.0,1.0,4.0,QB,2.0,7.0,0.0,0.0,0.0,0.0,0.0,0.0,0.0,0.0,0.0,0.0,2.26,2.26,,,,,,
2025,15,LV,PHI,R.Mostert,0.0,0.0,0.0,0.0,0.0,0.0,,0.0,0.0,0.0,0.0,0.0,1.0,1.0,2.0,0.0,1.0,0.0,0.0,1.2,0.2,,,,,,
2025,15,LV,PHI,T.Lockett,0.0,0.0,0.0,0.0,0.0,0.0,,0.0,0.0,0.0,0.0,0.0,4.0,2.0,10.0,0.0,27.0,0.0,0.0,3.0,1.0,,,,,,
2025,15,LV,PHI,T.Tucker,0.0,0.0,0.0,0.0,0.0,0.0,,0.0,0.0,0.0,0.0,0.0,3.0,0.0,0.0,0.0,25.0,0.0,0.0,0.0,0.0,,,,,,
2025,15,MIA,PIT,A.Ingold,0.0,0.0,0.0,0.0,0.0,0.0,,0.0,0.0,0.0,0.0,0.0,1.0,1.0,4.0,0.0,1.0,0.0,0.0,1.4,0.4,,,,,,
2025,15,MIA,PIT,D.Achane,0.0,0.0,0.0,0.0,0.0,0.0,,12.0,60.0,0.0,0.0,0.0,6.0,6.0,67.0,0.0,21.0,0.0,0.0,18.7,12.7,,,,,,
2025,15,MIA,PIT,D.Waller,0.0,0.0,0.0,0.0,0.0,0.0,,0.0,0.0,0.0,0.0,0.0,9.0,7.0,66.0,2.0,60.0,0.0,0.0,25.6,18.6,,,,,,
2025,15,MIA,PIT,G.Dulcich,0.0,0.0,0.0,0.0,0.0,0.0,,0.0,0.0,0.0,0.0,0.0,3.0,2.0,46.0,0.0,24.0,0.0,0.0,6.6,4.6,,,,,,
2025,15,MIA,PIT,J.Hill,0.0,0.0,0.0,0.0,0.0,0.0,,0.0,0.0,0.0,0.0,0.0,2.0,2.0,25.0,0.0,5.0,0.0,0.0,4.5,2.5,,,,,,
2025,15,MIA,PIT,J.Waddle,0.0,0.0,0.0,0.0,0.0,0.0,,0.0,0.0,0.0,0.0,0.0,4.0,2.0,26.0,0.0,45.0,0.0,0.0,4.6,2.6,,,,,,
2025,15,MIA,PIT,J.Wright,0.0,0.0,0.0,0.0,0.0,0.0,,1.0,2.0,0.0,0.0,0.0,1.0,1.0,9.0,0.0,0.0,0.0,0.0,2.1,1.1,,,,,,
2025,15,MIA,PIT,M.Washington,0.0,0.0,0.0,0.0,0.0,0.0,,0.0,0.0,0.0,0.0,0.0,1.0,1.0,10.0,0.0,1.0,0.0,0.0,2.0,1.0,,,,,,
2025,15,MIA,PIT,N.Westbrook-Ikhine,0.0,0.0,0.0,0.0,0.0,0.0,,0.0,0.0,0.0,0.0,0.0,1.0,0.0,0.0,0.0,5.0,0.0,0.0,0.0,0.0,,,,,,
2025,15,MIA,PIT,O.Gordon,0.0,0.0,0.0,0.0,0.0,0.0,,2.0,0.0,0.0,0.0,0.0,0.0,0.0,0.0,0.0,0.0,0.0,0.0,0.0,0.0,,,,,,
2025,15,MIA,PIT,T.Tagovailoa,34.0,22.0,253.0,2.0,1.0,4.0,QB,1.0,1.0,0.0,0.0,0.0,0.0,0.0,0.0,0.0,0.0,0.0,0.0,17.22,17.22,,,,,,
2025,15,MIN,DAL,A.Jones,0.0,0.0,0.0,0.0,0.0,0.0,,12.0,34.0,0.0,0.0,0.0,3.0,3.0,31.0,0.0,-4.0,0.0,0.0,9.5,6.5,,,,,,
2025,15,MIN,DAL,C.Ham,0.0,0.0,0.0,0.0,0.0,0.0,,1.0,1.0,1.0,0.0,0.0,0.0,0.0,0.0,0.0,0.0,0.0,0.0,6.1,6.1,,,,,,
2025,15,MIN,DAL,J.Addison,0.0,0.0,0.0,0.0,0.0,0.0,,0.0,0.0,0.0,0.0,0.0,2.0,2.0,66.0,0.0,48.0,0.0,0.0,8.6,6.6,,,,,,
2025,15,MIN,DAL,J.Jefferson,0.0,0.0,0.0,0.0,0.0,0.0,,0.0,0.0,0.0,0.0,0.0,8.0,2.0,22.0,0.0,71.0,0.0,0.0,4.2,2.2,,,,,,
2025,15,MIN,DAL,J.Mason,0.0,0.0,0.0,0.0,0.0,0.0,,10.0,29.0,0.0,0.0,0.0,0.0,0.0,0.0,0.0,0.0,0.0,0.0,2.9,2.9,,,,,,
2025,15,MIN,DAL,J.McCarthy,24.0,15.0,250.0,2.0,1.0,0.0,QB,4.0,15.0,1.0,0.0,0.0,0.0,0.0,0.0,0.0,0.0,0.0,0.0,24.5,24.5,,,,,,
2025,15,MIN,DAL,J.Nailor,0.0,0.0,0.0,0.0,0.0,0.0,,1.0,-2.0,0.0,0.0,0.0,5.0,3.0,47.0,2.0,69.0,0.0,0.0,19.5,16.5,,,,,,
2025,15,MIN,DAL,J.Oliver,0.0,0.0,0.0,0.0,0.0,0.0,,0.0,0.0,0.0,0.0,0.0,1.0,1.0,18.0,0.0,8.0,0.0,0.0,2.8,1.8,,,,,,
2025,15,MIN,DAL,T.Hockenson,0.0,0.0,0.0,0.0,0.0,0.0,,0.0,0.0,0.0,0.0,0.0,5.0,4.0,66.0,0.0,57.0,0.0,0.0,10.6,6.6,,,,,,
2025,15,NE,BUF,D.Douglas,0.0,0.0,0.0,0.0,0.0,0.0,,1.0,5.0,0.0,0.0,0.0,0.0,0.0,0.0,0.0,0.0,0.0,0.0,0.5,0.5,,,,,,
2025,15,NE,BUF,D.Maye,26.0,14.0,155.0,0.0,1.0,3.0,QB,4.0,43.0,2.0,0.0,0.0,0.0,0.0,0.0,0.0,0.0,0.0,0.0,21.5,21.5,,,,,,
2025,15,NE,BUF,H.Henry,0.0,0.0,0.0,0.0,0.0,0.0,,0.0,0.0,0.0,0.0,0.0,3.0,1.0,18.0,0.0,34.0,0.0,0.0,2.8,1.8,,,,,,
2025,15,NE,BUF,K.Boutte,0.0,0.0,0.0,0.0,0.0,0.0,,0.0,0.0,0.0,0.0,0.0,1.0,1.0,30.0,0.0,26.0,0.0,0.0,4.0,3.0,,,,,,
2025,15,NE,BUF,M.Hollins,0.0,0.0,0.0,0.0,0.0,0.0,,0.0,0.0,0.0,0.0,0.0,8.0,4.0,41.0,0.0,136.0,1.0,0.0,8.1,4.1,,,,,,
2025,15,NE,BUF,R.Stevenson,0.0,0.0,0.0,0.0,0.0,0.0,,6.0,50.0,0.0,0.0,0.0,3.0,3.0,27.0,0.0,3.0,0.0,0.0,10.7,7.7,,,,,,
2025,15,NE,BUF,S.Diggs,0.0,0.0,0.0,0.0,0.0,0.0,,0.0,0.0,0.0,0.0,0.0,4.0,3.0,26.0,0.0,22.0,0.0,0.0,5.6,2.6,,,,,,
2025,15,NE,BUF,T.Henderson,0.0,0.0,0.0,0.0,0.0,0.0,,14.0,148.0,2.0,0.0,0.0,3.0,2.0,13.0,0.0,20.0,0.0,0.0,30.1,28.1,,,,,,
2025,15,NO,CAR,A.Estime,0.0,0.0,0.0,0.0,0.0,0.0,,3.0,11.0,0.0,0.0,0.0,3.0,3.0,39.0,0.0,-9.0,0.0,0.0,8.0,5.0,,,,,,
2025,15,NO,CAR,C.Olave,0.0,0.0,0.0,0.0,0.0,0.0,,0.0,0.0,0.0,0.0,0.0,9.0,6.0,85.0,1.0,129.0,0.0,0.0,20.5,14.5,,,,,,
2025,15,NO,CAR,D.Neal,0.0,0.0,0.0,0.0,0.0,0.0,,7.0,28.0,1.0,0.0,0.0,1.0,1.0,4.0,0.0,3.0,0.0,0.0,10.2,9.2,,,,,,
2025,15,NO,CAR,D.Vele,0.0,0.0,0.0,0.0,0.0,0.0,,0.0,0.0,0.0,0.0,0.0,6.0,5.0,69.0,0.0,71.0,0.0,0.0,11.9,6.9,,,,,,
2025,15,NO,CAR,E.Hull,0.0,0.0,0.0,0.0,0.0,0.0,,4.0,12.0,0.0,0.0,0.0,0.0,0.0,0.0,0.0,0.0,0.0,0.0,1.2,1.2,,,,,,
2025,15,NO,CAR,J.Johnson,0.0,0.0,0.0,0.0,0.0,0.0,,0.0,0.0,0.0,0.0,0.0,4.0,4.0,30.0,0.0,16.0,0.0,0.0,7.0,3.0,,,,,,
2025,15,NO,CAR,J.Stoll,0.0,0.0,0.0,0.0,0.0,0.0,,0.0,0.0,0.0,0.0,0.0,1.0,1.0,7.0,0.0,0.0,0.0,0.0,1.7,0.7,,,,,,
2025,15,NO,CAR,K.Austin,0.0,0.0,0.0,0.0,0.0,0.0,,0.0,0.0,0.0,0.0,0.0,5.0,3.0,33.0,0.0,37.0,0.0,0.0,6.3,3.3,,,,,,
2025,15,NO,CAR,M.Tipton,0.0,0.0,0.0,0.0,0.0,0.0,,1.0,-4.0,0.0,1.0,0.0,2.0,1.0,5.0,0.0,18.0,0.0,0.0,1.1,0.1,,,,,,
2025,15,NO,CAR,S.Rattler,1.0,0.0,0.0,0.0,0.0,0.0,QB,0.0,0.0,0.0,0.0,0.0,0.0,0.0,0.0,0.0,0.0,0.0,0.0,0.0,0.0,,,,,,
2025,15,NO,CAR,T.Hill,0.0,0.0,0.0,0.0,0.0,0.0,,2.0,2.0,0.0,0.0,0.0,0.0,0.0,0.0,0.0,0.0,0.0,0.0,0.2,0.2,,,,,,
2025,15,NO,CAR,T.Shough,37.0,24.0,272.0,1.0,0.0,5.0,QB,8.0,32.0,0.0,0.0,0.0,0.0,0.0,0.0,0.0,0.0,0.0,0.0,18.08,18.08,,,,,,
2025,15,NYG,WAS,D.Bellinger,0.0,0.0,0.0,0.0,0.0,0.0,,0.0,0.0,0.0,0.0,0.0,4.0,3.0,35.0,0.0,25.0,0.0,0.0,6.5,3.5,,,,,,
2025,15,NYG,WAS,D.Singletary,0.0,0.0,0.0,0.0,0.0,0.0,,5.0,13.0,0.0,0.0,0.0,1.0,1.0,1.0,0.0,-1.0,0.0,0.0,2.4,1.4,,,,,,
2025,15,NYG,WAS,D.Slayton,0.0,0.0,0.0,0.0,0.0,0.0,,0.0,0.0,0.0,0.0,0.0,10.0,4.0,53.0,0.0,181.0,0.0,0.0,9.3,5.3,,,,,,
2025,15,NYG,WAS,I.Hodgins,0.0,0.0,0.0,0.0,0.0,0.0,,0.0,0.0,0.0,0.0,0.0,2.0,1.0,4.0,0.0,24.0,0.0,0.0,1.4,0.4,,,,,,
2025,15,NYG,WAS,J.Dart,37.0,20.0,246.0,2.0,1.0,1.0,QB,9.0,63.0,0.0,1.0,0.0,0.0,0.0,0.0,0.0,0.0,0.0,0.0,23.14,23.14,,,,,,
2025,15,NYG,WAS,J.Hyatt,0.0,0.0,0.0,0.0,0.0,0.0,,0.0,0.0,0.0,0.0,0.0,1.0,0.0,0.0,0.0,14.0,0.0,0.0,0.0,0.0,,,,,,
2025,15,NYG,WAS,J.Winston,1.0,0.0,0.0,0.0,0.0,0.0,QB,0.0,0.0,0.0,0.0,0.0,0.0,0.0,0.0,0.0,0.0,0.0,0.0,0.0,0.0,,,,,,
2025,15,NYG,WAS,T.Johnson,0.0,0.0,0.0,0.0,0.0,0.0,,0.0,0.0,0.0,0.0,0.0,4.0,3.0,72.0,0.0,43.0,0.0,0.0,10.2,7.2,,,,,,
2025,15,NYG,WAS,T.Tracy,0.0,0.0,0.0,0.0,0.0,0.0,,15.0,70.0,1.0,0.0,0.0,4.0,3.0,27.0,1.0,27.0,0.0,0.0,24.7,21.7,,,,,,
2025,15,NYG,WAS,W.Robinson,0.0,0.0,0.0,0.0,0.0,0.0,,0.0,0.0,0.0,0.0,0.0,10.0,5.0,54.0,1.0,105.0,0.0,0.0,16.4,11.4,,,,,,
2025,15,NYJ,JAX,A.Beck,0.0,0.0,0.0,0.0,0.0,0.0,,1.0,5.0,0.0,0.0,0.0,1.0,0.0,0.0,0.0,14.0,0.0,0.0,0.5,0.5,,,,,,
2025,15,NYJ,JAX,A.Lazard,0.0,0.0,0.0,0.0,0.0,0.0,,0.0,0.0,0.0,0.0,0.0,2.0,1.0,6.0,0.0,9.0,0.0,0.0,1.6,0.6,,,,,,
2025,15,NYJ,JAX,A.Mitchell,0.0,0.0,0.0,0.0,0.0,0.0,,1.0,-4.0,0.0,0.0,0.0,9.0,6.0,58.0,1.0,88.0,0.0,0.0,17.4,11.4,,,,,,
2025,15,NYJ,JAX,A.Smith,0.0,0.0,0.0,0.0,0.0,0.0,,0.0,0.0,0.0,0.0,0.0,2.0,0.0,0.0,0.0,27.0,0.0,0.0,0.0,0.0,,,,,,
2025,15,NYJ,JAX,B.Cook,36.0,22.0,176.0,1.0,3.0,3.0,QB,6.0,39.0,0.0,0.0,0.0,0.0,0.0,0.0,0.0,0.0,0.0,0.0,11.94,11.94,,,,,,
2025,15,NYJ,JAX,B.Hall,0.0,0.0,0.0,0.0,0.0,0.0,,12.0,23.0,0.0,0.0,0.0,2.0,2.0,14.0,0.0,-2.0,0.0,0.0,5.7,3.7,,,,,,
2025,15,NYJ,JAX,I.Davis,0.0,0.0,0.0,0.0,0.0,0.0,,9.0,58.0,1.0,0.0,0.0,1.0,1.0,7.0,0.0,6.0,0.0,0.0,13.5,12.5,,,,,,
2025,15,NYJ,JAX,I.Williams,0.0,0.0,0.0,0.0,0.0,0.0,,0.0,0.0,0.0,0.0,0.0,7.0,6.0,53.0,0.0,40.0,0.0,0.0,11.3,5.3,,,,,,
2025,15,NYJ,JAX,J.Metchie,0.0,0.0,0.0,0.0,0.0,0.0,,1.0,4.0,0.0,0.0,0.0,5.0,4.0,25.0,0.0,27.0,0.0,0.0,6.9,2.9,,,,,,
2025,15,NYJ,JAX,J.Ruckert,0.0,0.0,0.0,0.0,0.0,0.0,,0.0,0.0,0.0,0.0,0.0,2.0,2.0,13.0,0.0,4.0,0.0,0.0,3.3,1.3,,,,,,
2025,15,NYJ,JAX,K.Herbert,0.0,0.0,0.0,0.0,0.0,0.0,,2.0,5.0,0.0,0.0,0.0,1.0,0.0,0.0,0.0,-4.0,0.0,0.0,0.5,0.5,,,,,,
2025,15,PHI,LV,A.Brown,0.0,0.0,0.0,0.0,0.0,0.0,,0.0,0.0,0.0,0.0,0.0,2.0,2.0,41.0,1.0,34.0,0.0,0.0,12.1,10.1,,,,,,
2025,15,PHI,LV,D.Cooper,0.0,0.0,0.0,0.0,0.0,0.0,,0.0,0.0,0.0,0.0,0.0,2.0,2.0,29.0,0.0,24.0,0.0,0.0,4.9,2.9,,,,,,
2025,15,PHI,LV,D.Goedert,0.0,0.0,0.0,0.0,0.0,0.0,,0.0,0.0,0.0,0.0,0.0,7.0,6.0,70.0,2.0,29.0,0.0,0.0,25.0,19.0,,,,,,
2025,15,PHI,LV,D.Smith,0.0,0.0,0.0,0.0,0.0,0.0,,0.0,0.0,0.0,0.0,0.0,2.0,2.0,50.0,0.0,43.0,0.0,0.0,7.0,5.0,,,,,,
2025,15,PHI,LV,G.Calcaterra,0.0,0.0,0.0,0.0,0.0,0.0,,0.0,0.0,0.0,0.0,0.0,1.0,1.0,4.0,0.0,4.0,0.0,0.0,1.4,0.4,,,,,,
2025,15,PHI,LV,J.Hurts,16.0,12.0,175.0,3.0,0.0,1.0,QB,7.0,39.0,0.0,0.0,0.0,0.0,0.0,0.0,0.0,0.0,0.0,0.0,22.9,22.9,,,,,,
2025,15,PHI,LV,S.Barkley,0.0,0.0,0.0,0.0,0.0,0.0,,22.0,78.0,1.0,0.0,0.0,3.0,2.0,14.0,0.0,-3.0,0.0,0.0,17.2,15.2,,,,,,
2025,15,PHI,LV,T.Bigsby,0.0,0.0,0.0,0.0,0.0,0.0,,17.0,57.0,0.0,0.0,0.0,1.0,0.0,0.0,0.0,1.0,0.0,0.0,5.7,5.7,,,,,,
2025,15,PHI,LV,T.McKee,3.0,3.0,33.0,0.0,0.0,0.0,QB,1.0,9.0,0.0,0.0,0.0,0.0,0.0,0.0,0.0,0.0,0.0,0.0,2.22,2.22,,,,,,
2025,15,PIT,MIA,A.Rodgers,30.0,23.0,224.0,2.0,0.0,3.0,QB,0.0,0.0,0.0,0.0,0.0,0.0,0.0,0.0,0.0,0.0,0.0,0.0,16.96,16.96,,,,,,
2025,15,PIT,MIA,A.Thielen,0.0,0.0,0.0,0.0,0.0,0.0,,0.0,0.0,0.0,0.0,0.0,1.0,1.0,7.0,0.0,5.0,0.0,0.0,1.7,0.7,,,,,,
2025,15,PIT,MIA,C.Austin,0.0,0.0,0.0,0.0,0.0,0.0,,0.0,0.0,0.0,0.0,0.0,1.0,0.0,0.0,0.0,6.0,0.0,0.0,0.0,0.0,,,,,,
2025,15,PIT,MIA,Co.Heyward,0.0,0.0,0.0,0.0,0.0,0.0,,4.0,4.0,1.0,0.0,0.0,0.0,0.0,0.0,0.0,0.0,0.0,0.0,6.4,6.4,,,,,,
2025,15,PIT,MIA,D.Metcalf,0.0,0.0,0.0,0.0,0.0,0.0,,0.0,0.0,0.0,0.0,0.0,3.0,3.0,55.0,1.0,33.0,0.0,0.0,14.5,11.5,,,,,,
2025,15,PIT,MIA,D.Washington,0.0,0.0,0.0,0.0,0.0,0.0,,0.0,0.0,0.0,0.0,0.0,4.0,3.0,25.0,0.0,0.0,0.0,0.0,5.5,2.5,,,,,,
2025,15,PIT,MIA,J.Smith,0.0,0.0,0.0,0.0,0.0,0.0,,1.0,14.0,1.0,0.0,0.0,2.0,2.0,12.0,0.0,-2.0,0.0,0.0,10.6,8.6,,,,,,
2025,15,PIT,MIA,J.Warren,0.0,0.0,0.0,0.0,0.0,0.0,,12.0,33.0,0.0,0.0,0.0,3.0,3.0,15.0,0.0,-13.0,0.0,0.0,7.8,4.8,,,,,,
2025,15,PIT,MIA,K.Gainwell,0.0,0.0,0.0,0.0,0.0,0.0,,13.0,80.0,0.0,0.0,0.0,7.0,7.0,46.0,0.0,-1.0,0.0,0.0,19.6,12.6,,,,,,
2025,15,PIT,MIA,K.Johnson,0.0,0.0,0.0,0.0,0.0,0.0,,2.0,4.0,0.0,0.0,0.0,0.0,0.0,0.0,0.0,0.0,0.0,0.0,0.4,0.4,,,,,,
2025,15,PIT,MIA,M.Valdes-Scantling,0.0,0.0,0.0,0.0,0.0,0.0,,0.0,0.0,0.0,0.0,0.0,1.0,1.0,19.0,1.0,19.0,0.0,0.0,8.9,7.9,,,,,,
2025,15,PIT,MIA,P.Freiermuth,0.0,0.0,0.0,0.0,0.0,0.0,,0.0,0.0,0.0,0.0,0.0,5.0,3.0,45.0,0.0,45.0,0.0,0.0,7.5,4.5,,,,,,
2025,15,SEA,IND,A.Barner,0.0,0.0,0.0,0.0,0.0,0.0,,0.0,0.0,0.0,0.0,0.0,6.0,3.0,27.0,0.0,23.0,0.0,0.0,5.7,2.7,,,,,,
2025,15,SEA,IND,B.Russell,0.0,0.0,0.0,0.0,0.0,0.0,,0.0,0.0,0.0,0.0,0.0,1.0,0.0,0.0,0.0,0.0,0.0,0.0,0.0,0.0,,,,,,
2025,15,SEA,IND,C.Kupp,0.0,0.0,0.0,0.0,0.0,0.0,,0.0,0.0,0.0,0.0,0.0,7.0,5.0,46.0,0.0,40.0,0.0,0.0,9.6,4.6,,,,,,
2025,15,SEA,IND,E.Saubert,0.0,0.0,0.0,0.0,0.0,0.0,,0.0,0.0,0.0,0.0,0.0,1.0,1.0,9.0,0.0,4.0,0.0,0.0,1.9,0.9,,,,,,
2025,15,SEA,IND,J.Smith-Njigba,0.0,0.0,0.0,0.0,0.0,0.0,,0.0,0.0,0.0,0.0,0.0,9.0,7.0,113.0,0.0,67.0,0.0,0.0,18.3,11.3,,,,,,
2025,15,SEA,IND,K.Walker,0.0,0.0,0.0,0.0,0.0,0.0,,9.0,17.0,0.0,0.0,0.0,1.0,1.0,2.0,0.0,0.0,0.0,0.0,2.9,1.9,,,,,,
2025,15,SEA,IND,R.Shaheed,0.0,0.0,0.0,0.0,0.0,0.0,,1.0,-3.0,0.0,0.0,0.0,7.0,5.0,74.0,0.0,105.0,0.0,0.0,12.1,7.1,,,,,,
2025,15,SEA,IND,S.Darnold,37.0,22.0,271.0,0.0,0.0,1.0,QB,4.0,5.0,0.0,1.0,0.0,0.0,0.0,0.0,0.0,0.0,0.0,0.0,11.34,11.34,,,,,,
2025,15,SEA,IND,Z.Charbonnet,0.0,0.0,0.0,0.0,0.0,0.0,,8.0,31.0,0.0,0.0,0.0,1.0,0.0,0.0,0.0,1.0,0.0,0.0,3.1,3.1,,,,,,
2025,15,SF,TEN,B.Purdy,32.0,23.0,295.0,3.0,0.0,2.0,QB,7.0,44.0,0.0,0.0,0.0,0.0,0.0,0.0,0.0,0.0,0.0,0.0,28.2,28.2,,,,,,
2025,15,SF,TEN,B.Robinson,0.0,0.0,0.0,0.0,0.0,0.0,,9.0,21.0,0.0,0.0,0.0,0.0,0.0,0.0,0.0,0.0,0.0,0.0,2.1,2.1,,,,,,
2025,15,SF,TEN,C.McCaffrey,0.0,0.0,0.0,0.0,0.0,0.0,,22.0,73.0,1.0,0.0,0.0,1.0,1.0,14.0,0.0,3.0,0.0,0.0,15.7,14.7,,,,,,
2025,15,SF,TEN,D.Robinson,0.0,0.0,0.0,0.0,0.0,0.0,,0.0,0.0,0.0,0.0,0.0,2.0,2.0,36.0,0.0,34.0,0.0,0.0,5.6,3.6,,,,,,
2025,15,SF,TEN,G.Kittle,0.0,0.0,0.0,0.0,0.0,0.0,,0.0,0.0,0.0,0.0,0.0,9.0,8.0,88.0,1.0,20.0,0.0,0.0,22.8,14.8,,,,,,
2025,15,SF,TEN,J.Jennings,0.0,0.0,0.0,0.0,0.0,0.0,,0.0,0.0,0.0,0.0,0.0,5.0,3.0,37.0,2.0,51.0,0.0,0.0,18.7,15.7,,,,,,
2025,15,SF,TEN,K.Bourne,0.0,0.0,0.0,0.0,0.0,0.0,,0.0,0.0,0.0,0.0,0.0,3.0,2.0,17.0,0.0,31.0,0.0,0.0,3.7,1.7,,,,,,
2025,15,SF,TEN,K.Juszczyk,0.0,0.0,0.0,0.0,0.0,0.0,,0.0,0.0,0.0,0.0,0.0,1.0,1.0,7.0,0.0,0.0,0.0,0.0,1.7,0.7,,,,,,
2025,15,SF,TEN,R.Pearsall,0.0,0.0,0.0,0.0,0.0,0.0,,0.0,0.0,0.0,0.0,0.0,7.0,6.0,96.0,0.0,95.0,0.0,0.0,15.6,9.6,,,,,,
2025,15,TB,ATL,B.Irving,0.0,0.0,0.0,0.0,0.0,0.0,,16.0,60.0,0.0,0.0,0.0,3.0,1.0,11.0,0.0,7.0,0.0,0.0,8.1,7.1,,,,,,
2025,15,TB,ATL,B.Mayfield,40.0,19.0,277.0,2.0,1.0,5.0,QB,1.0,1.0,0.0,0.0,0.0,0.0,0.0,0.0,0.0,0.0,0.0,0.0,18.18,18.18,,,,,,
2025,15,TB,ATL,C.Godwin,0.0,0.0,0.0,0.0,0.0,0.0,,0.0,0.0,0.0,0.0,0.0,6.0,4.0,20.0,1.0,15.0,0.0,0.0,12.0,8.0,,,,,,
2025,15,TB,ATL,D.Culp,0.0,0.0,0.0,0.0,0.0,0.0,,0.0,0.0,0.0,0.0,0.0,1.0,1.0,6.0,1.0,6.0,0.0,0.0,7.6,6.6,,,,,,
2025,15,TB,ATL,E.Egbuka,0.0,0.0,0.0,0.0,0.0,0.0,,0.0,0.0,0.0,0.0,0.0,7.0,4.0,64.0,0.0,111.0,0.0,0.0,10.4,6.4,,,,,,
2025,15,TB,ATL,J.McMillan,0.0,0.0,0.0,0.0,0.0,0.0,,0.0,0.0,0.0,0.0,0.0,2.0,2.0,38.0,0.0,35.0,0.0,0.0,5.8,3.8,,,,,,
2025,15,TB,ATL,M.Evans,0.0,0.0,0.0,0.0,0.0,0.0,,0.0,0.0,0.0,0.0,0.0,12.0,6.0,132.0,0.0,181.0,0.0,0.0,19.2,13.2,,,,,,
2025,15,TB,ATL,R.White,0.0,0.0,0.0,0.0,0.0,0.0,,1.0,20.0,0.0,0.0,0.0,1.0,1.0,6.0,0.0,-4.0,0.0,0.0,3.6,2.6,,,,,,
2025,15,TB,ATL,S.Tucker,0.0,0.0,0.0,0.0,0.0,0.0,,4.0,7.0,1.0,0.0,0.0,0.0,0.0,0.0,0.0,0.0,0.0,0.0,6.7,6.7,,,,,,
2025,15,TB,ATL,T.Johnson,0.0,0.0,0.0,0.0,0.0,0.0,,0.0,0.0,0.0,0.0,0.0,1.0,0.0,0.0,0.0,17.0,0.0,0.0,0.0,0.0,,,,,,
2025,15,TEN,SF,C.Dike,0.0,0.0,0.0,0.0,0.0,0.0,,1.0,-7.0,0.0,0.0,0.0,5.0,4.0,17.0,0.0,1.0,0.0,0.0,5.0,1.0,,,,,,
2025,15,TEN,SF,C.Okonkwo,0.0,0.0,0.0,0.0,0.0,0.0,,0.0,0.0,0.0,0.0,0.0,6.0,4.0,33.0,0.0,0.0,0.0,0.0,7.3,3.3,,,,,,
2025,15,TEN,SF,C.Ward,29.0,18.0,170.0,2.0,0.0,0.0,QB,1.0,2.0,0.0,0.0,0.0,0.0,0.0,0.0,0.0,0.0,0.0,0.0,15.0,15.0,,,,,,
2025,15,TEN,SF,E.Ayomanor,0.0,0.0,0.0,0.0,0.0,0.0,,0.0,0.0,0.0,0.0,0.0,1.0,1.0,17.0,0.0,15.0,0.0,0.0,2.7,1.7,,,,,,
2025,15,TEN,SF,G.Helm,0.0,0.0,0.0,0.0,0.0,0.0,,0.0,0.0,0.0,0.0,0.0,4.0,4.0,49.0,1.0,22.0,0.0,0.0,14.9,10.9,,,,,,
2025,15,TEN,SF,J.Proche,0.0,0.0,0.0,0.0,0.0,0.0,,0.0,0.0,0.0,0.0,0.0,1.0,0.0,0.0,0.0,-1.0,0.0,0.0,0.0,0.0,,,,,,
2025,15,TEN,SF,J.Simmons,0.0,0.0,0.0,0.0,0.0,0.0,,0.0,0.0,0.0,0.0,0.0,1.0,1.0,1.0,1.0,1.0,0.0,0.0,7.1,6.1,,,,,,
2025,15,TEN,SF,K.Mullings,0.0,0.0,0.0,0.0,0.0,0.0,,1.0,3.0,0.0,0.0,0.0,0.0,0.0,0.0,0.0,0.0,0.0,0.0,0.3,0.3,,,,,,
2025,15,TEN,SF,T.Pollard,0.0,0.0,0.0,0.0,0.0,0.0,,14.0,104.0,1.0,0.0,0.0,2.0,1.0,8.0,0.0,2.0,0.0,0.0,18.2,17.2,,,,,,
2025,15,TEN,SF,T.Spears,0.0,0.0,0.0,0.0,0.0,0.0,,3.0,34.0,0.0,0.0,0.0,2.0,2.0,2.0,0.0,0.0,0.0,0.0,5.6,3.6,,,,,,
2025,15,TEN,SF,V.Jefferson,0.0,0.0,0.0,0.0,0.0,0.0,,0.0,0.0,0.0,0.0,0.0,5.0,1.0,43.0,0.0,118.0,0.0,0.0,5.3,4.3,,,,,,
2025,15,WAS,NYG,B.Sinnott,0.0,0.0,0.0,0.0,0.0,0.0,,0.0,0.0,0.0,0.0,0.0,1.0,1.0,36.0,0.0,22.0,0.0,0.0,4.6,3.6,,,,,,
2025,15,WAS,NYG,D.Samuel,0.0,0.0,0.0,0.0,0.0,0.0,,0.0,0.0,0.0,0.0,0.0,5.0,3.0,43.0,0.0,44.0,0.0,0.0,7.3,4.3,,,,,,
2025,15,WAS,NYG,J.Bates,0.0,0.0,0.0,0.0,0.0,0.0,,0.0,0.0,0.0,0.0,0.0,1.0,1.0,19.0,0.0,13.0,0.0,0.0,2.9,1.9,,,,,,
2025,15,WAS,NYG,J.Croskey-Merritt,0.0,0.0,0.0,0.0,0.0,0.0,,18.0,96.0,1.0,1.0,0.0,0.0,0.0,0.0,0.0,0.0,0.0,0.0,15.6,15.6,,,,,,
2025,15,WAS,NYG,J.Lane,0.0,0.0,0.0,0.0,0.0,0.0,,0.0,0.0,0.0,0.0,0.0,1.0,0.0,0.0,0.0,21.0,0.0,0.0,0.0,0.0,,,,,,
2025,15,WAS,NYG,J.McNichols,0.0,0.0,0.0,0.0,0.0,0.0,,9.0,6.0,0.0,1.0,1.0,1.0,1.0,16.0,0.0,-3.0,0.0,0.0,3.2,2.2,,,,,,
2025,15,WAS,NYG,M.Mariota,21.0,10.0,211.0,1.0,0.0,2.0,QB,10.0,43.0,0.0,0.0,0.0,0.0,0.0,0.0,0.0,0.0,0.0,0.0,16.74,16.74,,,,,,
2025,15,WAS,NYG,N.Brown,0.0,0.0,0.0,0.0,0.0,0.0,,0.0,0.0,0.0,0.0,0.0,1.0,1.0,28.0,0.0,26.0,0.0,0.0,3.8,2.8,,,,,,
2025,15,WAS,NYG,T.Burks,0.0,0.0,0.0,0.0,0.0,0.0,,0.0,0.0,0.0,0.0,0.0,2.0,0.0,0.0,0.0,43.0,0.0,0.0,0.0,0.0,,,,,,
2025,15,WAS,NYG,T.McLaurin,0.0,0.0,0.0,0.0,0.0,0.0,,0.0,0.0,0.0,0.0,0.0,4.0,3.0,69.0,1.0,69.0,0.0,0.0,15.9,12.9,,,,,,
2025,16,ARI,ATL,C.Kiner,0.0,0.0,0.0,0.0,0.0,0.0,,6.0,32.0,0.0,0.0,0.0,0.0,0.0,0.0,0.0,0.0,0.0,0.0,3.2,3.2,,,,,,
2025,16,ARI,ATL,E.Demercado,0.0,0.0,0.0,0.0,0.0,0.0,,5.0,30.0,0.0,0.0,0.0,1.0,0.0,0.0,0.0,-5.0,0.0,0.0,3.0,3.0,,,,,,
2025,16,ARI,ATL,E.Higgins,0.0,0.0,0.0,0.0,0.0,0.0,,0.0,0.0,0.0,0.0,0.0,8.0,7.0,91.0,0.0,27.0,0.0,0.0,16.1,9.1,,,,,,
2025,16,ARI,ATL,J.Brissett,33.0,16.0,203.0,1.0,1.0,2.0,QB,1.0,5.0,0.0,0.0,0.0,0.0,0.0,0.0,0.0,0.0,0.0,0.0,11.62,11.62,,,,,,
2025,16,ARI,ATL,J.Deguara,0.0,0.0,0.0,0.0,0.0,0.0,,0.0,0.0,0.0,0.0,0.0,1.0,0.0,0.0,0.0,2.0,0.0,0.0,0.0,0.0,,,,,,
2025,16,ARI,ATL,M.Carter,0.0,0.0,0.0,0.0,0.0,0.0,,11.0,65.0,0.0,0.0,0.0,2.0,0.0,0.0,0.0,2.0,0.0,0.0,6.5,6.5,,,,,,
2025,16,ARI,ATL,M.Harrison,0.0,0.0,0.0,0.0,0.0,0.0,,0.0,0.0,0.0,0.0,0.0,3.0,1.0,14.0,0.0,79.0,0.0,0.0,2.4,1.4,,,,,,
2025,16,ARI,ATL,M.Wilson,0.0,0.0,0.0,0.0,0.0,0.0,,0.0,0.0,0.0,0.0,0.0,3.0,2.0,52.0,1.0,53.0,0.0,0.0,13.2,11.2,,,,,,
2025,16,ARI,ATL,S.Sims,0.0,0.0,0.0,0.0,0.0,0.0,,0.0,0.0,0.0,0.0,0.0,1.0,0.0,0.0,0.0,2.0,0.0,0.0,0.0,0.0,,,,,,
2025,16,ARI,ATL,T.McBride,0.0,0.0,0.0,0.0,0.0,0.0,,0.0,0.0,0.0,0.0,0.0,8.0,4.0,27.0,0.0,42.0,0.0,0.0,6.7,2.7,,,,,,
2025,16,ARI,ATL,X.Weaver,0.0,0.0,0.0,0.0,0.0,0.0,,0.0,0.0,0.0,0.0,0.0,2.0,2.0,19.0,0.0,13.0,0.0,0.0,3.9,1.9,,,,,,
2025,16,ATL,ARI,B.Robinson,0.0,0.0,0.0,0.0,0.0,0.0,,16.0,76.0,0.0,0.0,0.0,11.0,7.0,92.0,1.0,1.0,0.0,0.0,29.8,22.8,,,,,,
2025,16,ATL,ARI,C.Woerner,0.0,0.0,0.0,0.0,0.0,0.0,,0.0,0.0,0.0,0.0,0.0,1.0,1.0,3.0,0.0,-2.0,0.0,0.0,1.3,0.3,,,,,,
2025,16,ATL,ARI,D.London,0.0,0.0,0.0,0.0,0.0,0.0,,0.0,0.0,0.0,0.0,0.0,8.0,3.0,27.0,0.0,109.0,0.0,0.0,5.7,2.7,,,,,,
2025,16,ATL,ARI,D.Mooney,0.0,0.0,0.0,0.0,0.0,0.0,,0.0,0.0,0.0,0.0,0.0,2.0,2.0,24.0,0.0,14.0,0.0,0.0,4.4,2.4,,,,,,
2025,16,ATL,ARI,D.Sills,0.0,0.0,0.0,0.0,0.0,0.0,,0.0,0.0,0.0,0.0,0.0,1.0,0.0,0.0,0.0,4.0,0.0,0.0,0.0,0.0,,,,,,
2025,16,ATL,ARI,J.Matthews,0.0,0.0,0.0,0.0,0.0,0.0,,0.0,0.0,0.0,0.0,0.0,1.0,0.0,0.0,0.0,1.0,0.0,0.0,0.0,0.0,,,,,,
2025,16,ATL,ARI,K.Cousins,36.0,21.0,197.0,2.0,1.0,1.0,QB,5.0,-3.0,1.0,1.0,1.0,0.0,0.0,0.0,0.0,0.0,0.0,0.0,20.58,20.58,,,,,,
2025,16,ATL,ARI,K.Pitts,0.0,0.0,0.0,0.0,0.0,0.0,,0.0,0.0,0.0,0.0,0.0,9.0,7.0,57.0,1.0,75.0,0.0,0.0,18.7,11.7,,,,,,
2025,16,ATL,ARI,T.Allgeier,0.0,0.0,0.0,0.0,0.0,0.0,,16.0,79.0,0.0,0.0,0.0,1.0,1.0,-6.0,0.0,-6.0,0.0,0.0,8.3,7.3,,,,,,
2025,16,BAL,NE,C.Kolar,0.0,0.0,0.0,0.0,0.0,0.0,,0.0,0.0,0.0,0.0,0.0,1.0,1.0,18.0,0.0,8.0,0.0,0.0,2.8,1.8,,,,,,
2025,16,BAL,NE,D.Henry,0.0,0.0,0.0,0.0,0.0,0.0,,18.0,128.0,2.0,1.0,1.0,0.0,0.0,0.0,0.0,0.0,0.0,0.0,24.8,24.8,,,,,,
2025,16,BAL,NE,D.Hopkins,0.0,0.0,0.0,0.0,0.0,0.0,,0.0,0.0,0.0,0.0,0.0,5.0,4.0,41.0,0.0,46.0,0.0,0.0,8.1,4.1,,,,,,
2025,16,BAL,NE,K.Mitchell,0.0,0.0,0.0,0.0,0.0,0.0,,9.0,13.0,0.0,0.0,0.0,0.0,0.0,0.0,0.0,0.0,0.0,0.0,1.3,1.3,,,,,,
2025,16,BAL,NE,L.Jackson,10.0,7.0,101.0,0.0,0.0,0.0,QB,2.0,7.0,0.0,0.0,0.0,0.0,0.0,0.0,0.0,0.0,0.0,0.0,4.74,4.74,,,,,,
2025,16,BAL,NE,M.Andrews,0.0,0.0,0.0,0.0,0.0,0.0,,1.0,3.0,0.0,0.0,0.0,3.0,2.0,21.0,0.0,32.0,0.0,0.0,4.4,2.4,,,,,,
2025,16,BAL,NE,R.Ali,0.0,0.0,0.0,0.0,0.0,0.0,,0.0,0.0,0.0,0.0,0.0,2.0,2.0,2.0,0.0,-13.0,0.0,0.0,2.2,0.2,,,,,,
2025,16,BAL,NE,R.Bateman,0.0,0.0,0.0,0.0,0.0,0.0,,0.0,0.0,0.0,0.0,0.0,2.0,0.0,0.0,0.0,26.0,0.0,0.0,0.0,0.0,,,,,,
2025,16,BAL,NE,T.Huntley,11.0,9.0,65.0,0.0,0.0,1.0,QB,2.0,2.0,0.0,0.0,0.0,0.0,0.0,0.0,0.0,0.0,0.0,0.0,2.8,2.8,,,,,,
2025,16,BAL,NE,Z.Flowers,0.0,0.0,0.0,0.0,0.0,0.0,,1.0,18.0,1.0,0.0,0.0,7.0,7.0,84.0,0.0,72.0,1.0,1.0,23.2,16.2,,,,,,
2025,16,BUF,CLE,B.Cooks,0.0,0.0,0.0,0.0,0.0,0.0,,0.0,0.0,0.0,0.0,0.0,1.0,0.0,0.0,0.0,27.0,0.0,0.0,0.0,0.0,,,,,,
2025,16,BUF,CLE,D.Kincaid,0.0,0.0,0.0,0.0,0.0,0.0,,0.0,0.0,0.0,0.0,0.0,1.0,0.0,0.0,0.0,19.0,0.0,0.0,0.0,0.0,,,,,,
2025,16,BUF,CLE,D.Knox,0.0,0.0,0.0,0.0,0.0,0.0,,0.0,0.0,0.0,0.0,0.0,2.0,1.0,10.0,0.0,14.0,0.0,0.0,2.0,1.0,,,,,,
2025,16,BUF,CLE,J.Allen,21.0,12.0,130.0,0.0,0.0,2.0,QB,7.0,17.0,0.0,0.0,0.0,0.0,0.0,0.0,0.0,0.0,0.0,0.0,6.9,6.9,,,,,,
2025,16,BUF,CLE,J.Cook,0.0,0.0,0.0,0.0,0.0,0.0,,16.0,117.0,2.0,0.0,0.0,2.0,1.0,17.0,0.0,-1.0,0.0,0.0,26.4,25.4,,,,,,
2025,16,BUF,CLE,J.Hawes,0.0,0.0,0.0,0.0,0.0,0.0,,0.0,0.0,0.0,0.0,0.0,2.0,2.0,26.0,0.0,8.0,0.0,0.0,4.6,2.6,,,,,,
2025,16,BUF,CLE,J.Palmer,0.0,0.0,0.0,0.0,0.0,0.0,,0.0,0.0,0.0,0.0,0.0,1.0,1.0,2.0,0.0,-4.0,0.0,0.0,1.2,0.2,,,,,,
2025,16,BUF,CLE,K.Shakir,0.0,0.0,0.0,0.0,0.0,0.0,,0.0,0.0,0.0,0.0,0.0,5.0,4.0,34.0,0.0,8.0,0.0,0.0,7.4,3.4,,,,,,
2025,16,BUF,CLE,R.Davis,0.0,0.0,0.0,0.0,0.0,0.0,,3.0,14.0,0.0,0.0,0.0,2.0,2.0,20.0,0.0,4.0,0.0,0.0,5.4,3.4,,,,,,
2025,16,BUF,CLE,T.Shavers,0.0,0.0,0.0,0.0,0.0,0.0,,0.0,0.0,0.0,0.0,0.0,2.0,1.0,21.0,0.0,33.0,0.0,0.0,3.1,2.1,,,,,,
2025,16,BUF,CLE,Ty.Johnson,0.0,0.0,0.0,0.0,0.0,0.0,,3.0,16.0,1.0,0.0,0.0,0.0,0.0,0.0,0.0,0.0,0.0,0.0,7.6,7.6,,,,,,
2025,16,CAR,TB,B.Young,34.0,21.0,191.0,2.0,0.0,2.0,QB,4.0,20.0,0.0,0.0,0.0,0.0,0.0,0.0,0.0,0.0,0.0,0.0,17.64,17.64,,,,,,
2025,16,CAR,TB,C.Hubbard,0.0,0.0,0.0,0.0,0.0,0.0,,6.0,27.0,0.0,0.0,0.0,1.0,1.0,7.0,0.0,4.0,0.0,0.0,4.4,3.4,,,,,,
2025,16,CAR,TB,J.Coker,0.0,0.0,0.0,0.0,0.0,0.0,,0.0,0.0,0.0,0.0,0.0,5.0,3.0,47.0,0.0,70.0,0.0,0.0,7.7,4.7,,,,,,
2025,16,CAR,TB,J.Sanders,0.0,0.0,0.0,0.0,0.0,0.0,,0.0,0.0,0.0,0.0,0.0,2.0,2.0,9.0,1.0,6.0,0.0,0.0,8.9,6.9,,,,,,
2025,16,CAR,TB,Ji.Horn,0.0,0.0,0.0,0.0,0.0,0.0,,1.0,25.0,0.0,0.0,0.0,0.0,0.0,0.0,0.0,0.0,0.0,0.0,2.5,2.5,,,,,,
2025,16,CAR,TB,M.Evans,0.0,0.0,0.0,0.0,0.0,0.0,,0.0,0.0,0.0,0.0,0.0,3.0,3.0,23.0,0.0,14.0,0.0,0.0,5.3,2.3,,,,,,
2025,16,CAR,TB,R.Dowdle,0.0,0.0,0.0,0.0,0.0,0.0,,9.0,29.0,0.0,0.0,0.0,6.0,4.0,14.0,0.0,17.0,0.0,0.0,8.3,4.3,,,,,,
2025,16,CAR,TB,T.McMillan,0.0,0.0,0.0,0.0,0.0,0.0,,0.0,0.0,0.0,0.0,0.0,10.0,6.0,73.0,1.0,117.0,0.0,0.0,19.3,13.3,,,,,,
2025,16,CAR,TB,T.Tremble,0.0,0.0,0.0,0.0,0.0,0.0,,0.0,0.0,0.0,0.0,0.0,1.0,1.0,6.0,0.0,0.0,0.0,0.0,1.6,0.6,,,,,,
2025,16,CAR,TB,X.Legette,0.0,0.0,0.0,0.0,0.0,0.0,,0.0,0.0,0.0,0.0,0.0,3.0,1.0,12.0,0.0,30.0,0.0,0.0,2.2,1.2,,,,,,
2025,16,CHI,GB,C.Kmet,0.0,0.0,0.0,0.0,0.0,0.0,,0.0,0.0,0.0,0.0,0.0,3.0,2.0,14.0,0.0,14.0,0.0,0.0,3.4,1.4,,,,,,
2025,16,CHI,GB,C.Loveland,0.0,0.0,0.0,0.0,0.0,0.0,,0.0,0.0,0.0,0.0,0.0,5.0,3.0,30.0,0.0,40.0,0.0,0.0,6.0,3.0,,,,,,
2025,16,CHI,GB,C.Williams,34.0,19.0,250.0,2.0,0.0,0.0,QB,3.0,30.0,0.0,0.0,0.0,0.0,0.0,0.0,0.0,0.0,0.0,0.0,21.0,21.0,,,,,,
2025,16,CHI,GB,D.Moore,0.0,0.0,0.0,0.0,0.0,0.0,,1.0,12.0,0.0,0.0,0.0,7.0,5.0,97.0,1.0,123.0,0.0,0.0,21.9,16.9,,,,,,
2025,16,CHI,GB,D.Swift,0.0,0.0,0.0,0.0,0.0,0.0,,13.0,58.0,0.0,0.0,0.0,2.0,2.0,12.0,0.0,-4.0,0.0,0.0,9.0,7.0,,,,,,
2025,16,CHI,GB,J.Walker,0.0,0.0,0.0,0.0,0.0,0.0,,0.0,0.0,0.0,0.0,0.0,3.0,2.0,21.0,1.0,44.0,0.0,0.0,10.1,8.1,,,,,,
2025,16,CHI,GB,K.Monangai,0.0,0.0,0.0,0.0,0.0,0.0,,9.0,50.0,0.0,1.0,0.0,4.0,3.0,43.0,0.0,11.0,0.0,0.0,12.3,9.3,,,,,,
2025,16,CHI,GB,O.Zaccheaus,0.0,0.0,0.0,0.0,0.0,0.0,,0.0,0.0,0.0,0.0,0.0,5.0,2.0,33.0,0.0,53.0,0.0,0.0,5.3,3.3,,,,,,
2025,16,CIN,MIA,A.Iosivas,0.0,0.0,0.0,0.0,0.0,0.0,,0.0,0.0,0.0,0.0,0.0,1.0,1.0,21.0,0.0,13.0,0.0,0.0,3.1,2.1,,,,,,
2025,16,CIN,MIA,C.Brown,0.0,0.0,0.0,0.0,0.0,0.0,,12.0,66.0,1.0,0.0,0.0,4.0,4.0,43.0,2.0,9.0,0.0,0.0,32.9,28.9,,,,,,
2025,16,CIN,MIA,C.Grandy,0.0,0.0,0.0,0.0,0.0,0.0,,0.0,0.0,0.0,0.0,0.0,1.0,1.0,1.0,0.0,-4.0,0.0,0.0,1.1,0.1,,,,,,
2025,16,CIN,MIA,D.Sample,0.0,0.0,0.0,0.0,0.0,0.0,,0.0,0.0,0.0,0.0,0.0,2.0,2.0,31.0,0.0,-3.0,0.0,0.0,5.1,3.1,,,,,,
2025,16,CIN,MIA,J.Burrow,34.0,25.0,309.0,4.0,0.0,2.0,QB,2.0,6.0,0.0,0.0,0.0,0.0,0.0,0.0,0.0,0.0,0.0,0.0,28.96,28.96,,,,,,
2025,16,CIN,MIA,J.Chase,0.0,0.0,0.0,0.0,0.0,0.0,,0.0,0.0,0.0,0.0,0.0,11.0,9.0,109.0,0.0,85.0,0.0,0.0,19.9,10.9,,,,,,
2025,16,CIN,MIA,J.Flacco,1.0,1.0,4.0,0.0,0.0,0.0,QB,0.0,0.0,0.0,0.0,0.0,0.0,0.0,0.0,0.0,0.0,0.0,0.0,0.16,0.16,,,,,,
2025,16,CIN,MIA,K.Williams,0.0,0.0,0.0,0.0,0.0,0.0,,1.0,1.0,0.0,0.0,0.0,0.0,0.0,0.0,0.0,0.0,0.0,0.0,0.1,0.1,,,,,,
2025,16,CIN,MIA,M.Gesicki,0.0,0.0,0.0,0.0,0.0,0.0,,0.0,0.0,0.0,0.0,0.0,4.0,3.0,35.0,1.0,43.0,0.0,0.0,12.5,9.5,,,,,,
2025,16,CIN,MIA,M.Tinsley,0.0,0.0,0.0,0.0,0.0,0.0,,0.0,0.0,0.0,0.0,0.0,1.0,0.0,0.0,0.0,24.0,0.0,0.0,0.0,0.0,,,,,,
2025,16,CIN,MIA,S.Perine,0.0,0.0,0.0,0.0,0.0,0.0,,7.0,25.0,1.0,0.0,0.0,3.0,2.0,16.0,0.0,-12.0,0.0,0.0,12.1,10.1,,,,,,
2025,16,CIN,MIA,T.Brooks,0.0,0.0,0.0,0.0,0.0,0.0,,4.0,7.0,0.0,0.0,0.0,0.0,0.0,0.0,0.0,0.0,0.0,0.0,0.7,0.7,,,,,,
2025,16,CIN,MIA,T.Higgins,0.0,0.0,0.0,0.0,0.0,0.0,,0.0,0.0,0.0,0.0,0.0,3.0,3.0,53.0,1.0,45.0,0.0,0.0,14.3,11.3,,,,,,
2025,16,CIN,MIA,T.Hudson,0.0,0.0,0.0,0.0,0.0,0.0,,0.0,0.0,0.0,0.0,0.0,1.0,1.0,4.0,0.0,4.0,0.0,0.0,1.4,0.4,,,,,,
2025,16,CLE,BUF,B.Bates,0.0,0.0,0.0,0.0,0.0,0.0,,0.0,0.0,0.0,0.0,0.0,1.0,0.0,0.0,0.0,1.0,0.0,0.0,0.0,0.0,,,,,,
2025,16,CLE,BUF,C.Bojorquez,1.0,0.0,0.0,0.0,0.0,0.0,QB,0.0,0.0,0.0,0.0,0.0,0.0,0.0,0.0,0.0,0.0,0.0,0.0,0.0,0.0,,,,,,
2025,16,CLE,BUF,C.Tillman,0.0,0.0,0.0,0.0,0.0,0.0,,0.0,0.0,0.0,0.0,0.0,1.0,1.0,8.0,0.0,4.0,0.0,0.0,1.8,0.8,,,,,,
2025,16,CLE,BUF,D.Gabriel,1.0,0.0,0.0,0.0,0.0,1.0,QB,0.0,0.0,0.0,0.0,0.0,0.0,0.0,0.0,0.0,0.0,0.0,0.0,0.0,0.0,,,,,,
2025,16,CLE,BUF,H.Fannin,0.0,0.0,0.0,0.0,0.0,0.0,,1.0,1.0,1.0,0.0,0.0,6.0,4.0,34.0,1.0,27.0,0.0,0.0,19.5,15.5,,,,,,
2025,16,CLE,BUF,I.Bond,0.0,0.0,0.0,0.0,0.0,0.0,,1.0,-1.0,0.0,0.0,0.0,0.0,0.0,0.0,0.0,0.0,0.0,0.0,-0.1,-0.1,,,,,,
2025,16,CLE,BUF,J.Jeudy,0.0,0.0,0.0,0.0,0.0,0.0,,0.0,0.0,0.0,0.0,0.0,4.0,3.0,12.0,0.0,39.0,0.0,0.0,4.2,1.2,,,,,,
2025,16,CLE,BUF,M.Corley,0.0,0.0,0.0,0.0,0.0,0.0,,3.0,30.0,0.0,0.0,0.0,4.0,2.0,11.0,0.0,-5.0,0.0,0.0,6.1,4.1,,,,,,
2025,16,CLE,BUF,Q.Judkins,0.0,0.0,0.0,0.0,0.0,0.0,,8.0,22.0,0.0,0.0,0.0,6.0,5.0,29.0,0.0,-1.0,0.0,0.0,10.1,5.1,,,,,,
2025,16,CLE,BUF,R.Sanders,0.0,0.0,0.0,0.0,0.0,0.0,,11.0,42.0,0.0,0.0,0.0,1.0,1.0,4.0,0.0,3.0,0.0,0.0,5.6,4.6,,,,,,
2025,16,CLE,BUF,S.Sanders,31.0,20.0,157.0,1.0,2.0,2.0,QB,4.0,49.0,0.0,0.0,0.0,0.0,0.0,0.0,0.0,0.0,0.0,0.0,13.18,13.18,,,,,,
2025,16,CLE,BUF,T.Williams,0.0,0.0,0.0,0.0,0.0,0.0,,3.0,17.0,0.0,0.0,0.0,4.0,4.0,38.0,0.0,-18.0,0.0,0.0,9.5,5.5,,,,,,
2025,16,DAL,LAC,C.Lamb,0.0,0.0,0.0,0.0,0.0,0.0,,0.0,0.0,0.0,0.0,0.0,7.0,6.0,51.0,0.0,47.0,0.0,0.0,11.1,5.1,,,,,,
2025,16,DAL,LAC,D.Prescott,31.0,21.0,244.0,2.0,0.0,1.0,QB,2.0,14.0,0.0,0.0,0.0,0.0,0.0,0.0,0.0,0.0,0.0,0.0,19.16,19.16,,,,,,
2025,16,DAL,LAC,G.Pickens,0.0,0.0,0.0,0.0,0.0,0.0,,0.0,0.0,0.0,0.0,0.0,9.0,7.0,130.0,1.0,119.0,0.0,0.0,26.0,19.0,,,,,,
2025,16,DAL,LAC,H.Luepke,0.0,0.0,0.0,0.0,0.0,0.0,,1.0,0.0,0.0,0.0,0.0,2.0,1.0,14.0,0.0,3.0,0.0,0.0,2.4,1.4,,,,,,
2025,16,DAL,LAC,J.Ferguson,0.0,0.0,0.0,0.0,0.0,0.0,,0.0,0.0,0.0,0.0,0.0,4.0,3.0,19.0,0.0,26.0,0.0,0.0,4.9,1.9,,,,,,
2025,16,DAL,LAC,J.Milton,2.0,2.0,11.0,0.0,0.0,0.0,QB,1.0,7.0,0.0,1.0,1.0,0.0,0.0,0.0,0.0,0.0,0.0,0.0,1.14,1.14,,,,,,
2025,16,DAL,LAC,J.Mingo,0.0,0.0,0.0,0.0,0.0,0.0,,0.0,0.0,0.0,0.0,0.0,1.0,0.0,0.0,0.0,35.0,0.0,0.0,0.0,0.0,,,,,,
2025,16,DAL,LAC,J.Williams,0.0,0.0,0.0,0.0,0.0,0.0,,9.0,34.0,0.0,0.0,0.0,3.0,2.0,9.0,0.0,-6.0,0.0,0.0,6.3,4.3,,,,,,
2025,16,DAL,LAC,K.Turpin,0.0,0.0,0.0,0.0,0.0,0.0,,2.0,13.0,0.0,0.0,0.0,4.0,2.0,14.0,0.0,74.0,0.0,0.0,4.7,2.7,,,,,,
2025,16,DAL,LAC,M.Davis,0.0,0.0,0.0,0.0,0.0,0.0,,8.0,23.0,0.0,0.0,0.0,0.0,0.0,0.0,0.0,0.0,0.0,0.0,2.3,2.3,,,,,,
2025,16,DAL,LAC,R.Flournoy,0.0,0.0,0.0,0.0,0.0,0.0,,0.0,0.0,0.0,0.0,0.0,2.0,2.0,18.0,1.0,14.0,0.0,0.0,9.8,7.8,,,,,,
2025,16,DEN,JAX,A.Trautman,0.0,0.0,0.0,0.0,0.0,0.0,,0.0,0.0,0.0,0.0,0.0,3.0,2.0,14.0,0.0,18.0,0.0,0.0,3.4,1.4,,,,,,
2025,16,DEN,JAX,B.Nix,48.0,28.0,352.0,1.0,1.0,1.0,QB,4.0,11.0,0.0,1.0,1.0,0.0,0.0,0.0,0.0,0.0,0.0,0.0,18.18,18.18,,,,,,
2025,16,DEN,JAX,C.Sutton,0.0,0.0,0.0,0.0,0.0,0.0,,0.0,0.0,0.0,0.0,0.0,12.0,6.0,86.0,1.0,209.0,0.0,0.0,20.6,14.6,,,,,,
2025,16,DEN,JAX,E.Engram,0.0,0.0,0.0,0.0,0.0,0.0,,0.0,0.0,0.0,0.0,0.0,4.0,2.0,36.0,0.0,29.0,0.0,0.0,5.6,3.6,,,,,,
2025,16,DEN,JAX,J.McLaughlin,0.0,0.0,0.0,0.0,0.0,0.0,,5.0,37.0,0.0,0.0,0.0,0.0,0.0,0.0,0.0,0.0,0.0,0.0,3.7,3.7,,,,,,
2025,16,DEN,JAX,L.Humphrey,0.0,0.0,0.0,0.0,0.0,0.0,,0.0,0.0,0.0,0.0,0.0,2.0,1.0,9.0,0.0,27.0,0.0,0.0,1.9,0.9,,,,,,
2025,16,DEN,JAX,M.Mims,0.0,0.0,0.0,0.0,0.0,0.0,,1.0,3.0,0.0,0.0,0.0,3.0,3.0,26.0,0.0,5.0,0.0,0.0,5.9,2.9,,,,,,
2025,16,DEN,JAX,N.Adkins,0.0,0.0,0.0,0.0,0.0,0.0,,0.0,0.0,0.0,0.0,0.0,1.0,0.0,0.0,0.0,6.0,0.0,0.0,0.0,0.0,,,,,,
2025,16,DEN,JAX,P.Bryant,0.0,0.0,0.0,0.0,0.0,0.0,,0.0,0.0,0.0,0.0,0.0,8.0,5.0,42.0,0.0,67.0,0.0,0.0,9.2,4.2,,,,,,
2025,16,DEN,JAX,R.Harvey,0.0,0.0,0.0,0.0,0.0,0.0,,7.0,50.0,1.0,0.0,0.0,5.0,4.0,71.0,0.0,14.0,0.0,0.0,22.1,18.1,,,,,,
2025,16,DEN,JAX,T.Badie,0.0,0.0,0.0,0.0,0.0,0.0,,0.0,0.0,0.0,0.0,0.0,3.0,1.0,2.0,0.0,-1.0,0.0,0.0,1.2,0.2,,,,,,
2025,16,DEN,JAX,T.Franklin,0.0,0.0,0.0,0.0,0.0,0.0,,0.0,0.0,0.0,0.0,0.0,5.0,4.0,66.0,0.0,66.0,0.0,0.0,10.6,6.6,,,,,,
2025,16,DET,PIT,A.Firkser,0.0,0.0,0.0,0.0,0.0,0.0,,0.0,0.0,0.0,0.0,0.0,4.0,4.0,40.0,0.0,34.0,0.0,0.0,8.0,4.0,,,,,,
2025,16,DET,PIT,A.St. Brown,0.0,0.0,0.0,0.0,0.0,0.0,,0.0,0.0,0.0,0.0,0.0,9.0,4.0,54.0,0.0,30.0,0.0,0.0,9.4,5.4,,,,,,
2025,16,DET,PIT,D.Montgomery,0.0,0.0,0.0,0.0,0.0,0.0,,4.0,14.0,0.0,0.0,0.0,0.0,0.0,0.0,0.0,0.0,0.0,0.0,1.4,1.4,,,,,,
2025,16,DET,PIT,I.TeSlaa,0.0,0.0,0.0,0.0,0.0,0.0,,0.0,0.0,0.0,0.0,0.0,7.0,4.0,52.0,1.0,52.0,0.0,0.0,15.2,11.2,,,,,,
2025,16,DET,PIT,J.Gibbs,0.0,0.0,0.0,0.0,0.0,0.0,,7.0,2.0,0.0,1.0,0.0,13.0,10.0,66.0,1.0,23.0,0.0,0.0,22.8,12.8,,,,,,
2025,16,DET,PIT,J.Goff,57.0,34.0,364.0,3.0,0.0,3.0,QB,1.0,-1.0,0.0,0.0,0.0,0.0,0.0,0.0,0.0,0.0,0.0,0.0,26.46,26.46,,,,,,
2025,16,DET,PIT,J.Williams,0.0,0.0,0.0,0.0,0.0,0.0,,0.0,0.0,0.0,0.0,0.0,9.0,5.0,70.0,0.0,117.0,0.0,0.0,12.0,7.0,,,,,,
2025,16,DET,PIT,K.Raymond,0.0,0.0,0.0,0.0,0.0,0.0,,0.0,0.0,0.0,0.0,0.0,5.0,4.0,62.0,1.0,14.0,0.0,0.0,16.2,12.2,,,,,,
2025,16,DET,PIT,S.Zylstra,0.0,0.0,0.0,0.0,0.0,0.0,,0.0,0.0,0.0,0.0,0.0,5.0,3.0,20.0,0.0,37.0,0.0,0.0,5.0,2.0,,,,,,
2025,16,GB,CHI,C.Brooks,0.0,0.0,0.0,0.0,0.0,0.0,,1.0,4.0,0.0,0.0,0.0,0.0,0.0,0.0,0.0,0.0,0.0,0.0,0.4,0.4,,,,,,
2025,16,GB,CHI,C.Watson,0.0,0.0,0.0,0.0,0.0,0.0,,0.0,0.0,0.0,0.0,0.0,6.0,2.0,17.0,0.0,50.0,0.0,0.0,3.7,1.7,,,,,,
2025,16,GB,CHI,D.Wicks,0.0,0.0,0.0,0.0,0.0,0.0,,0.0,0.0,0.0,0.0,0.0,2.0,2.0,12.0,0.0,9.0,0.0,0.0,3.2,1.2,,,,,,
2025,16,GB,CHI,E.Wilson,0.0,0.0,0.0,0.0,0.0,0.0,,14.0,82.0,0.0,0.0,0.0,0.0,0.0,0.0,0.0,0.0,0.0,0.0,8.2,8.2,,,,,,
2025,16,GB,CHI,J.FitzPatrick,0.0,0.0,0.0,0.0,0.0,0.0,,0.0,0.0,0.0,0.0,0.0,1.0,0.0,0.0,0.0,0.0,0.0,0.0,0.0,0.0,,,,,,
2025,16,GB,CHI,J.Jacobs,0.0,0.0,0.0,0.0,0.0,0.0,,12.0,36.0,0.0,1.0,1.0,2.0,2.0,12.0,0.0,-3.0,0.0,0.0,6.8,4.8,,,,,,
2025,16,GB,CHI,J.Love,13.0,8.0,77.0,0.0,0.0,0.0,QB,2.0,7.0,0.0,1.0,0.0,0.0,0.0,0.0,0.0,0.0,0.0,0.0,3.78,3.78,,,,,,
2025,16,GB,CHI,J.Reed,0.0,0.0,0.0,0.0,0.0,0.0,,1.0,6.0,0.0,0.0,0.0,3.0,3.0,35.0,0.0,13.0,0.0,0.0,7.1,4.1,,,,,,
2025,16,GB,CHI,L.Musgrave,0.0,0.0,0.0,0.0,0.0,0.0,,0.0,0.0,0.0,0.0,0.0,3.0,3.0,38.0,0.0,29.0,0.0,0.0,6.8,3.8,,,,,,
2025,16,GB,CHI,M.Golden,0.0,0.0,0.0,0.0,0.0,0.0,,2.0,4.0,0.0,0.0,0.0,1.0,0.0,0.0,0.0,-3.0,0.0,0.0,0.4,0.4,,,,,,
2025,16,GB,CHI,M.Willis,13.0,9.0,121.0,1.0,0.0,2.0,QB,10.0,44.0,0.0,1.0,0.0,0.0,0.0,0.0,0.0,0.0,0.0,0.0,13.24,13.24,,,,,,
2025,16,GB,CHI,R.Doubs,0.0,0.0,0.0,0.0,0.0,0.0,,0.0,0.0,0.0,0.0,0.0,6.0,5.0,84.0,1.0,71.0,0.0,0.0,19.4,14.4,,,,,,
2025,16,GB,CHI,S.Williams,0.0,0.0,0.0,0.0,0.0,0.0,,2.0,9.0,0.0,0.0,0.0,0.0,0.0,0.0,0.0,0.0,0.0,0.0,0.9,0.9,,,,,,
2025,16,HOU,LV,C.Kirk,0.0,0.0,0.0,0.0,0.0,0.0,,0.0,0.0,0.0,0.0,0.0,5.0,3.0,37.0,0.0,39.0,0.0,0.0,6.7,3.7,,,,,,
2025,16,HOU,LV,C.Stover,0.0,0.0,0.0,0.0,0.0,0.0,,0.0,0.0,0.0,0.0,0.0,3.0,2.0,7.0,0.0,5.0,0.0,0.0,2.7,0.7,,,,,,
2025,16,HOU,LV,C.Stroud,35.0,23.0,187.0,1.0,0.0,0.0,QB,4.0,0.0,0.0,1.0,0.0,0.0,0.0,0.0,0.0,0.0,0.0,0.0,11.48,11.48,,,,,,
2025,16,HOU,LV,D.Ogunbowale,0.0,0.0,0.0,0.0,0.0,0.0,,1.0,-3.0,0.0,0.0,0.0,1.0,1.0,2.0,0.0,2.0,0.0,0.0,0.9,-0.1,,,,,,
2025,16,HOU,LV,D.Schultz,0.0,0.0,0.0,0.0,0.0,0.0,,0.0,0.0,0.0,0.0,0.0,5.0,5.0,35.0,1.0,27.0,0.0,0.0,14.5,9.5,,,,,,
2025,16,HOU,LV,J.Higgins,0.0,0.0,0.0,0.0,0.0,0.0,,0.0,0.0,0.0,0.0,0.0,3.0,1.0,17.0,0.0,45.0,0.0,0.0,2.7,1.7,,,,,,
2025,16,HOU,LV,J.Jordan,0.0,0.0,0.0,0.0,0.0,0.0,,15.0,53.0,0.0,0.0,0.0,5.0,5.0,17.0,0.0,3.0,0.0,0.0,12.0,7.0,,,,,,
2025,16,HOU,LV,N.Chubb,0.0,0.0,0.0,0.0,0.0,0.0,,6.0,33.0,0.0,0.0,0.0,1.0,1.0,9.0,0.0,4.0,0.0,0.0,5.2,4.2,,,,,,
2025,16,HOU,LV,N.Collins,0.0,0.0,0.0,0.0,0.0,0.0,,0.0,0.0,0.0,0.0,0.0,9.0,4.0,59.0,0.0,153.0,0.0,0.0,9.9,5.9,,,,,,
2025,16,HOU,LV,X.Hutchinson,0.0,0.0,0.0,0.0,0.0,0.0,,0.0,0.0,0.0,0.0,0.0,2.0,1.0,4.0,0.0,18.0,0.0,0.0,1.4,0.4,,,,,,
2025,16,IND,SF,A.Abdullah,0.0,0.0,0.0,0.0,0.0,0.0,,0.0,0.0,0.0,0.0,0.0,1.0,1.0,4.0,0.0,-2.0,0.0,0.0,1.4,0.4,,,,,,
2025,16,IND,SF,A.Ogletree,0.0,0.0,0.0,0.0,0.0,0.0,,0.0,0.0,0.0,0.0,0.0,2.0,1.0,11.0,0.0,23.0,0.0,0.0,2.1,1.1,,,,,,
2025,16,IND,SF,A.Pierce,0.0,0.0,0.0,0.0,0.0,0.0,,0.0,0.0,0.0,0.0,0.0,4.0,4.0,86.0,2.0,70.0,0.0,0.0,24.6,20.6,,,,,,
2025,16,IND,SF,C.Owen,0.0,0.0,0.0,0.0,0.0,0.0,,0.0,0.0,0.0,0.0,0.0,1.0,0.0,0.0,0.0,2.0,0.0,0.0,0.0,0.0,,,,,,
2025,16,IND,SF,J.Downs,0.0,0.0,0.0,0.0,0.0,0.0,,1.0,3.0,0.0,0.0,0.0,9.0,5.0,65.0,0.0,111.0,0.0,0.0,11.8,6.8,,,,,,
2025,16,IND,SF,J.Taylor,0.0,0.0,0.0,0.0,0.0,0.0,,16.0,46.0,1.0,0.0,0.0,3.0,3.0,33.0,0.0,2.0,0.0,0.0,16.9,13.9,,,,,,
2025,16,IND,SF,M.Alie-Cox,0.0,0.0,0.0,0.0,0.0,0.0,,0.0,0.0,0.0,0.0,0.0,2.0,2.0,16.0,0.0,3.0,0.0,0.0,3.6,1.6,,,,,,
2025,16,IND,SF,M.Pittman,0.0,0.0,0.0,0.0,0.0,0.0,,0.0,0.0,0.0,0.0,0.0,5.0,4.0,32.0,0.0,59.0,0.0,0.0,7.2,3.2,,,,,,
2025,16,IND,SF,P.Rivers,37.0,23.0,277.0,2.0,1.0,2.0,QB,0.0,0.0,0.0,0.0,0.0,0.0,0.0,0.0,0.0,0.0,0.0,0.0,18.08,18.08,,,,,,
2025,16,IND,SF,R.Leonard,1.0,0.0,0.0,0.0,0.0,0.0,QB,0.0,0.0,0.0,0.0,0.0,0.0,0.0,0.0,0.0,0.0,0.0,0.0,0.0,0.0,,,,,,
2025,16,IND,SF,T.Goodson,0.0,0.0,0.0,0.0,0.0,0.0,,3.0,9.0,0.0,0.0,0.0,0.0,0.0,0.0,0.0,0.0,0.0,0.0,0.9,0.9,,,,,,
2025,16,IND,SF,T.Warren,0.0,0.0,0.0,0.0,0.0,0.0,,0.0,0.0,0.0,0.0,0.0,9.0,3.0,30.0,0.0,69.0,0.0,0.0,6.0,3.0,,,,,,
2025,16,JAX,DEN,B.Strange,0.0,0.0,0.0,0.0,0.0,0.0,,0.0,0.0,0.0,0.0,0.0,7.0,5.0,39.0,1.0,45.0,0.0,0.0,14.9,9.9,,,,,,
2025,16,JAX,DEN,B.Thomas,0.0,0.0,0.0,0.0,0.0,0.0,,0.0,0.0,0.0,0.0,0.0,3.0,2.0,18.0,0.0,23.0,0.0,0.0,3.8,1.8,,,,,,
2025,16,JAX,DEN,J.Meyers,0.0,0.0,0.0,0.0,0.0,0.0,,1.0,1.0,0.0,0.0,0.0,8.0,4.0,45.0,0.0,66.0,0.0,0.0,8.6,4.6,,,,,,
2025,16,JAX,DEN,L.Allen,0.0,0.0,0.0,0.0,0.0,0.0,,4.0,10.0,0.0,0.0,0.0,0.0,0.0,0.0,0.0,0.0,0.0,0.0,1.0,1.0,,,,,,
2025,16,JAX,DEN,P.Washington,0.0,0.0,0.0,0.0,0.0,0.0,,0.0,0.0,0.0,0.0,0.0,10.0,6.0,145.0,1.0,134.0,0.0,0.0,26.5,20.5,,,,,,
2025,16,JAX,DEN,Q.Morris,0.0,0.0,0.0,0.0,0.0,0.0,,0.0,0.0,0.0,0.0,0.0,1.0,1.0,5.0,0.0,4.0,0.0,0.0,1.5,0.5,,,,,,
2025,16,JAX,DEN,T.Etienne,0.0,0.0,0.0,0.0,0.0,0.0,,16.0,50.0,0.0,0.0,0.0,5.0,4.0,16.0,1.0,-12.0,0.0,0.0,16.6,12.6,,,,,,
2025,16,JAX,DEN,T.Lawrence,41.0,23.0,279.0,3.0,0.0,5.0,QB,6.0,20.0,1.0,0.0,0.0,0.0,0.0,0.0,0.0,0.0,0.0,0.0,31.16,31.16,,,,,,
2025,16,JAX,DEN,T.Patrick,0.0,0.0,0.0,0.0,0.0,0.0,,0.0,0.0,0.0,0.0,0.0,1.0,1.0,11.0,0.0,5.0,0.0,0.0,2.1,1.1,,,,,,
2025,16,KC,TEN,B.Smith,0.0,0.0,0.0,0.0,0.0,0.0,,0.0,0.0,0.0,0.0,0.0,1.0,1.0,4.0,0.0,-2.0,0.0,0.0,1.4,0.4,,,,,,
2025,16,KC,TEN,C.Oladokun,20.0,11.0,111.0,0.0,0.0,4.0,QB,2.0,7.0,0.0,0.0,0.0,0.0,0.0,0.0,0.0,0.0,0.0,0.0,5.14,5.14,,,,,,
2025,16,KC,TEN,G.Minshew,8.0,3.0,15.0,0.0,0.0,0.0,QB,1.0,8.0,0.0,0.0,0.0,0.0,0.0,0.0,0.0,0.0,0.0,0.0,1.4,1.4,,,,,,
2025,16,KC,TEN,I.Pacheco,0.0,0.0,0.0,0.0,0.0,0.0,,8.0,34.0,0.0,0.0,0.0,7.0,6.0,41.0,0.0,1.0,0.0,0.0,13.5,7.5,,,,,,
2025,16,KC,TEN,J.Smith-Schuster,0.0,0.0,0.0,0.0,0.0,0.0,,0.0,0.0,0.0,0.0,0.0,4.0,1.0,12.0,0.0,4.0,0.0,0.0,2.2,1.2,,,,,,
2025,16,KC,TEN,K.Hunt,0.0,0.0,0.0,0.0,0.0,0.0,,3.0,2.0,0.0,0.0,0.0,0.0,0.0,0.0,0.0,0.0,0.0,0.0,0.2,0.2,,,,,,
2025,16,KC,TEN,M.Brown,0.0,0.0,0.0,0.0,0.0,0.0,,0.0,0.0,0.0,0.0,0.0,3.0,3.0,22.0,0.0,1.0,0.0,0.0,5.2,2.2,,,,,,
2025,16,KC,TEN,T.Kelce,0.0,0.0,0.0,0.0,0.0,0.0,,0.0,0.0,0.0,0.0,0.0,4.0,1.0,6.0,0.0,22.0,0.0,0.0,1.6,0.6,,,,,,
2025,16,KC,TEN,X.Worthy,0.0,0.0,0.0,0.0,0.0,0.0,,1.0,0.0,0.0,0.0,0.0,3.0,2.0,41.0,0.0,48.0,0.0,0.0,6.1,4.1,,,,,,
2025,16,LA,SEA,B.Corum,0.0,0.0,0.0,0.0,0.0,0.0,,14.0,48.0,1.0,0.0,0.0,2.0,1.0,13.0,0.0,11.0,0.0,0.0,13.1,12.1,,,,,,
2025,16,LA,SEA,C.Parkinson,0.0,0.0,0.0,0.0,0.0,0.0,,0.0,0.0,0.0,0.0,0.0,4.0,2.0,21.0,0.0,20.0,0.0,0.0,4.1,2.1,,,,,,
2025,16,LA,SEA,D.Allen,0.0,0.0,0.0,0.0,0.0,0.0,,0.0,0.0,0.0,0.0,0.0,5.0,2.0,34.0,0.0,14.0,0.0,0.0,5.4,3.4,,,,,,
2025,16,LA,SEA,J.Whittington,0.0,0.0,0.0,0.0,0.0,0.0,,0.0,0.0,0.0,0.0,0.0,1.0,1.0,19.0,0.0,11.0,0.0,0.0,2.9,1.9,,,,,,
2025,16,LA,SEA,K.Mumpfield,0.0,0.0,0.0,0.0,0.0,0.0,,0.0,0.0,0.0,0.0,0.0,8.0,3.0,40.0,0.0,117.0,0.0,0.0,7.0,4.0,,,,,,
2025,16,LA,SEA,K.Williams,0.0,0.0,0.0,0.0,0.0,0.0,,23.0,70.0,0.0,0.0,0.0,6.0,3.0,15.0,0.0,9.0,0.0,0.0,11.5,8.5,,,,,,
2025,16,LA,SEA,M.Stafford,49.0,29.0,457.0,3.0,0.0,0.0,QB,2.0,6.0,0.0,0.0,0.0,0.0,0.0,0.0,0.0,0.0,0.0,0.0,30.88,30.88,,,,,,
2025,16,LA,SEA,P.Nacua,0.0,0.0,0.0,0.0,0.0,0.0,,0.0,0.0,0.0,0.0,0.0,16.0,12.0,225.0,2.0,171.0,0.0,0.0,46.5,34.5,,,,,,
2025,16,LA,SEA,T.Ferguson,0.0,0.0,0.0,0.0,0.0,0.0,,0.0,0.0,0.0,0.0,0.0,4.0,3.0,33.0,1.0,61.0,0.0,0.0,12.3,9.3,,,,,,
2025,16,LA,SEA,X.Smith,0.0,0.0,0.0,0.0,0.0,0.0,,0.0,0.0,0.0,0.0,0.0,2.0,2.0,57.0,0.0,50.0,0.0,0.0,7.7,5.7,,,,,,
2025,16,LAC,DAL,H.Haskins,0.0,0.0,0.0,0.0,0.0,0.0,,4.0,14.0,0.0,0.0,0.0,0.0,0.0,0.0,0.0,0.0,0.0,0.0,1.4,1.4,,,,,,
2025,16,LAC,DAL,J.Herbert,29.0,23.0,300.0,2.0,0.0,0.0,QB,8.0,42.0,1.0,1.0,0.0,0.0,0.0,0.0,0.0,0.0,0.0,0.0,30.2,30.2,,,,,,
2025,16,LAC,DAL,K.Allen,0.0,0.0,0.0,0.0,0.0,0.0,,0.0,0.0,0.0,0.0,0.0,5.0,5.0,44.0,0.0,31.0,0.0,0.0,9.4,4.4,,,,,,
2025,16,LAC,DAL,K.Lambert-Smith,0.0,0.0,0.0,0.0,0.0,0.0,,0.0,0.0,0.0,0.0,0.0,1.0,1.0,10.0,0.0,4.0,0.0,0.0,2.0,1.0,,,,,,
2025,16,LAC,DAL,K.Vidal,0.0,0.0,0.0,0.0,0.0,0.0,,5.0,11.0,0.0,0.0,0.0,0.0,0.0,0.0,0.0,0.0,0.0,0.0,1.1,1.1,,,,,,
2025,16,LAC,DAL,L.McConkey,0.0,0.0,0.0,0.0,0.0,0.0,,0.0,0.0,0.0,0.0,0.0,6.0,4.0,43.0,1.0,62.0,0.0,0.0,14.3,10.3,,,,,,
2025,16,LAC,DAL,O.Gadsden,0.0,0.0,0.0,0.0,0.0,0.0,,0.0,0.0,0.0,0.0,0.0,1.0,1.0,7.0,0.0,4.0,0.0,0.0,1.7,0.7,,,,,,
2025,16,LAC,DAL,O.Hampton,0.0,0.0,0.0,0.0,0.0,0.0,,16.0,85.0,1.0,0.0,0.0,2.0,1.0,10.0,0.0,4.0,0.0,0.0,16.5,15.5,,,,,,
2025,16,LAC,DAL,Q.Johnston,0.0,0.0,0.0,0.0,0.0,0.0,,0.0,0.0,0.0,0.0,0.0,5.0,4.0,104.0,1.0,120.0,0.0,0.0,20.4,16.4,,,,,,
2025,16,LAC,DAL,T.Harris,0.0,0.0,0.0,0.0,0.0,0.0,,0.0,0.0,0.0,0.0,0.0,5.0,4.0,54.0,0.0,36.0,0.0,0.0,9.4,5.4,,,,,,
2025,16,LAC,DAL,W.Dissly,0.0,0.0,0.0,0.0,0.0,0.0,,0.0,0.0,0.0,0.0,0.0,3.0,3.0,28.0,0.0,15.0,0.0,0.0,5.8,2.8,,,,,,
2025,16,LV,HOU,A.Bachman,0.0,0.0,0.0,0.0,0.0,0.0,,0.0,0.0,0.0,0.0,0.0,1.0,1.0,3.0,0.0,3.0,0.0,0.0,1.3,0.3,,,,,,
2025,16,LV,HOU,A.Jeanty,0.0,0.0,0.0,0.0,0.0,0.0,,24.0,128.0,1.0,0.0,0.0,2.0,1.0,60.0,1.0,27.0,0.0,0.0,31.8,30.8,,,,,,
2025,16,LV,HOU,B.Bowers,0.0,0.0,0.0,0.0,0.0,0.0,,0.0,0.0,0.0,0.0,0.0,5.0,5.0,33.0,1.0,18.0,0.0,0.0,14.3,9.3,,,,,,
2025,16,LV,HOU,G.Smith,26.0,16.0,201.0,2.0,1.0,3.0,QB,0.0,0.0,0.0,0.0,0.0,0.0,0.0,0.0,0.0,0.0,0.0,0.0,15.04,15.04,,,,,,
2025,16,LV,HOU,J.Bech,0.0,0.0,0.0,0.0,0.0,0.0,,0.0,0.0,0.0,0.0,0.0,3.0,2.0,43.0,0.0,36.0,0.0,0.0,6.3,4.3,,,,,,
2025,16,LV,HOU,M.Mayer,0.0,0.0,0.0,0.0,0.0,0.0,,0.0,0.0,0.0,0.0,0.0,3.0,1.0,10.0,0.0,38.0,1.0,0.0,2.0,1.0,,,,,,
2025,16,LV,HOU,R.Mostert,0.0,0.0,0.0,0.0,0.0,0.0,,1.0,6.0,0.0,0.0,0.0,1.0,1.0,3.0,0.0,-1.0,0.0,0.0,1.9,0.9,,,,,,
2025,16,LV,HOU,T.Lockett,0.0,0.0,0.0,0.0,0.0,0.0,,0.0,0.0,0.0,0.0,0.0,2.0,1.0,6.0,0.0,25.0,0.0,0.0,1.6,0.6,,,,,,
2025,16,LV,HOU,T.Tucker,0.0,0.0,0.0,0.0,0.0,0.0,,2.0,11.0,0.0,0.0,0.0,5.0,4.0,43.0,0.0,43.0,0.0,0.0,9.4,5.4,,,,,,
2025,16,MIA,CIN,A.Ingold,0.0,0.0,0.0,0.0,0.0,0.0,,0.0,0.0,0.0,0.0,0.0,1.0,1.0,9.0,0.0,-4.0,0.0,0.0,1.9,0.9,,,,,,
2025,16,MIA,CIN,C.Wilson,0.0,0.0,0.0,0.0,0.0,0.0,,0.0,0.0,0.0,0.0,0.0,1.0,1.0,11.0,0.0,7.0,0.0,0.0,2.1,1.1,,,,,,
2025,16,MIA,CIN,D.Achane,0.0,0.0,0.0,0.0,0.0,0.0,,15.0,81.0,1.0,0.0,0.0,3.0,3.0,9.0,0.0,-5.0,0.0,0.0,18.0,15.0,,,,,,
2025,16,MIA,CIN,D.Waller,0.0,0.0,0.0,0.0,0.0,0.0,,0.0,0.0,0.0,0.0,0.0,5.0,3.0,40.0,0.0,48.0,0.0,0.0,7.0,4.0,,,,,,
2025,16,MIA,CIN,G.Dulcich,0.0,0.0,0.0,0.0,0.0,0.0,,0.0,0.0,0.0,0.0,0.0,3.0,3.0,46.0,0.0,16.0,1.0,1.0,7.6,4.6,,,,,,
2025,16,MIA,CIN,J.Waddle,0.0,0.0,0.0,0.0,0.0,0.0,,0.0,0.0,0.0,0.0,0.0,9.0,5.0,72.0,0.0,125.0,1.0,0.0,12.2,7.2,,,,,,
2025,16,MIA,CIN,J.Wright,0.0,0.0,0.0,0.0,0.0,0.0,,9.0,35.0,1.0,0.0,0.0,2.0,1.0,18.0,0.0,-7.0,0.0,0.0,12.3,11.3,,,,,,
2025,16,MIA,CIN,M.Washington,0.0,0.0,0.0,0.0,0.0,0.0,,1.0,9.0,1.0,0.0,0.0,1.0,1.0,23.0,0.0,5.0,0.0,0.0,10.2,9.2,,,,,,
2025,16,MIA,CIN,O.Gordon,0.0,0.0,0.0,0.0,0.0,0.0,,1.0,-1.0,0.0,0.0,0.0,0.0,0.0,0.0,0.0,0.0,0.0,0.0,-0.1,-0.1,,,,,,
2025,16,MIA,CIN,Q.Ewers,30.0,20.0,260.0,0.0,2.0,0.0,QB,2.0,5.0,0.0,0.0,0.0,0.0,0.0,0.0,0.0,0.0,0.0,0.0,8.9,8.9,,,,,,
2025,16,MIA,CIN,T.Wease,0.0,0.0,0.0,0.0,0.0,0.0,,0.0,0.0,0.0,0.0,0.0,4.0,2.0,32.0,0.0,57.0,0.0,0.0,5.2,3.2,,,,,,
2025,16,MIN,NYG,A.Jones,0.0,0.0,0.0,0.0,0.0,0.0,,21.0,85.0,0.0,0.0,0.0,3.0,2.0,8.0,0.0,-12.0,0.0,0.0,11.3,9.3,,,,,,
2025,16,MIN,NYG,C.Ham,0.0,0.0,0.0,0.0,0.0,0.0,,1.0,3.0,0.0,0.0,0.0,0.0,0.0,0.0,0.0,0.0,0.0,0.0,0.3,0.3,,,,,,
2025,16,MIN,NYG,J.Addison,0.0,0.0,0.0,0.0,0.0,0.0,,0.0,0.0,0.0,0.0,0.0,3.0,2.0,26.0,0.0,50.0,0.0,0.0,4.6,2.6,,,,,,
2025,16,MIN,NYG,J.Jefferson,0.0,0.0,0.0,0.0,0.0,0.0,,0.0,0.0,0.0,0.0,0.0,8.0,6.0,85.0,0.0,59.0,0.0,0.0,14.5,8.5,,,,,,
2025,16,MIN,NYG,J.Mason,0.0,0.0,0.0,0.0,0.0,0.0,,2.0,5.0,0.0,0.0,0.0,1.0,1.0,6.0,0.0,-4.0,0.0,0.0,2.1,1.1,,,,,,
2025,16,MIN,NYG,J.McCarthy,17.0,9.0,108.0,0.0,1.0,3.0,QB,2.0,20.0,1.0,0.0,0.0,0.0,0.0,0.0,0.0,0.0,0.0,0.0,11.32,11.32,,,,,,
2025,16,MIN,NYG,J.Nailor,0.0,0.0,0.0,0.0,0.0,0.0,,0.0,0.0,0.0,0.0,0.0,2.0,0.0,0.0,0.0,24.0,0.0,0.0,0.0,0.0,,,,,,
2025,16,MIN,NYG,J.Oliver,0.0,0.0,0.0,0.0,0.0,0.0,,0.0,0.0,0.0,0.0,0.0,3.0,2.0,19.0,0.0,6.0,0.0,0.0,3.9,1.9,,,,,,
2025,16,MIN,NYG,M.Brosmer,10.0,7.0,52.0,0.0,0.0,1.0,QB,3.0,-3.0,0.0,0.0,0.0,0.0,0.0,0.0,0.0,0.0,0.0,0.0,1.78,1.78,,,,,,
2025,16,MIN,NYG,T.Felton,0.0,0.0,0.0,0.0,0.0,0.0,,0.0,0.0,0.0,0.0,0.0,1.0,1.0,6.0,0.0,6.0,0.0,0.0,1.6,0.6,,,,,,
2025,16,MIN,NYG,T.Hockenson,0.0,0.0,0.0,0.0,0.0,0.0,,0.0,0.0,0.0,0.0,0.0,1.0,1.0,2.0,0.0,1.0,0.0,0.0,1.2,0.2,,,,,,
2025,16,MIN,NYG,Z.Scott,0.0,0.0,0.0,0.0,0.0,0.0,,2.0,4.0,0.0,0.0,0.0,1.0,1.0,8.0,0.0,-5.0,0.0,0.0,2.2,1.2,,,,,,
2025,16,NE,BAL,A.Hooper,0.0,0.0,0.0,0.0,0.0,0.0,,0.0,0.0,0.0,0.0,0.0,4.0,2.0,34.0,0.0,54.0,0.0,0.0,5.4,3.4,,,,,,
2025,16,NE,BAL,D.Douglas,0.0,0.0,0.0,0.0,0.0,0.0,,0.0,0.0,0.0,0.0,0.0,2.0,1.0,6.0,0.0,6.0,0.0,0.0,1.6,0.6,,,,,,
2025,16,NE,BAL,D.Maye,48.0,31.0,380.0,2.0,1.0,3.0,QB,10.0,25.0,0.0,1.0,0.0,0.0,0.0,0.0,0.0,0.0,0.0,0.0,24.7,24.7,,,,,,
2025,16,NE,BAL,H.Henry,0.0,0.0,0.0,0.0,0.0,0.0,,0.0,0.0,0.0,0.0,0.0,7.0,6.0,35.0,1.0,48.0,0.0,0.0,15.5,9.5,,,,,,
2025,16,NE,BAL,K.Boutte,0.0,0.0,0.0,0.0,0.0,0.0,,0.0,0.0,0.0,0.0,0.0,3.0,1.0,16.0,0.0,81.0,0.0,0.0,2.6,1.6,,,,,,
2025,16,NE,BAL,K.Williams,0.0,0.0,0.0,0.0,0.0,0.0,,0.0,0.0,0.0,0.0,0.0,3.0,2.0,46.0,1.0,47.0,0.0,0.0,12.6,10.6,,,,,,
2025,16,NE,BAL,M.Hollins,0.0,0.0,0.0,0.0,0.0,0.0,,0.0,0.0,0.0,0.0,0.0,9.0,7.0,69.0,0.0,110.0,0.0,0.0,13.9,6.9,,,,,,
2025,16,NE,BAL,M.Mapu,1.0,0.0,0.0,0.0,0.0,1.0,QB,0.0,0.0,0.0,0.0,0.0,0.0,0.0,0.0,0.0,0.0,0.0,0.0,0.0,0.0,,,,,,
2025,16,NE,BAL,R.Stevenson,0.0,0.0,0.0,0.0,0.0,0.0,,8.0,51.0,1.0,0.0,0.0,4.0,2.0,27.0,0.0,22.0,0.0,0.0,15.8,13.8,,,,,,
2025,16,NE,BAL,S.Diggs,0.0,0.0,0.0,0.0,0.0,0.0,,0.0,0.0,0.0,0.0,0.0,10.0,9.0,138.0,0.0,96.0,0.0,0.0,22.8,13.8,,,,,,
2025,16,NE,BAL,T.Henderson,0.0,0.0,0.0,0.0,0.0,0.0,,5.0,3.0,0.0,0.0,0.0,1.0,1.0,9.0,0.0,2.0,0.0,0.0,2.2,1.2,,,,,,
2025,16,NO,NYJ,A.Estime,0.0,0.0,0.0,0.0,0.0,0.0,,5.0,19.0,0.0,0.0,0.0,4.0,3.0,17.0,0.0,-2.0,0.0,0.0,6.6,3.6,,,,,,
2025,16,NO,NYJ,C.Olave,0.0,0.0,0.0,0.0,0.0,0.0,,0.0,0.0,0.0,0.0,0.0,16.0,10.0,148.0,2.0,258.0,0.0,0.0,36.8,26.8,,,,,,
2025,16,NO,NYJ,D.Pettis,0.0,0.0,0.0,0.0,0.0,0.0,,0.0,0.0,0.0,0.0,0.0,1.0,0.0,0.0,0.0,24.0,0.0,0.0,0.0,0.0,,,,,,
2025,16,NO,NYJ,E.Hull,0.0,0.0,0.0,0.0,0.0,0.0,,5.0,3.0,0.0,0.0,0.0,0.0,0.0,0.0,0.0,0.0,0.0,0.0,0.3,0.3,,,,,,
2025,16,NO,NYJ,F.Moreau,0.0,0.0,0.0,0.0,0.0,0.0,,0.0,0.0,0.0,0.0,0.0,1.0,1.0,5.0,0.0,-4.0,0.0,0.0,1.5,0.5,,,,,,
2025,16,NO,NYJ,J.Johnson,0.0,0.0,0.0,0.0,0.0,0.0,,0.0,0.0,0.0,0.0,0.0,9.0,8.0,89.0,0.0,58.0,0.0,0.0,16.9,8.9,,,,,,
2025,16,NO,NYJ,J.Stoll,0.0,0.0,0.0,0.0,0.0,0.0,,0.0,0.0,0.0,0.0,0.0,2.0,1.0,4.0,0.0,5.0,0.0,0.0,1.4,0.4,,,,,,
2025,16,NO,NYJ,K.Austin,0.0,0.0,0.0,0.0,0.0,0.0,,0.0,0.0,0.0,0.0,0.0,3.0,2.0,18.0,0.0,15.0,0.0,0.0,3.8,1.8,,,,,,
2025,16,NO,NYJ,M.Tipton,0.0,0.0,0.0,0.0,0.0,0.0,,1.0,12.0,0.0,0.0,0.0,5.0,4.0,29.0,0.0,30.0,0.0,0.0,8.1,4.1,,,,,,
2025,16,NO,NYJ,T.Hill,1.0,1.0,38.0,1.0,0.0,0.0,QB,12.0,42.0,0.0,1.0,1.0,6.0,4.0,36.0,0.0,30.0,0.0,0.0,17.32,13.32,,,,,,
2025,16,NO,NYJ,T.Shough,52.0,32.0,308.0,1.0,0.0,3.0,QB,2.0,8.0,0.0,0.0,0.0,0.0,0.0,0.0,0.0,0.0,0.0,0.0,17.12,17.12,,,,,,
2025,16,NYG,MIN,D.Singletary,0.0,0.0,0.0,0.0,0.0,0.0,,11.0,47.0,0.0,0.0,0.0,1.0,1.0,-1.0,0.0,-5.0,0.0,0.0,5.6,4.6,,,,,,
2025,16,NYG,MIN,D.Slayton,0.0,0.0,0.0,0.0,0.0,0.0,,0.0,0.0,0.0,0.0,0.0,2.0,1.0,8.0,0.0,19.0,0.0,0.0,1.8,0.8,,,,,,
2025,16,NYG,MIN,J.Dart,18.0,7.0,33.0,0.0,1.0,5.0,QB,2.0,7.0,0.0,0.0,0.0,0.0,0.0,0.0,0.0,0.0,0.0,0.0,1.02,1.02,,,,,,
2025,16,NYG,MIN,T.Johnson,0.0,0.0,0.0,0.0,0.0,0.0,,0.0,0.0,0.0,0.0,0.0,2.0,0.0,0.0,0.0,7.0,0.0,0.0,0.0,0.0,,,,,,
2025,16,NYG,MIN,T.Tracy,0.0,0.0,0.0,0.0,0.0,0.0,,16.0,71.0,0.0,0.0,0.0,2.0,2.0,7.0,0.0,-4.0,0.0,0.0,9.8,7.8,,,,,,
2025,16,NYG,MIN,W.Robinson,0.0,0.0,0.0,0.0,0.0,0.0,,1.0,3.0,0.0,0.0,0.0,6.0,3.0,19.0,0.0,67.0,0.0,0.0,5.2,2.2,,,,,,
2025,16,NYJ,NO,A.Mitchell,0.0,0.0,0.0,0.0,0.0,0.0,,0.0,0.0,0.0,0.0,0.0,6.0,3.0,43.0,0.0,72.0,0.0,0.0,7.3,4.3,,,,,,
2025,16,NYJ,NO,A.Smith,0.0,0.0,0.0,0.0,0.0,0.0,,0.0,0.0,0.0,0.0,0.0,1.0,0.0,0.0,0.0,40.0,0.0,0.0,0.0,0.0,,,,,,
2025,16,NYJ,NO,B.Cook,43.0,22.0,188.0,0.0,1.0,8.0,QB,1.0,2.0,0.0,0.0,0.0,0.0,0.0,0.0,0.0,0.0,0.0,0.0,6.72,6.72,,,,,,
2025,16,NYJ,NO,B.Hall,0.0,0.0,0.0,0.0,0.0,0.0,,16.0,54.0,0.0,0.0,0.0,3.0,2.0,9.0,0.0,-14.0,0.0,0.0,8.3,6.3,,,,,,
2025,16,NYJ,NO,I.Davis,0.0,0.0,0.0,0.0,0.0,0.0,,3.0,8.0,0.0,0.0,0.0,4.0,4.0,52.0,0.0,-11.0,0.0,0.0,10.0,6.0,,,,,,
2025,16,NYJ,NO,I.Williams,0.0,0.0,0.0,0.0,0.0,0.0,,0.0,0.0,0.0,0.0,0.0,4.0,4.0,25.0,0.0,-8.0,0.0,0.0,6.5,2.5,,,,,,
2025,16,NYJ,NO,J.Metchie,0.0,0.0,0.0,0.0,0.0,0.0,,0.0,0.0,0.0,0.0,0.0,5.0,1.0,4.0,0.0,41.0,0.0,0.0,1.4,0.4,,,,,,
2025,16,NYJ,NO,J.Ruckert,0.0,0.0,0.0,0.0,0.0,0.0,,0.0,0.0,0.0,0.0,0.0,3.0,2.0,14.0,0.0,13.0,0.0,0.0,3.4,1.4,,,,,,
2025,16,NYJ,NO,J.Woods,0.0,0.0,0.0,0.0,0.0,0.0,,0.0,0.0,0.0,0.0,0.0,2.0,0.0,0.0,0.0,3.0,0.0,0.0,0.0,0.0,,,,,,
2025,16,NYJ,NO,S.Smartt,0.0,0.0,0.0,0.0,0.0,0.0,,0.0,0.0,0.0,0.0,0.0,5.0,5.0,34.0,0.0,15.0,0.0,0.0,8.4,3.4,,,,,,
2025,16,NYJ,NO,T.Johnson,0.0,0.0,0.0,0.0,0.0,0.0,,0.0,0.0,0.0,0.0,0.0,1.0,1.0,7.0,0.0,3.0,0.0,0.0,1.7,0.7,,,,,,
2025,16,PHI,WAS,A.Brown,0.0,0.0,0.0,0.0,0.0,0.0,,0.0,0.0,0.0,0.0,0.0,12.0,9.0,95.0,0.0,92.0,0.0,0.0,18.5,9.5,,,,,,
2025,16,PHI,WAS,D.Goedert,0.0,0.0,0.0,0.0,0.0,0.0,,0.0,0.0,0.0,0.0,0.0,3.0,3.0,32.0,1.0,23.0,0.0,0.0,12.2,9.2,,,,,,
2025,16,PHI,WAS,D.Smith,0.0,0.0,0.0,0.0,0.0,0.0,,0.0,0.0,0.0,0.0,0.0,8.0,6.0,42.0,1.0,65.0,0.0,0.0,16.2,10.2,,,,,,
2025,16,PHI,WAS,J.Dotson,0.0,0.0,0.0,0.0,0.0,0.0,,0.0,0.0,0.0,0.0,0.0,3.0,3.0,13.0,0.0,13.0,0.0,0.0,4.3,1.3,,,,,,
2025,16,PHI,WAS,J.Hurts,32.0,22.0,185.0,2.0,0.0,2.0,QB,7.0,40.0,0.0,0.0,0.0,0.0,0.0,0.0,0.0,0.0,0.0,0.0,19.4,19.4,,,,,,
2025,16,PHI,WAS,S.Barkley,0.0,0.0,0.0,0.0,0.0,0.0,,22.0,132.0,1.0,0.0,0.0,2.0,0.0,0.0,0.0,-8.0,0.0,0.0,19.2,19.2,,,,,,
2025,16,PHI,WAS,T.Bigsby,0.0,0.0,0.0,0.0,0.0,0.0,,4.0,37.0,1.0,0.0,0.0,0.0,0.0,0.0,0.0,0.0,0.0,0.0,9.7,9.7,,,,,,
2025,16,PHI,WAS,T.McKee,0.0,0.0,0.0,0.0,0.0,0.0,,2.0,-2.0,0.0,0.0,0.0,0.0,0.0,0.0,0.0,0.0,0.0,0.0,-0.2,-0.2,,,,,,
2025,16,PHI,WAS,W.Shipley,0.0,0.0,0.0,0.0,0.0,0.0,,0.0,0.0,0.0,0.0,0.0,1.0,1.0,3.0,0.0,-5.0,0.0,0.0,1.3,0.3,,,,,,
2025,16,PIT,DET,A.Rodgers,43.0,27.0,266.0,1.0,0.0,2.0,QB,2.0,9.0,0.0,0.0,0.0,0.0,0.0,0.0,0.0,0.0,0.0,0.0,15.54,15.54,,,,,,
2025,16,PIT,DET,A.Thielen,0.0,0.0,0.0,0.0,0.0,0.0,,0.0,0.0,0.0,0.0,0.0,4.0,4.0,49.0,0.0,36.0,0.0,0.0,8.9,4.9,,,,,,
2025,16,PIT,DET,C.Austin,0.0,0.0,0.0,0.0,0.0,0.0,,0.0,0.0,0.0,0.0,0.0,1.0,1.0,8.0,0.0,8.0,0.0,0.0,1.8,0.8,,,,,,
2025,16,PIT,DET,D.Metcalf,0.0,0.0,0.0,0.0,0.0,0.0,,0.0,0.0,0.0,0.0,0.0,9.0,4.0,42.0,0.0,105.0,0.0,0.0,8.2,4.2,,,,,,
2025,16,PIT,DET,D.Washington,0.0,0.0,0.0,0.0,0.0,0.0,,0.0,0.0,0.0,0.0,0.0,4.0,3.0,36.0,0.0,17.0,1.0,1.0,6.6,3.6,,,,,,
2025,16,PIT,DET,J.Smith,0.0,0.0,0.0,0.0,0.0,0.0,,2.0,28.0,0.0,0.0,0.0,1.0,0.0,0.0,0.0,6.0,0.0,0.0,2.8,2.8,,,,,,
2025,16,PIT,DET,J.Warren,0.0,0.0,0.0,0.0,0.0,0.0,,14.0,143.0,2.0,0.0,0.0,2.0,2.0,8.0,0.0,-9.0,0.0,0.0,29.1,27.1,,,,,,
2025,16,PIT,DET,K.Gainwell,0.0,0.0,0.0,0.0,0.0,0.0,,9.0,50.0,0.0,0.0,0.0,7.0,5.0,78.0,1.0,46.0,0.0,0.0,23.8,18.8,,,,,,
2025,16,PIT,DET,M.Valdes-Scantling,0.0,0.0,0.0,0.0,0.0,0.0,,0.0,0.0,0.0,0.0,0.0,3.0,1.0,6.0,0.0,81.0,0.0,0.0,1.6,0.6,,,,,,
2025,16,PIT,DET,P.Freiermuth,0.0,0.0,0.0,0.0,0.0,0.0,,0.0,0.0,0.0,0.0,0.0,4.0,4.0,20.0,0.0,5.0,0.0,0.0,6.0,2.0,,,,,,
2025,16,PIT,DET,S.Miller,0.0,0.0,0.0,0.0,0.0,0.0,,0.0,0.0,0.0,0.0,0.0,3.0,3.0,19.0,0.0,14.0,0.0,0.0,4.9,1.9,,,,,,
2025,16,SEA,LA,A.Barner,0.0,0.0,0.0,0.0,0.0,0.0,,1.0,1.0,0.0,0.0,0.0,6.0,4.0,49.0,1.0,31.0,0.0,0.0,15.0,11.0,,,,,,
2025,16,SEA,LA,C.Kupp,0.0,0.0,0.0,0.0,0.0,0.0,,0.0,0.0,0.0,0.0,0.0,5.0,3.0,39.0,0.0,43.0,1.0,1.0,6.9,3.9,,,,,,
2025,16,SEA,LA,E.Saubert,0.0,0.0,0.0,0.0,0.0,0.0,,0.0,0.0,0.0,0.0,0.0,1.0,0.0,0.0,0.0,0.0,0.0,0.0,0.0,0.0,,,,,,
2025,16,SEA,LA,J.Smith-Njigba,0.0,0.0,0.0,0.0,0.0,0.0,,0.0,0.0,0.0,0.0,0.0,13.0,8.0,96.0,1.0,112.0,0.0,0.0,23.6,15.6,,,,,,
2025,16,SEA,LA,K.Walker,0.0,0.0,0.0,0.0,0.0,0.0,,11.0,100.0,1.0,0.0,0.0,3.0,3.0,64.0,0.0,-11.0,0.0,0.0,25.4,22.4,,,,,,
2025,16,SEA,LA,R.Shaheed,0.0,0.0,0.0,0.0,0.0,0.0,,1.0,31.0,0.0,0.0,0.0,1.0,0.0,0.0,0.0,5.0,0.0,0.0,3.1,3.1,,,,,,
2025,16,SEA,LA,S.Darnold,40.0,22.0,270.0,2.0,2.0,4.0,QB,3.0,7.0,0.0,0.0,0.0,0.0,0.0,0.0,0.0,0.0,0.0,0.0,17.5,17.5,,,,,,
2025,16,SEA,LA,Z.Charbonnet,0.0,0.0,0.0,0.0,0.0,0.0,,10.0,32.0,1.0,0.0,0.0,4.0,4.0,22.0,0.0,5.0,0.0,0.0,15.4,11.4,,,,,,
2025,16,SF,IND,B.Purdy,35.0,25.0,295.0,5.0,1.0,1.0,QB,2.0,11.0,0.0,0.0,0.0,0.0,0.0,0.0,0.0,0.0,0.0,0.0,31.9,31.9,,,,,,
2025,16,SF,IND,B.Robinson,0.0,0.0,0.0,0.0,0.0,0.0,,5.0,20.0,0.0,0.0,0.0,1.0,0.0,0.0,0.0,2.0,0.0,0.0,2.0,2.0,,,,,,
2025,16,SF,IND,C.McCaffrey,0.0,0.0,0.0,0.0,0.0,0.0,,21.0,117.0,0.0,0.0,0.0,8.0,6.0,29.0,2.0,52.0,0.0,0.0,32.6,26.6,,,,,,
2025,16,SF,IND,D.Robinson,0.0,0.0,0.0,0.0,0.0,0.0,,0.0,0.0,0.0,0.0,0.0,2.0,2.0,23.0,1.0,23.0,0.0,0.0,10.3,8.3,,,,,,
2025,16,SF,IND,G.Kittle,0.0,0.0,0.0,0.0,0.0,0.0,,0.0,0.0,0.0,0.0,0.0,8.0,7.0,115.0,1.0,98.0,0.0,0.0,24.5,17.5,,,,,,
2025,16,SF,IND,J.Jennings,0.0,0.0,0.0,0.0,0.0,0.0,,0.0,0.0,0.0,0.0,0.0,6.0,5.0,71.0,1.0,64.0,0.0,0.0,18.1,13.1,,,,,,
2025,16,SF,IND,J.Tonges,0.0,0.0,0.0,0.0,0.0,0.0,,0.0,0.0,0.0,0.0,0.0,2.0,1.0,7.0,0.0,16.0,0.0,0.0,1.7,0.7,,,,,,
2025,16,SF,IND,K.Bourne,0.0,0.0,0.0,0.0,0.0,0.0,,0.0,0.0,0.0,0.0,0.0,5.0,3.0,27.0,0.0,48.0,0.0,0.0,5.7,2.7,,,,,,
2025,16,SF,IND,M.Jones,0.0,0.0,0.0,0.0,0.0,0.0,,3.0,-3.0,0.0,0.0,0.0,0.0,0.0,0.0,0.0,0.0,0.0,0.0,-0.3,-0.3,,,,,,
2025,16,SF,IND,S.Moore,0.0,0.0,0.0,0.0,0.0,0.0,,0.0,0.0,0.0,0.0,0.0,1.0,1.0,23.0,0.0,21.0,0.0,0.0,3.3,2.3,,,,,,
2025,16,TB,CAR,B.Irving,0.0,0.0,0.0,0.0,0.0,0.0,,19.0,71.0,0.0,0.0,0.0,0.0,0.0,0.0,0.0,0.0,0.0,0.0,7.1,7.1,,,,,,
2025,16,TB,CAR,B.Mayfield,28.0,18.0,145.0,1.0,1.0,2.0,QB,4.0,49.0,0.0,0.0,0.0,0.0,0.0,0.0,0.0,0.0,0.0,0.0,13.7,13.7,,,,,,
2025,16,TB,CAR,C.Godwin,0.0,0.0,0.0,0.0,0.0,0.0,,0.0,0.0,0.0,0.0,0.0,6.0,5.0,30.0,0.0,39.0,0.0,0.0,8.0,3.0,,,,,,
2025,16,TB,CAR,C.Otton,0.0,0.0,0.0,0.0,0.0,0.0,,0.0,0.0,0.0,0.0,0.0,2.0,2.0,15.0,0.0,8.0,0.0,0.0,3.5,1.5,,,,,,
2025,16,TB,CAR,E.Egbuka,0.0,0.0,0.0,0.0,0.0,0.0,,0.0,0.0,0.0,0.0,0.0,2.0,1.0,40.0,0.0,40.0,0.0,0.0,5.0,4.0,,,,,,
2025,16,TB,CAR,J.McMillan,0.0,0.0,0.0,0.0,0.0,0.0,,1.0,1.0,0.0,0.0,0.0,3.0,2.0,15.0,0.0,11.0,0.0,0.0,3.6,1.6,,,,,,
2025,16,TB,CAR,M.Evans,0.0,0.0,0.0,0.0,0.0,0.0,,0.0,0.0,0.0,0.0,0.0,9.0,5.0,31.0,1.0,60.0,0.0,0.0,14.1,9.1,,,,,,
2025,16,TB,CAR,R.White,0.0,0.0,0.0,0.0,0.0,0.0,,5.0,45.0,0.0,0.0,0.0,2.0,2.0,15.0,0.0,-2.0,0.0,0.0,8.0,6.0,,,,,,
2025,16,TB,CAR,S.Tucker,0.0,0.0,0.0,0.0,0.0,0.0,,4.0,3.0,1.0,0.0,0.0,0.0,0.0,0.0,0.0,0.0,0.0,0.0,6.3,6.3,,,,,,
2025,16,TB,CAR,T.Johnson,0.0,0.0,0.0,0.0,0.0,0.0,,0.0,0.0,0.0,0.0,0.0,1.0,1.0,-1.0,0.0,-3.0,0.0,0.0,0.9,-0.1,,,,,,
2025,16,TEN,KC,C.Dike,0.0,0.0,0.0,0.0,0.0,0.0,,0.0,0.0,0.0,0.0,0.0,5.0,3.0,40.0,1.0,64.0,0.0,0.0,13.0,10.0,,,,,,
2025,16,TEN,KC,C.Okonkwo,0.0,0.0,0.0,0.0,0.0,0.0,,0.0,0.0,0.0,0.0,0.0,8.0,6.0,44.0,1.0,4.0,0.0,0.0,16.4,10.4,,,,,,
2025,16,TEN,KC,C.Ward,30.0,21.0,228.0,2.0,0.0,2.0,QB,4.0,9.0,0.0,0.0,0.0,0.0,0.0,0.0,0.0,0.0,0.0,0.0,18.02,18.02,,,,,,
2025,16,TEN,KC,E.Ayomanor,0.0,0.0,0.0,0.0,0.0,0.0,,0.0,0.0,0.0,0.0,0.0,4.0,3.0,58.0,0.0,80.0,0.0,0.0,8.8,5.8,,,,,,
2025,16,TEN,KC,G.Helm,0.0,0.0,0.0,0.0,0.0,0.0,,0.0,0.0,0.0,0.0,0.0,3.0,2.0,9.0,0.0,16.0,0.0,0.0,2.9,0.9,,,,,,
2025,16,TEN,KC,J.Chestnut,0.0,0.0,0.0,0.0,0.0,0.0,,1.0,1.0,0.0,0.0,0.0,0.0,0.0,0.0,0.0,0.0,0.0,0.0,0.1,0.1,,,,,,
2025,16,TEN,KC,K.Mullings,0.0,0.0,0.0,0.0,0.0,0.0,,1.0,0.0,0.0,0.0,0.0,0.0,0.0,0.0,0.0,0.0,0.0,0.0,0.0,0.0,,,,,,
2025,16,TEN,KC,T.Pollard,0.0,0.0,0.0,0.0,0.0,0.0,,21.0,102.0,0.0,1.0,0.0,0.0,0.0,0.0,0.0,0.0,0.0,0.0,10.2,10.2,,,,,,
2025,16,TEN,KC,T.Spears,0.0,0.0,0.0,0.0,0.0,0.0,,13.0,52.0,1.0,0.0,0.0,5.0,5.0,53.0,0.0,-19.0,0.0,0.0,21.5,16.5,,,,,,
2025,16,TEN,KC,V.Jefferson,0.0,0.0,0.0,0.0,0.0,0.0,,0.0,0.0,0.0,0.0,0.0,2.0,2.0,24.0,0.0,20.0,0.0,0.0,4.4,2.4,,,,,,
2025,16,WAS,PHI,B.Sinnott,0.0,0.0,0.0,0.0,0.0,0.0,,0.0,0.0,0.0,0.0,0.0,2.0,1.0,5.0,0.0,26.0,0.0,0.0,1.5,0.5,,,,,,
2025,16,WAS,PHI,C.Rodriguez,0.0,0.0,0.0,0.0,0.0,0.0,,15.0,63.0,1.0,0.0,0.0,1.0,1.0,6.0,0.0,0.0,0.0,0.0,13.9,12.9,,,,,,
2025,16,WAS,PHI,D.Samuel,0.0,0.0,0.0,0.0,0.0,0.0,,0.0,0.0,0.0,0.0,0.0,4.0,3.0,35.0,0.0,18.0,0.0,0.0,6.5,3.5,,,,,,
2025,16,WAS,PHI,J.Bates,0.0,0.0,0.0,0.0,0.0,0.0,,0.0,0.0,0.0,0.0,0.0,1.0,0.0,0.0,0.0,10.0,0.0,0.0,0.0,0.0,,,,,,
2025,16,WAS,PHI,J.Croskey-Merritt,0.0,0.0,0.0,0.0,0.0,0.0,,8.0,25.0,1.0,0.0,0.0,0.0,0.0,0.0,0.0,0.0,0.0,0.0,8.5,8.5,,,,,,
2025,16,WAS,PHI,J.Johnson,10.0,5.0,43.0,0.0,1.0,1.0,QB,1.0,0.0,0.0,1.0,0.0,0.0,0.0,0.0,0.0,0.0,0.0,0.0,0.72,0.72,,,,,,
2025,16,WAS,PHI,J.McNichols,0.0,0.0,0.0,0.0,0.0,0.0,,2.0,3.0,0.0,0.0,0.0,3.0,2.0,9.0,0.0,-8.0,0.0,0.0,3.2,1.2,,,,,,
2025,16,WAS,PHI,M.Mariota,15.0,7.0,95.0,0.0,0.0,1.0,QB,1.0,-1.0,0.0,0.0,0.0,0.0,0.0,0.0,0.0,0.0,0.0,0.0,3.7,3.7,,,,,,
2025,16,WAS,PHI,T.Burks,0.0,0.0,0.0,0.0,0.0,0.0,,0.0,0.0,0.0,0.0,0.0,5.0,2.0,30.0,0.0,53.0,0.0,0.0,5.0,3.0,,,,,,
2025,16,WAS,PHI,T.McLaurin,0.0,0.0,0.0,0.0,0.0,0.0,,0.0,0.0,0.0,0.0,0.0,4.0,3.0,53.0,0.0,56.0,0.0,0.0,8.3,5.3,,,,,,
2025,17,ARI,CIN,C.Kiner,0.0,0.0,0.0,0.0,0.0,0.0,,1.0,2.0,0.0,0.0,0.0,0.0,0.0,0.0,0.0,0.0,0.0,0.0,0.2,0.2,,,,,,
2025,17,ARI,CIN,E.Demercado,0.0,0.0,0.0,0.0,0.0,0.0,,5.0,11.0,0.0,0.0,0.0,3.0,2.0,9.0,0.0,6.0,0.0,0.0,4.0,2.0,,,,,,
2025,17,ARI,CIN,E.Higgins,0.0,0.0,0.0,0.0,0.0,0.0,,0.0,0.0,0.0,0.0,0.0,1.0,0.0,0.0,0.0,11.0,0.0,0.0,0.0,0.0,,,,,,
2025,17,ARI,CIN,J.Brissett,41.0,21.0,212.0,2.0,0.0,4.0,QB,0.0,0.0,0.0,0.0,0.0,0.0,0.0,0.0,0.0,0.0,0.0,0.0,16.48,16.48,,,,,,
2025,17,ARI,CIN,M.Carter,0.0,0.0,0.0,0.0,0.0,0.0,,7.0,29.0,0.0,0.0,0.0,4.0,2.0,14.0,0.0,10.0,0.0,0.0,6.3,4.3,,,,,,
2025,17,ARI,CIN,M.Harrison,0.0,0.0,0.0,0.0,0.0,0.0,,0.0,0.0,0.0,0.0,0.0,1.0,0.0,0.0,0.0,11.0,0.0,0.0,0.0,0.0,,,,,,
2025,17,ARI,CIN,M.Wilson,0.0,0.0,0.0,0.0,0.0,0.0,,0.0,0.0,0.0,0.0,0.0,10.0,5.0,89.0,1.0,100.0,0.0,0.0,19.9,14.9,,,,,,
2025,17,ARI,CIN,T.McBride,0.0,0.0,0.0,0.0,0.0,0.0,,0.0,0.0,0.0,0.0,0.0,13.0,10.0,76.0,1.0,97.0,0.0,0.0,23.6,13.6,,,,,,
2025,17,ARI,CIN,X.Weaver,0.0,0.0,0.0,0.0,0.0,0.0,,0.0,0.0,0.0,0.0,0.0,3.0,2.0,24.0,0.0,48.0,0.0,0.0,4.4,2.4,,,,,,
2025,17,ATL,LA,B.Robinson,0.0,0.0,0.0,0.0,0.0,0.0,,22.0,195.0,1.0,0.0,0.0,8.0,5.0,34.0,1.0,12.0,0.0,0.0,39.9,34.9,,,,,,
2025,17,ATL,LA,D.London,0.0,0.0,0.0,0.0,0.0,0.0,,0.0,0.0,0.0,0.0,0.0,2.0,1.0,4.0,0.0,29.0,0.0,0.0,1.4,0.4,,,,,,
2025,17,ATL,LA,D.Mooney,0.0,0.0,0.0,0.0,0.0,0.0,,0.0,0.0,0.0,0.0,0.0,3.0,2.0,35.0,0.0,51.0,0.0,0.0,5.5,3.5,,,,,,
2025,17,ATL,LA,D.Sills,0.0,0.0,0.0,0.0,0.0,0.0,,0.0,0.0,0.0,0.0,0.0,4.0,3.0,37.0,0.0,45.0,0.0,0.0,6.7,3.7,,,,,,
2025,17,ATL,LA,K.Cousins,20.0,13.0,126.0,1.0,0.0,0.0,QB,1.0,1.0,0.0,0.0,0.0,0.0,0.0,0.0,0.0,0.0,0.0,0.0,9.14,9.14,,,,,,
2025,17,ATL,LA,K.Pitts,0.0,0.0,0.0,0.0,0.0,0.0,,0.0,0.0,0.0,0.0,0.0,3.0,2.0,16.0,0.0,30.0,0.0,0.0,3.6,1.6,,,,,,
2025,17,ATL,LA,T.Allgeier,0.0,0.0,0.0,0.0,0.0,0.0,,10.0,23.0,0.0,0.0,0.0,0.0,0.0,0.0,0.0,0.0,0.0,0.0,2.3,2.3,,,,,,
2025,17,BAL,GB,C.Kolar,0.0,0.0,0.0,0.0,0.0,0.0,,0.0,0.0,0.0,0.0,0.0,1.0,0.0,0.0,0.0,5.0,0.0,0.0,0.0,0.0,,,,,,
2025,17,BAL,GB,D.Henry,0.0,0.0,0.0,0.0,0.0,0.0,,36.0,216.0,4.0,0.0,0.0,0.0,0.0,0.0,0.0,0.0,0.0,0.0,45.6,45.6,,,,,,
2025,17,BAL,GB,D.Hopkins,0.0,0.0,0.0,0.0,0.0,0.0,,0.0,0.0,0.0,0.0,0.0,1.0,0.0,0.0,0.0,16.0,0.0,0.0,0.0,0.0,,,,,,
2025,17,BAL,GB,I.Likely,0.0,0.0,0.0,0.0,0.0,0.0,,0.0,0.0,0.0,0.0,0.0,3.0,3.0,27.0,0.0,17.0,0.0,0.0,5.7,2.7,,,,,,
2025,17,BAL,GB,K.Mitchell,0.0,0.0,0.0,0.0,0.0,0.0,,9.0,31.0,0.0,0.0,0.0,2.0,2.0,7.0,0.0,-7.0,0.0,0.0,5.8,3.8,,,,,,
2025,17,BAL,GB,M.Andrews,0.0,0.0,0.0,0.0,0.0,0.0,,0.0,0.0,0.0,0.0,0.0,4.0,4.0,28.0,0.0,21.0,0.0,0.0,6.8,2.8,,,,,,
2025,17,BAL,GB,R.Ali,0.0,0.0,0.0,0.0,0.0,0.0,,0.0,0.0,0.0,0.0,0.0,3.0,2.0,8.0,0.0,6.0,0.0,0.0,2.8,0.8,,,,,,
2025,17,BAL,GB,R.Bateman,0.0,0.0,0.0,0.0,0.0,0.0,,0.0,0.0,0.0,0.0,0.0,1.0,1.0,7.0,0.0,4.0,0.0,0.0,1.7,0.7,,,,,,
2025,17,BAL,GB,T.Huntley,21.0,16.0,107.0,1.0,0.0,1.0,QB,8.0,60.0,0.0,0.0,0.0,0.0,0.0,0.0,0.0,0.0,0.0,0.0,14.28,14.28,,,,,,
2025,17,BAL,GB,Z.Flowers,0.0,0.0,0.0,0.0,0.0,0.0,,0.0,0.0,0.0,0.0,0.0,5.0,4.0,30.0,1.0,18.0,0.0,0.0,13.0,9.0,,,,,,
2025,17,BUF,PHI,B.Cooks,0.0,0.0,0.0,0.0,0.0,0.0,,0.0,0.0,0.0,0.0,0.0,6.0,4.0,101.0,0.0,136.0,0.0,0.0,14.1,10.1,,,,,,
2025,17,BUF,PHI,D.Knox,0.0,0.0,0.0,0.0,0.0,0.0,,0.0,0.0,0.0,0.0,0.0,5.0,5.0,30.0,0.0,19.0,0.0,0.0,8.0,3.0,,,,,,
2025,17,BUF,PHI,G.Davis,0.0,0.0,0.0,0.0,0.0,0.0,,0.0,0.0,0.0,0.0,0.0,1.0,0.0,0.0,0.0,4.0,0.0,0.0,0.0,0.0,,,,,,
2025,17,BUF,PHI,J.Allen,41.0,23.0,262.0,0.0,0.0,5.0,QB,7.0,27.0,2.0,1.0,0.0,0.0,0.0,0.0,0.0,0.0,0.0,0.0,25.18,25.18,,,,,,
2025,17,BUF,PHI,J.Cook,0.0,0.0,0.0,0.0,0.0,0.0,,20.0,74.0,0.0,0.0,0.0,4.0,1.0,3.0,0.0,34.0,0.0,0.0,8.7,7.7,,,,,,
2025,17,BUF,PHI,J.Palmer,0.0,0.0,0.0,0.0,0.0,0.0,,0.0,0.0,0.0,0.0,0.0,2.0,1.0,12.0,0.0,21.0,0.0,0.0,2.2,1.2,,,,,,
2025,17,BUF,PHI,K.Shakir,0.0,0.0,0.0,0.0,0.0,0.0,,0.0,0.0,0.0,0.0,0.0,8.0,6.0,35.0,0.0,6.0,0.0,0.0,9.5,3.5,,,,,,
2025,17,BUF,PHI,R.Davis,0.0,0.0,0.0,0.0,0.0,0.0,,1.0,4.0,0.0,0.0,0.0,1.0,1.0,12.0,0.0,0.0,0.0,0.0,2.6,1.6,,,,,,
2025,17,BUF,PHI,T.Shavers,0.0,0.0,0.0,0.0,0.0,0.0,,0.0,0.0,0.0,0.0,0.0,3.0,2.0,36.0,0.0,32.0,0.0,0.0,5.6,3.6,,,,,,
2025,17,BUF,PHI,Ty.Johnson,0.0,0.0,0.0,0.0,0.0,0.0,,5.0,15.0,0.0,0.0,0.0,4.0,3.0,12.0,0.0,-7.0,0.0,0.0,5.7,2.7,,,,,,
2025,17,CAR,SEA,B.Tremayne,0.0,0.0,0.0,0.0,0.0,0.0,,0.0,0.0,0.0,0.0,0.0,1.0,0.0,0.0,0.0,14.0,0.0,0.0,0.0,0.0,,,,,,
2025,17,CAR,SEA,B.Young,26.0,14.0,54.0,0.0,1.0,2.0,QB,9.0,27.0,1.0,0.0,0.0,0.0,0.0,0.0,0.0,0.0,0.0,0.0,9.86,9.86,,,,,,
2025,17,CAR,SEA,C.Hubbard,0.0,0.0,0.0,0.0,0.0,0.0,,4.0,12.0,0.0,1.0,1.0,3.0,3.0,6.0,0.0,-18.0,0.0,0.0,4.8,1.8,,,,,,
2025,17,CAR,SEA,J.Coker,0.0,0.0,0.0,0.0,0.0,0.0,,0.0,0.0,0.0,0.0,0.0,2.0,2.0,16.0,0.0,2.0,0.0,0.0,3.6,1.6,,,,,,
2025,17,CAR,SEA,Ji.Horn,0.0,0.0,0.0,0.0,0.0,0.0,,0.0,0.0,0.0,0.0,0.0,2.0,2.0,9.0,0.0,-8.0,0.0,0.0,2.9,0.9,,,,,,
2025,17,CAR,SEA,M.Evans,0.0,0.0,0.0,0.0,0.0,0.0,,1.0,1.0,0.0,0.0,0.0,2.0,1.0,5.0,0.0,2.0,0.0,0.0,1.6,0.6,,,,,,
2025,17,CAR,SEA,R.Dowdle,0.0,0.0,0.0,0.0,0.0,0.0,,12.0,59.0,0.0,0.0,0.0,5.0,3.0,4.0,0.0,-15.0,0.0,0.0,9.3,6.3,,,,,,
2025,17,CAR,SEA,T.McMillan,0.0,0.0,0.0,0.0,0.0,0.0,,0.0,0.0,0.0,0.0,0.0,4.0,1.0,5.0,0.0,49.0,0.0,0.0,1.5,0.5,,,,,,
2025,17,CAR,SEA,T.Tremble,0.0,0.0,0.0,0.0,0.0,0.0,,0.0,0.0,0.0,0.0,0.0,1.0,1.0,6.0,0.0,5.0,0.0,0.0,1.6,0.6,,,,,,
2025,17,CAR,SEA,X.Legette,0.0,0.0,0.0,0.0,0.0,0.0,,0.0,0.0,0.0,0.0,0.0,1.0,1.0,3.0,0.0,3.0,0.0,0.0,1.3,0.3,,,,,,
2025,17,CHI,SF,C.Kmet,0.0,0.0,0.0,0.0,0.0,0.0,,0.0,0.0,0.0,0.0,0.0,3.0,2.0,16.0,0.0,25.0,0.0,0.0,3.6,1.6,,,,,,
2025,17,CHI,SF,C.Loveland,0.0,0.0,0.0,0.0,0.0,0.0,,0.0,0.0,0.0,0.0,0.0,10.0,6.0,94.0,1.0,103.0,0.0,0.0,21.4,15.4,,,,,,
2025,17,CHI,SF,C.Williams,42.0,25.0,330.0,2.0,0.0,0.0,QB,5.0,18.0,0.0,0.0,0.0,0.0,0.0,0.0,0.0,0.0,0.0,0.0,23.0,23.0,,,,,,
2025,17,CHI,SF,D.Duvernay,0.0,0.0,0.0,0.0,0.0,0.0,,0.0,0.0,0.0,0.0,0.0,1.0,0.0,0.0,0.0,3.0,0.0,0.0,0.0,0.0,,,,,,
2025,17,CHI,SF,D.Moore,0.0,0.0,0.0,0.0,0.0,0.0,,0.0,0.0,0.0,0.0,0.0,4.0,1.0,7.0,0.0,22.0,0.0,0.0,1.7,0.7,,,,,,
2025,17,CHI,SF,D.Smythe,0.0,0.0,0.0,0.0,0.0,0.0,,0.0,0.0,0.0,0.0,0.0,1.0,1.0,11.0,0.0,4.0,0.0,0.0,2.1,1.1,,,,,,
2025,17,CHI,SF,D.Swift,0.0,0.0,0.0,0.0,0.0,0.0,,9.0,54.0,2.0,0.0,0.0,3.0,2.0,16.0,0.0,-4.0,0.0,0.0,21.0,19.0,,,,,,
2025,17,CHI,SF,J.Walker,0.0,0.0,0.0,0.0,0.0,0.0,,0.0,0.0,0.0,0.0,0.0,4.0,2.0,30.0,0.0,39.0,0.0,0.0,5.0,3.0,,,,,,
2025,17,CHI,SF,K.Monangai,0.0,0.0,0.0,0.0,0.0,0.0,,8.0,38.0,0.0,0.0,0.0,4.0,3.0,9.0,0.0,-4.0,0.0,0.0,7.7,4.7,,,,,,
2025,17,CHI,SF,L.Burden,0.0,0.0,0.0,0.0,0.0,0.0,,0.0,0.0,0.0,0.0,0.0,9.0,8.0,138.0,1.0,88.0,0.0,0.0,27.8,19.8,,,,,,
2025,17,CIN,ARI,A.Iosivas,0.0,0.0,0.0,0.0,0.0,0.0,,0.0,0.0,0.0,0.0,0.0,6.0,4.0,41.0,0.0,69.0,0.0,0.0,8.1,4.1,,,,,,
2025,17,CIN,ARI,C.Brown,0.0,0.0,0.0,0.0,0.0,0.0,,22.0,101.0,2.0,0.0,0.0,3.0,3.0,40.0,0.0,-6.0,0.0,0.0,29.1,26.1,,,,,,
2025,17,CIN,ARI,C.Ford,0.0,0.0,0.0,0.0,0.0,0.0,,0.0,0.0,0.0,0.0,0.0,1.0,1.0,21.0,0.0,4.0,0.0,0.0,3.1,2.1,,,,,,
2025,17,CIN,ARI,D.Sample,0.0,0.0,0.0,0.0,0.0,0.0,,0.0,0.0,0.0,0.0,0.0,1.0,1.0,8.0,0.0,-3.0,0.0,0.0,1.8,0.8,,,,,,
2025,17,CIN,ARI,J.Burrow,34.0,24.0,305.0,2.0,0.0,3.0,QB,3.0,2.0,0.0,0.0,0.0,0.0,0.0,0.0,0.0,0.0,0.0,0.0,20.4,20.4,,,,,,
2025,17,CIN,ARI,J.Chase,0.0,0.0,0.0,0.0,0.0,0.0,,0.0,0.0,0.0,0.0,0.0,9.0,7.0,60.0,2.0,47.0,0.0,0.0,25.0,18.0,,,,,,
2025,17,CIN,ARI,J.Flacco,5.0,3.0,24.0,0.0,0.0,0.0,QB,4.0,2.0,0.0,0.0,0.0,0.0,0.0,0.0,0.0,0.0,0.0,0.0,1.16,1.16,,,,,,
2025,17,CIN,ARI,K.Williams,0.0,0.0,0.0,0.0,0.0,0.0,,0.0,0.0,0.0,0.0,0.0,1.0,1.0,5.0,0.0,5.0,0.0,0.0,1.5,0.5,,,,,,
2025,17,CIN,ARI,M.Gesicki,0.0,0.0,0.0,0.0,0.0,0.0,,0.0,0.0,0.0,0.0,0.0,2.0,2.0,47.0,0.0,38.0,0.0,0.0,6.7,4.7,,,,,,
2025,17,CIN,ARI,N.Fant,0.0,0.0,0.0,0.0,0.0,0.0,,0.0,0.0,0.0,0.0,0.0,1.0,0.0,0.0,0.0,-3.0,0.0,0.0,0.0,0.0,,,,,,
2025,17,CIN,ARI,S.Perine,0.0,0.0,0.0,0.0,0.0,0.0,,3.0,5.0,1.0,0.0,0.0,1.0,1.0,8.0,0.0,-5.0,0.0,0.0,8.3,7.3,,,,,,
2025,17,CIN,ARI,T.Brooks,0.0,0.0,0.0,0.0,0.0,0.0,,3.0,10.0,0.0,0.0,0.0,1.0,1.0,9.0,0.0,-2.0,0.0,0.0,2.9,1.9,,,,,,
2025,17,CIN,ARI,T.Higgins,0.0,0.0,0.0,0.0,0.0,0.0,,0.0,0.0,0.0,0.0,0.0,5.0,4.0,59.0,0.0,91.0,0.0,0.0,9.9,5.9,,,,,,
2025,17,CIN,ARI,T.Hudson,0.0,0.0,0.0,0.0,0.0,0.0,,0.0,0.0,0.0,0.0,0.0,2.0,2.0,31.0,0.0,4.0,0.0,0.0,5.1,3.1,,,,,,
2025,17,CLE,PIT,B.Bates,0.0,0.0,0.0,0.0,0.0,0.0,,0.0,0.0,0.0,0.0,0.0,1.0,1.0,19.0,0.0,12.0,0.0,0.0,2.9,1.9,,,,,,
2025,17,CLE,PIT,B.Whiteheart,0.0,0.0,0.0,0.0,0.0,0.0,,0.0,0.0,0.0,0.0,0.0,1.0,0.0,0.0,0.0,0.0,0.0,0.0,0.0,0.0,,,,,,
2025,17,CLE,PIT,C.Tillman,0.0,0.0,0.0,0.0,0.0,0.0,,0.0,0.0,0.0,0.0,0.0,1.0,1.0,42.0,0.0,28.0,0.0,0.0,5.2,4.2,,,,,,
2025,17,CLE,PIT,D.Sampson,0.0,0.0,0.0,0.0,0.0,0.0,,11.0,27.0,0.0,0.0,0.0,3.0,3.0,0.0,0.0,-13.0,0.0,0.0,5.7,2.7,,,,,,
2025,17,CLE,PIT,H.Fannin,0.0,0.0,0.0,0.0,0.0,0.0,,0.0,0.0,0.0,0.0,0.0,2.0,2.0,30.0,1.0,29.0,0.0,0.0,11.0,9.0,,,,,,
2025,17,CLE,PIT,I.Bond,0.0,0.0,0.0,0.0,0.0,0.0,,0.0,0.0,0.0,0.0,0.0,1.0,1.0,16.0,0.0,15.0,0.0,0.0,2.6,1.6,,,,,,
2025,17,CLE,PIT,J.Jeudy,0.0,0.0,0.0,0.0,0.0,0.0,,0.0,0.0,0.0,0.0,0.0,7.0,5.0,54.0,0.0,83.0,0.0,0.0,10.4,5.4,,,,,,
2025,17,CLE,PIT,M.Corley,0.0,0.0,0.0,0.0,0.0,0.0,,0.0,0.0,0.0,0.0,0.0,1.0,1.0,4.0,0.0,4.0,0.0,0.0,1.4,0.4,,,,,,
2025,17,CLE,PIT,R.Sanders,0.0,0.0,0.0,0.0,0.0,0.0,,8.0,21.0,0.0,0.0,0.0,2.0,1.0,10.0,0.0,13.0,0.0,0.0,4.1,3.1,,,,,,
2025,17,CLE,PIT,S.Cannella,0.0,0.0,0.0,0.0,0.0,0.0,,0.0,0.0,0.0,0.0,0.0,4.0,2.0,11.0,0.0,18.0,0.0,0.0,3.1,1.1,,,,,,
2025,17,CLE,PIT,S.Sanders,25.0,17.0,186.0,1.0,2.0,2.0,QB,4.0,20.0,0.0,0.0,0.0,0.0,0.0,0.0,0.0,0.0,0.0,0.0,11.44,11.44,,,,,,
2025,17,CLE,PIT,T.Williams,0.0,0.0,0.0,0.0,0.0,0.0,,2.0,10.0,0.0,0.0,0.0,0.0,0.0,0.0,0.0,0.0,0.0,0.0,1.0,1.0,,,,,,
2025,17,DAL,WAS,B.Spann-Ford,0.0,0.0,0.0,0.0,0.0,0.0,,0.0,0.0,0.0,0.0,0.0,2.0,1.0,31.0,0.0,22.0,0.0,0.0,4.1,3.1,,,,,,
2025,17,DAL,WAS,C.Lamb,0.0,0.0,0.0,0.0,0.0,0.0,,0.0,0.0,0.0,0.0,0.0,10.0,5.0,46.0,0.0,162.0,0.0,0.0,9.6,4.6,,,,,,
2025,17,DAL,WAS,D.Prescott,43.0,19.0,307.0,2.0,0.0,6.0,QB,4.0,24.0,0.0,0.0,0.0,0.0,0.0,0.0,0.0,0.0,0.0,0.0,22.68,22.68,,,,,,
2025,17,DAL,WAS,G.Pickens,0.0,0.0,0.0,0.0,0.0,0.0,,0.0,0.0,0.0,0.0,0.0,5.0,4.0,78.0,0.0,42.0,0.0,0.0,11.8,7.8,,,,,,
2025,17,DAL,WAS,H.Luepke,0.0,0.0,0.0,0.0,0.0,0.0,,7.0,30.0,0.0,0.0,0.0,1.0,1.0,14.0,0.0,6.0,0.0,0.0,5.4,4.4,,,,,,
2025,17,DAL,WAS,J.Ferguson,0.0,0.0,0.0,0.0,0.0,0.0,,0.0,0.0,0.0,0.0,0.0,2.0,1.0,6.0,1.0,11.0,0.0,0.0,7.6,6.6,,,,,,
2025,17,DAL,WAS,J.Mingo,0.0,0.0,0.0,0.0,0.0,0.0,,0.0,0.0,0.0,0.0,0.0,1.0,0.0,0.0,0.0,13.0,0.0,0.0,0.0,0.0,,,,,,
2025,17,DAL,WAS,J.Tolbert,0.0,0.0,0.0,0.0,0.0,0.0,,0.0,0.0,0.0,0.0,0.0,8.0,4.0,31.0,0.0,79.0,0.0,0.0,7.1,3.1,,,,,,
2025,17,DAL,WAS,J.Williams,0.0,0.0,0.0,0.0,0.0,0.0,,13.0,54.0,1.0,0.0,0.0,2.0,0.0,0.0,0.0,1.0,0.0,0.0,11.4,11.4,,,,,,
2025,17,DAL,WAS,K.Turpin,0.0,0.0,0.0,0.0,0.0,0.0,,0.0,0.0,0.0,0.0,0.0,1.0,1.0,86.0,1.0,40.0,0.0,0.0,15.6,14.6,,,,,,
2025,17,DAL,WAS,L.Schoonmaker,0.0,0.0,0.0,0.0,0.0,0.0,,0.0,0.0,0.0,0.0,0.0,2.0,2.0,15.0,0.0,5.0,0.0,0.0,3.5,1.5,,,,,,
2025,17,DAL,WAS,M.Davis,0.0,0.0,0.0,0.0,0.0,0.0,,20.0,103.0,0.0,0.0,0.0,2.0,0.0,0.0,0.0,5.0,0.0,0.0,10.3,10.3,,,,,,
2025,17,DEN,KC,A.Prentice,0.0,0.0,0.0,0.0,0.0,0.0,,2.0,3.0,0.0,0.0,0.0,0.0,0.0,0.0,0.0,0.0,0.0,0.0,0.3,0.3,,,,,,
2025,17,DEN,KC,A.Trautman,0.0,0.0,0.0,0.0,0.0,0.0,,0.0,0.0,0.0,0.0,0.0,2.0,2.0,24.0,0.0,21.0,0.0,0.0,4.4,2.4,,,,,,
2025,17,DEN,KC,B.Nix,39.0,26.0,182.0,1.0,1.0,1.0,QB,9.0,42.0,1.0,0.0,0.0,0.0,0.0,0.0,0.0,0.0,0.0,0.0,20.48,20.48,,,,,,
2025,17,DEN,KC,C.Sutton,0.0,0.0,0.0,0.0,0.0,0.0,,0.0,0.0,0.0,0.0,0.0,10.0,4.0,40.0,0.0,107.0,0.0,0.0,8.0,4.0,,,,,,
2025,17,DEN,KC,E.Engram,0.0,0.0,0.0,0.0,0.0,0.0,,0.0,0.0,0.0,0.0,0.0,4.0,4.0,21.0,0.0,7.0,0.0,0.0,6.1,2.1,,,,,,
2025,17,DEN,KC,J.McLaughlin,0.0,0.0,0.0,0.0,0.0,0.0,,7.0,40.0,0.0,0.0,0.0,0.0,0.0,0.0,0.0,0.0,0.0,0.0,4.0,4.0,,,,,,
2025,17,DEN,KC,L.Humphrey,0.0,0.0,0.0,0.0,0.0,0.0,,0.0,0.0,0.0,0.0,0.0,5.0,2.0,23.0,0.0,39.0,0.0,0.0,4.3,2.3,,,,,,
2025,17,DEN,KC,M.Bandy,0.0,0.0,0.0,0.0,0.0,0.0,,0.0,0.0,0.0,0.0,0.0,2.0,2.0,14.0,0.0,11.0,0.0,0.0,3.4,1.4,,,,,,
2025,17,DEN,KC,M.Mims,0.0,0.0,0.0,0.0,0.0,0.0,,0.0,0.0,0.0,0.0,0.0,4.0,3.0,10.0,0.0,14.0,0.0,0.0,4.0,1.0,,,,,,
2025,17,DEN,KC,R.Harvey,0.0,0.0,0.0,0.0,0.0,0.0,,14.0,43.0,0.0,0.0,0.0,6.0,5.0,33.0,1.0,-2.0,0.0,0.0,18.6,13.6,,,,,,
2025,17,DEN,KC,T.Franklin,0.0,0.0,0.0,0.0,0.0,0.0,,0.0,0.0,0.0,0.0,0.0,4.0,4.0,17.0,0.0,9.0,0.0,0.0,5.7,1.7,,,,,,
2025,17,DET,MIN,A.Firkser,0.0,0.0,0.0,0.0,0.0,0.0,,0.0,0.0,0.0,0.0,0.0,1.0,0.0,0.0,0.0,2.0,0.0,0.0,0.0,0.0,,,,,,
2025,17,DET,MIN,A.St. Brown,0.0,0.0,0.0,0.0,0.0,0.0,,0.0,0.0,0.0,0.0,0.0,13.0,8.0,68.0,0.0,92.0,0.0,0.0,14.8,6.8,,,,,,
2025,17,DET,MIN,D.Montgomery,0.0,0.0,0.0,0.0,0.0,0.0,,10.0,25.0,0.0,0.0,0.0,2.0,2.0,15.0,0.0,-7.0,0.0,0.0,6.0,4.0,,,,,,
2025,17,DET,MIN,G.Ricci,0.0,0.0,0.0,0.0,0.0,0.0,,0.0,0.0,0.0,0.0,0.0,1.0,0.0,0.0,0.0,3.0,0.0,0.0,0.0,0.0,,,,,,
2025,17,DET,MIN,I.TeSlaa,0.0,0.0,0.0,0.0,0.0,0.0,,0.0,0.0,0.0,0.0,0.0,4.0,3.0,49.0,1.0,60.0,0.0,0.0,13.9,10.9,,,,,,
2025,17,DET,MIN,J.Gibbs,0.0,0.0,0.0,0.0,0.0,0.0,,17.0,41.0,0.0,1.0,1.0,3.0,2.0,23.0,0.0,12.0,0.0,0.0,8.4,6.4,,,,,,
2025,17,DET,MIN,J.Goff,34.0,18.0,197.0,1.0,2.0,5.0,QB,3.0,2.0,0.0,2.0,2.0,0.0,0.0,0.0,0.0,0.0,0.0,0.0,10.08,10.08,,,,,,
2025,17,DET,MIN,J.Williams,0.0,0.0,0.0,0.0,0.0,0.0,,0.0,0.0,0.0,0.0,0.0,3.0,2.0,37.0,0.0,33.0,0.0,0.0,5.7,3.7,,,,,,
2025,17,DET,MIN,K.Raymond,0.0,0.0,0.0,0.0,0.0,0.0,,0.0,0.0,0.0,0.0,0.0,2.0,1.0,5.0,0.0,4.0,0.0,0.0,1.5,0.5,,,,,,
2025,17,GB,BAL,B.Melton,0.0,0.0,0.0,0.0,0.0,0.0,,0.0,0.0,0.0,0.0,0.0,3.0,1.0,34.0,0.0,52.0,0.0,0.0,4.4,3.4,,,,,,
2025,17,GB,BAL,C.Brooks,0.0,0.0,0.0,0.0,0.0,0.0,,0.0,0.0,0.0,0.0,0.0,2.0,1.0,11.0,0.0,-2.0,0.0,0.0,2.1,1.1,,,,,,
2025,17,GB,BAL,C.Tune,5.0,1.0,8.0,0.0,1.0,1.0,QB,1.0,0.0,0.0,0.0,0.0,0.0,0.0,0.0,0.0,0.0,0.0,0.0,-0.68,-0.68,,,,,,
2025,17,GB,BAL,C.Watson,0.0,0.0,0.0,0.0,0.0,0.0,,0.0,0.0,0.0,0.0,0.0,6.0,5.0,113.0,1.0,93.0,0.0,0.0,22.3,17.3,,,,,,
2025,17,GB,BAL,D.Wicks,0.0,0.0,0.0,0.0,0.0,0.0,,0.0,0.0,0.0,0.0,0.0,1.0,1.0,7.0,0.0,6.0,0.0,0.0,1.7,0.7,,,,,,
2025,17,GB,BAL,E.Wilson,0.0,0.0,0.0,0.0,0.0,0.0,,3.0,16.0,0.0,0.0,0.0,1.0,1.0,8.0,0.0,3.0,0.0,0.0,3.4,2.4,,,,,,
2025,17,GB,BAL,J.Jacobs,0.0,0.0,0.0,0.0,0.0,0.0,,4.0,3.0,0.0,0.0,0.0,1.0,1.0,0.0,0.0,-3.0,0.0,0.0,1.3,0.3,,,,,,
2025,17,GB,BAL,J.Reed,0.0,0.0,0.0,0.0,0.0,0.0,,0.0,0.0,0.0,0.0,0.0,4.0,4.0,41.0,0.0,31.0,0.0,0.0,8.1,4.1,,,,,,
2025,17,GB,BAL,J.Whyle,0.0,0.0,0.0,0.0,0.0,0.0,,0.0,0.0,0.0,0.0,0.0,1.0,1.0,8.0,0.0,5.0,0.0,0.0,1.8,0.8,,,,,,
2025,17,GB,BAL,M.Golden,0.0,0.0,0.0,0.0,0.0,0.0,,0.0,0.0,0.0,0.0,0.0,3.0,1.0,12.0,0.0,57.0,0.0,0.0,2.2,1.2,,,,,,
2025,17,GB,BAL,M.Willis,22.0,18.0,288.0,1.0,0.0,1.0,QB,9.0,60.0,2.0,1.0,1.0,0.0,0.0,0.0,0.0,0.0,0.0,0.0,33.52,33.52,,,,,,
2025,17,GB,BAL,R.Doubs,0.0,0.0,0.0,0.0,0.0,0.0,,0.0,0.0,0.0,0.0,0.0,3.0,3.0,62.0,0.0,49.0,0.0,0.0,9.2,6.2,,,,,,
2025,17,HOU,LAC,C.Kirk,0.0,0.0,0.0,0.0,0.0,0.0,,0.0,0.0,0.0,0.0,0.0,5.0,2.0,1.0,0.0,14.0,0.0,0.0,2.1,0.1,,,,,,
2025,17,HOU,LAC,C.Stroud,28.0,16.0,244.0,2.0,2.0,0.0,QB,4.0,0.0,0.0,0.0,0.0,0.0,0.0,0.0,0.0,0.0,0.0,0.0,15.76,15.76,,,,,,
2025,17,HOU,LAC,D.Schultz,0.0,0.0,0.0,0.0,0.0,0.0,,0.0,0.0,0.0,0.0,0.0,4.0,3.0,19.0,0.0,0.0,1.0,0.0,4.9,1.9,,,,,,
2025,17,HOU,LAC,J.Higgins,0.0,0.0,0.0,0.0,0.0,0.0,,0.0,0.0,0.0,0.0,0.0,4.0,2.0,88.0,1.0,70.0,0.0,0.0,16.8,14.8,,,,,,
2025,17,HOU,LAC,J.Jordan,0.0,0.0,0.0,0.0,0.0,0.0,,8.0,36.0,0.0,0.0,0.0,0.0,0.0,0.0,0.0,0.0,0.0,0.0,3.6,3.6,,,,,,
2025,17,HOU,LAC,J.Noel,0.0,0.0,0.0,0.0,0.0,0.0,,1.0,2.0,0.0,0.0,0.0,4.0,3.0,54.0,1.0,65.0,0.0,0.0,14.6,11.6,,,,,,
2025,17,HOU,LAC,N.Chubb,0.0,0.0,0.0,0.0,0.0,0.0,,1.0,1.0,0.0,0.0,0.0,0.0,0.0,0.0,0.0,0.0,0.0,0.0,0.1,0.1,,,,,,
2025,17,HOU,LAC,N.Collins,0.0,0.0,0.0,0.0,0.0,0.0,,0.0,0.0,0.0,0.0,0.0,4.0,3.0,57.0,0.0,57.0,0.0,0.0,8.7,5.7,,,,,,
2025,17,HOU,LAC,W.Marks,0.0,0.0,0.0,0.0,0.0,0.0,,19.0,71.0,0.0,0.0,0.0,2.0,1.0,4.0,0.0,17.0,0.0,0.0,8.5,7.5,,,,,,
2025,17,HOU,LAC,X.Hutchinson,0.0,0.0,0.0,0.0,0.0,0.0,,1.0,8.0,0.0,0.0,0.0,3.0,2.0,21.0,0.0,22.0,0.0,0.0,4.9,2.9,,,,,,
2025,17,IND,JAX,A.Abdullah,0.0,0.0,0.0,0.0,0.0,0.0,,0.0,0.0,0.0,0.0,0.0,1.0,1.0,4.0,0.0,1.0,0.0,0.0,1.4,0.4,,,,,,
2025,17,IND,JAX,A.Pierce,0.0,0.0,0.0,0.0,0.0,0.0,,0.0,0.0,0.0,0.0,0.0,5.0,0.0,0.0,0.0,101.0,0.0,0.0,0.0,0.0,,,,,,
2025,17,IND,JAX,J.Downs,0.0,0.0,0.0,0.0,0.0,0.0,,0.0,0.0,0.0,0.0,0.0,5.0,2.0,34.0,0.0,49.0,0.0,0.0,5.4,3.4,,,,,,
2025,17,IND,JAX,J.Taylor,0.0,0.0,0.0,0.0,0.0,0.0,,21.0,70.0,1.0,0.0,0.0,6.0,3.0,14.0,0.0,-13.0,0.0,0.0,17.4,14.4,,,,,,
2025,17,IND,JAX,M.Alie-Cox,0.0,0.0,0.0,0.0,0.0,0.0,,0.0,0.0,0.0,0.0,0.0,3.0,3.0,20.0,1.0,15.0,0.0,0.0,11.0,8.0,,,,,,
2025,17,IND,JAX,M.Pittman,0.0,0.0,0.0,0.0,0.0,0.0,,0.0,0.0,0.0,0.0,0.0,3.0,2.0,16.0,0.0,26.0,0.0,0.0,3.6,1.6,,,,,,
2025,17,IND,JAX,P.Rivers,32.0,17.0,147.0,1.0,1.0,2.0,QB,1.0,-1.0,0.0,0.0,0.0,0.0,0.0,0.0,0.0,0.0,0.0,0.0,8.78,8.78,,,,,,
2025,17,IND,JAX,R.Leonard,1.0,0.0,0.0,0.0,1.0,0.0,QB,0.0,0.0,0.0,0.0,0.0,0.0,0.0,0.0,0.0,0.0,0.0,0.0,-1.0,-1.0,,,,,,
2025,17,IND,JAX,T.Warren,0.0,0.0,0.0,0.0,0.0,0.0,,0.0,0.0,0.0,0.0,0.0,5.0,5.0,43.0,0.0,23.0,0.0,0.0,9.3,4.3,,,,,,
2025,17,IND,JAX,W.Mallory,0.0,0.0,0.0,0.0,0.0,0.0,,0.0,0.0,0.0,0.0,0.0,1.0,1.0,16.0,0.0,16.0,0.0,0.0,2.6,1.6,,,,,,
2025,17,JAX,IND,B.Strange,0.0,0.0,0.0,0.0,0.0,0.0,,0.0,0.0,0.0,0.0,0.0,5.0,3.0,54.0,0.0,19.0,0.0,0.0,8.4,5.4,,,,,,
2025,17,JAX,IND,B.Thomas,0.0,0.0,0.0,0.0,0.0,0.0,,0.0,0.0,0.0,0.0,0.0,7.0,4.0,39.0,0.0,108.0,0.0,0.0,7.9,3.9,,,,,,
2025,17,JAX,IND,D.Dallas,0.0,0.0,0.0,0.0,0.0,0.0,,2.0,21.0,0.0,0.0,0.0,1.0,0.0,0.0,0.0,-1.0,0.0,0.0,2.1,2.1,,,,,,
2025,17,JAX,IND,J.Meyers,0.0,0.0,0.0,0.0,0.0,0.0,,0.0,0.0,0.0,0.0,0.0,9.0,6.0,39.0,0.0,97.0,1.0,1.0,9.9,3.9,,,,,,
2025,17,JAX,IND,J.Mundt,0.0,0.0,0.0,0.0,0.0,0.0,,0.0,0.0,0.0,0.0,0.0,1.0,0.0,0.0,0.0,20.0,0.0,0.0,0.0,0.0,,,,,,
2025,17,JAX,IND,L.Allen,0.0,0.0,0.0,0.0,0.0,0.0,,1.0,3.0,0.0,0.0,0.0,0.0,0.0,0.0,0.0,0.0,0.0,0.0,0.3,0.3,,,,,,
2025,17,JAX,IND,P.Washington,0.0,0.0,0.0,0.0,0.0,0.0,,1.0,-5.0,0.0,0.0,0.0,10.0,8.0,115.0,0.0,114.0,0.0,0.0,19.0,11.0,,,,,,
2025,17,JAX,IND,T.Etienne,0.0,0.0,0.0,0.0,0.0,0.0,,17.0,76.0,0.0,0.0,0.0,3.0,2.0,16.0,0.0,-8.0,0.0,0.0,11.2,9.2,,,,,,
2025,17,JAX,IND,T.Lawrence,39.0,23.0,263.0,0.0,1.0,2.0,QB,8.0,26.0,2.0,0.0,0.0,0.0,0.0,0.0,0.0,0.0,0.0,0.0,24.12,24.12,,,,,,
2025,17,JAX,IND,T.Patrick,0.0,0.0,0.0,0.0,0.0,0.0,,0.0,0.0,0.0,0.0,0.0,1.0,0.0,0.0,0.0,13.0,0.0,0.0,0.0,0.0,,,,,,
2025,17,KC,DEN,B.Smith,0.0,0.0,0.0,0.0,0.0,0.0,,0.0,0.0,0.0,0.0,0.0,4.0,3.0,5.0,1.0,-16.0,0.0,0.0,9.5,6.5,,,,,,
2025,17,KC,DEN,C.Oladokun,23.0,13.0,66.0,1.0,0.0,1.0,QB,2.0,11.0,0.0,0.0,0.0,0.0,0.0,0.0,0.0,0.0,0.0,0.0,7.74,7.74,,,,,,
2025,17,KC,DEN,I.Pacheco,0.0,0.0,0.0,0.0,0.0,0.0,,9.0,32.0,0.0,0.0,0.0,0.0,0.0,0.0,0.0,0.0,0.0,0.0,3.2,3.2,,,,,,
2025,17,KC,DEN,J.Smith-Schuster,0.0,0.0,0.0,0.0,0.0,0.0,,0.0,0.0,0.0,0.0,0.0,3.0,3.0,16.0,0.0,12.0,1.0,0.0,4.6,1.6,,,,,,
2025,17,KC,DEN,K.Hunt,0.0,0.0,0.0,0.0,0.0,0.0,,7.0,38.0,0.0,0.0,0.0,0.0,0.0,0.0,0.0,0.0,0.0,0.0,3.8,3.8,,,,,,
2025,17,KC,DEN,M.Brown,0.0,0.0,0.0,0.0,0.0,0.0,,0.0,0.0,0.0,0.0,0.0,3.0,1.0,7.0,0.0,36.0,0.0,0.0,1.7,0.7,,,,,,
2025,17,KC,DEN,N.Gray,0.0,0.0,0.0,0.0,0.0,0.0,,0.0,0.0,0.0,0.0,0.0,1.0,1.0,2.0,0.0,0.0,0.0,0.0,1.2,0.2,,,,,,
2025,17,KC,DEN,T.Kelce,0.0,0.0,0.0,0.0,0.0,0.0,,0.0,0.0,0.0,0.0,0.0,6.0,5.0,36.0,0.0,41.0,0.0,0.0,8.6,3.6,,,,,,
2025,17,KC,DEN,X.Worthy,0.0,0.0,0.0,0.0,0.0,0.0,,1.0,1.0,0.0,0.0,0.0,3.0,0.0,0.0,0.0,38.0,0.0,0.0,0.1,0.1,,,,,,
2025,17,LA,ATL,B.Corum,0.0,0.0,0.0,0.0,0.0,0.0,,6.0,18.0,0.0,0.0,0.0,0.0,0.0,0.0,0.0,0.0,0.0,0.0,1.8,1.8,,,,,,
2025,17,LA,ATL,C.Parkinson,0.0,0.0,0.0,0.0,0.0,0.0,,0.0,0.0,0.0,0.0,0.0,7.0,6.0,53.0,0.0,43.0,0.0,0.0,11.3,5.3,,,,,,
2025,17,LA,ATL,K.Mumpfield,0.0,0.0,0.0,0.0,0.0,0.0,,0.0,0.0,0.0,0.0,0.0,5.0,2.0,10.0,0.0,68.0,0.0,0.0,3.0,1.0,,,,,,
2025,17,LA,ATL,K.Williams,0.0,0.0,0.0,0.0,0.0,0.0,,13.0,92.0,0.0,0.0,0.0,3.0,3.0,38.0,0.0,9.0,0.0,0.0,16.0,13.0,,,,,,
2025,17,LA,ATL,M.Stafford,41.0,22.0,269.0,2.0,3.0,3.0,QB,0.0,0.0,0.0,0.0,0.0,0.0,0.0,0.0,0.0,0.0,0.0,0.0,15.76,15.76,,,,,,
2025,17,LA,ATL,P.Nacua,0.0,0.0,0.0,0.0,0.0,0.0,,0.0,0.0,0.0,0.0,0.0,10.0,5.0,47.0,1.0,119.0,0.0,0.0,15.7,10.7,,,,,,
2025,17,LA,ATL,R.Rivers,0.0,0.0,0.0,0.0,0.0,0.0,,1.0,5.0,0.0,0.0,0.0,0.0,0.0,0.0,0.0,0.0,0.0,0.0,0.5,0.5,,,,,,
2025,17,LA,ATL,T.Atwell,0.0,0.0,0.0,0.0,0.0,0.0,,0.0,0.0,0.0,0.0,0.0,1.0,0.0,0.0,0.0,51.0,0.0,0.0,0.0,0.0,,,,,,
2025,17,LA,ATL,T.Ferguson,0.0,0.0,0.0,0.0,0.0,0.0,,0.0,0.0,0.0,0.0,0.0,4.0,2.0,54.0,1.0,72.0,0.0,0.0,13.4,11.4,,,,,,
2025,17,LA,ATL,X.Smith,0.0,0.0,0.0,0.0,0.0,0.0,,0.0,0.0,0.0,0.0,0.0,6.0,4.0,67.0,0.0,110.0,0.0,0.0,10.7,6.7,,,,,,
2025,17,LAC,HOU,J.Herbert,37.0,21.0,236.0,1.0,1.0,5.0,QB,6.0,37.0,0.0,1.0,0.0,0.0,0.0,0.0,0.0,0.0,0.0,0.0,16.14,16.14,,,,,,
2025,17,LAC,HOU,J.Patterson,0.0,0.0,0.0,0.0,0.0,0.0,,1.0,1.0,0.0,0.0,0.0,0.0,0.0,0.0,0.0,0.0,0.0,0.0,0.1,0.1,,,,,,
2025,17,LAC,HOU,K.Allen,0.0,0.0,0.0,0.0,0.0,0.0,,0.0,0.0,0.0,0.0,0.0,3.0,1.0,17.0,0.0,28.0,0.0,0.0,2.7,1.7,,,,,,
2025,17,LAC,HOU,K.Lambert-Smith,0.0,0.0,0.0,0.0,0.0,0.0,,0.0,0.0,0.0,0.0,0.0,1.0,0.0,0.0,0.0,12.0,0.0,0.0,0.0,0.0,,,,,,
2025,17,LAC,HOU,L.McConkey,0.0,0.0,0.0,0.0,0.0,0.0,,0.0,0.0,0.0,0.0,0.0,2.0,1.0,31.0,0.0,34.0,0.0,0.0,4.1,3.1,,,,,,
2025,17,LAC,HOU,O.Gadsden,0.0,0.0,0.0,0.0,0.0,0.0,,0.0,0.0,0.0,0.0,0.0,6.0,3.0,32.0,1.0,58.0,0.0,0.0,12.2,9.2,,,,,,
2025,17,LAC,HOU,O.Hampton,0.0,0.0,0.0,0.0,0.0,0.0,,14.0,29.0,1.0,0.0,0.0,8.0,8.0,31.0,0.0,-26.0,0.0,0.0,20.0,12.0,,,,,,
2025,17,LAC,HOU,Q.Johnston,0.0,0.0,0.0,0.0,0.0,0.0,,0.0,0.0,0.0,0.0,0.0,8.0,5.0,98.0,0.0,165.0,0.0,0.0,14.8,9.8,,,,,,
2025,17,LAC,HOU,T.Harris,0.0,0.0,0.0,0.0,0.0,0.0,,1.0,7.0,0.0,0.0,0.0,1.0,1.0,8.0,0.0,-1.0,0.0,0.0,2.5,1.5,,,,,,
2025,17,LAC,HOU,W.Dissly,0.0,0.0,0.0,0.0,0.0,0.0,,0.0,0.0,0.0,0.0,0.0,2.0,2.0,19.0,0.0,1.0,0.0,0.0,3.9,1.9,,,,,,
2025,17,LV,NYG,A.Jeanty,0.0,0.0,0.0,0.0,0.0,0.0,,16.0,60.0,0.0,0.0,0.0,2.0,2.0,13.0,0.0,9.0,0.0,0.0,9.3,7.3,,,,,,
2025,17,LV,NYG,D.Thornton,0.0,0.0,0.0,0.0,0.0,0.0,,0.0,0.0,0.0,0.0,0.0,4.0,2.0,12.0,0.0,57.0,0.0,0.0,3.2,1.2,,,,,,
2025,17,LV,NYG,G.Smith,31.0,20.0,176.0,1.0,2.0,3.0,QB,1.0,1.0,0.0,0.0,0.0,0.0,0.0,0.0,0.0,0.0,0.0,0.0,9.14,9.14,,,,,,
2025,17,LV,NYG,K.Pickett,3.0,2.0,16.0,0.0,0.0,1.0,QB,0.0,0.0,0.0,0.0,0.0,0.0,0.0,0.0,0.0,0.0,0.0,0.0,0.64,0.64,,,,,,
2025,17,LV,NYG,M.Mayer,0.0,0.0,0.0,0.0,0.0,0.0,,0.0,0.0,0.0,0.0,0.0,10.0,9.0,89.0,0.0,31.0,0.0,0.0,17.9,8.9,,,,,,
2025,17,LV,NYG,S.Jackson,0.0,0.0,0.0,0.0,0.0,0.0,,0.0,0.0,0.0,0.0,0.0,3.0,2.0,20.0,0.0,45.0,0.0,0.0,4.0,2.0,,,,,,
2025,17,LV,NYG,T.Lockett,0.0,0.0,0.0,0.0,0.0,0.0,,0.0,0.0,0.0,0.0,0.0,3.0,2.0,9.0,1.0,18.0,0.0,0.0,8.9,6.9,,,,,,
2025,17,LV,NYG,T.Tucker,0.0,0.0,0.0,0.0,0.0,0.0,,2.0,0.0,0.0,0.0,0.0,6.0,5.0,49.0,0.0,16.0,0.0,0.0,9.9,4.9,,,,,,
2025,17,LV,NYG,Z.White,0.0,0.0,0.0,0.0,0.0,0.0,,1.0,2.0,0.0,0.0,0.0,0.0,0.0,0.0,0.0,0.0,0.0,0.0,0.2,0.2,,,,,,
2025,17,MIA,TB,C.Wilson,0.0,0.0,0.0,0.0,0.0,0.0,,0.0,0.0,0.0,0.0,0.0,2.0,1.0,8.0,0.0,15.0,0.0,0.0,1.8,0.8,,,,,,
2025,17,MIA,TB,D.Achane,0.0,0.0,0.0,0.0,0.0,0.0,,18.0,83.0,0.0,0.0,0.0,3.0,3.0,29.0,0.0,0.0,0.0,0.0,14.2,11.2,,,,,,
2025,17,MIA,TB,D.Waller,0.0,0.0,0.0,0.0,0.0,0.0,,0.0,0.0,0.0,0.0,0.0,3.0,1.0,0.0,0.0,41.0,0.0,0.0,1.0,0.0,,,,,,
2025,17,MIA,TB,G.Dulcich,0.0,0.0,0.0,0.0,0.0,0.0,,1.0,-7.0,0.0,0.0,0.0,6.0,5.0,58.0,1.0,24.0,0.0,0.0,16.1,11.1,,,,,,
2025,17,MIA,TB,J.Hill,0.0,0.0,0.0,0.0,0.0,0.0,,0.0,0.0,0.0,0.0,0.0,2.0,1.0,16.0,0.0,8.0,0.0,0.0,2.6,1.6,,,,,,
2025,17,MIA,TB,J.Waddle,0.0,0.0,0.0,0.0,0.0,0.0,,1.0,7.0,0.0,0.0,0.0,1.0,0.0,0.0,0.0,15.0,0.0,0.0,0.7,0.7,,,,,,
2025,17,MIA,TB,J.Wright,0.0,0.0,0.0,0.0,0.0,0.0,,5.0,56.0,0.0,0.0,0.0,0.0,0.0,0.0,0.0,0.0,0.0,0.0,5.6,5.6,,,,,,
2025,17,MIA,TB,M.Washington,0.0,0.0,0.0,0.0,0.0,0.0,,1.0,1.0,0.0,0.0,0.0,3.0,1.0,4.0,0.0,78.0,0.0,0.0,1.5,0.5,,,,,,
2025,17,MIA,TB,Q.Ewers,24.0,14.0,172.0,2.0,0.0,2.0,QB,4.0,5.0,0.0,1.0,0.0,1.0,1.0,-6.0,0.0,-6.0,0.0,0.0,15.78,14.78,,,,,,
2025,17,MIA,TB,T.Wease,0.0,0.0,0.0,0.0,0.0,0.0,,0.0,0.0,0.0,0.0,0.0,1.0,1.0,63.0,1.0,21.0,0.0,0.0,13.3,12.3,,,,,,
2025,17,MIN,DET,A.Jones,0.0,0.0,0.0,0.0,0.0,0.0,,18.0,53.0,1.0,0.0,0.0,4.0,3.0,10.0,0.0,2.0,0.0,0.0,15.3,12.3,,,,,,
2025,17,MIN,DET,B.Sims,0.0,0.0,0.0,0.0,0.0,0.0,,0.0,0.0,0.0,0.0,0.0,1.0,1.0,3.0,0.0,3.0,0.0,0.0,1.3,0.3,,,,,,
2025,17,MIN,DET,J.Addison,0.0,0.0,0.0,0.0,0.0,0.0,,1.0,65.0,1.0,0.0,0.0,1.0,0.0,0.0,0.0,19.0,0.0,0.0,12.5,12.5,,,,,,
2025,17,MIN,DET,J.Jefferson,0.0,0.0,0.0,0.0,0.0,0.0,,0.0,0.0,0.0,0.0,0.0,5.0,4.0,30.0,0.0,20.0,0.0,0.0,7.0,3.0,,,,,,
2025,17,MIN,DET,J.Nailor,0.0,0.0,0.0,0.0,0.0,0.0,,0.0,0.0,0.0,0.0,0.0,1.0,0.0,0.0,0.0,2.0,0.0,0.0,0.0,0.0,,,,,,
2025,17,MIN,DET,J.Oliver,0.0,0.0,0.0,0.0,0.0,0.0,,0.0,0.0,0.0,0.0,0.0,2.0,1.0,8.0,0.0,10.0,0.0,0.0,1.8,0.8,,,,,,
2025,17,MIN,DET,M.Brosmer,23.0,9.0,51.0,0.0,0.0,7.0,QB,2.0,16.0,0.0,0.0,0.0,0.0,0.0,0.0,0.0,0.0,0.0,0.0,3.64,3.64,,,,,,
2025,17,MIN,DET,T.Chandler,0.0,0.0,0.0,0.0,0.0,0.0,,7.0,24.0,0.0,0.0,0.0,0.0,0.0,0.0,0.0,0.0,0.0,0.0,2.4,2.4,,,,,,
2025,17,NE,NYJ,A.Hooper,0.0,0.0,0.0,0.0,0.0,0.0,,0.0,0.0,0.0,0.0,0.0,2.0,2.0,11.0,1.0,8.0,0.0,0.0,9.1,7.1,,,,,,
2025,17,NE,NYJ,D.Douglas,0.0,0.0,0.0,0.0,0.0,0.0,,0.0,0.0,0.0,0.0,0.0,2.0,1.0,10.0,0.0,19.0,0.0,0.0,2.0,1.0,,,,,,
2025,17,NE,NYJ,D.Johnson,0.0,0.0,0.0,0.0,0.0,0.0,,4.0,5.0,0.0,0.0,0.0,0.0,0.0,0.0,0.0,0.0,0.0,0.0,0.5,0.5,,,,,,
2025,17,NE,NYJ,D.Maye,22.0,19.0,256.0,5.0,0.0,1.0,QB,3.0,22.0,0.0,0.0,0.0,0.0,0.0,0.0,0.0,0.0,0.0,0.0,32.44,32.44,,,,,,
2025,17,NE,NYJ,E.Chism,0.0,0.0,0.0,0.0,0.0,0.0,,0.0,0.0,0.0,0.0,0.0,2.0,2.0,40.0,1.0,16.0,0.0,0.0,12.0,10.0,,,,,,
2025,17,NE,NYJ,H.Henry,0.0,0.0,0.0,0.0,0.0,0.0,,0.0,0.0,0.0,0.0,0.0,3.0,3.0,49.0,1.0,20.0,0.0,0.0,13.9,10.9,,,,,,
2025,17,NE,NYJ,J.Dobbs,4.0,3.0,30.0,0.0,0.0,0.0,QB,2.0,-1.0,0.0,0.0,0.0,0.0,0.0,0.0,0.0,0.0,0.0,0.0,1.1,1.1,,,,,,
2025,17,NE,NYJ,K.Williams,0.0,0.0,0.0,0.0,0.0,0.0,,0.0,0.0,0.0,0.0,0.0,5.0,3.0,20.0,0.0,66.0,0.0,0.0,5.0,2.0,,,,,,
2025,17,NE,NYJ,R.Stevenson,0.0,0.0,0.0,0.0,0.0,0.0,,8.0,47.0,1.0,0.0,0.0,5.0,5.0,55.0,1.0,30.0,0.0,0.0,27.2,22.2,,,,,,
2025,17,NE,NYJ,S.Diggs,0.0,0.0,0.0,0.0,0.0,0.0,,0.0,0.0,0.0,0.0,0.0,6.0,6.0,101.0,1.0,61.0,0.0,0.0,22.1,16.1,,,,,,
2025,17,NE,NYJ,T.Henderson,0.0,0.0,0.0,0.0,0.0,0.0,,19.0,82.0,0.0,0.0,0.0,0.0,0.0,0.0,0.0,0.0,0.0,0.0,8.2,8.2,,,,,,
2025,17,NO,TEN,A.Estime,0.0,0.0,0.0,0.0,0.0,0.0,,14.0,94.0,1.0,0.0,0.0,1.0,1.0,4.0,0.0,0.0,0.0,0.0,16.8,15.8,,,,,,
2025,17,NO,TEN,C.Olave,0.0,0.0,0.0,0.0,0.0,0.0,,0.0,0.0,0.0,0.0,0.0,11.0,8.0,119.0,1.0,115.0,0.0,0.0,25.9,17.9,,,,,,
2025,17,NO,TEN,D.Pettis,0.0,0.0,0.0,0.0,0.0,0.0,,0.0,0.0,0.0,0.0,0.0,4.0,3.0,53.0,0.0,53.0,1.0,1.0,8.3,5.3,,,,,,
2025,17,NO,TEN,E.Hull,0.0,0.0,0.0,0.0,0.0,0.0,,2.0,3.0,0.0,0.0,0.0,0.0,0.0,0.0,0.0,0.0,0.0,0.0,0.3,0.3,,,,,,
2025,17,NO,TEN,J.Johnson,0.0,0.0,0.0,0.0,0.0,0.0,,0.0,0.0,0.0,0.0,0.0,4.0,4.0,95.0,0.0,58.0,0.0,0.0,13.5,9.5,,,,,,
2025,17,NO,TEN,K.Austin,0.0,0.0,0.0,0.0,0.0,0.0,,0.0,0.0,0.0,0.0,0.0,5.0,4.0,52.0,1.0,51.0,0.0,0.0,15.2,11.2,,,,,,
2025,17,NO,TEN,M.Matavao,0.0,0.0,0.0,0.0,0.0,0.0,,0.0,0.0,0.0,0.0,0.0,2.0,2.0,10.0,0.0,5.0,0.0,0.0,3.0,1.0,,,,,,
2025,17,NO,TEN,T.Hill,0.0,0.0,0.0,0.0,0.0,0.0,,3.0,0.0,0.0,0.0,0.0,0.0,0.0,0.0,0.0,0.0,0.0,0.0,0.0,0.0,,,,,,
2025,17,NO,TEN,T.Shough,29.0,22.0,333.0,2.0,0.0,2.0,QB,4.0,6.0,0.0,0.0,0.0,0.0,0.0,0.0,0.0,0.0,0.0,0.0,21.92,21.92,,,,,,
2025,17,NYG,LV,D.Bellinger,0.0,0.0,0.0,0.0,0.0,0.0,,0.0,0.0,0.0,0.0,0.0,3.0,2.0,11.0,0.0,12.0,0.0,0.0,3.1,1.1,,,,,,
2025,17,NYG,LV,D.Singletary,0.0,0.0,0.0,0.0,0.0,0.0,,8.0,45.0,1.0,0.0,0.0,4.0,4.0,25.0,0.0,-13.0,0.0,0.0,17.0,13.0,,,,,,
2025,17,NYG,LV,D.Slayton,0.0,0.0,0.0,0.0,0.0,0.0,,0.0,0.0,0.0,0.0,0.0,3.0,2.0,36.0,0.0,40.0,0.0,0.0,5.6,3.6,,,,,,
2025,17,NYG,LV,G.Olszewski,0.0,0.0,0.0,0.0,0.0,0.0,,0.0,0.0,0.0,0.0,0.0,1.0,1.0,19.0,0.0,3.0,0.0,0.0,2.9,1.9,,,,,,
2025,17,NYG,LV,I.Hodgins,0.0,0.0,0.0,0.0,0.0,0.0,,0.0,0.0,0.0,0.0,0.0,2.0,1.0,8.0,0.0,8.0,0.0,0.0,1.8,0.8,,,,,,
2025,17,NYG,LV,J.Dart,32.0,22.0,207.0,0.0,0.0,2.0,QB,9.0,48.0,2.0,0.0,0.0,0.0,0.0,0.0,0.0,0.0,0.0,0.0,25.08,25.08,,,,,,
2025,17,NYG,LV,T.Tracy,0.0,0.0,0.0,0.0,0.0,0.0,,14.0,62.0,0.0,0.0,0.0,2.0,1.0,-5.0,0.0,15.0,0.0,0.0,6.7,5.7,,,,,,
2025,17,NYG,LV,W.Robinson,0.0,0.0,0.0,0.0,0.0,0.0,,0.0,0.0,0.0,0.0,0.0,14.0,11.0,113.0,0.0,77.0,0.0,0.0,22.3,11.3,,,,,,
2025,17,NYJ,NE,A.McNamara,1.0,1.0,3.0,0.0,0.0,0.0,QB,0.0,0.0,0.0,0.0,0.0,0.0,0.0,0.0,0.0,0.0,0.0,0.0,0.12,0.12,,,,,,
2025,17,NYJ,NE,A.Mitchell,0.0,0.0,0.0,0.0,0.0,0.0,,0.0,0.0,0.0,0.0,0.0,9.0,3.0,22.0,0.0,116.0,0.0,0.0,5.2,2.2,,,,,,
2025,17,NYJ,NE,A.Smith,0.0,0.0,0.0,0.0,0.0,0.0,,0.0,0.0,0.0,0.0,0.0,1.0,1.0,5.0,0.0,-8.0,0.0,0.0,1.5,0.5,,,,,,
2025,17,NYJ,NE,B.Cook,34.0,19.0,152.0,0.0,1.0,1.0,QB,2.0,1.0,0.0,1.0,0.0,0.0,0.0,0.0,0.0,0.0,0.0,0.0,5.18,5.18,,,,,,
2025,17,NYJ,NE,B.Hall,0.0,0.0,0.0,0.0,0.0,0.0,,14.0,111.0,1.0,0.0,0.0,3.0,2.0,18.0,0.0,-10.0,0.0,0.0,20.9,18.9,,,,,,
2025,17,NYJ,NE,I.Davis,0.0,0.0,0.0,0.0,0.0,0.0,,3.0,11.0,0.0,0.0,0.0,1.0,1.0,9.0,0.0,-5.0,0.0,0.0,3.0,2.0,,,,,,
2025,17,NYJ,NE,I.Williams,0.0,0.0,0.0,0.0,0.0,0.0,,1.0,5.0,0.0,0.0,0.0,5.0,4.0,30.0,0.0,15.0,0.0,0.0,7.5,3.5,,,,,,
2025,17,NYJ,NE,J.Metchie,0.0,0.0,0.0,0.0,0.0,0.0,,0.0,0.0,0.0,0.0,0.0,3.0,3.0,41.0,0.0,21.0,0.0,0.0,7.1,4.1,,,,,,
2025,17,NYJ,NE,J.Ruckert,0.0,0.0,0.0,0.0,0.0,0.0,,0.0,0.0,0.0,0.0,0.0,3.0,1.0,2.0,0.0,4.0,0.0,0.0,1.2,0.2,,,,,,
2025,17,NYJ,NE,J.Woods,0.0,0.0,0.0,0.0,0.0,0.0,,0.0,0.0,0.0,0.0,0.0,1.0,1.0,4.0,0.0,3.0,0.0,0.0,1.4,0.4,,,,,,
2025,17,NYJ,NE,K.Herbert,0.0,0.0,0.0,0.0,0.0,0.0,,2.0,5.0,0.0,0.0,0.0,1.0,0.0,0.0,0.0,-3.0,0.0,0.0,0.5,0.5,,,,,,
2025,17,NYJ,NE,K.Nwangwu,0.0,0.0,0.0,0.0,0.0,0.0,,6.0,31.0,0.0,0.0,0.0,0.0,0.0,0.0,0.0,0.0,0.0,0.0,3.1,3.1,,,,,,
2025,17,NYJ,NE,M.Moore,0.0,0.0,0.0,0.0,0.0,0.0,,0.0,0.0,0.0,0.0,0.0,1.0,1.0,3.0,0.0,3.0,0.0,0.0,1.3,0.3,,,,,,
2025,17,NYJ,NE,S.Smartt,0.0,0.0,0.0,0.0,0.0,0.0,,0.0,0.0,0.0,0.0,0.0,3.0,2.0,18.0,0.0,11.0,0.0,0.0,3.8,1.8,,,,,,
2025,17,NYJ,NE,T.Johnson,0.0,0.0,0.0,0.0,0.0,0.0,,0.0,0.0,0.0,0.0,0.0,1.0,1.0,3.0,0.0,3.0,0.0,0.0,1.3,0.3,,,,,,
2025,17,PHI,BUF,A.Brown,0.0,0.0,0.0,0.0,0.0,0.0,,0.0,0.0,0.0,0.0,0.0,7.0,5.0,68.0,0.0,93.0,0.0,0.0,11.8,6.8,,,,,,
2025,17,PHI,BUF,D.Cooper,0.0,0.0,0.0,0.0,0.0,0.0,,0.0,0.0,0.0,0.0,0.0,1.0,1.0,4.0,0.0,3.0,0.0,0.0,1.4,0.4,,,,,,
2025,17,PHI,BUF,D.Goedert,0.0,0.0,0.0,0.0,0.0,0.0,,0.0,0.0,0.0,0.0,0.0,6.0,3.0,8.0,1.0,26.0,0.0,0.0,9.8,6.8,,,,,,
2025,17,PHI,BUF,D.Smith,0.0,0.0,0.0,0.0,0.0,0.0,,0.0,0.0,0.0,0.0,0.0,5.0,2.0,25.0,0.0,76.0,0.0,0.0,4.5,2.5,,,,,,
2025,17,PHI,BUF,G.Calcaterra,0.0,0.0,0.0,0.0,0.0,0.0,,0.0,0.0,0.0,0.0,0.0,1.0,1.0,3.0,0.0,3.0,0.0,0.0,1.3,0.3,,,,,,
2025,17,PHI,BUF,J.Dotson,0.0,0.0,0.0,0.0,0.0,0.0,,0.0,0.0,0.0,0.0,0.0,1.0,0.0,0.0,0.0,37.0,0.0,0.0,0.0,0.0,,,,,,
2025,17,PHI,BUF,J.Hurts,28.0,13.0,110.0,1.0,0.0,1.0,QB,3.0,5.0,0.0,0.0,0.0,0.0,0.0,0.0,0.0,0.0,0.0,0.0,8.9,8.9,,,,,,
2025,17,PHI,BUF,S.Barkley,0.0,0.0,0.0,0.0,0.0,0.0,,19.0,68.0,0.0,0.0,0.0,0.0,0.0,0.0,0.0,0.0,0.0,0.0,6.8,6.8,,,,,,
2025,17,PHI,BUF,T.Bigsby,0.0,0.0,0.0,0.0,0.0,0.0,,2.0,7.0,0.0,0.0,0.0,1.0,1.0,2.0,0.0,-1.0,0.0,0.0,1.9,0.9,,,,,,
2025,17,PHI,BUF,W.Shipley,0.0,0.0,0.0,0.0,0.0,0.0,,2.0,2.0,0.0,0.0,0.0,0.0,0.0,0.0,0.0,0.0,0.0,0.0,0.2,0.2,,,,,,
2025,17,PIT,CLE,A.Rodgers,41.0,21.0,168.0,0.0,0.0,2.0,QB,1.0,6.0,0.0,0.0,0.0,0.0,0.0,0.0,0.0,0.0,0.0,0.0,7.32,7.32,,,,,,
2025,17,PIT,CLE,A.Thielen,0.0,0.0,0.0,0.0,0.0,0.0,,0.0,0.0,0.0,0.0,0.0,5.0,2.0,14.0,0.0,50.0,0.0,0.0,3.4,1.4,,,,,,
2025,17,PIT,CLE,Co.Heyward,0.0,0.0,0.0,0.0,0.0,0.0,,2.0,26.0,0.0,0.0,0.0,0.0,0.0,0.0,0.0,0.0,0.0,0.0,2.6,2.6,,,,,,
2025,17,PIT,CLE,D.Washington,0.0,0.0,0.0,0.0,0.0,0.0,,0.0,0.0,0.0,0.0,0.0,2.0,2.0,15.0,0.0,4.0,0.0,0.0,3.5,1.5,,,,,,
2025,17,PIT,CLE,J.Smith,0.0,0.0,0.0,0.0,0.0,0.0,,2.0,9.0,0.0,0.0,0.0,5.0,5.0,18.0,0.0,8.0,0.0,0.0,7.7,2.7,,,,,,
2025,17,PIT,CLE,J.Warren,0.0,0.0,0.0,0.0,0.0,0.0,,12.0,64.0,0.0,1.0,0.0,0.0,0.0,0.0,0.0,0.0,0.0,0.0,6.4,6.4,,,,,,
2025,17,PIT,CLE,K.Gainwell,0.0,0.0,0.0,0.0,0.0,0.0,,7.0,26.0,0.0,0.0,0.0,4.0,3.0,12.0,0.0,-11.0,0.0,0.0,6.8,3.8,,,,,,
2025,17,PIT,CLE,M.Valdes-Scantling,0.0,0.0,0.0,0.0,0.0,0.0,,0.0,0.0,0.0,0.0,0.0,9.0,3.0,21.0,0.0,85.0,1.0,0.0,5.1,2.1,,,,,,
2025,17,PIT,CLE,P.Freiermuth,0.0,0.0,0.0,0.0,0.0,0.0,,0.0,0.0,0.0,0.0,0.0,5.0,3.0,63.0,0.0,43.0,0.0,0.0,9.3,6.3,,,,,,
2025,17,PIT,CLE,S.Miller,0.0,0.0,0.0,0.0,0.0,0.0,,0.0,0.0,0.0,0.0,0.0,7.0,3.0,25.0,0.0,51.0,0.0,0.0,5.5,2.5,,,,,,
2025,17,SEA,CAR,A.Barner,0.0,0.0,0.0,0.0,0.0,0.0,,0.0,0.0,0.0,0.0,0.0,3.0,3.0,43.0,1.0,10.0,0.0,0.0,13.3,10.3,,,,,,
2025,17,SEA,CAR,C.Kupp,0.0,0.0,0.0,0.0,0.0,0.0,,0.0,0.0,0.0,0.0,0.0,3.0,1.0,6.0,0.0,17.0,0.0,0.0,1.6,0.6,,,,,,
2025,17,SEA,CAR,D.Young,0.0,0.0,0.0,0.0,0.0,0.0,,0.0,0.0,0.0,0.0,0.0,1.0,0.0,0.0,0.0,9.0,0.0,0.0,0.0,0.0,,,,,,
2025,17,SEA,CAR,E.Saubert,0.0,0.0,0.0,0.0,0.0,0.0,,0.0,0.0,0.0,0.0,0.0,2.0,0.0,0.0,0.0,18.0,0.0,0.0,0.0,0.0,,,,,,
2025,17,SEA,CAR,J.Smith-Njigba,0.0,0.0,0.0,0.0,0.0,0.0,,0.0,0.0,0.0,0.0,0.0,12.0,9.0,72.0,0.0,93.0,0.0,0.0,16.2,7.2,,,,,,
2025,17,SEA,CAR,K.Walker,0.0,0.0,0.0,0.0,0.0,0.0,,15.0,51.0,0.0,0.0,0.0,2.0,2.0,6.0,0.0,-8.0,1.0,0.0,7.7,5.7,,,,,,
2025,17,SEA,CAR,R.Shaheed,0.0,0.0,0.0,0.0,0.0,0.0,,0.0,0.0,0.0,0.0,0.0,1.0,1.0,8.0,0.0,6.0,0.0,0.0,1.8,0.8,,,,,,
2025,17,SEA,CAR,S.Darnold,30.0,18.0,147.0,1.0,1.0,3.0,QB,3.0,2.0,0.0,0.0,0.0,0.0,0.0,0.0,0.0,0.0,0.0,0.0,9.08,9.08,,,,,,
2025,17,SEA,CAR,Z.Charbonnet,0.0,0.0,0.0,0.0,0.0,0.0,,18.0,110.0,2.0,0.0,0.0,2.0,2.0,12.0,0.0,3.0,0.0,0.0,26.2,24.2,,,,,,
2025,17,SF,CHI,B.Purdy,34.0,24.0,303.0,3.0,1.0,1.0,QB,6.0,28.0,2.0,0.0,0.0,0.0,0.0,0.0,0.0,0.0,0.0,0.0,37.92,37.92,,,,,,
2025,17,SF,CHI,B.Robinson,0.0,0.0,0.0,0.0,0.0,0.0,,4.0,22.0,0.0,0.0,0.0,1.0,1.0,6.0,0.0,-6.0,0.0,0.0,3.8,2.8,,,,,,
2025,17,SF,CHI,C.McCaffrey,0.0,0.0,0.0,0.0,0.0,0.0,,23.0,140.0,1.0,0.0,0.0,6.0,4.0,41.0,0.0,8.0,0.0,0.0,28.1,24.1,,,,,,
2025,17,SF,CHI,D.Robinson,0.0,0.0,0.0,0.0,0.0,0.0,,0.0,0.0,0.0,0.0,0.0,2.0,2.0,30.0,0.0,29.0,0.0,0.0,5.0,3.0,,,,,,
2025,17,SF,CHI,J.Jennings,0.0,0.0,0.0,0.0,0.0,0.0,,0.0,0.0,0.0,0.0,0.0,4.0,2.0,42.0,1.0,38.0,0.0,0.0,12.2,10.2,,,,,,
2025,17,SF,CHI,J.Tonges,0.0,0.0,0.0,0.0,0.0,0.0,,0.0,0.0,0.0,0.0,0.0,9.0,7.0,60.0,1.0,55.0,0.0,0.0,19.0,12.0,,,,,,
2025,17,SF,CHI,K.Bourne,0.0,0.0,0.0,0.0,0.0,0.0,,0.0,0.0,0.0,0.0,0.0,1.0,1.0,25.0,0.0,20.0,0.0,0.0,3.5,2.5,,,,,,
2025,17,SF,CHI,K.Juszczyk,0.0,0.0,0.0,0.0,0.0,0.0,,0.0,0.0,0.0,0.0,0.0,2.0,2.0,14.0,1.0,9.0,0.0,0.0,9.4,7.4,,,,,,
2025,17,SF,CHI,R.Pearsall,0.0,0.0,0.0,0.0,0.0,0.0,,0.0,0.0,0.0,0.0,0.0,8.0,5.0,85.0,0.0,100.0,0.0,0.0,13.5,8.5,,,,,,
2025,17,SF,CHI,S.Moore,0.0,0.0,0.0,0.0,0.0,0.0,,1.0,10.0,0.0,0.0,0.0,0.0,0.0,0.0,0.0,0.0,0.0,0.0,1.0,1.0,,,,,,
2025,17,TB,MIA,B.Irving,0.0,0.0,0.0,0.0,0.0,0.0,,9.0,19.0,0.0,0.0,0.0,6.0,5.0,14.0,0.0,-12.0,0.0,0.0,8.3,3.3,,,,,,
2025,17,TB,MIA,B.Mayfield,47.0,33.0,346.0,2.0,2.0,3.0,QB,3.0,16.0,0.0,0.0,0.0,0.0,0.0,0.0,0.0,0.0,0.0,0.0,21.44,21.44,,,,,,
2025,17,TB,MIA,C.Godwin,0.0,0.0,0.0,0.0,0.0,0.0,,0.0,0.0,0.0,0.0,0.0,8.0,7.0,108.0,1.0,35.0,0.0,0.0,23.8,16.8,,,,,,
2025,17,TB,MIA,C.Otton,0.0,0.0,0.0,0.0,0.0,0.0,,0.0,0.0,0.0,0.0,0.0,4.0,4.0,33.0,0.0,17.0,0.0,0.0,7.3,3.3,,,,,,
2025,17,TB,MIA,E.Egbuka,0.0,0.0,0.0,0.0,0.0,0.0,,0.0,0.0,0.0,0.0,0.0,5.0,3.0,20.0,0.0,61.0,0.0,0.0,5.0,2.0,,,,,,
2025,17,TB,MIA,J.McMillan,0.0,0.0,0.0,0.0,0.0,0.0,,0.0,0.0,0.0,0.0,0.0,9.0,7.0,114.0,0.0,126.0,0.0,0.0,18.4,11.4,,,,,,
2025,17,TB,MIA,M.Evans,0.0,0.0,0.0,0.0,0.0,0.0,,0.0,0.0,0.0,0.0,0.0,7.0,3.0,31.0,1.0,124.0,0.0,0.0,12.1,9.1,,,,,,
2025,17,TB,MIA,R.White,0.0,0.0,0.0,0.0,0.0,0.0,,2.0,10.0,0.0,0.0,0.0,2.0,2.0,7.0,0.0,-9.0,0.0,0.0,3.7,1.7,,,,,,
2025,17,TB,MIA,S.Tucker,0.0,0.0,0.0,0.0,0.0,0.0,,2.0,8.0,0.0,0.0,0.0,1.0,0.0,0.0,0.0,4.0,0.0,0.0,0.8,0.8,,,,,,
2025,17,TB,MIA,T.Johnson,0.0,0.0,0.0,0.0,0.0,0.0,,0.0,0.0,0.0,0.0,0.0,2.0,2.0,19.0,0.0,14.0,0.0,0.0,3.9,1.9,,,,,,
2025,17,TEN,NO,C.Dike,0.0,0.0,0.0,0.0,0.0,0.0,,1.0,7.0,0.0,0.0,0.0,5.0,4.0,55.0,0.0,63.0,0.0,0.0,10.2,6.2,,,,,,
2025,17,TEN,NO,C.Okonkwo,0.0,0.0,0.0,0.0,0.0,0.0,,0.0,0.0,0.0,0.0,0.0,7.0,3.0,55.0,1.0,58.0,0.0,0.0,14.5,11.5,,,,,,
2025,17,TEN,NO,C.Ward,44.0,21.0,251.0,2.0,0.0,4.0,QB,2.0,10.0,0.0,0.0,0.0,0.0,0.0,0.0,0.0,0.0,0.0,0.0,19.04,19.04,,,,,,
2025,17,TEN,NO,D.Martin-Robinson,0.0,0.0,0.0,0.0,0.0,0.0,,0.0,0.0,0.0,0.0,0.0,1.0,1.0,9.0,0.0,8.0,0.0,0.0,1.9,0.9,,,,,,
2025,17,TEN,NO,E.Ayomanor,0.0,0.0,0.0,0.0,0.0,0.0,,0.0,0.0,0.0,0.0,0.0,7.0,4.0,37.0,1.0,70.0,0.0,0.0,13.7,9.7,,,,,,
2025,17,TEN,NO,G.Helm,0.0,0.0,0.0,0.0,0.0,0.0,,0.0,0.0,0.0,0.0,0.0,2.0,1.0,1.0,0.0,-1.0,0.0,0.0,1.1,0.1,,,,,,
2025,17,TEN,NO,J.Proche,0.0,0.0,0.0,0.0,0.0,0.0,,0.0,0.0,0.0,0.0,0.0,5.0,1.0,5.0,0.0,106.0,0.0,0.0,1.5,0.5,,,,,,
2025,17,TEN,NO,K.Mullings,0.0,0.0,0.0,0.0,0.0,0.0,,1.0,4.0,0.0,0.0,0.0,0.0,0.0,0.0,0.0,0.0,0.0,0.0,0.4,0.4,,,,,,
2025,17,TEN,NO,M.Kinsey,0.0,0.0,0.0,0.0,0.0,0.0,,0.0,0.0,0.0,0.0,0.0,1.0,1.0,34.0,0.0,33.0,0.0,0.0,4.4,3.4,,,,,,
2025,17,TEN,NO,T.Pollard,0.0,0.0,0.0,0.0,0.0,0.0,,18.0,85.0,0.0,0.0,0.0,2.0,2.0,10.0,0.0,-2.0,0.0,0.0,11.5,9.5,,,,,,
2025,17,TEN,NO,T.Spears,0.0,0.0,0.0,0.0,0.0,0.0,,6.0,2.0,0.0,0.0,0.0,2.0,1.0,-1.0,0.0,-24.0,1.0,0.0,1.1,0.1,,,,,,
2025,17,TEN,NO,V.Jefferson,0.0,0.0,0.0,0.0,0.0,0.0,,0.0,0.0,0.0,0.0,0.0,3.0,3.0,46.0,0.0,40.0,0.0,0.0,7.6,4.6,,,,,,
2025,17,WAS,DAL,B.Sinnott,0.0,0.0,0.0,0.0,0.0,0.0,,0.0,0.0,0.0,0.0,0.0,4.0,3.0,29.0,0.0,47.0,0.0,0.0,5.9,2.9,,,,,,
2025,17,WAS,DAL,C.Moore,0.0,0.0,0.0,0.0,0.0,0.0,,0.0,0.0,0.0,0.0,0.0,1.0,1.0,15.0,0.0,8.0,0.0,0.0,2.5,1.5,,,,,,
2025,17,WAS,DAL,D.Samuel,0.0,0.0,0.0,0.0,0.0,0.0,,2.0,25.0,0.0,0.0,0.0,4.0,2.0,68.0,0.0,19.0,0.0,0.0,11.3,9.3,,,,,,
2025,17,WAS,DAL,J.Croskey-Merritt,0.0,0.0,0.0,0.0,0.0,0.0,,11.0,105.0,2.0,0.0,0.0,0.0,0.0,0.0,0.0,0.0,0.0,0.0,22.5,22.5,,,,,,
2025,17,WAS,DAL,J.Johnson,24.0,15.0,198.0,0.0,0.0,1.0,QB,2.0,10.0,0.0,0.0,0.0,0.0,0.0,0.0,0.0,0.0,0.0,0.0,8.92,8.92,,,,,,
2025,17,WAS,DAL,J.McNichols,0.0,0.0,0.0,0.0,0.0,0.0,,1.0,-2.0,0.0,0.0,0.0,3.0,3.0,12.0,0.0,-2.0,0.0,0.0,4.0,1.0,,,,,,
2025,17,WAS,DAL,T.Burks,1.0,0.0,0.0,0.0,0.0,1.0,QB,0.0,0.0,0.0,0.0,0.0,2.0,1.0,11.0,0.0,11.0,0.0,0.0,2.1,1.1,,,,,,
2025,17,WAS,DAL,T.McLaurin,0.0,0.0,0.0,0.0,0.0,0.0,,0.0,0.0,0.0,0.0,0.0,7.0,5.0,63.0,0.0,79.0,0.0,0.0,11.3,6.3,,,,,,
2025,18,ARI,LA,C.Kiner,0.0,0.0,0.0,0.0,0.0,0.0,,3.0,13.0,0.0,0.0,0.0,3.0,2.0,15.0,0.0,11.0,0.0,0.0,4.8,2.8,,,,,,
2025,18,ARI,LA,E.Demercado,0.0,0.0,0.0,0.0,0.0,0.0,,2.0,29.0,0.0,0.0,0.0,1.0,1.0,28.0,0.0,19.0,0.0,0.0,6.7,5.7,,,,,,
2025,18,ARI,LA,E.Higgins,0.0,0.0,0.0,0.0,0.0,0.0,,0.0,0.0,0.0,0.0,0.0,3.0,3.0,28.0,0.0,18.0,0.0,0.0,5.8,2.8,,,,,,
2025,18,ARI,LA,J.Brissett,37.0,22.0,243.0,2.0,1.0,6.0,QB,3.0,19.0,0.0,0.0,0.0,0.0,0.0,0.0,0.0,0.0,0.0,0.0,18.62,18.62,,,,,,
2025,18,ARI,LA,J.Deguara,0.0,0.0,0.0,0.0,0.0,0.0,,0.0,0.0,0.0,0.0,0.0,2.0,2.0,15.0,1.0,11.0,0.0,0.0,9.5,7.5,,,,,,
2025,18,ARI,LA,M.Carter,0.0,0.0,0.0,0.0,0.0,0.0,,7.0,18.0,0.0,0.0,0.0,3.0,3.0,21.0,0.0,-6.0,0.0,0.0,6.9,3.9,,,,,,
2025,18,ARI,LA,M.Haack,1.0,1.0,28.0,0.0,0.0,0.0,QB,0.0,0.0,0.0,0.0,0.0,0.0,0.0,0.0,0.0,0.0,0.0,0.0,1.12,1.12,,,,,,
2025,18,ARI,LA,M.Wilson,0.0,0.0,0.0,0.0,0.0,0.0,,0.0,0.0,0.0,0.0,0.0,8.0,5.0,99.0,1.0,147.0,0.0,0.0,20.9,15.9,,,,,,
2025,18,ARI,LA,T.McBride,0.0,0.0,0.0,0.0,0.0,0.0,,0.0,0.0,0.0,0.0,0.0,8.0,7.0,65.0,0.0,39.0,0.0,0.0,13.5,6.5,,,,,,
2025,18,ATL,NO,B.Robinson,0.0,0.0,0.0,0.0,0.0,0.0,,15.0,33.0,0.0,0.0,0.0,3.0,3.0,10.0,0.0,-17.0,0.0,0.0,7.3,4.3,,,,,,
2025,18,ATL,NO,D.London,0.0,0.0,0.0,0.0,0.0,0.0,,0.0,0.0,0.0,0.0,0.0,8.0,4.0,78.0,1.0,112.0,0.0,0.0,17.8,13.8,,,,,,
2025,18,ATL,NO,D.Mooney,0.0,0.0,0.0,0.0,0.0,0.0,,0.0,0.0,0.0,0.0,0.0,7.0,3.0,20.0,0.0,89.0,0.0,0.0,5.0,2.0,,,,,,
2025,18,ATL,NO,D.Sills,0.0,0.0,0.0,0.0,0.0,0.0,,0.0,0.0,0.0,0.0,0.0,1.0,1.0,11.0,0.0,4.0,0.0,0.0,2.1,1.1,,,,,,
2025,18,ATL,NO,K.Cousins,36.0,18.0,180.0,1.0,1.0,4.0,QB,3.0,0.0,0.0,0.0,0.0,0.0,0.0,0.0,0.0,0.0,0.0,0.0,10.2,10.2,,,,,,
2025,18,ATL,NO,K.Pitts,0.0,0.0,0.0,0.0,0.0,0.0,,0.0,0.0,0.0,0.0,0.0,9.0,6.0,58.0,0.0,39.0,0.0,0.0,11.8,5.8,,,,,,
2025,18,ATL,NO,T.Allgeier,0.0,0.0,0.0,0.0,0.0,0.0,,7.0,16.0,0.0,0.0,0.0,2.0,1.0,3.0,0.0,-1.0,0.0,0.0,2.9,1.9,,,,,,
2025,18,BAL,PIT,D.Henry,0.0,0.0,0.0,0.0,0.0,0.0,,20.0,126.0,0.0,0.0,0.0,1.0,0.0,0.0,0.0,-8.0,0.0,0.0,12.6,12.6,,,,,,
2025,18,BAL,PIT,D.Hopkins,0.0,0.0,0.0,0.0,0.0,0.0,,0.0,0.0,0.0,0.0,0.0,2.0,0.0,0.0,0.0,7.0,0.0,0.0,0.0,0.0,,,,,,
2025,18,BAL,PIT,D.Walker,0.0,0.0,0.0,0.0,0.0,0.0,,0.0,0.0,0.0,0.0,0.0,2.0,2.0,46.0,1.0,25.0,0.0,0.0,12.6,10.6,,,,,,
2025,18,BAL,PIT,I.Likely,0.0,0.0,0.0,0.0,0.0,0.0,,0.0,0.0,0.0,0.0,0.0,2.0,2.0,32.0,0.0,24.0,0.0,0.0,5.2,3.2,,,,,,
2025,18,BAL,PIT,K.Mitchell,0.0,0.0,0.0,0.0,0.0,0.0,,2.0,2.0,0.0,0.0,0.0,0.0,0.0,0.0,0.0,0.0,0.0,0.0,0.2,0.2,,,,,,
2025,18,BAL,PIT,L.Jackson,21.0,11.0,238.0,3.0,1.0,3.0,QB,4.0,9.0,0.0,0.0,0.0,0.0,0.0,0.0,0.0,0.0,0.0,0.0,21.42,21.42,,,,,,
2025,18,BAL,PIT,M.Andrews,0.0,0.0,0.0,0.0,0.0,0.0,,0.0,0.0,0.0,0.0,0.0,3.0,2.0,14.0,0.0,12.0,0.0,0.0,3.4,1.4,,,,,,
2025,18,BAL,PIT,P.Ricard,0.0,0.0,0.0,0.0,0.0,0.0,,0.0,0.0,0.0,0.0,0.0,1.0,1.0,8.0,0.0,6.0,0.0,0.0,1.8,0.8,,,,,,
2025,18,BAL,PIT,R.Ali,0.0,0.0,0.0,0.0,0.0,0.0,,1.0,0.0,0.0,0.0,0.0,0.0,0.0,0.0,0.0,0.0,0.0,0.0,0.0,0.0,,,,,,
2025,18,BAL,PIT,Z.Flowers,0.0,0.0,0.0,0.0,0.0,0.0,,0.0,0.0,0.0,0.0,0.0,6.0,4.0,138.0,2.0,101.0,0.0,0.0,29.8,25.8,,,,,,
2025,18,BUF,NYJ,D.Kincaid,0.0,0.0,0.0,0.0,0.0,0.0,,0.0,0.0,0.0,0.0,0.0,3.0,3.0,48.0,0.0,31.0,0.0,0.0,7.8,4.8,,,,,,
2025,18,BUF,NYJ,D.Knox,0.0,0.0,0.0,0.0,0.0,0.0,,0.0,0.0,0.0,0.0,0.0,2.0,2.0,24.0,1.0,21.0,0.0,0.0,10.4,8.4,,,,,,
2025,18,BUF,NYJ,G.Davis,0.0,0.0,0.0,0.0,0.0,0.0,,0.0,0.0,0.0,0.0,0.0,7.0,5.0,41.0,1.0,54.0,0.0,0.0,15.1,10.1,,,,,,
2025,18,BUF,NYJ,J.Cook,0.0,0.0,0.0,0.0,0.0,0.0,,2.0,15.0,0.0,0.0,0.0,0.0,0.0,0.0,0.0,0.0,0.0,0.0,1.5,1.5,,,,,,
2025,18,BUF,NYJ,J.Hawes,0.0,0.0,0.0,0.0,0.0,0.0,,0.0,0.0,0.0,0.0,0.0,1.0,1.0,0.0,0.0,0.0,0.0,0.0,1.0,0.0,,,,,,
2025,18,BUF,NYJ,J.Palmer,0.0,0.0,0.0,0.0,0.0,0.0,,0.0,0.0,0.0,0.0,0.0,3.0,1.0,1.0,0.0,5.0,0.0,0.0,1.1,0.1,,,,,,
2025,18,BUF,NYJ,K.Coleman,0.0,0.0,0.0,0.0,0.0,0.0,,0.0,0.0,0.0,0.0,0.0,5.0,2.0,49.0,0.0,47.0,0.0,0.0,6.9,4.9,,,,,,
2025,18,BUF,NYJ,K.Latu,0.0,0.0,0.0,0.0,0.0,0.0,,0.0,0.0,0.0,0.0,0.0,3.0,3.0,31.0,0.0,8.0,0.0,0.0,6.1,3.1,,,,,,
2025,18,BUF,NYJ,M.Trubisky,31.0,22.0,259.0,4.0,0.0,0.0,QB,5.0,5.0,0.0,0.0,0.0,0.0,0.0,0.0,0.0,0.0,0.0,0.0,26.86,26.86,,,,,,
2025,18,BUF,NYJ,R.Davis,0.0,0.0,0.0,0.0,0.0,0.0,,21.0,151.0,0.0,0.0,0.0,3.0,2.0,23.0,1.0,-6.0,0.0,0.0,25.4,23.4,,,,,,
2025,18,BUF,NYJ,R.Gilliam,0.0,0.0,0.0,0.0,0.0,0.0,,2.0,4.0,0.0,0.0,0.0,1.0,1.0,22.0,0.0,21.0,0.0,0.0,3.6,2.6,,,,,,
2025,18,BUF,NYJ,Ty.Johnson,0.0,0.0,0.0,0.0,0.0,0.0,,13.0,36.0,1.0,0.0,0.0,2.0,2.0,20.0,1.0,4.0,0.0,0.0,19.6,17.6,,,,,,
2025,18,CAR,TB,B.Tremayne,0.0,0.0,0.0,0.0,0.0,0.0,,0.0,0.0,0.0,0.0,0.0,2.0,2.0,27.0,0.0,15.0,0.0,0.0,4.7,2.7,,,,,,
2025,18,CAR,TB,B.Young,35.0,24.0,266.0,2.0,1.0,0.0,QB,2.0,-1.0,0.0,1.0,0.0,0.0,0.0,0.0,0.0,0.0,0.0,0.0,17.54,17.54,,,,,,
2025,18,CAR,TB,C.Hubbard,0.0,0.0,0.0,0.0,0.0,0.0,,5.0,10.0,0.0,0.0,0.0,2.0,2.0,7.0,0.0,2.0,0.0,0.0,3.7,1.7,,,,,,
2025,18,CAR,TB,J.Coker,0.0,0.0,0.0,0.0,0.0,0.0,,0.0,0.0,0.0,0.0,0.0,7.0,6.0,47.0,1.0,55.0,1.0,1.0,16.7,10.7,,,,,,
2025,18,CAR,TB,Ji.Horn,0.0,0.0,0.0,0.0,0.0,0.0,,0.0,0.0,0.0,0.0,0.0,1.0,1.0,15.0,0.0,14.0,0.0,0.0,2.5,1.5,,,,,,
2025,18,CAR,TB,M.Evans,0.0,0.0,0.0,0.0,0.0,0.0,,0.0,0.0,0.0,0.0,0.0,2.0,1.0,5.0,0.0,1.0,0.0,0.0,1.5,0.5,,,,,,
2025,18,CAR,TB,R.Dowdle,0.0,0.0,0.0,0.0,0.0,0.0,,7.0,10.0,0.0,1.0,1.0,2.0,2.0,20.0,0.0,-15.0,0.0,0.0,5.0,3.0,,,,,,
2025,18,CAR,TB,T.McMillan,0.0,0.0,0.0,0.0,0.0,0.0,,0.0,0.0,0.0,0.0,0.0,6.0,4.0,84.0,0.0,89.0,0.0,0.0,12.4,8.4,,,,,,
2025,18,CAR,TB,T.Tremble,0.0,0.0,0.0,0.0,0.0,0.0,,0.0,0.0,0.0,0.0,0.0,4.0,3.0,38.0,1.0,23.0,0.0,0.0,12.8,9.8,,,,,,
2025,18,CAR,TB,X.Legette,0.0,0.0,0.0,0.0,0.0,0.0,,0.0,0.0,0.0,0.0,0.0,4.0,3.0,22.0,0.0,41.0,0.0,0.0,5.2,2.2,,,,,,
2025,18,CHI,DET,C.Kmet,0.0,0.0,0.0,0.0,0.0,0.0,,0.0,0.0,0.0,0.0,0.0,4.0,2.0,16.0,0.0,-4.0,0.0,0.0,3.6,1.6,,,,,,
2025,18,CHI,DET,C.Loveland,0.0,0.0,0.0,0.0,0.0,0.0,,0.0,0.0,0.0,0.0,0.0,13.0,10.0,91.0,1.0,94.0,0.0,0.0,25.1,15.1,,,,,,
2025,18,CHI,DET,C.Williams,35.0,20.0,212.0,2.0,1.0,1.0,QB,1.0,1.0,0.0,0.0,0.0,0.0,0.0,0.0,0.0,0.0,0.0,0.0,15.58,15.58,,,,,,
2025,18,CHI,DET,D.Moore,0.0,0.0,0.0,0.0,0.0,0.0,,0.0,0.0,0.0,0.0,0.0,3.0,1.0,11.0,0.0,47.0,0.0,0.0,2.1,1.1,,,,,,
2025,18,CHI,DET,D.Swift,0.0,0.0,0.0,0.0,0.0,0.0,,10.0,40.0,0.0,0.0,0.0,2.0,1.0,8.0,0.0,12.0,0.0,0.0,5.8,4.8,,,,,,
2025,18,CHI,DET,J.Walker,0.0,0.0,0.0,0.0,0.0,0.0,,0.0,0.0,0.0,0.0,0.0,3.0,2.0,36.0,1.0,47.0,0.0,0.0,11.6,9.6,,,,,,
2025,18,CHI,DET,K.Monangai,0.0,0.0,0.0,0.0,0.0,0.0,,7.0,14.0,0.0,0.0,0.0,1.0,1.0,15.0,0.0,7.0,0.0,0.0,3.9,2.9,,,,,,
2025,18,CHI,DET,L.Burden,0.0,0.0,0.0,0.0,0.0,0.0,,1.0,10.0,0.0,0.0,0.0,4.0,3.0,35.0,0.0,12.0,0.0,0.0,7.5,4.5,,,,,,
2025,18,CIN,CLE,A.Iosivas,0.0,0.0,0.0,0.0,0.0,0.0,,0.0,0.0,0.0,0.0,0.0,3.0,2.0,10.0,0.0,11.0,0.0,0.0,3.0,1.0,,,,,,
2025,18,CIN,CLE,C.Brown,0.0,0.0,0.0,0.0,0.0,0.0,,13.0,72.0,0.0,0.0,0.0,6.0,4.0,12.0,1.0,-4.0,0.0,0.0,18.4,14.4,,,,,,
2025,18,CIN,CLE,D.Sample,0.0,0.0,0.0,0.0,0.0,0.0,,0.0,0.0,0.0,0.0,0.0,3.0,3.0,17.0,0.0,-3.0,0.0,0.0,4.7,1.7,,,,,,
2025,18,CIN,CLE,J.Burrow,42.0,29.0,236.0,3.0,1.0,2.0,QB,2.0,17.0,0.0,0.0,0.0,0.0,0.0,0.0,0.0,0.0,0.0,0.0,22.14,22.14,,,,,,
2025,18,CIN,CLE,J.Chase,0.0,0.0,0.0,0.0,0.0,0.0,,0.0,0.0,0.0,0.0,0.0,10.0,8.0,96.0,1.0,86.0,0.0,0.0,23.6,15.6,,,,,,
2025,18,CIN,CLE,J.Flacco,0.0,0.0,0.0,0.0,0.0,0.0,,1.0,2.0,0.0,0.0,0.0,0.0,0.0,0.0,0.0,0.0,0.0,0.0,0.2,0.2,,,,,,
2025,18,CIN,CLE,K.Williams,0.0,0.0,0.0,0.0,0.0,0.0,,1.0,9.0,0.0,0.0,0.0,0.0,0.0,0.0,0.0,0.0,0.0,0.0,0.9,0.9,,,,,,
2025,18,CIN,CLE,M.Gesicki,0.0,0.0,0.0,0.0,0.0,0.0,,0.0,0.0,0.0,0.0,0.0,3.0,2.0,13.0,0.0,8.0,0.0,0.0,3.3,1.3,,,,,,
2025,18,CIN,CLE,N.Fant,0.0,0.0,0.0,0.0,0.0,0.0,,0.0,0.0,0.0,0.0,0.0,1.0,1.0,5.0,0.0,-1.0,1.0,1.0,1.5,0.5,,,,,,
2025,18,CIN,CLE,S.Perine,0.0,0.0,0.0,0.0,0.0,0.0,,8.0,42.0,0.0,0.0,0.0,4.0,3.0,10.0,0.0,-1.0,0.0,0.0,8.2,5.2,,,,,,
2025,18,CIN,CLE,T.Higgins,0.0,0.0,0.0,0.0,0.0,0.0,,0.0,0.0,0.0,0.0,0.0,9.0,6.0,67.0,1.0,106.0,0.0,0.0,18.7,12.7,,,,,,
2025,18,CLE,CIN,B.Bates,0.0,0.0,0.0,0.0,0.0,0.0,,0.0,0.0,0.0,0.0,0.0,1.0,1.0,6.0,0.0,3.0,0.0,0.0,1.6,0.6,,,,,,
2025,18,CLE,CIN,B.Whiteheart,0.0,0.0,0.0,0.0,0.0,0.0,,0.0,0.0,0.0,0.0,0.0,1.0,0.0,0.0,0.0,10.0,0.0,0.0,0.0,0.0,,,,,,
2025,18,CLE,CIN,C.Tillman,0.0,0.0,0.0,0.0,0.0,0.0,,0.0,0.0,0.0,0.0,0.0,2.0,1.0,23.0,0.0,26.0,0.0,0.0,3.3,2.3,,,,,,
2025,18,CLE,CIN,D.Sampson,0.0,0.0,0.0,0.0,0.0,0.0,,10.0,32.0,0.0,0.0,0.0,3.0,2.0,12.0,0.0,-7.0,0.0,0.0,6.4,4.4,,,,,,
2025,18,CLE,CIN,I.Bond,0.0,0.0,0.0,0.0,0.0,0.0,,1.0,4.0,0.0,0.0,0.0,2.0,1.0,13.0,0.0,48.0,0.0,0.0,2.7,1.7,,,,,,
2025,18,CLE,CIN,J.Jeudy,0.0,0.0,0.0,0.0,0.0,0.0,,1.0,5.0,0.0,0.0,0.0,6.0,2.0,17.0,0.0,84.0,0.0,0.0,4.2,2.2,,,,,,
2025,18,CLE,CIN,M.Corley,0.0,0.0,0.0,0.0,0.0,0.0,,3.0,18.0,0.0,0.0,0.0,2.0,2.0,20.0,0.0,1.0,0.0,0.0,5.8,3.8,,,,,,
2025,18,CLE,CIN,R.Sanders,0.0,0.0,0.0,0.0,0.0,0.0,,5.0,26.0,0.0,0.0,0.0,1.0,1.0,7.0,0.0,-2.0,0.0,0.0,4.3,3.3,,,,,,
2025,18,CLE,CIN,S.Cannella,0.0,0.0,0.0,0.0,0.0,0.0,,0.0,0.0,0.0,0.0,0.0,1.0,0.0,0.0,0.0,37.0,0.0,0.0,0.0,0.0,,,,,,
2025,18,CLE,CIN,S.Sanders,28.0,11.0,111.0,0.0,0.0,6.0,QB,3.0,26.0,0.0,0.0,0.0,0.0,0.0,0.0,0.0,0.0,0.0,0.0,7.04,7.04,,,,,,
2025,18,CLE,CIN,T.Williams,0.0,0.0,0.0,0.0,0.0,0.0,,1.0,7.0,0.0,0.0,0.0,2.0,1.0,13.0,0.0,-9.0,0.0,0.0,3.0,2.0,,,,,,
2025,18,DAL,NYG,B.Spann-Ford,0.0,0.0,0.0,0.0,0.0,0.0,,0.0,0.0,0.0,0.0,0.0,3.0,2.0,30.0,0.0,36.0,0.0,0.0,5.0,3.0,,,,,,
2025,18,DAL,NYG,C.Lamb,0.0,0.0,0.0,0.0,0.0,0.0,,0.0,0.0,0.0,0.0,0.0,1.0,1.0,4.0,0.0,4.0,0.0,0.0,1.4,0.4,,,,,,
2025,18,DAL,NYG,D.Prescott,11.0,7.0,70.0,0.0,0.0,0.0,QB,2.0,-1.0,0.0,1.0,1.0,0.0,0.0,0.0,0.0,0.0,0.0,0.0,2.7,2.7,,,,,,
2025,18,DAL,NYG,G.Pickens,0.0,0.0,0.0,0.0,0.0,0.0,,0.0,0.0,0.0,0.0,0.0,3.0,1.0,9.0,0.0,12.0,0.0,0.0,1.9,0.9,,,,,,
2025,18,DAL,NYG,H.Luepke,0.0,0.0,0.0,0.0,0.0,0.0,,2.0,12.0,0.0,0.0,0.0,1.0,1.0,4.0,0.0,-6.0,0.0,0.0,2.6,1.6,,,,,,
2025,18,DAL,NYG,J.Blue,0.0,0.0,0.0,0.0,0.0,0.0,,16.0,64.0,1.0,0.0,0.0,0.0,0.0,0.0,0.0,0.0,0.0,0.0,12.4,12.4,,,,,,
2025,18,DAL,NYG,J.Ferguson,0.0,0.0,0.0,0.0,0.0,0.0,,0.0,0.0,0.0,0.0,0.0,2.0,1.0,5.0,0.0,0.0,0.0,0.0,1.5,0.5,,,,,,
2025,18,DAL,NYG,J.Milton,13.0,7.0,73.0,0.0,1.0,0.0,QB,4.0,43.0,0.0,0.0,0.0,0.0,0.0,0.0,0.0,0.0,0.0,0.0,6.22,6.22,,,,,,
2025,18,DAL,NYG,J.Mingo,0.0,0.0,0.0,0.0,0.0,0.0,,0.0,0.0,0.0,0.0,0.0,1.0,0.0,0.0,0.0,10.0,0.0,0.0,0.0,0.0,,,,,,
2025,18,DAL,NYG,J.Tolbert,0.0,0.0,0.0,0.0,0.0,0.0,,0.0,0.0,0.0,0.0,0.0,1.0,0.0,0.0,0.0,21.0,0.0,0.0,0.0,0.0,,,,,,
2025,18,DAL,NYG,K.Turpin,0.0,0.0,0.0,0.0,0.0,0.0,,1.0,7.0,0.0,0.0,0.0,1.0,0.0,0.0,0.0,35.0,0.0,0.0,0.7,0.7,,,,,,
2025,18,DAL,NYG,L.Schoonmaker,0.0,0.0,0.0,0.0,0.0,0.0,,0.0,0.0,0.0,0.0,0.0,1.0,1.0,12.0,0.0,1.0,0.0,0.0,2.2,1.2,,,,,,
2025,18,DAL,NYG,P.Mafah,0.0,0.0,0.0,0.0,0.0,0.0,,5.0,18.0,1.0,0.0,0.0,2.0,2.0,11.0,0.0,-11.0,0.0,0.0,10.9,8.9,,,,,,
2025,18,DAL,NYG,R.Flournoy,0.0,0.0,0.0,0.0,0.0,0.0,,0.0,0.0,0.0,0.0,0.0,7.0,5.0,68.0,0.0,47.0,0.0,0.0,11.8,6.8,,,,,,
2025,18,DEN,LAC,B.Nix,27.0,14.0,141.0,0.0,0.0,4.0,QB,8.0,49.0,0.0,0.0,0.0,0.0,0.0,0.0,0.0,0.0,0.0,0.0,10.54,10.54,,,,,,
2025,18,DEN,LAC,C.Sutton,0.0,0.0,0.0,0.0,0.0,0.0,,0.0,0.0,0.0,0.0,0.0,2.0,1.0,5.0,0.0,9.0,0.0,0.0,1.5,0.5,,,,,,
2025,18,DEN,LAC,E.Engram,0.0,0.0,0.0,0.0,0.0,0.0,,0.0,0.0,0.0,0.0,0.0,4.0,3.0,45.0,0.0,30.0,0.0,0.0,7.5,4.5,,,,,,
2025,18,DEN,LAC,J.McLaughlin,0.0,0.0,0.0,0.0,0.0,0.0,,6.0,41.0,0.0,0.0,0.0,2.0,1.0,17.0,0.0,-11.0,0.0,0.0,6.8,5.8,,,,,,
2025,18,DEN,LAC,M.Mims,0.0,0.0,0.0,0.0,0.0,0.0,,0.0,0.0,0.0,0.0,0.0,3.0,2.0,10.0,0.0,-11.0,0.0,0.0,3.0,1.0,,,,,,
2025,18,DEN,LAC,P.Bryant,0.0,0.0,0.0,0.0,0.0,0.0,,0.0,0.0,0.0,0.0,0.0,5.0,4.0,31.0,0.0,19.0,0.0,0.0,7.1,3.1,,,,,,
2025,18,DEN,LAC,R.Harvey,0.0,0.0,0.0,0.0,0.0,0.0,,15.0,28.0,0.0,0.0,0.0,4.0,1.0,5.0,0.0,-5.0,0.0,0.0,4.3,3.3,,,,,,
2025,18,DEN,LAC,T.Badie,0.0,0.0,0.0,0.0,0.0,0.0,,2.0,-2.0,0.0,0.0,0.0,2.0,2.0,28.0,0.0,-13.0,0.0,0.0,4.6,2.6,,,,,,
2025,18,DEN,LAC,T.Franklin,0.0,0.0,0.0,0.0,0.0,0.0,,0.0,0.0,0.0,0.0,0.0,1.0,0.0,0.0,0.0,8.0,0.0,0.0,0.0,0.0,,,,,,
2025,18,DET,CHI,A.Firkser,0.0,0.0,0.0,0.0,0.0,0.0,,0.0,0.0,0.0,0.0,0.0,3.0,2.0,2.0,0.0,-7.0,0.0,0.0,2.2,0.2,,,,,,
2025,18,DET,CHI,A.St. Brown,0.0,0.0,0.0,0.0,0.0,0.0,,0.0,0.0,0.0,0.0,0.0,15.0,11.0,139.0,0.0,145.0,0.0,0.0,24.9,13.9,,,,,,
2025,18,DET,CHI,D.Montgomery,1.0,0.0,0.0,0.0,0.0,1.0,QB,8.0,42.0,0.0,0.0,0.0,1.0,1.0,13.0,0.0,2.0,0.0,0.0,6.5,5.5,,,,,,
2025,18,DET,CHI,I.TeSlaa,0.0,0.0,0.0,0.0,0.0,0.0,,0.0,0.0,0.0,0.0,0.0,1.0,1.0,18.0,0.0,15.0,0.0,0.0,2.8,1.8,,,,,,
2025,18,DET,CHI,J.Gibbs,0.0,0.0,0.0,0.0,0.0,0.0,,19.0,80.0,0.0,0.0,0.0,5.0,3.0,33.0,1.0,1.0,0.0,0.0,20.3,17.3,,,,,,
2025,18,DET,CHI,J.Goff,44.0,27.0,331.0,1.0,1.0,2.0,QB,0.0,0.0,0.0,0.0,0.0,0.0,0.0,0.0,0.0,0.0,0.0,0.0,16.24,16.24,,,,,,
2025,18,DET,CHI,J.Williams,0.0,0.0,0.0,0.0,0.0,0.0,,0.0,0.0,0.0,0.0,0.0,8.0,6.0,74.0,0.0,35.0,0.0,0.0,13.4,7.4,,,,,,
2025,18,DET,CHI,K.Raymond,0.0,0.0,0.0,0.0,0.0,0.0,,0.0,0.0,0.0,0.0,0.0,3.0,3.0,52.0,0.0,13.0,0.0,0.0,8.2,5.2,,,,,,
2025,18,GB,MIN,B.Melton,0.0,0.0,0.0,0.0,0.0,0.0,,0.0,0.0,0.0,0.0,0.0,1.0,0.0,0.0,0.0,-2.0,0.0,0.0,0.0,0.0,,,,,,
2025,18,GB,MIN,C.Brooks,0.0,0.0,0.0,0.0,0.0,0.0,,13.0,61.0,0.0,0.0,0.0,0.0,0.0,0.0,0.0,0.0,0.0,0.0,6.1,6.1,,,,,,
2025,18,GB,MIN,C.Tune,15.0,6.0,34.0,0.0,0.0,4.0,QB,4.0,23.0,0.0,0.0,0.0,0.0,0.0,0.0,0.0,0.0,0.0,0.0,3.66,3.66,,,,,,
2025,18,GB,MIN,D.Dabney,0.0,0.0,0.0,0.0,0.0,0.0,,0.0,0.0,0.0,0.0,0.0,2.0,1.0,3.0,0.0,10.0,0.0,0.0,1.3,0.3,,,,,,
2025,18,GB,MIN,E.Wilson,0.0,0.0,0.0,0.0,0.0,0.0,,18.0,44.0,0.0,0.0,0.0,1.0,1.0,4.0,0.0,-6.0,0.0,0.0,5.8,4.8,,,,,,
2025,18,GB,MIN,J.Keeney-James,0.0,0.0,0.0,0.0,0.0,0.0,,0.0,0.0,0.0,0.0,0.0,2.0,2.0,15.0,0.0,15.0,0.0,0.0,3.5,1.5,,,,,,
2025,18,GB,MIN,J.Whyle,0.0,0.0,0.0,0.0,0.0,0.0,,0.0,0.0,0.0,0.0,0.0,1.0,1.0,4.0,0.0,-1.0,0.0,0.0,1.4,0.4,,,,,,
2025,18,GB,MIN,M.Golden,0.0,0.0,0.0,0.0,0.0,0.0,,0.0,0.0,0.0,0.0,0.0,3.0,1.0,8.0,0.0,9.0,0.0,0.0,1.8,0.8,,,,,,
2025,18,HOU,IND,B.Brooks,0.0,0.0,0.0,0.0,0.0,0.0,,13.0,63.0,0.0,0.0,0.0,0.0,0.0,0.0,0.0,0.0,0.0,0.0,6.3,6.3,,,,,,
2025,18,HOU,IND,C.Kirk,0.0,0.0,0.0,0.0,0.0,0.0,,0.0,0.0,0.0,0.0,0.0,2.0,1.0,-3.0,0.0,-3.0,0.0,0.0,0.7,-0.3,,,,,,
2025,18,HOU,IND,C.Stover,0.0,0.0,0.0,0.0,0.0,0.0,,0.0,0.0,0.0,0.0,0.0,2.0,1.0,9.0,0.0,2.0,0.0,0.0,1.9,0.9,,,,,,
2025,18,HOU,IND,C.Stroud,23.0,14.0,169.0,1.0,0.0,0.0,QB,2.0,5.0,1.0,0.0,0.0,0.0,0.0,0.0,0.0,0.0,0.0,0.0,17.26,17.26,,,,,,
2025,18,HOU,IND,D.Mills,9.0,3.0,36.0,0.0,0.0,0.0,QB,1.0,12.0,0.0,0.0,0.0,0.0,0.0,0.0,0.0,0.0,0.0,0.0,2.64,2.64,,,,,,
2025,18,HOU,IND,D.Ogunbowale,0.0,0.0,0.0,0.0,0.0,0.0,,1.0,3.0,0.0,0.0,0.0,2.0,1.0,6.0,0.0,-2.0,0.0,0.0,1.9,0.9,,,,,,
2025,18,HOU,IND,D.Schultz,0.0,0.0,0.0,0.0,0.0,0.0,,0.0,0.0,0.0,0.0,0.0,4.0,4.0,73.0,0.0,37.0,0.0,0.0,11.3,7.3,,,,,,
2025,18,HOU,IND,J.Higgins,0.0,0.0,0.0,0.0,0.0,0.0,,0.0,0.0,0.0,0.0,0.0,5.0,2.0,23.0,1.0,43.0,0.0,0.0,10.3,8.3,,,,,,
2025,18,HOU,IND,J.Jordan,0.0,0.0,0.0,0.0,0.0,0.0,,5.0,3.0,0.0,0.0,0.0,0.0,0.0,0.0,0.0,0.0,0.0,0.0,0.3,0.3,,,,,,
2025,18,HOU,IND,J.Noel,0.0,0.0,0.0,0.0,0.0,0.0,,0.0,0.0,0.0,0.0,0.0,1.0,1.0,13.0,0.0,7.0,0.0,0.0,2.3,1.3,,,,,,
2025,18,HOU,IND,W.Marks,0.0,0.0,0.0,0.0,0.0,0.0,,10.0,48.0,0.0,0.0,0.0,3.0,2.0,0.0,0.0,9.0,0.0,0.0,6.8,4.8,,,,,,
2025,18,HOU,IND,X.Hutchinson,0.0,0.0,0.0,0.0,0.0,0.0,,0.0,0.0,0.0,0.0,0.0,9.0,5.0,84.0,0.0,85.0,0.0,0.0,13.4,8.4,,,,,,
2025,18,IND,HOU,A.Abdullah,0.0,0.0,0.0,0.0,0.0,0.0,,1.0,1.0,0.0,0.0,0.0,2.0,2.0,24.0,0.0,0.0,0.0,0.0,4.5,2.5,,,,,,
2025,18,IND,HOU,A.Dulin,0.0,0.0,0.0,0.0,0.0,0.0,,0.0,0.0,0.0,0.0,0.0,2.0,0.0,0.0,0.0,53.0,0.0,0.0,0.0,0.0,,,,,,
2025,18,IND,HOU,A.Pierce,0.0,0.0,0.0,0.0,0.0,0.0,,0.0,0.0,0.0,0.0,0.0,7.0,4.0,132.0,2.0,130.0,0.0,0.0,29.2,25.2,,,,,,
2025,18,IND,HOU,D.Giddens,0.0,0.0,0.0,0.0,0.0,0.0,,8.0,30.0,0.0,0.0,0.0,0.0,0.0,0.0,0.0,0.0,0.0,0.0,3.0,3.0,,,,,,
2025,18,IND,HOU,J.Downs,0.0,0.0,0.0,0.0,0.0,0.0,,1.0,-5.0,0.0,0.0,0.0,4.0,4.0,61.0,0.0,47.0,1.0,1.0,9.6,5.6,,,,,,
2025,18,IND,HOU,J.Taylor,0.0,0.0,0.0,0.0,0.0,0.0,,14.0,26.0,0.0,0.0,0.0,2.0,2.0,13.0,0.0,1.0,0.0,0.0,5.9,3.9,,,,,,
2025,18,IND,HOU,M.Alie-Cox,0.0,0.0,0.0,0.0,0.0,0.0,,0.0,0.0,0.0,0.0,0.0,4.0,3.0,22.0,0.0,11.0,0.0,0.0,5.2,2.2,,,,,,
2025,18,IND,HOU,M.Pittman,0.0,0.0,0.0,0.0,0.0,0.0,,0.0,0.0,0.0,0.0,0.0,4.0,2.0,20.0,0.0,31.0,0.0,0.0,4.0,2.0,,,,,,
2025,18,IND,HOU,R.Leonard,35.0,21.0,270.0,2.0,1.0,1.0,QB,3.0,21.0,1.0,0.0,0.0,0.0,0.0,0.0,0.0,0.0,0.0,0.0,25.9,25.9,,,,,,
2025,18,IND,HOU,R.Sanchez,1.0,1.0,16.0,0.0,0.0,0.0,QB,0.0,0.0,0.0,0.0,0.0,0.0,0.0,0.0,0.0,0.0,0.0,0.0,0.64,0.64,,,,,,
2025,18,IND,HOU,T.Goodson,0.0,0.0,0.0,0.0,0.0,0.0,,1.0,3.0,0.0,0.0,0.0,0.0,0.0,0.0,0.0,0.0,0.0,0.0,0.3,0.3,,,,,,
2025,18,IND,HOU,T.Warren,0.0,0.0,0.0,0.0,0.0,0.0,,0.0,0.0,0.0,0.0,0.0,8.0,5.0,26.0,0.0,37.0,0.0,0.0,7.6,2.6,,,,,,
2025,18,JAX,TEN,B.Strange,0.0,0.0,0.0,0.0,0.0,0.0,,0.0,0.0,0.0,0.0,0.0,6.0,6.0,52.0,1.0,26.0,0.0,0.0,17.2,11.2,,,,,,
2025,18,JAX,TEN,B.Thomas,0.0,0.0,0.0,0.0,0.0,0.0,,0.0,0.0,0.0,0.0,0.0,5.0,3.0,49.0,0.0,82.0,0.0,0.0,7.9,4.9,,,,,,
2025,18,JAX,TEN,B.Tuten,0.0,0.0,0.0,0.0,0.0,0.0,,5.0,23.0,1.0,0.0,0.0,0.0,0.0,0.0,0.0,0.0,0.0,0.0,8.3,8.3,,,,,,
2025,18,JAX,TEN,D.Brown,0.0,0.0,0.0,0.0,0.0,0.0,,0.0,0.0,0.0,0.0,0.0,1.0,1.0,8.0,0.0,8.0,0.0,0.0,1.8,0.8,,,,,,
2025,18,JAX,TEN,J.Meyers,0.0,0.0,0.0,0.0,0.0,0.0,,0.0,0.0,0.0,0.0,0.0,6.0,5.0,44.0,0.0,44.0,0.0,0.0,9.4,4.4,,,,,,
2025,18,JAX,TEN,J.Mundt,0.0,0.0,0.0,0.0,0.0,0.0,,0.0,0.0,0.0,0.0,0.0,1.0,1.0,16.0,0.0,6.0,0.0,0.0,2.6,1.6,,,,,,
2025,18,JAX,TEN,N.Mullens,2.0,2.0,16.0,0.0,0.0,0.0,QB,3.0,-2.0,0.0,0.0,0.0,0.0,0.0,0.0,0.0,0.0,0.0,0.0,0.44,0.44,,,,,,
2025,18,JAX,TEN,P.Washington,0.0,0.0,0.0,0.0,0.0,0.0,,0.0,0.0,0.0,0.0,0.0,9.0,5.0,87.0,1.0,132.0,0.0,0.0,19.7,14.7,,,,,,
2025,18,JAX,TEN,Q.Morris,0.0,0.0,0.0,0.0,0.0,0.0,,0.0,0.0,0.0,0.0,0.0,1.0,1.0,5.0,1.0,2.0,0.0,0.0,7.5,6.5,,,,,,
2025,18,JAX,TEN,T.Etienne,0.0,0.0,0.0,0.0,0.0,0.0,,14.0,32.0,0.0,0.0,0.0,1.0,1.0,6.0,0.0,1.0,0.0,0.0,4.8,3.8,,,,,,
2025,18,JAX,TEN,T.Lawrence,32.0,22.0,255.0,3.0,0.0,2.0,QB,2.0,11.0,0.0,0.0,0.0,0.0,0.0,0.0,0.0,0.0,0.0,0.0,23.3,23.3,,,,,,
2025,18,JAX,TEN,T.Patrick,0.0,0.0,0.0,0.0,0.0,0.0,,0.0,0.0,0.0,0.0,0.0,1.0,1.0,4.0,0.0,1.0,0.0,0.0,1.4,0.4,,,,,,
2025,18,KC,LV,B.Smith,0.0,0.0,0.0,0.0,0.0,0.0,,12.0,56.0,0.0,0.0,0.0,4.0,2.0,2.0,0.0,-17.0,0.0,0.0,7.8,5.8,,,,,,
2025,18,KC,LV,C.Oladokun,20.0,11.0,58.0,0.0,0.0,3.0,QB,1.0,0.0,0.0,1.0,1.0,0.0,0.0,0.0,0.0,0.0,0.0,0.0,2.32,2.32,,,,,,
2025,18,KC,LV,D.Pierce,0.0,0.0,0.0,0.0,0.0,0.0,,4.0,10.0,0.0,0.0,0.0,0.0,0.0,0.0,0.0,0.0,0.0,0.0,1.0,1.0,,,,,,
2025,18,KC,LV,J.Royals,0.0,0.0,0.0,0.0,0.0,0.0,,0.0,0.0,0.0,0.0,0.0,3.0,2.0,4.0,0.0,22.0,0.0,0.0,2.4,0.4,,,,,,
2025,18,KC,LV,J.Smith-Schuster,0.0,0.0,0.0,0.0,0.0,0.0,,0.0,0.0,0.0,0.0,0.0,2.0,2.0,13.0,0.0,10.0,0.0,0.0,3.3,1.3,,,,,,
2025,18,KC,LV,K.Hunt,0.0,0.0,0.0,0.0,0.0,0.0,,5.0,14.0,0.0,0.0,0.0,4.0,3.0,21.0,0.0,-4.0,0.0,0.0,6.5,3.5,,,,,,
2025,18,KC,LV,M.Brown,0.0,0.0,0.0,0.0,0.0,0.0,,0.0,0.0,0.0,0.0,0.0,6.0,3.0,64.0,0.0,132.0,0.0,0.0,9.4,6.4,,,,,,
2025,18,KC,LV,N.Gray,0.0,0.0,0.0,0.0,0.0,0.0,,0.0,0.0,0.0,0.0,0.0,5.0,3.0,30.0,0.0,25.0,0.0,0.0,6.0,3.0,,,,,,
2025,18,KC,LV,S.Buechele,19.0,7.0,88.0,0.0,0.0,5.0,QB,1.0,4.0,0.0,0.0,0.0,0.0,0.0,0.0,0.0,0.0,0.0,0.0,3.92,3.92,,,,,,
2025,18,KC,LV,T.Kelce,0.0,0.0,0.0,0.0,0.0,0.0,,0.0,0.0,0.0,0.0,0.0,6.0,3.0,12.0,0.0,48.0,1.0,0.0,4.2,1.2,,,,,,
2025,18,LA,ARI,B.Corum,0.0,0.0,0.0,0.0,0.0,0.0,,13.0,59.0,0.0,0.0,0.0,1.0,1.0,10.0,0.0,3.0,0.0,0.0,7.9,6.9,,,,,,
2025,18,LA,ARI,C.Parkinson,0.0,0.0,0.0,0.0,0.0,0.0,,0.0,0.0,0.0,0.0,0.0,7.0,4.0,36.0,2.0,55.0,0.0,0.0,19.6,15.6,,,,,,
2025,18,LA,ARI,D.Allen,0.0,0.0,0.0,0.0,0.0,0.0,,0.0,0.0,0.0,0.0,0.0,1.0,0.0,0.0,0.0,19.0,0.0,0.0,0.0,0.0,,,,,,
2025,18,LA,ARI,J.Garoppolo,0.0,0.0,0.0,0.0,0.0,0.0,,3.0,-3.0,0.0,0.0,0.0,0.0,0.0,0.0,0.0,0.0,0.0,0.0,-0.3,-0.3,,,,,,
2025,18,LA,ARI,K.Mumpfield,0.0,0.0,0.0,0.0,0.0,0.0,,0.0,0.0,0.0,0.0,0.0,1.0,0.0,0.0,0.0,6.0,0.0,0.0,0.0,0.0,,,,,,
2025,18,LA,ARI,K.Williams,0.0,0.0,0.0,0.0,0.0,0.0,,12.0,60.0,0.0,0.0,0.0,5.0,3.0,21.0,0.0,18.0,0.0,0.0,11.1,8.1,,,,,,
2025,18,LA,ARI,M.Stafford,41.0,25.0,259.0,4.0,0.0,1.0,QB,1.0,3.0,0.0,0.0,0.0,0.0,0.0,0.0,0.0,0.0,0.0,0.0,26.66,26.66,,,,,,
2025,18,LA,ARI,P.Nacua,0.0,0.0,0.0,0.0,0.0,0.0,,2.0,24.0,0.0,0.0,0.0,11.0,10.0,76.0,1.0,44.0,0.0,0.0,26.0,16.0,,,,,,
2025,18,LA,ARI,T.Atwell,0.0,0.0,0.0,0.0,0.0,0.0,,0.0,0.0,0.0,0.0,0.0,3.0,1.0,19.0,0.0,55.0,0.0,0.0,2.9,1.9,,,,,,
2025,18,LA,ARI,T.Higbee,0.0,0.0,0.0,0.0,0.0,0.0,,0.0,0.0,0.0,0.0,0.0,6.0,5.0,91.0,1.0,82.0,0.0,0.0,20.1,15.1,,,,,,
2025,18,LA,ARI,X.Smith,0.0,0.0,0.0,0.0,0.0,0.0,,0.0,0.0,0.0,0.0,0.0,2.0,1.0,6.0,0.0,37.0,0.0,0.0,1.6,0.6,,,,,,
2025,18,LAC,DEN,D.Davis,0.0,0.0,0.0,0.0,0.0,0.0,,0.0,0.0,0.0,0.0,0.0,1.0,1.0,7.0,0.0,6.0,0.0,0.0,1.7,0.7,,,,,,
2025,18,LAC,DEN,H.Haskins,0.0,0.0,0.0,0.0,0.0,0.0,,1.0,3.0,0.0,0.0,0.0,0.0,0.0,0.0,0.0,0.0,0.0,0.0,0.3,0.3,,,,,,
2025,18,LAC,DEN,J.Patterson,0.0,0.0,0.0,0.0,0.0,0.0,,8.0,29.0,0.0,0.0,0.0,4.0,3.0,8.0,0.0,-1.0,0.0,0.0,6.7,3.7,,,,,,
2025,18,LAC,DEN,K.Allen,0.0,0.0,0.0,0.0,0.0,0.0,,0.0,0.0,0.0,0.0,0.0,13.0,7.0,36.0,0.0,122.0,0.0,0.0,10.6,3.6,,,,,,
2025,18,LAC,DEN,K.Lambert-Smith,0.0,0.0,0.0,0.0,0.0,0.0,,0.0,0.0,0.0,0.0,0.0,5.0,2.0,24.0,0.0,84.0,0.0,0.0,4.4,2.4,,,,,,
2025,18,LAC,DEN,K.Vidal,0.0,0.0,0.0,0.0,0.0,0.0,,3.0,12.0,0.0,0.0,0.0,1.0,1.0,-2.0,0.0,-3.0,0.0,0.0,2.0,1.0,,,,,,
2025,18,LAC,DEN,O.Gadsden,0.0,0.0,0.0,0.0,0.0,0.0,,0.0,0.0,0.0,0.0,0.0,2.0,2.0,23.0,0.0,15.0,0.0,0.0,4.3,2.3,,,,,,
2025,18,LAC,DEN,T.Conklin,0.0,0.0,0.0,0.0,0.0,0.0,,0.0,0.0,0.0,0.0,0.0,1.0,1.0,6.0,0.0,4.0,0.0,0.0,1.6,0.6,,,,,,
2025,18,LAC,DEN,T.Harris,0.0,0.0,0.0,0.0,0.0,0.0,,0.0,0.0,0.0,0.0,0.0,6.0,2.0,28.0,0.0,108.0,0.0,0.0,4.8,2.8,,,,,,
2025,18,LAC,DEN,T.Lance,48.0,20.0,136.0,0.0,1.0,4.0,QB,9.0,69.0,0.0,0.0,0.0,0.0,0.0,0.0,0.0,0.0,0.0,0.0,11.34,11.34,,,,,,
2025,18,LAC,DEN,W.Dissly,0.0,0.0,0.0,0.0,0.0,0.0,,0.0,0.0,0.0,0.0,0.0,5.0,1.0,6.0,0.0,37.0,0.0,0.0,1.6,0.6,,,,,,
2025,18,LV,KC,A.Jeanty,0.0,0.0,0.0,0.0,0.0,0.0,,26.0,87.0,0.0,0.0,0.0,5.0,3.0,7.0,0.0,-15.0,0.0,0.0,12.4,9.4,,,,,,
2025,18,LV,KC,A.O'Connell,23.0,10.0,102.0,0.0,0.0,1.0,QB,1.0,7.0,0.0,0.0,0.0,0.0,0.0,0.0,0.0,0.0,0.0,0.0,4.78,4.78,,,,,,
2025,18,LV,KC,D.Thornton,0.0,0.0,0.0,0.0,0.0,0.0,,0.0,0.0,0.0,0.0,0.0,1.0,0.0,0.0,0.0,43.0,0.0,0.0,0.0,0.0,,,,,,
2025,18,LV,KC,I.Pola-Mao,0.0,0.0,0.0,0.0,0.0,0.0,,1.0,3.0,0.0,0.0,0.0,0.0,0.0,0.0,0.0,0.0,0.0,0.0,0.3,0.3,,,,,,
2025,18,LV,KC,J.Bech,0.0,0.0,0.0,0.0,0.0,0.0,,0.0,0.0,0.0,0.0,0.0,2.0,0.0,0.0,0.0,22.0,0.0,0.0,0.0,0.0,,,,,,
2025,18,LV,KC,K.Pickett,6.0,1.0,3.0,0.0,1.0,2.0,QB,1.0,9.0,0.0,0.0,0.0,0.0,0.0,0.0,0.0,0.0,0.0,0.0,0.02,0.02,,,,,,
2025,18,LV,KC,M.Mayer,0.0,0.0,0.0,0.0,0.0,0.0,,0.0,0.0,0.0,0.0,0.0,5.0,3.0,47.0,0.0,39.0,0.0,0.0,7.7,4.7,,,,,,
2025,18,LV,KC,S.Jackson,0.0,0.0,0.0,0.0,0.0,0.0,,1.0,3.0,0.0,0.0,0.0,1.0,1.0,11.0,0.0,11.0,0.0,0.0,2.4,1.4,,,,,,
2025,18,LV,KC,T.Lockett,0.0,0.0,0.0,0.0,0.0,0.0,,0.0,0.0,0.0,0.0,0.0,5.0,1.0,5.0,0.0,24.0,0.0,0.0,1.5,0.5,,,,,,
2025,18,LV,KC,T.Tucker,0.0,0.0,0.0,0.0,0.0,0.0,,1.0,4.0,0.0,0.0,0.0,6.0,2.0,30.0,0.0,105.0,0.0,0.0,5.4,3.4,,,,,,
2025,18,LV,KC,Z.White,0.0,0.0,0.0,0.0,0.0,0.0,,1.0,5.0,0.0,0.0,0.0,1.0,1.0,5.0,0.0,-3.0,0.0,0.0,2.0,1.0,,,,,,
2025,18,MIA,NE,A.Ingold,0.0,0.0,0.0,0.0,0.0,0.0,,0.0,0.0,0.0,0.0,0.0,2.0,1.0,3.0,0.0,19.0,0.0,0.0,1.3,0.3,,,,,,
2025,18,MIA,NE,C.Wilson,0.0,0.0,0.0,0.0,0.0,0.0,,0.0,0.0,0.0,0.0,0.0,2.0,0.0,0.0,0.0,18.0,0.0,0.0,0.0,0.0,,,,,,
2025,18,MIA,NE,G.Dulcich,0.0,0.0,0.0,0.0,0.0,0.0,,0.0,0.0,0.0,0.0,0.0,4.0,3.0,31.0,0.0,15.0,0.0,0.0,6.1,3.1,,,,,,
2025,18,MIA,NE,J.Hill,0.0,0.0,0.0,0.0,0.0,0.0,,0.0,0.0,0.0,0.0,0.0,1.0,1.0,8.0,0.0,1.0,0.0,0.0,1.8,0.8,,,,,,
2025,18,MIA,NE,J.Wright,0.0,0.0,0.0,0.0,0.0,0.0,,13.0,23.0,0.0,2.0,1.0,2.0,2.0,17.0,0.0,-8.0,0.0,0.0,6.0,4.0,,,,,,
2025,18,MIA,NE,M.Washington,0.0,0.0,0.0,0.0,0.0,0.0,,2.0,22.0,0.0,0.0,0.0,4.0,3.0,6.0,1.0,5.0,0.0,0.0,11.8,8.8,,,,,,
2025,18,MIA,NE,O.Gordon,0.0,0.0,0.0,0.0,0.0,0.0,,9.0,9.0,0.0,0.0,0.0,1.0,1.0,2.0,0.0,-9.0,0.0,0.0,2.1,1.1,,,,,,
2025,18,MIA,NE,Q.Ewers,27.0,16.0,137.0,1.0,1.0,4.0,QB,1.0,9.0,0.0,0.0,0.0,0.0,0.0,0.0,0.0,0.0,0.0,0.0,9.38,9.38,,,,,,
2025,18,MIA,NE,T.Washington,0.0,0.0,0.0,0.0,0.0,0.0,,0.0,0.0,0.0,0.0,0.0,3.0,2.0,26.0,0.0,68.0,0.0,0.0,4.6,2.6,,,,,,
2025,18,MIA,NE,T.Wease,0.0,0.0,0.0,0.0,0.0,0.0,,0.0,0.0,0.0,0.0,0.0,5.0,3.0,44.0,0.0,59.0,0.0,0.0,7.4,4.4,,,,,,
2025,18,MIA,NE,Z.Wilson,2.0,0.0,0.0,0.0,0.0,0.0,QB,0.0,0.0,0.0,0.0,0.0,0.0,0.0,0.0,0.0,0.0,0.0,0.0,0.0,0.0,,,,,,
2025,18,MIN,GB,B.Sims,0.0,0.0,0.0,0.0,0.0,0.0,,0.0,0.0,0.0,0.0,0.0,4.0,1.0,18.0,0.0,66.0,0.0,0.0,2.8,1.8,,,,,,
2025,18,MIN,GB,B.Yurosek,0.0,0.0,0.0,0.0,0.0,0.0,,0.0,0.0,0.0,0.0,0.0,1.0,1.0,9.0,0.0,5.0,0.0,0.0,1.9,0.9,,,,,,
2025,18,MIN,GB,C.Ham,0.0,0.0,0.0,0.0,0.0,0.0,,1.0,1.0,1.0,0.0,0.0,1.0,1.0,6.0,0.0,-2.0,0.0,0.0,7.7,6.7,,,,,,
2025,18,MIN,GB,J.Addison,0.0,0.0,0.0,0.0,0.0,0.0,,0.0,0.0,0.0,0.0,0.0,3.0,1.0,8.0,0.0,36.0,0.0,0.0,1.8,0.8,,,,,,
2025,18,MIN,GB,J.Jefferson,0.0,0.0,0.0,0.0,0.0,0.0,,1.0,3.0,0.0,0.0,0.0,11.0,8.0,101.0,0.0,69.0,0.0,0.0,18.4,10.4,,,,,,
2025,18,MIN,GB,J.Mason,0.0,0.0,0.0,0.0,0.0,0.0,,14.0,94.0,0.0,0.0,0.0,0.0,0.0,0.0,0.0,0.0,0.0,0.0,9.4,9.4,,,,,,
2025,18,MIN,GB,J.McCarthy,23.0,14.0,182.0,0.0,0.0,0.0,QB,2.0,7.0,0.0,0.0,0.0,0.0,0.0,0.0,0.0,0.0,0.0,0.0,7.98,7.98,,,,,,
2025,18,MIN,GB,J.Nailor,0.0,0.0,0.0,0.0,0.0,0.0,,0.0,0.0,0.0,0.0,0.0,3.0,3.0,49.0,0.0,35.0,0.0,0.0,7.9,4.9,,,,,,
2025,18,MIN,GB,J.Oliver,0.0,0.0,0.0,0.0,0.0,0.0,,0.0,0.0,0.0,0.0,0.0,2.0,2.0,29.0,0.0,6.0,0.0,0.0,4.9,2.9,,,,,,
2025,18,MIN,GB,M.Brosmer,10.0,7.0,57.0,0.0,0.0,2.0,QB,0.0,0.0,0.0,0.0,0.0,0.0,0.0,0.0,0.0,0.0,0.0,0.0,2.28,2.28,,,,,,
2025,18,MIN,GB,T.Chandler,0.0,0.0,0.0,0.0,0.0,0.0,,10.0,23.0,0.0,0.0,0.0,4.0,3.0,11.0,0.0,-20.0,0.0,0.0,6.4,3.4,,,,,,
2025,18,MIN,GB,Z.Scott,0.0,0.0,0.0,0.0,0.0,0.0,,3.0,9.0,0.0,0.0,0.0,1.0,1.0,8.0,0.0,0.0,0.0,0.0,2.7,1.7,,,,,,
2025,18,NE,MIA,A.Hooper,0.0,0.0,0.0,0.0,0.0,0.0,,0.0,0.0,0.0,0.0,0.0,1.0,1.0,5.0,0.0,3.0,0.0,0.0,1.5,0.5,,,,,,
2025,18,NE,MIA,D.Douglas,0.0,0.0,0.0,0.0,0.0,0.0,,0.0,0.0,0.0,0.0,0.0,3.0,2.0,29.0,0.0,48.0,0.0,0.0,4.9,2.9,,,,,,
2025,18,NE,MIA,D.Johnson,0.0,0.0,0.0,0.0,0.0,0.0,,5.0,13.0,0.0,0.0,0.0,0.0,0.0,0.0,0.0,0.0,0.0,0.0,1.3,1.3,,,,,,
2025,18,NE,MIA,D.Maye,18.0,14.0,191.0,1.0,0.0,0.0,QB,5.0,41.0,0.0,0.0,0.0,0.0,0.0,0.0,0.0,0.0,0.0,0.0,15.74,15.74,,,,,,
2025,18,NE,MIA,E.Chism,0.0,0.0,0.0,0.0,0.0,0.0,,0.0,0.0,0.0,0.0,0.0,1.0,1.0,35.0,0.0,19.0,0.0,0.0,4.5,3.5,,,,,,
2025,18,NE,MIA,H.Henry,0.0,0.0,0.0,0.0,0.0,0.0,,0.0,0.0,0.0,0.0,0.0,5.0,5.0,56.0,0.0,26.0,0.0,0.0,10.6,5.6,,,,,,
2025,18,NE,MIA,J.Dobbs,4.0,3.0,23.0,0.0,0.0,0.0,QB,3.0,0.0,0.0,0.0,0.0,0.0,0.0,0.0,0.0,0.0,0.0,0.0,0.92,0.92,,,,,,
2025,18,NE,MIA,J.Westover,0.0,0.0,0.0,0.0,0.0,0.0,,0.0,0.0,0.0,0.0,0.0,1.0,1.0,0.0,0.0,0.0,0.0,0.0,1.0,0.0,,,,,,
2025,18,NE,MIA,K.Boutte,0.0,0.0,0.0,0.0,0.0,0.0,,0.0,0.0,0.0,0.0,0.0,4.0,2.0,24.0,0.0,75.0,0.0,0.0,4.4,2.4,,,,,,
2025,18,NE,MIA,K.Williams,0.0,0.0,0.0,0.0,0.0,0.0,,1.0,5.0,0.0,0.0,0.0,0.0,0.0,0.0,0.0,0.0,0.0,0.0,0.5,0.5,,,,,,
2025,18,NE,MIA,R.Stevenson,0.0,0.0,0.0,0.0,0.0,0.0,,7.0,131.0,2.0,0.0,0.0,2.0,2.0,22.0,1.0,7.0,0.0,0.0,35.3,33.3,,,,,,
2025,18,NE,MIA,S.Diggs,0.0,0.0,0.0,0.0,0.0,0.0,,0.0,0.0,0.0,0.0,0.0,3.0,3.0,43.0,0.0,23.0,0.0,0.0,7.3,4.3,,,,,,
2025,18,NE,MIA,T.Henderson,0.0,0.0,0.0,0.0,0.0,0.0,,13.0,53.0,2.0,0.0,0.0,0.0,0.0,0.0,0.0,0.0,0.0,0.0,17.3,17.3,,,,,,
2025,18,NO,ATL,A.Estime,0.0,0.0,0.0,0.0,0.0,0.0,,21.0,63.0,0.0,0.0,0.0,5.0,5.0,43.0,0.0,9.0,0.0,0.0,15.6,10.6,,,,,,
2025,18,NO,ATL,D.Pettis,0.0,0.0,0.0,0.0,0.0,0.0,,0.0,0.0,0.0,0.0,0.0,5.0,5.0,60.0,0.0,14.0,0.0,0.0,11.0,6.0,,,,,,
2025,18,NO,ATL,E.Hull,0.0,0.0,0.0,0.0,0.0,0.0,,2.0,11.0,0.0,0.0,0.0,0.0,0.0,0.0,0.0,0.0,0.0,0.0,1.1,1.1,,,,,,
2025,18,NO,ATL,J.Johnson,0.0,0.0,0.0,0.0,0.0,0.0,,0.0,0.0,0.0,0.0,0.0,5.0,3.0,61.0,0.0,78.0,1.0,1.0,9.1,6.1,,,,,,
2025,18,NO,ATL,K.Austin,0.0,0.0,0.0,0.0,0.0,0.0,,0.0,0.0,0.0,0.0,0.0,9.0,4.0,37.0,0.0,65.0,0.0,0.0,7.7,3.7,,,,,,
2025,18,NO,ATL,R.Bell,0.0,0.0,0.0,0.0,0.0,0.0,,0.0,0.0,0.0,0.0,0.0,4.0,2.0,23.0,1.0,78.0,0.0,0.0,10.3,8.3,,,,,,
2025,18,NO,ATL,S.Toure,0.0,0.0,0.0,0.0,0.0,0.0,,0.0,0.0,0.0,0.0,0.0,3.0,1.0,3.0,0.0,30.0,0.0,0.0,1.3,0.3,,,,,,
2025,18,NO,ATL,T.Hill,0.0,0.0,0.0,0.0,0.0,0.0,,0.0,0.0,0.0,0.0,0.0,3.0,3.0,32.0,0.0,3.0,0.0,0.0,6.2,3.2,,,,,,
2025,18,NO,ATL,T.Shough,39.0,23.0,259.0,1.0,1.0,4.0,QB,3.0,34.0,1.0,0.0,0.0,0.0,0.0,0.0,0.0,0.0,0.0,0.0,22.76,22.76,,,,,,
2025,18,NYG,DAL,C.Manhertz,0.0,0.0,0.0,0.0,0.0,0.0,,0.0,0.0,0.0,0.0,0.0,1.0,0.0,0.0,0.0,10.0,0.0,0.0,0.0,0.0,,,,,,
2025,18,NYG,DAL,D.Bellinger,0.0,0.0,0.0,0.0,0.0,0.0,,0.0,0.0,0.0,0.0,0.0,2.0,2.0,38.0,1.0,4.0,0.0,0.0,11.8,9.8,,,,,,
2025,18,NYG,DAL,D.Singletary,1.0,0.0,0.0,0.0,0.0,0.0,QB,9.0,26.0,1.0,0.0,0.0,0.0,0.0,0.0,0.0,0.0,0.0,0.0,8.6,8.6,,,,,,
2025,18,NYG,DAL,D.Slayton,0.0,0.0,0.0,0.0,0.0,0.0,,0.0,0.0,0.0,0.0,0.0,10.0,4.0,34.0,0.0,39.0,0.0,0.0,7.4,3.4,,,,,,
2025,18,NYG,DAL,G.Olszewski,1.0,0.0,0.0,0.0,0.0,0.0,QB,0.0,0.0,0.0,0.0,0.0,9.0,8.0,102.0,0.0,76.0,0.0,0.0,18.2,10.2,,,,,,
2025,18,NYG,DAL,I.Hodgins,0.0,0.0,0.0,0.0,0.0,0.0,,0.0,0.0,0.0,0.0,0.0,2.0,0.0,0.0,0.0,37.0,0.0,0.0,0.0,0.0,,,,,,
2025,18,NYG,DAL,J.Dart,36.0,22.0,230.0,2.0,0.0,4.0,QB,5.0,32.0,0.0,0.0,0.0,0.0,0.0,0.0,0.0,0.0,0.0,0.0,20.4,20.4,,,,,,
2025,18,NYG,DAL,T.Tracy,0.0,0.0,0.0,0.0,0.0,0.0,,18.0,103.0,0.0,0.0,0.0,9.0,8.0,56.0,1.0,15.0,1.0,1.0,29.9,21.9,,,,,,
2025,18,NYJ,BUF,A.Beck,0.0,0.0,0.0,0.0,0.0,0.0,,0.0,0.0,0.0,0.0,0.0,2.0,1.0,2.0,1.0,0.0,0.0,0.0,7.2,6.2,,,,,,
2025,18,NYJ,BUF,A.Mitchell,0.0,0.0,0.0,0.0,0.0,0.0,,0.0,0.0,0.0,0.0,0.0,3.0,0.0,0.0,0.0,31.0,0.0,0.0,0.0,0.0,,,,,,
2025,18,NYJ,BUF,A.Smith,0.0,0.0,0.0,0.0,0.0,0.0,,1.0,2.0,0.0,0.0,0.0,2.0,0.0,0.0,0.0,9.0,0.0,0.0,0.2,0.2,,,,,,
2025,18,NYJ,BUF,B.Cook,24.0,11.0,60.0,1.0,0.0,1.0,QB,3.0,7.0,0.0,0.0,0.0,0.0,0.0,0.0,0.0,0.0,0.0,0.0,7.1,7.1,,,,,,
2025,18,NYJ,BUF,I.Williams,0.0,0.0,0.0,0.0,0.0,0.0,,0.0,0.0,0.0,0.0,0.0,7.0,5.0,24.0,0.0,29.0,0.0,0.0,7.4,2.4,,,,,,
2025,18,NYJ,BUF,J.Metchie,0.0,0.0,0.0,0.0,0.0,0.0,,0.0,0.0,0.0,0.0,0.0,4.0,3.0,20.0,0.0,12.0,0.0,0.0,5.0,2.0,,,,,,
2025,18,NYJ,BUF,K.Herbert,0.0,0.0,0.0,0.0,0.0,0.0,,12.0,42.0,0.0,0.0,0.0,2.0,1.0,4.0,0.0,-6.0,0.0,0.0,5.6,4.6,,,,,,
2025,18,NYJ,BUF,K.Nwangwu,0.0,0.0,0.0,0.0,0.0,0.0,,7.0,18.0,0.0,0.0,0.0,1.0,0.0,0.0,0.0,-6.0,0.0,0.0,1.8,1.8,,,,,,
2025,18,NYJ,BUF,Q.Skinner,0.0,0.0,0.0,0.0,0.0,0.0,,0.0,0.0,0.0,0.0,0.0,2.0,1.0,10.0,0.0,4.0,0.0,0.0,2.0,1.0,,,,,,
2025,18,PHI,WAS,A.Dillon,0.0,0.0,0.0,0.0,0.0,0.0,,0.0,0.0,0.0,0.0,0.0,1.0,1.0,3.0,0.0,3.0,0.0,0.0,1.3,0.3,,,,,,
2025,18,PHI,WAS,B.Covey,0.0,0.0,0.0,0.0,0.0,0.0,,0.0,0.0,0.0,0.0,0.0,4.0,2.0,20.0,0.0,8.0,0.0,0.0,4.0,2.0,,,,,,
2025,18,PHI,WAS,D.Cooper,0.0,0.0,0.0,0.0,0.0,0.0,,0.0,0.0,0.0,0.0,0.0,5.0,3.0,33.0,0.0,68.0,0.0,0.0,6.3,3.3,,,,,,
2025,18,PHI,WAS,D.Smith,0.0,0.0,0.0,0.0,0.0,0.0,,0.0,0.0,0.0,0.0,0.0,4.0,3.0,52.0,0.0,62.0,0.0,0.0,8.2,5.2,,,,,,
2025,18,PHI,WAS,G.Calcaterra,0.0,0.0,0.0,0.0,0.0,0.0,,0.0,0.0,0.0,0.0,0.0,3.0,2.0,21.0,1.0,24.0,0.0,0.0,10.1,8.1,,,,,,
2025,18,PHI,WAS,J.Dotson,0.0,0.0,0.0,0.0,0.0,0.0,,0.0,0.0,0.0,0.0,0.0,8.0,3.0,40.0,0.0,139.0,0.0,0.0,7.0,4.0,,,,,,
2025,18,PHI,WAS,K.Granson,0.0,0.0,0.0,0.0,0.0,0.0,,0.0,0.0,0.0,0.0,0.0,5.0,4.0,30.0,0.0,31.0,0.0,0.0,7.0,3.0,,,,,,
2025,18,PHI,WAS,T.Bigsby,0.0,0.0,0.0,0.0,0.0,0.0,,16.0,75.0,1.0,0.0,0.0,1.0,1.0,31.0,0.0,1.0,0.0,0.0,17.6,16.6,,,,,,
2025,18,PHI,WAS,T.McKee,43.0,21.0,241.0,1.0,1.0,3.0,QB,2.0,3.0,0.0,0.0,0.0,0.0,0.0,0.0,0.0,0.0,0.0,0.0,12.94,12.94,,,,,,
2025,18,PHI,WAS,W.Shipley,0.0,0.0,0.0,0.0,0.0,0.0,,1.0,2.0,0.0,0.0,0.0,3.0,2.0,11.0,0.0,-6.0,0.0,0.0,3.3,1.3,,,,,,
2025,18,PIT,BAL,A.Rodgers,49.0,31.0,294.0,1.0,0.0,2.0,QB,1.0,20.0,0.0,0.0,0.0,0.0,0.0,0.0,0.0,0.0,0.0,0.0,17.76,17.76,,,,,,
2025,18,PIT,BAL,A.Thielen,0.0,0.0,0.0,0.0,0.0,0.0,,0.0,0.0,0.0,0.0,0.0,6.0,3.0,43.0,0.0,67.0,0.0,0.0,7.3,4.3,,,,,,
2025,18,PIT,BAL,C.Austin,0.0,0.0,0.0,0.0,0.0,0.0,,0.0,0.0,0.0,0.0,0.0,7.0,3.0,55.0,1.0,109.0,0.0,0.0,14.5,11.5,,,,,,
2025,18,PIT,BAL,Co.Heyward,0.0,0.0,0.0,0.0,0.0,0.0,,3.0,2.0,1.0,0.0,0.0,1.0,1.0,3.0,0.0,-1.0,0.0,0.0,7.5,6.5,,,,,,
2025,18,PIT,BAL,J.Smith,0.0,0.0,0.0,0.0,0.0,0.0,,1.0,2.0,0.0,0.0,0.0,2.0,1.0,2.0,0.0,30.0,0.0,0.0,1.4,0.4,,,,,,
2025,18,PIT,BAL,J.Warren,0.0,0.0,0.0,0.0,0.0,0.0,,14.0,66.0,0.0,0.0,0.0,5.0,5.0,33.0,0.0,-23.0,0.0,0.0,14.9,9.9,,,,,,
2025,18,PIT,BAL,K.Gainwell,0.0,0.0,0.0,0.0,0.0,0.0,,5.0,10.0,1.0,0.0,0.0,9.0,8.0,64.0,0.0,-2.0,0.0,0.0,21.4,13.4,,,,,,
2025,18,PIT,BAL,M.Valdes-Scantling,0.0,0.0,0.0,0.0,0.0,0.0,,0.0,0.0,0.0,0.0,0.0,7.0,5.0,34.0,0.0,77.0,0.0,0.0,8.4,3.4,,,,,,
2025,18,PIT,BAL,P.Freiermuth,0.0,0.0,0.0,0.0,0.0,0.0,,0.0,0.0,0.0,0.0,0.0,5.0,3.0,51.0,0.0,44.0,0.0,0.0,8.1,5.1,,,,,,
2025,18,PIT,BAL,S.Miller,0.0,0.0,0.0,0.0,0.0,0.0,,0.0,0.0,0.0,0.0,0.0,2.0,2.0,9.0,0.0,2.0,0.0,0.0,2.9,0.9,,,,,,
2025,18,SEA,SF,A.Barner,0.0,0.0,0.0,0.0,0.0,0.0,,0.0,0.0,0.0,0.0,0.0,3.0,2.0,14.0,0.0,9.0,0.0,0.0,3.4,1.4,,,,,,
2025,18,SEA,SF,C.Kupp,0.0,0.0,0.0,0.0,0.0,0.0,,0.0,0.0,0.0,0.0,0.0,3.0,2.0,29.0,0.0,20.0,0.0,0.0,4.9,2.9,,,,,,
2025,18,SEA,SF,E.Saubert,0.0,0.0,0.0,0.0,0.0,0.0,,0.0,0.0,0.0,0.0,0.0,3.0,2.0,10.0,0.0,0.0,0.0,0.0,3.0,1.0,,,,,,
2025,18,SEA,SF,J.Smith-Njigba,0.0,0.0,0.0,0.0,0.0,0.0,,0.0,0.0,0.0,0.0,0.0,8.0,6.0,84.0,0.0,102.0,0.0,0.0,14.4,8.4,,,,,,
2025,18,SEA,SF,K.Walker,0.0,0.0,0.0,0.0,0.0,0.0,,16.0,97.0,0.0,0.0,0.0,4.0,4.0,36.0,0.0,-14.0,0.0,0.0,17.3,13.3,,,,,,
2025,18,SEA,SF,R.Shaheed,0.0,0.0,0.0,0.0,0.0,0.0,,0.0,0.0,0.0,0.0,0.0,1.0,1.0,2.0,0.0,2.0,0.0,0.0,1.2,0.2,,,,,,
2025,18,SEA,SF,S.Darnold,28.0,20.0,198.0,0.0,0.0,2.0,QB,6.0,9.0,0.0,1.0,0.0,0.0,0.0,0.0,0.0,0.0,0.0,0.0,8.82,8.82,,,,,,
2025,18,SEA,SF,Z.Charbonnet,0.0,0.0,0.0,0.0,0.0,0.0,,17.0,74.0,1.0,0.0,0.0,4.0,3.0,23.0,0.0,7.0,0.0,0.0,18.7,15.7,,,,,,
2025,18,SF,SEA,B.Purdy,30.0,19.0,127.0,0.0,1.0,3.0,QB,2.0,21.0,0.0,0.0,0.0,0.0,0.0,0.0,0.0,0.0,0.0,0.0,6.18,6.18,,,,,,
2025,18,SF,SEA,B.Robinson,0.0,0.0,0.0,0.0,0.0,0.0,,2.0,9.0,0.0,0.0,0.0,0.0,0.0,0.0,0.0,0.0,0.0,0.0,0.9,0.9,,,,,,
2025,18,SF,SEA,C.McCaffrey,0.0,0.0,0.0,0.0,0.0,0.0,,8.0,23.0,0.0,0.0,0.0,7.0,6.0,34.0,0.0,22.0,0.0,0.0,11.7,5.7,,,,,,
2025,18,SF,SEA,D.Robinson,0.0,0.0,0.0,0.0,0.0,0.0,,0.0,0.0,0.0,0.0,0.0,4.0,3.0,24.0,0.0,30.0,0.0,0.0,5.4,2.4,,,,,,
2025,18,SF,SEA,G.Kittle,0.0,0.0,0.0,0.0,0.0,0.0,,0.0,0.0,0.0,0.0,0.0,7.0,5.0,29.0,0.0,29.0,0.0,0.0,7.9,2.9,,,,,,
2025,18,SF,SEA,J.Jennings,0.0,0.0,0.0,0.0,0.0,0.0,,0.0,0.0,0.0,0.0,0.0,6.0,4.0,35.0,0.0,36.0,0.0,0.0,7.5,3.5,,,,,,
2025,18,SF,SEA,K.Bourne,0.0,0.0,0.0,0.0,0.0,0.0,,0.0,0.0,0.0,0.0,0.0,1.0,0.0,0.0,0.0,8.0,0.0,0.0,0.0,0.0,,,,,,
2025,18,SF,SEA,K.Juszczyk,0.0,0.0,0.0,0.0,0.0,0.0,,0.0,0.0,0.0,0.0,0.0,2.0,1.0,5.0,0.0,4.0,0.0,0.0,1.5,0.5,,,,,,
2025,18,TB,CAR,B.Irving,0.0,0.0,0.0,0.0,0.0,0.0,,26.0,85.0,0.0,0.0,0.0,2.0,1.0,13.0,0.0,3.0,0.0,0.0,10.8,9.8,,,,,,
2025,18,TB,CAR,B.Mayfield,24.0,16.0,203.0,1.0,1.0,2.0,QB,4.0,31.0,0.0,0.0,0.0,0.0,0.0,0.0,0.0,0.0,0.0,0.0,14.22,14.22,,,,,,
2025,18,TB,CAR,C.Godwin,0.0,0.0,0.0,0.0,0.0,0.0,,0.0,0.0,0.0,0.0,0.0,1.0,1.0,8.0,0.0,5.0,0.0,0.0,1.8,0.8,,,,,,
2025,18,TB,CAR,C.Otton,0.0,0.0,0.0,0.0,0.0,0.0,,0.0,0.0,0.0,0.0,0.0,9.0,7.0,94.0,1.0,47.0,0.0,0.0,22.4,15.4,,,,,,
2025,18,TB,CAR,E.Egbuka,0.0,0.0,0.0,0.0,0.0,0.0,,0.0,0.0,0.0,0.0,0.0,3.0,1.0,8.0,0.0,28.0,0.0,0.0,1.8,0.8,,,,,,
2025,18,TB,CAR,J.McMillan,0.0,0.0,0.0,0.0,0.0,0.0,,0.0,0.0,0.0,0.0,0.0,1.0,1.0,11.0,0.0,7.0,0.0,0.0,2.1,1.1,,,,,,
2025,18,TB,CAR,M.Evans,0.0,0.0,0.0,0.0,0.0,0.0,,0.0,0.0,0.0,0.0,0.0,2.0,2.0,34.0,0.0,29.0,0.0,0.0,5.4,3.4,,,,,,
2025,18,TB,CAR,P.Durham,0.0,0.0,0.0,0.0,0.0,0.0,,0.0,0.0,0.0,0.0,0.0,1.0,0.0,0.0,0.0,13.0,0.0,0.0,0.0,0.0,,,,,,
2025,18,TB,CAR,R.White,0.0,0.0,0.0,0.0,0.0,0.0,,7.0,23.0,0.0,0.0,0.0,2.0,2.0,18.0,0.0,-6.0,0.0,0.0,6.1,4.1,,,,,,
2025,18,TB,CAR,S.Tucker,0.0,0.0,0.0,0.0,0.0,0.0,,4.0,-4.0,0.0,0.0,0.0,0.0,0.0,0.0,0.0,0.0,0.0,0.0,-0.4,-0.4,,,,,,
2025,18,TB,CAR,T.Johnson,0.0,0.0,0.0,0.0,0.0,0.0,,1.0,5.0,0.0,0.0,0.0,1.0,1.0,17.0,0.0,16.0,0.0,0.0,3.2,2.2,,,,,,
2025,18,TEN,JAX,B.Allen,31.0,17.0,72.0,0.0,1.0,1.0,QB,0.0,0.0,0.0,0.0,0.0,0.0,0.0,0.0,0.0,0.0,0.0,0.0,1.88,1.88,,,,,,
2025,18,TEN,JAX,C.Dike,0.0,0.0,0.0,0.0,0.0,0.0,,0.0,0.0,0.0,0.0,0.0,4.0,3.0,27.0,0.0,17.0,0.0,0.0,5.7,2.7,,,,,,
2025,18,TEN,JAX,C.Okonkwo,0.0,0.0,0.0,0.0,0.0,0.0,,0.0,0.0,0.0,0.0,0.0,5.0,2.0,2.0,0.0,15.0,0.0,0.0,2.2,0.2,,,,,,
2025,18,TEN,JAX,C.Ward,3.0,3.0,52.0,0.0,0.0,0.0,QB,2.0,11.0,1.0,0.0,0.0,0.0,0.0,0.0,0.0,0.0,0.0,0.0,9.18,9.18,,,,,,
2025,18,TEN,JAX,D.Martin-Robinson,0.0,0.0,0.0,0.0,0.0,0.0,,0.0,0.0,0.0,0.0,0.0,3.0,1.0,14.0,0.0,14.0,0.0,0.0,2.4,1.4,,,,,,
2025,18,TEN,JAX,E.Ayomanor,0.0,0.0,0.0,0.0,0.0,0.0,,0.0,0.0,0.0,0.0,0.0,10.0,3.0,50.0,0.0,122.0,0.0,0.0,8.0,5.0,,,,,,
2025,18,TEN,JAX,J.Proche,0.0,0.0,0.0,0.0,0.0,0.0,,0.0,0.0,0.0,0.0,0.0,1.0,1.0,5.0,0.0,5.0,0.0,0.0,1.5,0.5,,,,,,
2025,18,TEN,JAX,T.Pollard,0.0,0.0,0.0,0.0,0.0,0.0,,14.0,48.0,0.0,0.0,0.0,3.0,3.0,17.0,0.0,-10.0,0.0,0.0,9.5,6.5,,,,,,
2025,18,TEN,JAX,T.Spears,0.0,0.0,0.0,0.0,0.0,0.0,,3.0,18.0,0.0,0.0,0.0,7.0,7.0,9.0,0.0,-36.0,0.0,0.0,9.7,2.7,,,,,,
2025,18,WAS,PHI,B.Sinnott,0.0,0.0,0.0,0.0,0.0,0.0,,0.0,0.0,0.0,0.0,0.0,2.0,2.0,3.0,0.0,0.0,0.0,0.0,2.3,0.3,,,,,,
2025,18,WAS,PHI,C.Rodriguez,0.0,0.0,0.0,0.0,0.0,0.0,,16.0,65.0,1.0,0.0,0.0,1.0,1.0,18.0,0.0,1.0,0.0,0.0,15.3,14.3,,,,,,
2025,18,WAS,PHI,D.Samuel,0.0,0.0,0.0,0.0,0.0,0.0,,2.0,1.0,0.0,1.0,0.0,5.0,2.0,20.0,0.0,16.0,0.0,0.0,4.1,2.1,,,,,,
2025,18,WAS,PHI,J.Bates,0.0,0.0,0.0,0.0,0.0,0.0,,0.0,0.0,0.0,0.0,0.0,2.0,2.0,13.0,1.0,-2.0,0.0,0.0,9.3,7.3,,,,,,
2025,18,WAS,PHI,J.Croskey-Merritt,0.0,0.0,0.0,0.0,0.0,0.0,,13.0,29.0,0.0,0.0,0.0,0.0,0.0,0.0,0.0,0.0,0.0,0.0,2.9,2.9,,,,,,
2025,18,WAS,PHI,J.Johnson,22.0,14.0,131.0,1.0,1.0,0.0,QB,9.0,45.0,1.0,1.0,1.0,0.0,0.0,0.0,0.0,0.0,0.0,0.0,18.74,18.74,,,,,,
2025,18,WAS,PHI,J.McNichols,0.0,0.0,0.0,0.0,0.0,0.0,,1.0,3.0,0.0,0.0,0.0,1.0,1.0,8.0,0.0,6.0,0.0,0.0,2.1,1.1,,,,,,
2025,18,WAS,PHI,T.Burks,0.0,0.0,0.0,0.0,0.0,0.0,,0.0,0.0,0.0,0.0,0.0,4.0,2.0,12.0,0.0,44.0,0.0,0.0,3.2,1.2,,,,,,
2025,18,WAS,PHI,T.McLaurin,0.0,0.0,0.0,0.0,0.0,0.0,,0.0,0.0,0.0,0.0,0.0,4.0,4.0,57.0,0.0,45.0,0.0,0.0,9.7,5.7,,,,,,
