player,team,position,attempts,completions,passing_yards,passing_tds,interceptions,sacks,carries,rushing_yards,rushing_tds,targets,receptions,receiving_yards,receiving_tds,air_yards,fantasy_points,fantasy_points_ppr,offense_snaps,defense_snaps,st_snaps,games_played,pass_attempts_pg,completions_pg,passing_yards_pg,passing_tds_pg,interceptions_pg,rush_attempts_pg,rushing_yards_pg,targets_pg,receptions_pg,receiving_yards_pg,air_yards_pg,fantasy_points_pg,fantasy_points_std_pg,target_share,air_yards_share,carries_share,snap_share,route_participation,red_zone_touch_share,red_zone_carries,red_zone_targets,red_zone_pass_attempts,goal_line_touches
A.Abdullah,IND,,0.0,0.0,0.0,0.0,0.0,0.0,14.0,60.0,1.0,17.0,16.0,99.0,0.0,-3.0,21.9,37.9,0.0,0.0,0.0,12,0.0,0.0,0.0,0.0,0.0,1.167,5.0,1.417,1.333,8.25,-0.25,3.158,1.825,3.17,-0.07,3.16,0.0,0.0,1.49,3.0,1.0,0.0,1.0
A.Baccellia,ARI,,0.0,0.0,0.0,0.0,0.0,0.0,0.0,0.0,0.0,4.0,2.0,8.0,0.0,7.0,0.8,2.8,0.0,0.0,0.0,2,0.0,0.0,0.0,0.0,0.0,0.0,0.0,2.0,1.0,4.0,3.5,1.4,0.4,0.65,0.16,0.0,0.0,0.0,0.85,0.0,2.0,0.0,0.0
A.Bachman,LV,,0.0,0.0,0.0,0.0,0.0,0.0,0.0,0.0,0.0,3.0,2.0,12.0,0.0,14.0,1.2,3.2,0.0,0.0,0.0,3,0.0,0.0,0.0,0.0,0.0,0.0,0.0,1.0,0.667,4.0,4.667,1.067,0.4,0.6,0.44,0.0,0.0,0.0,0.0,,,,
A.Barner,SEA,,0.0,0.0,0.0,0.0,0.0,0.0,10.0,14.0,1.0,68.0,52.0,519.0,6.0,297.0,95.3,147.3,0.0,0.0,0.0,17,0.0,0.0,0.0,0.0,0.0,0.588,0.824,4.0,3.059,30.529,17.471,8.665,5.606,14.88,8.11,1.97,0.0,0.0,6.15,3.0,13.0,0.0,4.0
A.Beck,NYJ,,0.0,0.0,0.0,0.0,0.0,0.0,1.0,5.0,0.0,9.0,6.0,45.0,2.0,38.0,17.0,23.0,0.0,0.0,0.0,7,0.0,0.0,0.0,0.0,0.0,0.143,0.714,1.286,0.857,6.429,5.429,3.286,2.429,1.89,1.18,0.22,0.0,0.0,1.68,1.0,2.0,0.0,2.0
A.Brown,PHI,,0.0,0.0,0.0,0.0,0.0,0.0,0.0,0.0,0.0,121.0,78.0,1003.0,7.0,1425.0,142.3,220.3,0.0,0.0,0.0,15,0.0,0.0,0.0,0.0,0.0,0.0,0.0,8.067,5.2,66.867,95.0,14.687,9.487,25.97,33.83,0.0,0.0,0.0,6.1,0.0,13.0,0.0,2.0
A.Cappa,LV,,0.0,0.0,0.0,0.0,0.0,0.0,0.0,0.0,0.0,1.0,0.0,0.0,0.0,2.0,0.0,0.0,0.0,0.0,0.0,1,0.0,0.0,0.0,0.0,0.0,0.0,0.0,1.0,0.0,0.0,2.0,0.0,0.0,0.2,0.06,0.0,0.0,0.0,0.62,0.0,1.0,0.0,1.0
A.Dalton,CAR,QB,45.0,25.0,293.0,1.0,1.0,8.0,4.0,-1.0,0.0,0.0,0.0,0.0,0.0,0.0,14.620000000000001,14.620000000000001,0.0,0.0,0.0,3,15.0,8.333,97.667,0.333,0.333,1.333,-0.333,0.0,0.0,0.0,0.0,4.873,4.873,0.0,0.0,0.86,0.0,0.0,0.0,0.0,0.0,7.0,0.0
A.Dalton,CAR,,0.0,0.0,0.0,0.0,0.0,0.0,1.0,-1.0,0.0,0.0,0.0,0.0,0.0,0.0,-0.1,-0.1,0.0,0.0,0.0,1,0.0,0.0,0.0,0.0,0.0,1.0,-1.0,0.0,0.0,0.0,0.0,-0.1,-0.1,0.0,0.0,0.22,0.0,0.0,0.0,0.0,0.0,7.0,0.0
A.Dillon,PHI,,0.0,0.0,0.0,0.0,0.0,0.0,12.0,60.0,0.0,3.0,3.0,21.0,0.0,12.0,8.1,11.1,0.0,0.0,0.0,6,0.0,0.0,0.0,0.0,0.0,2.0,10.0,0.5,0.5,3.5,2.0,1.85,1.35,0.64,0.28,2.51,0.0,0.0,1.41,2.0,1.0,0.0,0.0
A.Dulin,IND,,0.0,0.0,0.0,0.0,0.0,0.0,3.0,44.0,0.0,10.0,5.0,106.0,0.0,158.0,15.0,20.0,0.0,0.0,0.0,7,0.0,0.0,0.0,0.0,0.0,0.429,6.286,1.429,0.714,15.143,22.571,2.857,2.143,1.87,3.7,0.68,0.0,0.0,1.12,2.0,1.0,0.0,0.0
A.Ekeler,WAS,,0.0,0.0,0.0,0.0,0.0,0.0,14.0,43.0,0.0,7.0,5.0,38.0,0.0,12.0,8.1,13.1,0.0,0.0,0.0,2,0.0,0.0,0.0,0.0,0.0,7.0,21.5,3.5,2.5,19.0,6.0,6.55,4.05,1.61,0.32,2.87,0.0,0.0,0.92,2.0,0.0,0.0,0.0
A.Estime,NO,,0.0,0.0,0.0,0.0,0.0,0.0,46.0,198.0,1.0,13.0,12.0,103.0,0.0,-2.0,36.1,48.1,0.0,0.0,0.0,5,0.0,0.0,0.0,0.0,0.0,9.2,39.6,2.6,2.4,20.6,-0.4,9.62,7.22,2.3,-0.04,10.53,0.0,0.0,3.17,6.0,0.0,0.0,3.0
A.Firkser,DET,,0.0,0.0,0.0,0.0,0.0,0.0,0.0,0.0,0.0,10.0,8.0,53.0,0.0,35.0,5.3,13.3,0.0,0.0,0.0,5,0.0,0.0,0.0,0.0,0.0,0.0,0.0,2.0,1.6,10.6,7.0,2.66,1.06,1.82,0.95,0.0,0.0,0.0,1.08,0.0,3.0,0.0,0.0
A.Gibson,NE,,0.0,0.0,0.0,0.0,0.0,0.0,25.0,106.0,1.0,3.0,2.0,6.0,0.0,-6.0,17.2,19.2,0.0,0.0,0.0,5,0.0,0.0,0.0,0.0,0.0,5.0,21.2,0.6,0.4,1.2,-1.2,3.84,3.44,0.62,-0.13,5.04,0.0,0.0,1.53,4.0,0.0,0.0,2.0
A.Gould,IND,,0.0,0.0,0.0,0.0,0.0,0.0,0.0,0.0,0.0,2.0,2.0,6.0,0.0,-2.0,0.6,2.6,0.0,0.0,0.0,2,0.0,0.0,0.0,0.0,0.0,0.0,0.0,1.0,1.0,3.0,-1.0,1.3,0.3,0.37,-0.05,0.0,0.0,0.0,0.0,,,,
A.Hooper,NE,,0.0,0.0,0.0,0.0,0.0,0.0,0.0,0.0,0.0,26.0,21.0,263.0,2.0,234.0,38.3,59.3,0.0,0.0,0.0,13,0.0,0.0,0.0,0.0,0.0,0.0,0.0,2.0,1.615,20.231,18.0,4.562,2.946,5.38,5.23,0.0,0.0,0.0,1.91,0.0,5.0,0.0,3.0
A.Ingold,MIA,,0.0,0.0,0.0,0.0,0.0,0.0,2.0,9.0,0.0,11.0,8.0,52.0,0.0,41.0,6.1000000000000005,14.1,0.0,0.0,0.0,9,0.0,0.0,0.0,0.0,0.0,0.222,1.0,1.222,0.889,5.778,4.556,1.567,0.678,2.37,1.24,0.46,0.0,0.0,0.5,1.0,0.0,0.0,0.0
A.Iosivas,CIN,,0.0,0.0,0.0,0.0,0.0,0.0,3.0,14.0,0.0,58.0,33.0,435.0,2.0,606.0,56.9,89.9,0.0,0.0,0.0,15,0.0,0.0,0.0,0.0,0.0,0.2,0.933,3.867,2.2,29.0,40.4,5.993,3.793,9.49,13.27,0.79,0.0,0.0,3.2,0.0,7.0,0.0,3.0
A.Jeanty,LV,,0.0,0.0,0.0,0.0,0.0,0.0,267.0,975.0,5.0,73.0,55.0,346.0,5.0,-104.0,192.1,247.1,0.0,0.0,0.0,17,0.0,0.0,0.0,0.0,0.0,15.706,57.353,4.294,3.235,20.353,-6.118,14.535,11.3,14.72,-3.25,72.16,0.0,0.0,27.78,35.0,10.0,0.0,12.0
A.Johnson,LAC,,0.0,0.0,0.0,0.0,0.0,0.0,2.0,8.0,0.0,1.0,0.0,0.0,0.0,-2.0,0.8,0.8,0.0,0.0,0.0,1,0.0,0.0,0.0,0.0,0.0,2.0,8.0,1.0,0.0,0.0,-2.0,0.8,0.8,0.18,-0.05,0.43,0.0,0.0,0.0,,,,
A.Jones,MIN,,0.0,0.0,0.0,0.0,0.0,0.0,132.0,548.0,2.0,41.0,28.0,199.0,1.0,-25.0,92.7,120.7,0.0,0.0,0.0,12,0.0,0.0,0.0,0.0,0.0,11.0,45.667,3.417,2.333,16.583,-2.083,10.058,7.725,8.69,-0.67,32.2,0.0,0.0,9.0,14.0,5.0,0.0,3.0
A.Kamara,NO,,0.0,0.0,0.0,0.0,0.0,0.0,131.0,471.0,1.0,39.0,33.0,186.0,0.0,33.0,71.7,104.7,0.0,0.0,0.0,11,0.0,0.0,0.0,0.0,0.0,11.909,42.818,3.545,3.0,16.909,3.0,9.518,6.518,6.89,0.71,29.98,0.0,0.0,10.58,15.0,5.0,0.0,2.0
A.Lazard,NYJ,,0.0,0.0,0.0,0.0,0.0,0.0,0.0,0.0,0.0,18.0,10.0,70.0,1.0,142.0,13.0,23.0,0.0,0.0,0.0,9,0.0,0.0,0.0,0.0,0.0,0.0,0.0,2.0,1.111,7.778,15.778,2.556,1.444,3.77,4.41,0.0,0.0,0.0,3.35,0.0,6.0,0.0,3.0
A.Martinez,SF,,0.0,0.0,0.0,0.0,0.0,0.0,1.0,-1.0,0.0,0.0,0.0,0.0,0.0,0.0,-0.1,-0.1,0.0,0.0,0.0,1,0.0,0.0,0.0,0.0,0.0,1.0,-1.0,0.0,0.0,0.0,0.0,-0.1,-0.1,0.0,0.0,0.21,0.0,0.0,0.0,,,,
A.McNamara,NYJ,QB,1.0,1.0,3.0,0.0,0.0,0.0,0.0,0.0,0.0,0.0,0.0,0.0,0.0,0.0,0.12,0.12,0.0,0.0,0.0,1,1.0,1.0,3.0,0.0,0.0,0.0,0.0,0.0,0.0,0.0,0.0,0.12,0.12,0.0,0.0,0.0,0.0,0.0,0.0,,,,
A.Mitchell,IND,,0.0,0.0,0.0,0.0,0.0,0.0,0.0,0.0,0.0,16.0,9.0,152.0,0.0,258.0,15.2,24.2,0.0,0.0,0.0,8,0.0,0.0,0.0,0.0,0.0,0.0,0.0,2.0,1.125,19.0,32.25,3.025,1.9,2.99,6.04,0.0,0.0,0.0,0.0,,,,
A.Mitchell,NYJ,,0.0,0.0,0.0,0.0,0.0,0.0,1.0,-4.0,0.0,58.0,24.0,301.0,2.0,844.0,41.7,65.69999999999999,0.0,0.0,0.0,8,0.0,0.0,0.0,0.0,0.0,0.125,-0.5,7.25,3.0,37.625,105.5,8.212,5.212,12.16,26.23,0.22,0.0,0.0,4.47,0.0,8.0,0.0,0.0
A.O'Connell,LV,QB,23.0,10.0,102.0,0.0,0.0,1.0,1.0,7.0,0.0,0.0,0.0,0.0,0.0,0.0,4.78,4.78,0.0,0.0,0.0,1,23.0,10.0,102.0,0.0,0.0,1.0,7.0,0.0,0.0,0.0,0.0,4.78,4.78,0.0,0.0,0.27,0.0,0.0,0.0,0.0,0.0,2.0,0.0
A.Ogletree,IND,,0.0,0.0,0.0,0.0,0.0,0.0,0.0,0.0,0.0,6.0,4.0,27.0,1.0,42.0,8.7,12.700000000000001,0.0,0.0,0.0,4,0.0,0.0,0.0,0.0,0.0,0.0,0.0,1.5,1.0,6.75,10.5,3.175,2.175,1.12,0.98,0.0,0.0,0.0,0.74,0.0,2.0,0.0,1.0
A.Okwuegbunam,LV,,0.0,0.0,0.0,0.0,0.0,0.0,0.0,0.0,0.0,6.0,5.0,36.0,0.0,18.0,3.6,8.6,0.0,0.0,0.0,1,0.0,0.0,0.0,0.0,0.0,0.0,0.0,6.0,5.0,36.0,18.0,8.6,3.6,1.21,0.56,0.0,0.0,0.0,0.62,0.0,1.0,0.0,0.0
A.Pierce,IND,,0.0,0.0,0.0,0.0,0.0,0.0,0.0,0.0,0.0,84.0,47.0,1003.0,6.0,1593.0,136.3,183.3,0.0,0.0,0.0,15,0.0,0.0,0.0,0.0,0.0,0.0,0.0,5.6,3.133,66.867,106.2,12.22,9.087,15.67,37.26,0.0,0.0,0.0,3.35,0.0,9.0,0.0,1.0
A.Prentice,DEN,,0.0,0.0,0.0,0.0,0.0,0.0,10.0,44.0,0.0,8.0,6.0,53.0,0.0,9.0,9.7,15.7,0.0,0.0,0.0,12,0.0,0.0,0.0,0.0,0.0,0.833,3.667,0.667,0.5,4.417,0.75,1.308,0.808,1.36,0.21,2.19,0.0,0.0,1.61,2.0,2.0,0.0,2.0
A.Richardson,IND,QB,2.0,1.0,9.0,0.0,0.0,0.0,0.0,0.0,0.0,1.0,1.0,9.0,0.0,2.0,1.26,2.26,0.0,0.0,0.0,1,2.0,1.0,9.0,0.0,0.0,0.0,0.0,1.0,1.0,9.0,2.0,2.26,1.26,0.19,0.05,0.0,0.0,0.0,0.0,,,,
A.Richardson,IND,,0.0,0.0,0.0,0.0,0.0,0.0,4.0,-1.0,0.0,0.0,0.0,0.0,0.0,0.0,-0.1,-0.1,0.0,0.0,0.0,1,0.0,0.0,0.0,0.0,0.0,4.0,-1.0,0.0,0.0,0.0,0.0,-0.1,-0.1,0.0,0.0,0.9,0.0,0.0,0.0,,,,
A.Rodgers,PIT,QB,529.0,327.0,3322.0,24.0,7.0,29.0,21.0,61.0,1.0,1.0,1.0,-9.0,0.0,-9.0,233.08,234.08,0.0,0.0,0.0,16,33.062,20.438,207.625,1.5,0.438,1.312,3.812,0.062,0.062,-0.562,-0.562,14.63,14.568,0.19,-0.28,5.16,0.0,0.0,1.29,3.0,0.0,81.0,2.0
A.Smith,NYJ,,0.0,0.0,0.0,0.0,0.0,0.0,4.0,13.0,0.0,16.0,7.0,52.0,0.0,216.0,6.5,13.5,0.0,0.0,0.0,12,0.0,0.0,0.0,0.0,0.0,0.333,1.083,1.333,0.583,4.333,18.0,1.125,0.542,3.35,6.71,0.87,0.0,0.0,0.0,,,,
A.St. Brown,DET,,0.0,0.0,0.0,0.0,0.0,0.0,3.0,9.0,0.0,172.0,117.0,1401.0,11.0,1390.0,207.0,324.0,0.0,0.0,0.0,17,0.0,0.0,0.0,0.0,0.0,0.176,0.529,10.118,6.882,82.412,81.765,19.059,12.176,31.27,37.84,0.68,0.0,0.0,12.95,1.0,35.0,0.0,9.0
A.Thielen,MIN,,0.0,0.0,0.0,0.0,0.0,0.0,0.0,0.0,0.0,19.0,8.0,69.0,0.0,145.0,6.9,14.9,0.0,0.0,0.0,9,0.0,0.0,0.0,0.0,0.0,0.0,0.0,2.111,0.889,7.667,16.111,1.656,0.767,4.03,3.89,0.0,0.0,0.0,0.95,0.0,2.0,0.0,1.0
A.Thielen,PIT,,0.0,0.0,0.0,0.0,0.0,0.0,0.0,0.0,0.0,17.0,11.0,117.0,0.0,161.0,11.7,22.7,0.0,0.0,0.0,5,0.0,0.0,0.0,0.0,0.0,0.0,0.0,3.4,2.2,23.4,32.2,4.54,2.34,3.24,5.09,0.0,0.0,0.0,0.86,0.0,2.0,0.0,0.0
A.Trammell,JAX,,0.0,0.0,0.0,0.0,0.0,0.0,0.0,0.0,0.0,10.0,3.0,46.0,0.0,130.0,4.6,7.6,0.0,0.0,0.0,5,0.0,0.0,0.0,0.0,0.0,0.0,0.0,2.0,0.6,9.2,26.0,1.52,0.92,1.82,2.66,0.0,0.0,0.0,0.35,0.0,1.0,0.0,0.0
A.Trautman,DEN,,0.0,0.0,0.0,0.0,0.0,0.0,0.0,0.0,0.0,23.0,20.0,195.0,1.0,106.0,25.5,45.5,0.0,0.0,0.0,11,0.0,0.0,0.0,0.0,0.0,0.0,0.0,2.091,1.818,17.727,9.636,4.136,2.318,3.9,2.42,0.0,0.0,0.0,0.4,0.0,1.0,0.0,1.0
B.Allen,NYJ,,0.0,0.0,0.0,0.0,0.0,0.0,19.0,76.0,1.0,3.0,2.0,17.0,0.0,8.0,15.3,17.3,0.0,0.0,0.0,4,0.0,0.0,0.0,0.0,0.0,4.75,19.0,0.75,0.5,4.25,2.0,4.325,3.825,0.63,0.25,4.14,0.0,0.0,5.03,7.0,2.0,0.0,2.0
B.Allen,TEN,QB,31.0,17.0,72.0,0.0,1.0,1.0,0.0,0.0,0.0,0.0,0.0,0.0,0.0,0.0,1.88,1.88,0.0,0.0,0.0,1,31.0,17.0,72.0,0.0,1.0,0.0,0.0,0.0,0.0,0.0,0.0,1.88,1.88,0.0,0.0,0.0,0.0,0.0,0.0,,,,
B.Aubrey,DAL,,0.0,0.0,0.0,0.0,0.0,0.0,1.0,6.0,0.0,0.0,0.0,0.0,0.0,0.0,0.6,0.6,0.0,0.0,0.0,1,0.0,0.0,0.0,0.0,0.0,1.0,6.0,0.0,0.0,0.0,0.0,0.6,0.6,0.0,0.0,0.22,0.0,0.0,0.0,,,,
B.Bates,CLE,,0.0,0.0,0.0,0.0,0.0,0.0,0.0,0.0,0.0,3.0,2.0,25.0,0.0,16.0,2.5,4.5,0.0,0.0,0.0,3,0.0,0.0,0.0,0.0,0.0,0.0,0.0,1.0,0.667,8.333,5.333,1.5,0.833,0.57,0.45,0.0,0.0,0.0,0.56,0.0,1.0,0.0,1.0
B.Bates,HOU,,0.0,0.0,0.0,0.0,0.0,0.0,0.0,0.0,0.0,2.0,2.0,23.0,0.0,23.0,2.3,4.3,0.0,0.0,0.0,1,0.0,0.0,0.0,0.0,0.0,0.0,0.0,2.0,2.0,23.0,23.0,4.3,2.3,0.36,0.5,0.0,0.0,0.0,0.0,,,,
B.Berrios,HOU,,0.0,0.0,0.0,0.0,0.0,0.0,0.0,0.0,0.0,8.0,6.0,37.0,0.0,24.0,3.6999999999999997,9.700000000000001,0.0,0.0,0.0,2,0.0,0.0,0.0,0.0,0.0,0.0,0.0,4.0,3.0,18.5,12.0,4.85,1.85,1.44,0.52,0.0,0.0,0.0,0.82,0.0,2.0,0.0,0.0
B.Bowers,LV,,0.0,0.0,0.0,0.0,0.0,0.0,2.0,2.0,0.0,87.0,64.0,680.0,7.0,560.0,110.2,174.2,0.0,0.0,0.0,12,0.0,0.0,0.0,0.0,0.0,0.167,0.167,7.25,5.333,56.667,46.667,14.517,9.183,17.54,17.51,0.54,0.0,0.0,11.11,0.0,18.0,0.0,3.0
B.Brooks,HOU,,0.0,0.0,0.0,0.0,0.0,0.0,17.0,78.0,0.0,0.0,0.0,0.0,0.0,0.0,7.8,7.8,0.0,0.0,0.0,3,0.0,0.0,0.0,0.0,0.0,5.667,26.0,0.0,0.0,0.0,0.0,2.6,2.6,0.0,0.0,3.57,0.0,0.0,0.82,2.0,0.0,0.0,2.0
B.Brown,CHI,,0.0,0.0,0.0,0.0,0.0,0.0,5.0,37.0,1.0,1.0,0.0,0.0,0.0,4.0,9.7,9.7,0.0,0.0,0.0,1,0.0,0.0,0.0,0.0,0.0,5.0,37.0,1.0,0.0,0.0,4.0,9.7,9.7,0.19,0.09,0.99,0.0,0.0,0.0,,,,
B.Collins,NYG,,0.0,0.0,0.0,0.0,0.0,0.0,0.0,0.0,0.0,6.0,2.0,25.0,0.0,73.0,2.5,4.5,0.0,0.0,0.0,3,0.0,0.0,0.0,0.0,0.0,0.0,0.0,2.0,0.667,8.333,24.333,1.5,0.833,1.19,1.69,0.0,0.0,0.0,0.38,0.0,1.0,0.0,0.0
B.Cook,NYJ,QB,173.0,88.0,739.0,2.0,7.0,19.0,13.0,49.0,0.0,0.0,0.0,0.0,0.0,0.0,35.46,35.46,0.0,0.0,0.0,5,34.6,17.6,147.8,0.4,1.4,2.6,9.8,0.0,0.0,0.0,0.0,7.092,7.092,0.0,0.0,2.83,0.0,0.0,0.0,0.0,0.0,20.0,0.0
B.Cooks,BUF,,0.0,0.0,0.0,0.0,0.0,0.0,0.0,0.0,0.0,11.0,5.0,114.0,0.0,285.0,11.4,16.4,0.0,0.0,0.0,4,0.0,0.0,0.0,0.0,0.0,0.0,0.0,2.75,1.25,28.5,71.25,4.1,2.85,2.25,8.16,0.0,0.0,0.0,0.0,,,,
B.Cooks,NO,,0.0,0.0,0.0,0.0,0.0,0.0,0.0,0.0,0.0,25.0,19.0,165.0,0.0,231.0,16.5,35.5,0.0,0.0,0.0,9,0.0,0.0,0.0,0.0,0.0,0.0,0.0,2.778,2.111,18.333,25.667,3.944,1.833,4.42,4.94,0.0,0.0,0.0,0.53,0.0,1.0,0.0,0.0
B.Corum,LA,,0.0,0.0,0.0,0.0,0.0,0.0,145.0,746.0,6.0,14.0,8.0,36.0,0.0,25.0,114.2,122.2,0.0,0.0,0.0,17,0.0,0.0,0.0,0.0,0.0,8.529,43.882,0.824,0.471,2.118,1.471,7.188,6.718,2.41,0.47,31.18,0.0,0.0,9.3,27.0,1.0,0.0,13.0
B.Covey,PHI,,0.0,0.0,0.0,0.0,0.0,0.0,0.0,0.0,0.0,4.0,2.0,20.0,0.0,8.0,2.0,4.0,0.0,0.0,0.0,1,0.0,0.0,0.0,0.0,0.0,0.0,0.0,4.0,2.0,20.0,8.0,4.0,2.0,0.86,0.19,0.0,0.0,0.0,0.0,,,,
B.Hall,NYJ,QB,1.0,1.0,4.0,1.0,0.0,0.0,18.0,133.0,2.0,3.0,2.0,14.0,0.0,-2.0,30.86,32.86,0.0,0.0,0.0,1,1.0,1.0,4.0,1.0,0.0,18.0,133.0,3.0,2.0,14.0,-2.0,32.86,30.86,0.63,-0.06,3.92,0.0,0.0,18.44,24.0,9.0,1.0,5.0
B.Hall,NYJ,,0.0,0.0,0.0,0.0,0.0,0.0,225.0,932.0,2.0,45.0,34.0,336.0,1.0,16.0,144.8,178.8,0.0,0.0,0.0,15,0.0,0.0,0.0,0.0,0.0,15.0,62.133,3.0,2.267,22.4,1.067,11.92,9.653,9.43,0.5,49.02,0.0,0.0,18.44,24.0,9.0,1.0,5.0
B.Irving,TB,,0.0,0.0,0.0,0.0,0.0,0.0,173.0,588.0,1.0,35.0,30.0,277.0,3.0,-56.0,110.5,140.5,0.0,0.0,0.0,10,0.0,0.0,0.0,0.0,0.0,17.3,58.8,3.5,3.0,27.7,-5.6,14.05,11.05,6.42,-1.29,36.5,0.0,0.0,10.09,18.0,4.0,0.0,0.0
B.Mann,PHI,,0.0,0.0,0.0,0.0,0.0,0.0,1.0,-34.0,0.0,0.0,0.0,0.0,0.0,0.0,-3.4,-3.4,0.0,0.0,0.0,1,0.0,0.0,0.0,0.0,0.0,1.0,-34.0,0.0,0.0,0.0,0.0,-3.4,-3.4,0.0,0.0,0.21,0.0,0.0,0.0,,,,
B.Mayfield,TB,QB,585.0,343.0,3693.0,26.0,11.0,36.0,55.0,382.0,1.0,0.0,0.0,0.0,0.0,0.0,284.92,284.92,0.0,0.0,0.0,17,34.412,20.176,217.235,1.529,0.647,3.235,22.471,0.0,0.0,0.0,0.0,16.76,16.76,0.0,0.0,11.6,0.0,0.0,4.13,9.0,0.0,76.0,1.0
B.Melton,GB,,0.0,0.0,0.0,0.0,0.0,0.0,5.0,35.0,0.0,13.0,4.0,107.0,1.0,222.0,20.2,24.2,0.0,0.0,0.0,8,0.0,0.0,0.0,0.0,0.0,0.625,4.375,1.625,0.5,13.375,27.75,3.025,2.525,2.81,5.43,1.02,0.0,0.0,0.0,,,,
B.Nix,DEN,QB,639.0,388.0,3931.0,25.0,11.0,22.0,83.0,356.0,5.0,1.0,0.0,0.0,0.0,2.0,311.84,311.84,0.0,0.0,0.0,17,37.588,22.824,231.235,1.471,0.647,4.882,20.941,0.059,0.0,0.0,0.118,18.344,18.344,0.17,0.05,18.16,0.0,0.0,7.26,17.0,1.0,95.0,1.0
B.Oliver,TEN,,0.0,0.0,0.0,0.0,0.0,0.0,0.0,0.0,0.0,1.0,1.0,8.0,0.0,6.0,0.8,1.8,0.0,0.0,0.0,1,0.0,0.0,0.0,0.0,0.0,0.0,0.0,1.0,1.0,8.0,6.0,1.8,0.8,0.19,0.15,0.0,0.0,0.0,0.0,,,,
B.Purdy,SF,QB,298.0,197.0,2167.0,20.0,10.0,11.0,33.0,147.0,3.0,0.0,0.0,0.0,0.0,0.0,189.38,189.38,0.0,0.0,0.0,9,33.111,21.889,240.778,2.222,1.111,3.667,16.333,0.0,0.0,0.0,0.0,21.042,21.042,0.0,0.0,6.86,0.0,0.0,2.52,7.0,0.0,60.0,2.0
B.Raimann,IND,,0.0,0.0,0.0,0.0,0.0,0.0,0.0,0.0,0.0,1.0,0.0,0.0,0.0,2.0,0.0,0.0,0.0,0.0,0.0,1,0.0,0.0,0.0,0.0,0.0,0.0,0.0,1.0,0.0,0.0,2.0,0.0,0.0,0.19,0.05,0.0,0.0,0.0,0.37,0.0,1.0,0.0,1.0
B.Robinson,ATL,,0.0,0.0,0.0,0.0,0.0,0.0,288.0,1478.0,7.0,103.0,79.0,820.0,4.0,101.0,295.8,374.8,0.0,0.0,0.0,17,0.0,0.0,0.0,0.0,0.0,16.941,86.941,6.059,4.647,48.235,5.941,22.047,17.4,19.73,2.41,60.25,0.0,0.0,23.9,36.0,13.0,0.0,12.0
B.Robinson,SF,,0.0,0.0,0.0,0.0,0.0,0.0,92.0,400.0,2.0,12.0,8.0,25.0,0.0,0.0,54.5,62.5,0.0,0.0,0.0,16,0.0,0.0,0.0,0.0,0.0,5.75,25.0,0.75,0.5,1.562,0.0,3.906,3.406,2.17,0.0,19.13,0.0,0.0,6.12,13.0,4.0,0.0,3.0
B.Russell,SEA,,0.0,0.0,0.0,0.0,0.0,0.0,0.0,0.0,0.0,1.0,0.0,0.0,0.0,0.0,0.0,0.0,0.0,0.0,0.0,1,0.0,0.0,0.0,0.0,0.0,0.0,0.0,1.0,0.0,0.0,0.0,0.0,0.0,0.22,0.0,0.0,0.0,0.0,0.0,,,,
B.Rypien,CIN,QB,1.0,0.0,0.0,0.0,0.0,1.0,0.0,0.0,0.0,0.0,0.0,0.0,0.0,0.0,0.0,0.0,0.0,0.0,0.0,1,1.0,0.0,0.0,0.0,0.0,0.0,0.0,0.0,0.0,0.0,0.0,0.0,0.0,0.0,0.0,0.0,0.0,0.0,0.0,,,,
B.Sims,MIN,,0.0,0.0,0.0,0.0,0.0,0.0,0.0,0.0,0.0,6.0,3.0,30.0,0.0,73.0,3.0,6.0,0.0,0.0,0.0,3,0.0,0.0,0.0,0.0,0.0,0.0,0.0,2.0,1.0,10.0,24.333,2.0,1.0,1.27,1.96,0.0,0.0,0.0,0.47,0.0,1.0,0.0,0.0
B.Sinnott,WAS,,0.0,0.0,0.0,0.0,0.0,0.0,0.0,0.0,0.0,13.0,11.0,114.0,1.0,106.0,17.400000000000002,28.4,0.0,0.0,0.0,8,0.0,0.0,0.0,0.0,0.0,0.0,0.0,1.625,1.375,14.25,13.25,3.55,2.175,2.98,2.83,0.0,0.0,0.0,0.46,0.0,1.0,0.0,1.0
B.Skowronek,PIT,,0.0,0.0,0.0,0.0,0.0,0.0,0.0,0.0,0.0,6.0,4.0,69.0,1.0,61.0,12.9,16.9,0.0,0.0,0.0,6,0.0,0.0,0.0,0.0,0.0,0.0,0.0,1.0,0.667,11.5,10.167,2.817,2.15,1.15,1.93,0.0,0.0,0.0,0.43,0.0,1.0,0.0,0.0
B.Smith,KC,,0.0,0.0,0.0,0.0,0.0,0.0,44.0,151.0,0.0,35.0,25.0,172.0,1.0,-56.0,38.3,63.3,0.0,0.0,0.0,15,0.0,0.0,0.0,0.0,0.0,2.933,10.067,2.333,1.667,11.467,-3.733,4.22,2.553,6.34,-1.3,10.23,0.0,0.0,6.72,10.0,7.0,0.0,3.0
B.Spann-Ford,DAL,,0.0,0.0,0.0,0.0,0.0,0.0,0.0,0.0,0.0,13.0,9.0,90.0,1.0,107.0,15.0,24.0,0.0,0.0,0.0,10,0.0,0.0,0.0,0.0,0.0,0.0,0.0,1.3,0.9,9.0,10.7,2.4,1.5,2.13,2.17,0.0,0.0,0.0,0.69,0.0,2.0,0.0,1.0
B.Strange,JAX,,0.0,0.0,0.0,0.0,0.0,0.0,0.0,0.0,0.0,60.0,46.0,540.0,3.0,414.0,72.0,118.0,0.0,0.0,0.0,12,0.0,0.0,0.0,0.0,0.0,0.0,0.0,5.0,3.833,45.0,34.5,9.833,6.0,10.93,8.49,0.0,0.0,0.0,3.46,0.0,10.0,0.0,1.0
B.Thomas,JAX,,0.0,0.0,0.0,0.0,0.0,0.0,3.0,21.0,1.0,91.0,48.0,707.0,2.0,1315.0,90.8,138.8,0.0,0.0,0.0,14,0.0,0.0,0.0,0.0,0.0,0.214,1.5,6.5,3.429,50.5,93.929,9.914,6.486,16.58,26.95,0.61,0.0,0.0,2.77,1.0,7.0,0.0,1.0
B.Tremayne,CAR,,0.0,0.0,0.0,0.0,0.0,0.0,0.0,0.0,0.0,18.0,14.0,160.0,0.0,157.0,16.0,30.0,0.0,0.0,0.0,8,0.0,0.0,0.0,0.0,0.0,0.0,0.0,2.25,1.75,20.0,19.625,3.75,2.0,3.73,4.82,0.0,0.0,0.0,0.48,0.0,1.0,0.0,0.0
B.Tuten,JAX,,0.0,0.0,0.0,0.0,0.0,0.0,84.0,307.0,5.0,14.0,10.0,79.0,2.0,8.0,80.6,90.6,0.0,0.0,0.0,15,0.0,0.0,0.0,0.0,0.0,5.6,20.467,0.933,0.667,5.267,0.533,6.04,5.373,2.55,0.16,17.11,0.0,0.0,9.69,26.0,2.0,0.0,8.0
B.Whiteheart,CLE,,0.0,0.0,0.0,0.0,0.0,0.0,0.0,0.0,0.0,6.0,2.0,4.0,0.0,43.0,0.4,2.4,0.0,0.0,0.0,6,0.0,0.0,0.0,0.0,0.0,0.0,0.0,1.0,0.333,0.667,7.167,0.4,0.067,1.15,1.2,0.0,0.0,0.0,0.0,,,,
B.Willis,SF,,0.0,0.0,0.0,0.0,0.0,0.0,0.0,0.0,0.0,1.0,0.0,0.0,0.0,2.0,0.0,0.0,0.0,0.0,0.0,1,0.0,0.0,0.0,0.0,0.0,0.0,0.0,1.0,0.0,0.0,2.0,0.0,0.0,0.18,0.05,0.0,0.0,0.0,0.0,,,,
B.Wright,DET,,0.0,0.0,0.0,0.0,0.0,0.0,0.0,0.0,0.0,22.0,14.0,108.0,2.0,22.0,22.8,36.8,0.0,0.0,0.0,7,0.0,0.0,0.0,0.0,0.0,0.0,0.0,3.143,2.0,15.429,3.143,5.257,3.257,4.0,0.6,0.0,0.0,0.0,0.72,0.0,2.0,0.0,1.0
B.Young,CAR,QB,508.0,304.0,3011.0,23.0,11.0,27.0,54.0,216.0,2.0,0.0,0.0,0.0,0.0,0.0,235.04,235.04,0.0,0.0,0.0,16,31.75,19.0,188.188,1.438,0.688,3.375,13.5,0.0,0.0,0.0,0.0,14.69,14.69,0.0,0.0,11.66,0.0,0.0,5.31,11.0,0.0,75.0,2.0
B.Yurosek,MIN,,0.0,0.0,0.0,0.0,0.0,0.0,0.0,0.0,0.0,3.0,2.0,14.0,0.0,11.0,1.4,3.4,0.0,0.0,0.0,2,0.0,0.0,0.0,0.0,0.0,0.0,0.0,1.5,1.0,7.0,5.5,1.7,0.7,0.64,0.3,0.0,0.0,0.0,0.0,,,,
C.Akers,MIN,QB,1.0,1.0,32.0,1.0,0.0,0.0,0.0,0.0,0.0,0.0,0.0,0.0,0.0,0.0,5.28,5.28,0.0,0.0,0.0,1,1.0,1.0,32.0,1.0,0.0,0.0,0.0,0.0,0.0,0.0,0.0,5.28,5.28,0.0,0.0,0.0,0.0,0.0,0.0,,,,
C.Akers,MIN,,0.0,0.0,0.0,0.0,0.0,0.0,5.0,19.0,0.0,1.0,0.0,0.0,0.0,-6.0,1.9,1.9,0.0,0.0,0.0,1,0.0,0.0,0.0,0.0,0.0,5.0,19.0,1.0,0.0,0.0,-6.0,1.9,1.9,0.21,-0.16,1.22,0.0,0.0,0.0,,,,
C.Austin,PIT,,0.0,0.0,0.0,0.0,0.0,0.0,0.0,0.0,0.0,55.0,31.0,372.0,3.0,605.0,55.2,86.2,0.0,0.0,0.0,14,0.0,0.0,0.0,0.0,0.0,0.0,0.0,3.929,2.214,26.571,43.214,6.157,3.943,10.5,19.11,0.0,0.0,0.0,1.72,0.0,4.0,0.0,0.0
C.Bojorquez,CLE,QB,1.0,0.0,0.0,0.0,0.0,0.0,0.0,0.0,0.0,0.0,0.0,0.0,0.0,0.0,0.0,0.0,0.0,0.0,0.0,1,1.0,0.0,0.0,0.0,0.0,0.0,0.0,0.0,0.0,0.0,0.0,0.0,0.0,0.0,0.0,0.0,0.0,0.0,0.0,,,,
C.Brooks,GB,,0.0,0.0,0.0,0.0,0.0,0.0,27.0,106.0,0.0,17.0,13.0,91.0,0.0,6.0,19.7,32.7,0.0,0.0,0.0,14,0.0,0.0,0.0,0.0,0.0,1.929,7.571,1.214,0.929,6.5,0.429,2.336,1.407,3.68,0.15,5.49,0.0,0.0,2.46,3.0,3.0,0.0,0.0
C.Brown,CIN,,0.0,0.0,0.0,0.0,0.0,0.0,233.0,1019.0,6.0,89.0,69.0,414.0,5.0,46.0,209.3,278.3,0.0,0.0,0.0,17,0.0,0.0,0.0,0.0,0.0,13.706,59.941,5.235,4.059,24.353,2.706,16.371,12.312,14.57,1.01,60.99,0.0,0.0,22.37,37.0,12.0,0.0,17.0
C.Colby,SF,,0.0,0.0,0.0,0.0,0.0,0.0,0.0,0.0,0.0,1.0,1.0,-1.0,0.0,-6.0,-0.1,0.9,0.0,0.0,0.0,1,0.0,0.0,0.0,0.0,0.0,0.0,0.0,1.0,1.0,-1.0,-6.0,0.9,-0.1,0.18,-0.15,0.0,0.0,0.0,0.0,,,,
C.Dike,TEN,,0.0,0.0,0.0,0.0,0.0,0.0,11.0,18.0,0.0,74.0,48.0,423.0,4.0,599.0,68.10000000000001,116.1,0.0,0.0,0.0,17,0.0,0.0,0.0,0.0,0.0,0.647,1.059,4.353,2.824,24.882,35.235,6.829,4.006,13.96,15.27,2.91,0.0,0.0,10.53,2.0,14.0,0.0,5.0
C.Edwards-Helaire,KC,,0.0,0.0,0.0,0.0,0.0,0.0,7.0,13.0,0.0,2.0,2.0,9.0,0.0,-4.0,2.2,4.2,0.0,0.0,0.0,2,0.0,0.0,0.0,0.0,0.0,3.5,6.5,1.0,1.0,4.5,-2.0,2.1,1.1,0.36,-0.09,1.63,0.0,0.0,0.0,,,,
C.Ford,CIN,,0.0,0.0,0.0,0.0,0.0,0.0,0.0,0.0,0.0,1.0,1.0,21.0,0.0,4.0,2.1,3.1,0.0,0.0,0.0,1,0.0,0.0,0.0,0.0,0.0,0.0,0.0,1.0,1.0,21.0,4.0,3.1,2.1,0.16,0.09,0.0,0.0,0.0,0.0,,,,
C.Godwin,TB,,0.0,0.0,0.0,0.0,0.0,0.0,0.0,0.0,0.0,52.0,33.0,360.0,2.0,361.0,48.0,81.0,0.0,0.0,0.0,9,0.0,0.0,0.0,0.0,0.0,0.0,0.0,5.778,3.667,40.0,40.111,9.0,5.333,9.54,8.32,0.0,0.0,0.0,3.67,0.0,8.0,0.0,3.0
C.Grandy,CIN,,0.0,0.0,0.0,0.0,0.0,0.0,0.0,0.0,0.0,2.0,2.0,7.0,0.0,-6.0,0.7,2.7,0.0,0.0,0.0,2,0.0,0.0,0.0,0.0,0.0,0.0,0.0,1.0,1.0,3.5,-3.0,1.35,0.35,0.33,-0.13,0.0,0.0,0.0,0.0,,,,
C.Ham,MIN,,0.0,0.0,0.0,0.0,0.0,0.0,3.0,5.0,2.0,2.0,2.0,11.0,0.0,2.0,13.6,15.6,0.0,0.0,0.0,4,0.0,0.0,0.0,0.0,0.0,0.75,1.25,0.5,0.5,2.75,0.5,3.9,3.4,0.42,0.05,0.73,0.0,0.0,0.95,2.0,0.0,0.0,2.0
C.Hubbard,CAR,,0.0,0.0,0.0,0.0,0.0,0.0,135.0,511.0,1.0,39.0,30.0,223.0,3.0,-40.0,97.4,127.39999999999999,0.0,0.0,0.0,15,0.0,0.0,0.0,0.0,0.0,9.0,34.067,2.6,2.0,14.867,-2.667,8.493,6.493,8.09,-1.23,29.16,0.0,0.0,12.08,19.0,6.0,0.0,5.0
C.Jones,CIN,,0.0,0.0,0.0,0.0,0.0,0.0,0.0,0.0,0.0,1.0,0.0,0.0,0.0,42.0,0.0,0.0,0.0,0.0,0.0,1,0.0,0.0,0.0,0.0,0.0,0.0,0.0,1.0,0.0,0.0,42.0,0.0,0.0,0.16,0.92,0.0,0.0,0.0,0.0,,,,
C.Kiner,ARI,,0.0,0.0,0.0,0.0,0.0,0.0,12.0,58.0,0.0,3.0,2.0,15.0,0.0,11.0,7.300000000000001,9.3,0.0,0.0,0.0,4,0.0,0.0,0.0,0.0,0.0,3.0,14.5,0.75,0.5,3.75,2.75,2.325,1.825,0.48,0.25,3.27,0.0,0.0,1.28,2.0,1.0,0.0,0.0
C.Kirk,HOU,,0.0,0.0,0.0,0.0,0.0,0.0,0.0,0.0,0.0,53.0,28.0,239.0,1.0,365.0,29.900000000000002,57.9,0.0,0.0,0.0,11,0.0,0.0,0.0,0.0,0.0,0.0,0.0,4.818,2.545,21.727,33.182,5.264,2.718,9.52,7.94,0.0,0.0,0.0,2.88,0.0,7.0,0.0,3.0
C.Kmet,CHI,QB,1.0,0.0,0.0,0.0,0.0,0.0,0.0,0.0,0.0,2.0,1.0,10.0,0.0,27.0,1.0,2.0,0.0,0.0,0.0,1,1.0,0.0,0.0,0.0,0.0,0.0,0.0,2.0,1.0,10.0,27.0,2.0,1.0,0.37,0.6,0.0,0.0,0.0,2.8,0.0,7.0,0.0,1.0
C.Kmet,CHI,,0.0,0.0,0.0,0.0,0.0,0.0,0.0,0.0,0.0,47.0,29.0,337.0,2.0,394.0,45.7,74.7,0.0,0.0,0.0,15,0.0,0.0,0.0,0.0,0.0,0.0,0.0,3.133,1.933,22.467,26.267,4.98,3.047,8.77,8.69,0.0,0.0,0.0,2.8,0.0,7.0,0.0,1.0
C.Kolar,BAL,,0.0,0.0,0.0,0.0,0.0,0.0,0.0,0.0,0.0,15.0,10.0,142.0,2.0,106.0,26.2,36.2,0.0,0.0,0.0,11,0.0,0.0,0.0,0.0,0.0,0.0,0.0,1.364,0.909,12.909,9.636,3.291,2.382,3.67,3.14,0.0,0.0,0.0,1.16,0.0,3.0,0.0,1.0
C.Kupp,SEA,QB,1.0,0.0,0.0,0.0,1.0,0.0,0.0,0.0,0.0,1.0,1.0,32.0,0.0,18.0,2.2,3.2,0.0,0.0,0.0,1,1.0,0.0,0.0,0.0,1.0,0.0,0.0,1.0,1.0,32.0,18.0,3.2,2.2,0.22,0.49,0.0,0.0,0.0,5.0,0.0,13.0,0.0,3.0
C.Kupp,SEA,,0.0,0.0,0.0,0.0,0.0,0.0,0.0,0.0,0.0,70.0,46.0,561.0,2.0,507.0,68.1,114.1,0.0,0.0,0.0,15,0.0,0.0,0.0,0.0,0.0,0.0,0.0,4.667,3.067,37.4,33.8,7.607,4.54,15.32,13.85,0.0,0.0,0.0,5.0,0.0,13.0,0.0,3.0
C.Lamb,DAL,,0.0,0.0,0.0,0.0,0.0,0.0,1.0,2.0,0.0,117.0,75.0,1077.0,3.0,1403.0,125.89999999999999,200.9,0.0,0.0,0.0,13,0.0,0.0,0.0,0.0,0.0,0.077,0.154,9.0,5.769,82.846,107.923,15.454,9.685,19.18,28.49,0.22,0.0,0.0,5.84,0.0,17.0,0.0,4.0
C.Loveland,CHI,,0.0,0.0,0.0,0.0,0.0,0.0,1.0,-2.0,0.0,83.0,58.0,713.0,6.0,746.0,107.10000000000001,165.1,0.0,0.0,0.0,16,0.0,0.0,0.0,0.0,0.0,0.062,-0.125,5.188,3.625,44.562,46.625,10.319,6.694,15.49,16.45,0.2,0.0,0.0,6.4,1.0,15.0,0.0,5.0
C.Manhertz,NYG,,0.0,0.0,0.0,0.0,0.0,0.0,0.0,0.0,0.0,2.0,1.0,7.0,0.0,11.0,0.7,1.7,0.0,0.0,0.0,2,0.0,0.0,0.0,0.0,0.0,0.0,0.0,1.0,0.5,3.5,5.5,0.85,0.35,0.4,0.26,0.0,0.0,0.0,0.38,0.0,1.0,0.0,0.0
C.McCaffrey,SF,QB,1.0,0.0,0.0,0.0,0.0,0.0,20.0,53.0,1.0,4.0,4.0,21.0,0.0,-4.0,13.4,17.4,0.0,0.0,0.0,1,1.0,0.0,0.0,0.0,0.0,20.0,53.0,4.0,4.0,21.0,-4.0,17.4,13.4,0.72,-0.1,4.16,0.0,0.0,35.97,75.0,25.0,1.0,24.0
C.McCaffrey,SF,,0.0,0.0,0.0,0.0,0.0,0.0,291.0,1149.0,9.0,125.0,98.0,883.0,7.0,339.0,299.2,397.2,0.0,0.0,0.0,16,0.0,0.0,0.0,0.0,0.0,18.188,71.812,7.812,6.125,55.188,21.188,24.825,18.7,22.56,8.21,60.5,0.0,0.0,35.97,75.0,25.0,1.0,24.0
C.Moore,WAS,,0.0,0.0,0.0,0.0,0.0,0.0,1.0,9.0,0.0,23.0,11.0,207.0,1.0,332.0,27.6,38.6,0.0,0.0,0.0,8,0.0,0.0,0.0,0.0,0.0,0.125,1.125,2.875,1.375,25.875,41.5,4.825,3.45,5.28,8.85,0.21,0.0,0.0,0.92,0.0,2.0,0.0,0.0
C.Okonkwo,TEN,,0.0,0.0,0.0,0.0,0.0,0.0,0.0,0.0,0.0,79.0,56.0,560.0,2.0,366.0,68.0,124.0,0.0,0.0,0.0,17,0.0,0.0,0.0,0.0,0.0,0.0,0.0,4.647,3.294,32.941,21.529,7.294,4.0,14.91,9.33,0.0,0.0,0.0,3.29,0.0,5.0,0.0,0.0
C.Oladokun,KC,QB,63.0,35.0,235.0,1.0,0.0,8.0,5.0,18.0,0.0,0.0,0.0,0.0,0.0,0.0,15.2,15.2,0.0,0.0,0.0,3,21.0,11.667,78.333,0.333,0.0,1.667,6.0,0.0,0.0,0.0,0.0,5.067,5.067,0.0,0.0,1.16,0.0,0.0,0.4,1.0,0.0,5.0,0.0
C.Olave,NO,QB,1.0,0.0,0.0,0.0,1.0,0.0,0.0,0.0,0.0,6.0,3.0,20.0,1.0,32.0,7.0,10.0,0.0,0.0,0.0,1,1.0,0.0,0.0,0.0,1.0,0.0,0.0,6.0,3.0,20.0,32.0,10.0,7.0,1.06,0.68,0.0,0.0,0.0,7.94,0.0,15.0,1.0,2.0
C.Olave,NO,,0.0,0.0,0.0,0.0,0.0,0.0,1.0,-3.0,0.0,150.0,97.0,1143.0,8.0,1809.0,162.0,259.0,0.0,0.0,0.0,15,0.0,0.0,0.0,0.0,0.0,0.067,-0.2,10.0,6.467,76.2,120.6,17.267,10.8,26.5,38.67,0.23,0.0,0.0,7.94,0.0,15.0,1.0,2.0
C.Otton,TB,,0.0,0.0,0.0,0.0,0.0,0.0,0.0,0.0,0.0,82.0,59.0,572.0,1.0,419.0,63.2,122.19999999999999,0.0,0.0,0.0,15,0.0,0.0,0.0,0.0,0.0,0.0,0.0,5.467,3.933,38.133,27.933,8.147,4.213,15.05,9.66,0.0,0.0,0.0,3.21,0.0,7.0,0.0,1.0
C.Owen,IND,,0.0,0.0,0.0,0.0,0.0,0.0,0.0,0.0,0.0,1.0,0.0,0.0,0.0,2.0,0.0,0.0,0.0,0.0,0.0,1,0.0,0.0,0.0,0.0,0.0,0.0,0.0,1.0,0.0,0.0,2.0,0.0,0.0,0.19,0.05,0.0,0.0,0.0,0.0,,,,
C.Parkinson,LA,,0.0,0.0,0.0,0.0,0.0,0.0,0.0,0.0,0.0,56.0,43.0,408.0,8.0,248.0,88.8,131.8,0.0,0.0,0.0,14,0.0,0.0,0.0,0.0,0.0,0.0,0.0,4.0,3.071,29.143,17.714,9.414,6.343,9.64,4.68,0.0,0.0,0.0,7.31,0.0,22.0,0.0,2.0
C.Reynolds,DET,,0.0,0.0,0.0,0.0,0.0,0.0,3.0,4.0,0.0,0.0,0.0,0.0,0.0,0.0,0.4,0.4,0.0,0.0,0.0,1,0.0,0.0,0.0,0.0,0.0,3.0,4.0,0.0,0.0,0.0,0.0,0.4,0.4,0.0,0.0,0.68,0.0,0.0,0.0,,,,
C.Ridley,TEN,,0.0,0.0,0.0,0.0,0.0,0.0,0.0,0.0,0.0,36.0,17.0,303.0,0.0,453.0,30.3,47.3,0.0,0.0,0.0,7,0.0,0.0,0.0,0.0,0.0,0.0,0.0,5.143,2.429,43.286,64.714,6.757,4.329,6.79,11.55,0.0,0.0,0.0,1.32,0.0,2.0,0.0,0.0
C.Rodriguez,WAS,,0.0,0.0,0.0,0.0,0.0,0.0,112.0,500.0,6.0,4.0,3.0,30.0,0.0,16.0,89.0,92.0,0.0,0.0,0.0,12,0.0,0.0,0.0,0.0,0.0,9.333,41.667,0.333,0.25,2.5,1.333,7.667,7.417,0.92,0.43,23.0,0.0,0.0,15.6,33.0,1.0,0.0,14.0
C.Runyon,LV,,0.0,0.0,0.0,0.0,0.0,0.0,0.0,0.0,0.0,1.0,1.0,3.0,0.0,-3.0,0.3,1.3,0.0,0.0,0.0,1,0.0,0.0,0.0,0.0,0.0,0.0,0.0,1.0,1.0,3.0,-3.0,1.3,0.3,0.2,-0.09,0.0,0.0,0.0,0.0,,,,
C.Rush,BAL,QB,53.0,34.0,303.0,0.0,4.0,1.0,1.0,0.0,0.0,0.0,0.0,0.0,0.0,0.0,8.120000000000001,8.120000000000001,0.0,0.0,0.0,3,17.667,11.333,101.0,0.0,1.333,0.333,0.0,0.0,0.0,0.0,0.0,2.707,2.707,0.0,0.0,0.2,0.0,0.0,0.0,0.0,0.0,1.0,0.0
C.Rush,BAL,,0.0,0.0,0.0,0.0,0.0,0.0,3.0,-4.0,0.0,0.0,0.0,0.0,0.0,0.0,-0.4,-0.4,0.0,0.0,0.0,1,0.0,0.0,0.0,0.0,0.0,3.0,-4.0,0.0,0.0,0.0,0.0,-0.4,-0.4,0.0,0.0,0.59,0.0,0.0,0.0,0.0,0.0,1.0,0.0
C.Samuel,BUF,,0.0,0.0,0.0,0.0,0.0,0.0,0.0,0.0,0.0,9.0,7.0,81.0,1.0,145.0,14.1,21.1,0.0,0.0,0.0,5,0.0,0.0,0.0,0.0,0.0,0.0,0.0,1.8,1.4,16.2,29.0,4.22,2.82,1.84,4.15,0.0,0.0,0.0,0.36,0.0,1.0,0.0,0.0
C.Skattebo,NYG,,0.0,0.0,0.0,0.0,0.0,0.0,102.0,410.0,5.0,32.0,24.0,207.0,2.0,-5.0,103.7,127.7,0.0,0.0,0.0,8,0.0,0.0,0.0,0.0,0.0,12.75,51.25,4.0,3.0,25.875,-0.625,15.962,12.962,6.32,-0.12,19.92,0.0,0.0,10.73,24.0,4.0,0.0,10.0
C.Stover,HOU,,0.0,0.0,0.0,0.0,0.0,0.0,4.0,3.0,0.0,16.0,12.0,76.0,0.0,31.0,7.9,19.900000000000002,0.0,0.0,0.0,6,0.0,0.0,0.0,0.0,0.0,0.667,0.5,2.667,2.0,12.667,5.167,3.317,1.317,2.87,0.67,0.84,0.0,0.0,2.47,3.0,3.0,0.0,0.0
C.Stroud,HOU,QB,449.0,273.0,3041.0,19.0,8.0,23.0,48.0,209.0,1.0,0.0,0.0,0.0,0.0,0.0,216.54,216.54,0.0,0.0,0.0,14,32.071,19.5,217.214,1.357,0.571,3.429,14.929,0.0,0.0,0.0,0.0,15.467,15.467,0.0,0.0,10.08,0.0,0.0,3.29,8.0,0.0,61.0,2.0
C.Sutton,DEN,QB,1.0,0.0,0.0,0.0,0.0,1.0,0.0,0.0,0.0,4.0,3.0,24.0,0.0,31.0,2.4,5.4,0.0,0.0,0.0,1,1.0,0.0,0.0,0.0,0.0,0.0,0.0,4.0,3.0,24.0,31.0,5.4,2.4,0.68,0.71,0.0,0.0,0.0,8.06,0.0,20.0,0.0,6.0
C.Sutton,DEN,,0.0,0.0,0.0,0.0,0.0,0.0,0.0,0.0,0.0,121.0,71.0,993.0,7.0,1511.0,141.3,212.3,0.0,0.0,0.0,16,0.0,0.0,0.0,0.0,0.0,0.0,0.0,7.562,4.438,62.062,94.438,13.269,8.831,20.54,34.49,0.0,0.0,0.0,8.06,0.0,20.0,0.0,6.0
C.Tillman,CLE,,0.0,0.0,0.0,0.0,0.0,0.0,0.0,0.0,0.0,39.0,21.0,270.0,2.0,463.0,39.0,60.0,0.0,0.0,0.0,12,0.0,0.0,0.0,0.0,0.0,0.0,0.0,3.25,1.75,22.5,38.583,5.0,3.25,7.44,12.89,0.0,0.0,0.0,2.26,0.0,4.0,0.0,1.0
C.Tune,GB,QB,20.0,7.0,42.0,0.0,1.0,5.0,5.0,23.0,0.0,0.0,0.0,0.0,0.0,0.0,2.98,2.98,0.0,0.0,0.0,2,10.0,3.5,21.0,0.0,0.5,2.5,11.5,0.0,0.0,0.0,0.0,1.49,1.49,0.0,0.0,1.02,0.0,0.0,0.0,0.0,0.0,1.0,0.0
C.Ward,TEN,QB,595.0,323.0,3169.0,15.0,7.0,55.0,39.0,159.0,2.0,0.0,0.0,0.0,0.0,0.0,207.66,207.66,0.0,0.0,0.0,17,35.0,19.0,186.412,0.882,0.412,2.294,9.353,0.0,0.0,0.0,0.0,12.215,12.215,0.0,0.0,10.32,0.0,0.0,6.58,10.0,0.0,59.0,2.0
C.Washington,ATL,,0.0,0.0,0.0,0.0,0.0,0.0,0.0,0.0,0.0,5.0,2.0,42.0,0.0,88.0,4.2,6.2,0.0,0.0,0.0,3,0.0,0.0,0.0,0.0,0.0,0.0,0.0,1.667,0.667,14.0,29.333,2.067,1.4,0.96,2.1,0.0,0.0,0.0,0.0,,,,
C.Watson,GB,,0.0,0.0,0.0,0.0,0.0,0.0,1.0,3.0,0.0,55.0,35.0,611.0,6.0,977.0,97.4,132.4,0.0,0.0,0.0,10,0.0,0.0,0.0,0.0,0.0,0.1,0.3,5.5,3.5,61.1,97.7,13.24,9.74,11.9,23.9,0.2,0.0,0.0,2.87,1.0,6.0,0.0,2.0
C.Wentz,MIN,QB,189.0,110.0,1216.0,6.0,5.0,19.0,11.0,57.0,0.0,0.0,0.0,0.0,0.0,0.0,73.34,73.34,0.0,0.0,0.0,5,37.8,22.0,243.2,1.2,1.0,2.2,11.4,0.0,0.0,0.0,0.0,14.668,14.668,0.0,0.0,2.68,0.0,0.0,0.95,2.0,0.0,39.0,0.0
C.White,SEA,,0.0,0.0,0.0,0.0,0.0,0.0,0.0,0.0,0.0,4.0,3.0,90.0,1.0,39.0,15.0,18.0,0.0,0.0,0.0,3,0.0,0.0,0.0,0.0,0.0,0.0,0.0,1.333,1.0,30.0,13.0,6.0,5.0,0.88,1.07,0.0,0.0,0.0,0.0,,,,
C.Williams,CHI,QB,596.0,330.0,3942.0,27.0,7.0,24.0,77.0,383.0,3.0,2.0,2.0,22.0,1.0,-3.0,323.18,325.18,0.0,0.0,0.0,17,35.059,19.412,231.882,1.588,0.412,4.529,22.529,0.118,0.118,1.294,-0.176,19.128,19.011,0.37,-0.07,15.19,0.0,0.0,8.4,20.0,1.0,82.0,3.0
C.Wilson,MIA,,0.0,0.0,0.0,0.0,0.0,0.0,0.0,0.0,0.0,9.0,5.0,44.0,0.0,79.0,4.4,9.4,0.0,0.0,0.0,6,0.0,0.0,0.0,0.0,0.0,0.0,0.0,1.5,0.833,7.333,13.167,1.567,0.733,1.94,2.39,0.0,0.0,0.0,1.49,0.0,3.0,0.0,0.0
C.Woerner,ATL,,0.0,0.0,0.0,0.0,0.0,0.0,0.0,0.0,0.0,9.0,8.0,48.0,0.0,12.0,4.8,12.8,0.0,0.0,0.0,6,0.0,0.0,0.0,0.0,0.0,0.0,0.0,1.5,1.333,8.0,2.0,2.133,0.8,1.72,0.29,0.0,0.0,0.0,0.49,0.0,1.0,0.0,0.0
C.Yankoff,WAS,,0.0,0.0,0.0,0.0,0.0,0.0,0.0,0.0,0.0,3.0,2.0,18.0,0.0,18.0,1.7999999999999998,3.8,0.0,0.0,0.0,3,0.0,0.0,0.0,0.0,0.0,0.0,0.0,1.0,0.667,6.0,6.0,1.267,0.6,0.69,0.48,0.0,0.0,0.0,0.0,,,,
Cas.Washington,ATL,,0.0,0.0,0.0,0.0,0.0,0.0,0.0,0.0,0.0,9.0,4.0,52.0,0.0,174.0,5.199999999999999,9.2,0.0,0.0,0.0,2,0.0,0.0,0.0,0.0,0.0,0.0,0.0,4.5,2.0,26.0,87.0,4.6,2.6,1.72,4.16,0.0,0.0,0.0,0.0,,,,
Co.Heyward,PIT,,0.0,0.0,0.0,0.0,0.0,0.0,15.0,43.0,2.0,4.0,3.0,21.0,1.0,26.0,24.4,27.4,0.0,0.0,0.0,11,0.0,0.0,0.0,0.0,0.0,1.364,3.909,0.364,0.273,1.909,2.364,2.491,2.218,0.76,0.82,3.69,0.0,0.0,3.43,6.0,2.0,0.0,4.0
D.Achane,MIA,,0.0,0.0,0.0,0.0,0.0,0.0,238.0,1350.0,8.0,85.0,67.0,481.0,4.0,35.0,255.1,322.1,0.0,0.0,0.0,16,0.0,0.0,0.0,0.0,0.0,14.875,84.375,5.312,4.188,30.062,2.188,20.131,15.944,18.28,1.06,55.09,0.0,0.0,21.39,32.0,11.0,0.0,6.0
D.Adams,LA,,0.0,0.0,0.0,0.0,0.0,0.0,0.0,0.0,0.0,114.0,60.0,789.0,14.0,1444.0,162.9,222.9,0.0,0.0,0.0,14,0.0,0.0,0.0,0.0,0.0,0.0,0.0,8.143,4.286,56.357,103.143,15.921,11.636,19.62,27.27,0.0,0.0,0.0,10.63,0.0,32.0,0.0,16.0
D.Allen,LA,,0.0,0.0,0.0,0.0,0.0,0.0,0.0,0.0,0.0,33.0,24.0,208.0,3.0,130.0,38.8,62.800000000000004,0.0,0.0,0.0,15,0.0,0.0,0.0,0.0,0.0,0.0,0.0,2.2,1.6,13.867,8.667,4.187,2.587,5.68,2.45,0.0,0.0,0.0,2.33,0.0,7.0,0.0,3.0
D.Bellinger,NYG,,0.0,0.0,0.0,0.0,0.0,0.0,0.0,0.0,0.0,26.0,19.0,286.0,2.0,244.0,40.6,59.6,0.0,0.0,0.0,12,0.0,0.0,0.0,0.0,0.0,0.0,0.0,2.167,1.583,23.833,20.333,4.967,3.383,5.14,5.66,0.0,0.0,0.0,2.3,0.0,6.0,0.0,0.0
D.Brown,JAX,,0.0,0.0,0.0,0.0,0.0,0.0,6.0,30.0,0.0,37.0,20.0,227.0,1.0,518.0,31.7,51.7,0.0,0.0,0.0,11,0.0,0.0,0.0,0.0,0.0,0.545,2.727,3.364,1.818,20.636,47.091,4.7,2.882,6.74,10.62,1.22,0.0,0.0,3.46,1.0,9.0,0.0,1.0
D.Cooper,PHI,,0.0,0.0,0.0,0.0,0.0,0.0,0.0,0.0,0.0,11.0,9.0,92.0,0.0,109.0,9.2,18.2,0.0,0.0,0.0,5,0.0,0.0,0.0,0.0,0.0,0.0,0.0,2.2,1.8,18.4,21.8,3.64,1.84,2.36,2.59,0.0,0.0,0.0,0.0,,,,
D.Culp,TB,,0.0,0.0,0.0,0.0,0.0,0.0,0.0,0.0,0.0,1.0,1.0,6.0,1.0,6.0,6.6,7.6,0.0,0.0,0.0,1,0.0,0.0,0.0,0.0,0.0,0.0,0.0,1.0,1.0,6.0,6.0,7.6,6.6,0.18,0.14,0.0,0.0,0.0,0.46,0.0,1.0,0.0,0.0
D.Dabney,GB,,0.0,0.0,0.0,0.0,0.0,0.0,0.0,0.0,0.0,2.0,1.0,3.0,0.0,10.0,0.3,1.3,0.0,0.0,0.0,1,0.0,0.0,0.0,0.0,0.0,0.0,0.0,2.0,1.0,3.0,10.0,1.3,0.3,0.43,0.24,0.0,0.0,0.0,0.41,0.0,1.0,0.0,0.0
D.Dallas,CAR,,0.0,0.0,0.0,0.0,0.0,0.0,1.0,0.0,0.0,0.0,0.0,0.0,0.0,0.0,0.0,0.0,0.0,0.0,0.0,1,0.0,0.0,0.0,0.0,0.0,1.0,0.0,0.0,0.0,0.0,0.0,0.0,0.0,0.0,0.0,0.22,0.0,0.0,0.48,1.0,0.0,0.0,0.0
D.Dallas,JAX,,0.0,0.0,0.0,0.0,0.0,0.0,2.0,21.0,0.0,1.0,0.0,0.0,0.0,-1.0,2.1,2.1,0.0,0.0,0.0,1,0.0,0.0,0.0,0.0,0.0,2.0,21.0,1.0,0.0,0.0,-1.0,2.1,2.1,0.18,-0.02,0.41,0.0,0.0,0.0,,,,
D.Davis,LAC,,0.0,0.0,0.0,0.0,0.0,0.0,2.0,5.0,0.0,3.0,2.0,10.0,0.0,33.0,1.5,3.5,0.0,0.0,0.0,5,0.0,0.0,0.0,0.0,0.0,0.4,1.0,0.6,0.4,2.0,6.6,0.7,0.3,0.55,0.75,0.43,0.0,0.0,0.0,,,,
D.Douglas,NE,,0.0,0.0,0.0,0.0,0.0,0.0,7.0,21.0,0.0,46.0,31.0,447.0,3.0,445.0,64.8,95.8,0.0,0.0,0.0,16,0.0,0.0,0.0,0.0,0.0,0.438,1.312,2.875,1.938,27.938,27.812,5.988,4.05,9.52,9.94,1.41,0.0,0.0,3.05,1.0,7.0,0.0,2.0
D.Drummond,ATL,,0.0,0.0,0.0,0.0,0.0,0.0,0.0,0.0,0.0,12.0,7.0,42.0,0.0,85.0,4.2,11.2,0.0,0.0,0.0,4,0.0,0.0,0.0,0.0,0.0,0.0,0.0,3.0,1.75,10.5,21.25,2.8,1.05,2.3,2.03,0.0,0.0,0.0,1.95,0.0,4.0,0.0,2.0
D.Duvernay,CHI,,0.0,0.0,0.0,0.0,0.0,0.0,0.0,0.0,0.0,5.0,2.0,26.0,0.0,75.0,2.6,4.6,0.0,0.0,0.0,3,0.0,0.0,0.0,0.0,0.0,0.0,0.0,1.667,0.667,8.667,25.0,1.533,0.867,0.93,1.65,0.0,0.0,0.0,0.4,0.0,1.0,0.0,1.0
D.Eskridge,MIA,,0.0,0.0,0.0,0.0,0.0,0.0,0.0,0.0,0.0,7.0,4.0,62.0,0.0,98.0,6.2,10.2,0.0,0.0,0.0,5,0.0,0.0,0.0,0.0,0.0,0.0,0.0,1.4,0.8,12.4,19.6,2.04,1.24,1.51,2.97,0.0,0.0,0.0,0.0,,,,
D.Gabriel,CLE,QB,205.0,110.0,937.0,7.0,2.0,19.0,14.0,86.0,0.0,0.0,0.0,0.0,0.0,0.0,72.08,72.08,0.0,0.0,0.0,10,20.5,11.0,93.7,0.7,0.2,1.4,8.6,0.0,0.0,0.0,0.0,7.208,7.208,0.0,0.0,3.31,0.0,0.0,1.13,2.0,0.0,35.0,0.0
D.Giddens,IND,,0.0,0.0,0.0,0.0,0.0,0.0,26.0,96.0,0.0,2.0,0.0,0.0,0.0,-6.0,9.6,9.6,0.0,0.0,0.0,5,0.0,0.0,0.0,0.0,0.0,5.2,19.2,0.4,0.0,0.0,-1.2,1.92,1.92,0.37,-0.14,5.87,0.0,0.0,2.23,5.0,1.0,0.0,1.0
D.Goedert,PHI,,0.0,0.0,0.0,0.0,0.0,0.0,0.0,0.0,0.0,82.0,60.0,591.0,11.0,583.0,125.1,185.1,0.0,0.0,0.0,15,0.0,0.0,0.0,0.0,0.0,0.0,0.0,5.467,4.0,39.4,38.867,12.34,8.34,17.6,13.84,0.0,0.0,0.0,7.04,0.0,15.0,0.0,8.0
D.Henry,BAL,QB,1.0,0.0,0.0,0.0,0.0,0.0,12.0,50.0,1.0,1.0,1.0,7.0,0.0,-2.0,11.7,12.7,0.0,0.0,0.0,1,1.0,0.0,0.0,0.0,0.0,12.0,50.0,1.0,1.0,7.0,-2.0,12.7,11.7,0.24,-0.06,2.37,0.0,0.0,25.19,63.0,2.0,1.0,27.0
D.Henry,BAL,,0.0,0.0,0.0,0.0,0.0,0.0,295.0,1545.0,15.0,20.0,14.0,143.0,0.0,14.0,258.8,272.8,0.0,0.0,0.0,16,0.0,0.0,0.0,0.0,0.0,18.438,96.562,1.25,0.875,8.938,0.875,17.05,16.175,4.89,0.41,58.19,0.0,0.0,25.19,63.0,2.0,1.0,27.0
D.Hopkins,BAL,,0.0,0.0,0.0,0.0,0.0,0.0,0.0,0.0,0.0,39.0,22.0,330.0,2.0,513.0,45.0,67.0,0.0,0.0,0.0,17,0.0,0.0,0.0,0.0,0.0,0.0,0.0,2.294,1.294,19.412,30.176,3.941,2.647,9.54,15.2,0.0,0.0,0.0,1.16,0.0,3.0,0.0,1.0
D.Johnson,ARI,,0.0,0.0,0.0,0.0,0.0,0.0,1.0,0.0,0.0,0.0,0.0,0.0,0.0,0.0,0.0,0.0,0.0,0.0,0.0,1,0.0,0.0,0.0,0.0,0.0,1.0,0.0,0.0,0.0,0.0,0.0,0.0,0.0,0.0,0.0,0.27,0.0,0.0,0.0,,,,
D.Johnson,NE,,0.0,0.0,0.0,0.0,0.0,0.0,13.0,25.0,0.0,0.0,0.0,0.0,0.0,0.0,2.5,2.5,0.0,0.0,0.0,4,0.0,0.0,0.0,0.0,0.0,3.25,6.25,0.0,0.0,0.0,0.0,0.625,0.625,0.0,0.0,2.62,0.0,0.0,0.38,1.0,0.0,0.0,1.0
D.Jones,IND,QB,411.0,261.0,3101.0,19.0,8.0,22.0,45.0,161.0,5.0,0.0,0.0,0.0,0.0,0.0,238.14000000000001,238.14000000000001,0.0,0.0,0.0,13,31.615,20.077,238.538,1.462,0.615,3.462,12.385,0.0,0.0,0.0,0.0,18.318,18.318,0.0,0.0,10.16,0.0,0.0,5.95,16.0,0.0,66.0,6.0
D.Kincaid,BUF,,0.0,0.0,0.0,0.0,0.0,0.0,0.0,0.0,0.0,50.0,39.0,571.0,5.0,465.0,87.10000000000001,126.10000000000001,0.0,0.0,0.0,12,0.0,0.0,0.0,0.0,0.0,0.0,0.0,4.167,3.25,47.583,38.75,10.508,7.258,10.25,13.32,0.0,0.0,0.0,3.23,0.0,9.0,0.0,2.0
D.Knox,BUF,,0.0,0.0,0.0,0.0,0.0,0.0,0.0,0.0,0.0,50.0,36.0,417.0,4.0,329.0,65.7,101.7,0.0,0.0,0.0,16,0.0,0.0,0.0,0.0,0.0,0.0,0.0,3.125,2.25,26.062,20.562,6.356,4.106,10.25,9.42,0.0,0.0,0.0,4.66,0.0,13.0,0.0,6.0
D.Laube,LV,,0.0,0.0,0.0,0.0,0.0,0.0,7.0,9.0,0.0,4.0,3.0,18.0,0.0,-6.0,2.7,5.7,0.0,0.0,0.0,4,0.0,0.0,0.0,0.0,0.0,1.75,2.25,1.0,0.75,4.5,-1.5,1.425,0.675,0.81,-0.19,1.89,0.0,0.0,0.0,,,,
D.Lock,SEA,QB,3.0,2.0,15.0,0.0,0.0,0.0,1.0,-1.0,0.0,0.0,0.0,0.0,0.0,0.0,0.5,0.5,0.0,0.0,0.0,1,3.0,2.0,15.0,0.0,0.0,1.0,-1.0,0.0,0.0,0.0,0.0,0.5,0.5,0.0,0.0,0.2,0.0,0.0,0.0,,,,
D.Lock,SEA,,0.0,0.0,0.0,0.0,0.0,0.0,5.0,-4.0,0.0,0.0,0.0,0.0,0.0,0.0,-0.4,-0.4,0.0,0.0,0.0,2,0.0,0.0,0.0,0.0,0.0,2.5,-2.0,0.0,0.0,0.0,0.0,-0.2,-0.2,0.0,0.0,0.98,0.0,0.0,0.0,,,,
D.London,ATL,,0.0,0.0,0.0,0.0,0.0,0.0,0.0,0.0,0.0,113.0,68.0,919.0,7.0,1221.0,133.9,201.9,0.0,0.0,0.0,12,0.0,0.0,0.0,0.0,0.0,0.0,0.0,9.417,5.667,76.583,101.75,16.825,11.158,21.65,29.18,0.0,0.0,0.0,7.8,0.0,16.0,0.0,6.0
D.Martin-Robinson,TEN,,0.0,0.0,0.0,0.0,0.0,0.0,0.0,0.0,0.0,6.0,4.0,30.0,1.0,23.0,9.0,13.0,0.0,0.0,0.0,4,0.0,0.0,0.0,0.0,0.0,0.0,0.0,1.5,1.0,7.5,5.75,3.25,2.25,1.13,0.59,0.0,0.0,0.0,0.66,0.0,1.0,0.0,1.0
D.Maye,NE,QB,540.0,354.0,4394.0,31.0,8.0,47.0,104.0,450.0,4.0,1.0,1.0,2.0,0.0,-8.0,360.96,361.96,0.0,0.0,0.0,17,31.765,20.824,258.471,1.824,0.471,6.118,26.471,0.059,0.059,0.118,-0.471,21.292,21.233,0.21,-0.18,20.97,0.0,0.0,8.4,22.0,0.0,83.0,4.0
D.Metcalf,PIT,,0.0,0.0,0.0,0.0,0.0,0.0,2.0,12.0,1.0,99.0,59.0,850.0,6.0,1044.0,128.20000000000002,187.2,0.0,0.0,0.0,15,0.0,0.0,0.0,0.0,0.0,0.133,0.8,6.6,3.933,56.667,69.6,12.48,8.547,18.89,32.98,0.49,0.0,0.0,6.01,1.0,13.0,0.0,6.0
D.Mills,HOU,QB,169.0,91.0,915.0,5.0,1.0,8.0,14.0,60.0,1.0,0.0,0.0,0.0,0.0,0.0,67.6,67.6,0.0,0.0,0.0,6,28.167,15.167,152.5,0.833,0.167,2.333,10.0,0.0,0.0,0.0,0.0,11.267,11.267,0.0,0.0,2.94,0.0,0.0,1.23,3.0,0.0,30.0,2.0
D.Montgomery,DET,QB,3.0,1.0,3.0,1.0,0.0,1.0,34.0,139.0,2.0,4.0,4.0,35.0,0.0,10.0,33.519999999999996,37.519999999999996,0.0,0.0,0.0,3,1.0,0.333,1.0,0.333,0.0,11.333,46.333,1.333,1.333,11.667,3.333,12.507,11.173,0.73,0.27,7.67,0.0,0.0,13.31,35.0,2.0,2.0,17.0
D.Montgomery,DET,,0.0,0.0,0.0,0.0,0.0,0.0,125.0,577.0,6.0,25.0,20.0,157.0,0.0,2.0,109.39999999999999,129.4,0.0,0.0,0.0,14,0.0,0.0,0.0,0.0,0.0,8.929,41.214,1.786,1.429,11.214,0.143,9.243,7.814,4.55,0.05,28.22,0.0,0.0,13.31,35.0,2.0,2.0,17.0
D.Mooney,ATL,,0.0,0.0,0.0,0.0,0.0,0.0,0.0,0.0,0.0,72.0,32.0,443.0,1.0,1019.0,50.3,82.3,0.0,0.0,0.0,15,0.0,0.0,0.0,0.0,0.0,0.0,0.0,4.8,2.133,29.533,67.933,5.487,3.353,13.79,24.35,0.0,0.0,0.0,3.9,0.0,8.0,0.0,1.0
D.Moore,CAR,,0.0,0.0,0.0,0.0,0.0,0.0,1.0,12.0,0.0,1.0,1.0,5.0,0.0,5.0,1.7,2.7,0.0,0.0,0.0,2,0.0,0.0,0.0,0.0,0.0,0.5,6.0,0.5,0.5,2.5,2.5,1.35,0.85,0.21,0.15,0.22,0.0,0.0,0.0,,,,
D.Moore,CHI,QB,1.0,1.0,2.0,1.0,0.0,0.0,1.0,17.0,1.0,6.0,4.0,72.0,0.0,79.0,18.98,22.98,0.0,0.0,0.0,1,1.0,1.0,2.0,1.0,0.0,1.0,17.0,6.0,4.0,72.0,79.0,22.98,18.98,1.12,1.74,0.2,0.0,0.0,5.2,2.0,11.0,1.0,5.0
D.Moore,CHI,,0.0,0.0,0.0,0.0,0.0,0.0,14.0,62.0,0.0,79.0,46.0,595.0,6.0,909.0,101.7,147.7,0.0,0.0,0.0,16,0.0,0.0,0.0,0.0,0.0,0.875,3.875,4.938,2.875,37.188,56.812,9.231,6.356,14.74,20.04,2.76,0.0,0.0,5.2,2.0,11.0,1.0,5.0
D.Neal,NO,,0.0,0.0,0.0,0.0,0.0,0.0,57.0,206.0,2.0,19.0,17.0,104.0,0.0,-38.0,43.0,60.0,0.0,0.0,0.0,9,0.0,0.0,0.0,0.0,0.0,6.333,22.889,2.111,1.889,11.556,-4.222,6.667,4.778,3.36,-0.81,13.04,0.0,0.0,3.17,5.0,1.0,0.0,2.0
D.Njoku,CLE,,0.0,0.0,0.0,0.0,0.0,0.0,0.0,0.0,0.0,48.0,33.0,293.0,4.0,253.0,53.3,86.3,0.0,0.0,0.0,11,0.0,0.0,0.0,0.0,0.0,0.0,0.0,4.364,3.0,26.636,23.0,7.845,4.845,9.16,7.05,0.0,0.0,0.0,5.08,0.0,9.0,0.0,1.0
D.Ogunbowale,HOU,,0.0,0.0,0.0,0.0,0.0,0.0,11.0,25.0,1.0,13.0,10.0,76.0,0.0,24.0,16.1,26.1,0.0,0.0,0.0,9,0.0,0.0,0.0,0.0,0.0,1.222,2.778,1.444,1.111,8.444,2.667,2.9,1.789,2.33,0.52,2.31,0.0,0.0,3.7,6.0,3.0,0.0,3.0
D.Pettis,NO,,0.0,0.0,0.0,0.0,0.0,0.0,0.0,0.0,0.0,11.0,9.0,127.0,0.0,105.0,12.7,21.700000000000003,0.0,0.0,0.0,4,0.0,0.0,0.0,0.0,0.0,0.0,0.0,2.75,2.25,31.75,26.25,5.425,3.175,1.94,2.24,0.0,0.0,0.0,0.0,,,,
D.Pierce,HOU,,0.0,0.0,0.0,0.0,0.0,0.0,10.0,26.0,0.0,1.0,0.0,0.0,0.0,-4.0,2.6,2.6,0.0,0.0,0.0,2,0.0,0.0,0.0,0.0,0.0,5.0,13.0,0.5,0.0,0.0,-2.0,1.3,1.3,0.18,-0.09,2.1,0.0,0.0,0.41,1.0,0.0,0.0,0.0
D.Pierce,KC,,0.0,0.0,0.0,0.0,0.0,0.0,4.0,10.0,0.0,0.0,0.0,0.0,0.0,0.0,1.0,1.0,0.0,0.0,0.0,1,0.0,0.0,0.0,0.0,0.0,4.0,10.0,0.0,0.0,0.0,0.0,1.0,1.0,0.0,0.0,0.93,0.0,0.0,0.0,,,,
D.Prescott,DAL,QB,634.0,404.0,4552.0,30.0,10.0,31.0,53.0,177.0,2.0,0.0,0.0,0.0,0.0,0.0,321.78000000000003,321.78000000000003,0.0,0.0,0.0,17,37.294,23.765,267.765,1.765,0.588,3.118,10.412,0.0,0.0,0.0,0.0,18.928,18.928,0.0,0.0,11.4,0.0,0.0,4.12,12.0,0.0,111.0,7.0
D.Robinson,SF,,0.0,0.0,0.0,0.0,0.0,0.0,1.0,6.0,0.0,36.0,22.0,276.0,1.0,472.0,34.2,56.2,0.0,0.0,0.0,14,0.0,0.0,0.0,0.0,0.0,0.071,0.429,2.571,1.571,19.714,33.714,4.014,2.443,6.5,11.43,0.21,0.0,0.0,1.44,0.0,4.0,0.0,2.0
D.Sample,CIN,,0.0,0.0,0.0,0.0,0.0,0.0,1.0,3.0,0.0,20.0,15.0,106.0,1.0,-7.0,16.9,31.9,0.0,0.0,0.0,11,0.0,0.0,0.0,0.0,0.0,0.091,0.273,1.818,1.364,9.636,-0.636,2.9,1.536,3.27,-0.15,0.26,0.0,0.0,0.46,0.0,1.0,0.0,1.0
D.Sampson,CLE,,0.0,0.0,0.0,0.0,0.0,0.0,65.0,175.0,0.0,40.0,33.0,271.0,2.0,-62.0,56.6,89.60000000000001,0.0,0.0,0.0,15,0.0,0.0,0.0,0.0,0.0,4.333,11.667,2.667,2.2,18.067,-4.133,5.973,3.773,7.63,-1.73,15.37,0.0,0.0,7.34,7.0,6.0,0.0,0.0
D.Samuel,WAS,,0.0,0.0,0.0,0.0,0.0,0.0,17.0,75.0,1.0,100.0,72.0,727.0,5.0,527.0,116.2,188.2,0.0,0.0,0.0,16,0.0,0.0,0.0,0.0,0.0,1.062,4.688,6.25,4.5,45.438,32.938,11.762,7.262,22.94,14.05,3.49,0.0,0.0,7.8,4.0,13.0,0.0,5.0
D.Schultz,HOU,,0.0,0.0,0.0,0.0,0.0,0.0,0.0,0.0,0.0,107.0,82.0,777.0,3.0,659.0,95.7,177.70000000000002,0.0,0.0,0.0,17,0.0,0.0,0.0,0.0,0.0,0.0,0.0,6.294,4.824,45.706,38.765,10.453,5.629,19.21,14.34,0.0,0.0,0.0,4.94,0.0,12.0,0.0,5.0
D.Sills,ATL,,0.0,0.0,0.0,0.0,0.0,0.0,0.0,0.0,0.0,36.0,18.0,191.0,2.0,404.0,31.1,49.1,0.0,0.0,0.0,12,0.0,0.0,0.0,0.0,0.0,0.0,0.0,3.0,1.5,15.917,33.667,4.092,2.592,6.9,9.66,0.0,0.0,0.0,2.93,0.0,6.0,0.0,0.0
D.Singletary,NYG,QB,1.0,0.0,0.0,0.0,0.0,0.0,9.0,26.0,1.0,0.0,0.0,0.0,0.0,0.0,8.6,8.6,0.0,0.0,0.0,1,1.0,0.0,0.0,0.0,0.0,9.0,26.0,0.0,0.0,0.0,0.0,8.6,8.6,0.0,0.0,1.76,0.0,0.0,9.2,22.0,2.0,1.0,11.0
D.Singletary,NYG,,0.0,0.0,0.0,0.0,0.0,0.0,110.0,411.0,4.0,19.0,18.0,151.0,0.0,-12.0,80.19999999999999,98.19999999999999,0.0,0.0,0.0,16,0.0,0.0,0.0,0.0,0.0,6.875,25.688,1.188,1.125,9.438,-0.75,6.137,5.012,3.75,-0.28,21.48,0.0,0.0,9.2,22.0,2.0,1.0,11.0
D.Slayton,NYG,,0.0,0.0,0.0,0.0,0.0,0.0,0.0,0.0,0.0,65.0,37.0,538.0,1.0,843.0,59.8,96.8,0.0,0.0,0.0,14,0.0,0.0,0.0,0.0,0.0,0.0,0.0,4.643,2.643,38.429,60.214,6.914,4.271,12.85,19.55,0.0,0.0,0.0,3.07,0.0,8.0,0.0,2.0
D.Smith,PHI,,0.0,0.0,0.0,0.0,0.0,0.0,0.0,0.0,0.0,114.0,77.0,1008.0,4.0,1355.0,124.8,201.79999999999998,0.0,0.0,0.0,17,0.0,0.0,0.0,0.0,0.0,0.0,0.0,6.706,4.529,59.294,79.706,11.871,7.341,24.46,32.17,0.0,0.0,0.0,5.63,0.0,12.0,0.0,3.0
D.Smythe,CHI,,0.0,0.0,0.0,0.0,0.0,0.0,0.0,0.0,0.0,6.0,4.0,25.0,0.0,24.0,2.5,6.5,0.0,0.0,0.0,4,0.0,0.0,0.0,0.0,0.0,0.0,0.0,1.5,1.0,6.25,6.0,1.625,0.625,1.12,0.53,0.0,0.0,0.0,0.0,,,,
D.Swift,CHI,,0.0,0.0,0.0,0.0,0.0,0.0,223.0,1087.0,9.0,48.0,34.0,290.0,1.0,-25.0,197.7,231.70000000000002,0.0,0.0,0.0,16,0.0,0.0,0.0,0.0,0.0,13.938,67.938,3.0,2.125,18.125,-1.562,14.481,12.356,8.96,-0.55,43.98,0.0,0.0,16.4,40.0,1.0,0.0,14.0
D.Thompkins,ATL,,0.0,0.0,0.0,0.0,0.0,0.0,1.0,5.0,0.0,3.0,3.0,27.0,0.0,7.0,3.1999999999999997,6.199999999999999,0.0,0.0,0.0,2,0.0,0.0,0.0,0.0,0.0,0.5,2.5,1.5,1.5,13.5,3.5,3.1,1.6,0.57,0.17,0.21,0.0,0.0,0.0,,,,
D.Thornton,LV,,0.0,0.0,0.0,0.0,0.0,0.0,0.0,0.0,0.0,30.0,10.0,135.0,0.0,497.0,13.5,23.5,0.0,0.0,0.0,11,0.0,0.0,0.0,0.0,0.0,0.0,0.0,2.727,0.909,12.273,45.182,2.136,1.227,6.05,15.54,0.0,0.0,0.0,1.23,0.0,2.0,0.0,0.0
D.Vele,NO,,0.0,0.0,0.0,0.0,0.0,0.0,0.0,0.0,0.0,40.0,25.0,293.0,2.0,432.0,41.3,66.3,0.0,0.0,0.0,9,0.0,0.0,0.0,0.0,0.0,0.0,0.0,4.444,2.778,32.556,48.0,7.367,4.589,7.07,9.23,0.0,0.0,0.0,2.65,0.0,5.0,0.0,3.0
D.Walker,BAL,,0.0,0.0,0.0,0.0,0.0,0.0,0.0,0.0,0.0,8.0,6.0,136.0,3.0,196.0,31.6,37.6,0.0,0.0,0.0,5,0.0,0.0,0.0,0.0,0.0,0.0,0.0,1.6,1.2,27.2,39.2,7.52,6.32,1.96,5.81,0.0,0.0,0.0,0.39,0.0,1.0,0.0,1.0
D.Waller,MIA,,0.0,0.0,0.0,0.0,0.0,0.0,1.0,4.0,0.0,35.0,24.0,283.0,6.0,359.0,64.7,88.7,0.0,0.0,0.0,8,0.0,0.0,0.0,0.0,0.0,0.125,0.5,4.375,3.0,35.375,44.875,11.088,8.088,7.53,10.88,0.23,0.0,0.0,3.98,0.0,8.0,0.0,3.0
D.Washington,PIT,,0.0,0.0,0.0,0.0,0.0,0.0,0.0,0.0,0.0,44.0,31.0,364.0,1.0,242.0,42.4,73.4,0.0,0.0,0.0,13,0.0,0.0,0.0,0.0,0.0,0.0,0.0,3.385,2.385,28.0,18.615,5.646,3.262,8.4,7.64,0.0,0.0,0.0,3.86,0.0,9.0,0.0,4.0
D.Wicks,GB,,0.0,0.0,0.0,0.0,0.0,0.0,1.0,6.0,0.0,46.0,30.0,332.0,2.0,517.0,45.8,75.8,0.0,0.0,0.0,13,0.0,0.0,0.0,0.0,0.0,0.077,0.462,3.538,2.308,25.538,39.769,5.831,3.523,9.96,12.65,0.2,0.0,0.0,1.64,0.0,4.0,0.0,1.0
D.Young,SEA,,0.0,0.0,0.0,0.0,0.0,0.0,0.0,0.0,0.0,3.0,2.0,48.0,0.0,57.0,4.800000000000001,6.8,0.0,0.0,0.0,3,0.0,0.0,0.0,0.0,0.0,0.0,0.0,1.0,0.667,16.0,19.0,2.267,1.6,0.66,1.56,0.0,0.0,0.0,0.0,,,,
E.Arroyo,SEA,,0.0,0.0,0.0,0.0,0.0,0.0,0.0,0.0,0.0,26.0,15.0,179.0,1.0,220.0,23.900000000000002,38.9,0.0,0.0,0.0,13,0.0,0.0,0.0,0.0,0.0,0.0,0.0,2.0,1.154,13.769,16.923,2.992,1.838,5.69,6.01,0.0,0.0,0.0,1.92,0.0,5.0,0.0,1.0
E.Ayomanor,TEN,,0.0,0.0,0.0,0.0,0.0,0.0,0.0,0.0,0.0,89.0,41.0,515.0,4.0,1126.0,75.5,116.5,0.0,0.0,0.0,16,0.0,0.0,0.0,0.0,0.0,0.0,0.0,5.562,2.562,32.188,70.375,7.281,4.719,16.79,28.7,0.0,0.0,0.0,5.26,0.0,8.0,0.0,1.0
E.Chism,NE,,0.0,0.0,0.0,0.0,0.0,0.0,0.0,0.0,0.0,3.0,3.0,75.0,1.0,35.0,13.5,16.5,0.0,0.0,0.0,2,0.0,0.0,0.0,0.0,0.0,0.0,0.0,1.5,1.5,37.5,17.5,8.25,6.75,0.62,0.78,0.0,0.0,0.0,0.38,0.0,1.0,0.0,0.0
E.Demercado,ARI,,0.0,0.0,0.0,0.0,0.0,0.0,44.0,312.0,0.0,20.0,13.0,101.0,1.0,12.0,47.3,60.3,0.0,0.0,0.0,11,0.0,0.0,0.0,0.0,0.0,4.0,28.364,1.818,1.182,9.182,1.091,5.482,4.3,3.23,0.27,11.99,0.0,0.0,3.85,5.0,4.0,0.0,1.0
E.Egbuka,TB,,0.0,0.0,0.0,0.0,0.0,0.0,3.0,9.0,0.0,128.0,63.0,938.0,6.0,1572.0,130.7,193.7,0.0,0.0,0.0,17,0.0,0.0,0.0,0.0,0.0,0.176,0.529,7.529,3.706,55.176,92.471,11.394,7.688,23.49,36.25,0.63,0.0,0.0,7.34,1.0,15.0,0.0,4.0
E.Engram,DEN,,0.0,0.0,0.0,0.0,0.0,0.0,1.0,7.0,0.0,77.0,50.0,461.0,1.0,331.0,52.8,102.8,0.0,0.0,0.0,16,0.0,0.0,0.0,0.0,0.0,0.062,0.438,4.812,3.125,28.812,20.688,6.425,3.3,13.07,7.56,0.22,0.0,0.0,4.44,0.0,11.0,0.0,1.0
E.Higgins,ARI,,0.0,0.0,0.0,0.0,0.0,0.0,0.0,0.0,0.0,37.0,30.0,301.0,0.0,148.0,30.099999999999998,60.1,0.0,0.0,0.0,15,0.0,0.0,0.0,0.0,0.0,0.0,0.0,2.467,2.0,20.067,9.867,4.007,2.007,5.97,3.33,0.0,0.0,0.0,2.14,0.0,5.0,0.0,1.0
E.Hull,NO,,0.0,0.0,0.0,0.0,0.0,0.0,19.0,48.0,0.0,1.0,1.0,6.0,0.0,-4.0,5.4,6.4,0.0,0.0,0.0,6,0.0,0.0,0.0,0.0,0.0,3.167,8.0,0.167,0.167,1.0,-0.667,1.067,0.9,0.18,-0.09,4.35,0.0,0.0,1.59,3.0,0.0,0.0,0.0
E.Mitchell,KC,,0.0,0.0,0.0,0.0,0.0,0.0,0.0,0.0,0.0,1.0,0.0,0.0,0.0,16.0,0.0,0.0,0.0,0.0,0.0,1,0.0,0.0,0.0,0.0,0.0,0.0,0.0,1.0,0.0,0.0,16.0,0.0,0.0,0.18,0.37,0.0,0.0,0.0,0.0,,,,
E.Moore,BUF,,0.0,0.0,0.0,0.0,0.0,0.0,6.0,24.0,1.0,17.0,9.0,112.0,0.0,142.0,19.599999999999998,28.599999999999998,0.0,0.0,0.0,9,0.0,0.0,0.0,0.0,0.0,0.667,2.667,1.889,1.0,12.444,15.778,3.178,2.178,3.48,4.07,1.1,0.0,0.0,0.36,1.0,0.0,0.0,1.0
E.Saubert,SEA,,0.0,0.0,0.0,0.0,0.0,0.0,0.0,0.0,0.0,8.0,4.0,31.0,0.0,28.0,3.1,7.1,0.0,0.0,0.0,5,0.0,0.0,0.0,0.0,0.0,0.0,0.0,1.6,0.8,6.2,5.6,1.42,0.62,1.75,0.76,0.0,0.0,0.0,1.54,0.0,4.0,0.0,1.0
E.Wilson,GB,,0.0,0.0,0.0,0.0,0.0,0.0,125.0,496.0,3.0,18.0,15.0,99.0,0.0,-32.0,77.5,92.5,0.0,0.0,0.0,16,0.0,0.0,0.0,0.0,0.0,7.812,31.0,1.125,0.938,6.188,-2.0,5.781,4.844,3.9,-0.78,25.41,0.0,0.0,11.07,24.0,3.0,0.0,5.0
F.Franks,ATL,,0.0,0.0,0.0,0.0,0.0,0.0,2.0,4.0,0.0,0.0,0.0,0.0,0.0,0.0,0.4,0.4,0.0,0.0,0.0,2,0.0,0.0,0.0,0.0,0.0,1.0,2.0,0.0,0.0,0.0,0.0,0.2,0.2,0.0,0.0,0.42,0.0,0.0,0.0,,,,
F.Moreau,NO,,0.0,0.0,0.0,0.0,0.0,0.0,0.0,0.0,0.0,10.0,7.0,59.0,0.0,10.0,5.9,12.9,0.0,0.0,0.0,7,0.0,0.0,0.0,0.0,0.0,0.0,0.0,1.429,1.0,8.429,1.429,1.843,0.843,1.77,0.21,0.0,0.0,0.0,0.53,0.0,1.0,0.0,0.0
G.Bolles,DEN,,0.0,0.0,0.0,0.0,0.0,0.0,0.0,0.0,0.0,1.0,0.0,0.0,0.0,2.0,0.0,0.0,0.0,0.0,0.0,1,0.0,0.0,0.0,0.0,0.0,0.0,0.0,1.0,0.0,0.0,2.0,0.0,0.0,0.17,0.05,0.0,0.0,0.0,0.4,0.0,1.0,0.0,1.0
G.Calcaterra,PHI,,0.0,0.0,0.0,0.0,0.0,0.0,0.0,0.0,0.0,13.0,9.0,76.0,1.0,85.0,13.6,22.6,0.0,0.0,0.0,8,0.0,0.0,0.0,0.0,0.0,0.0,0.0,1.625,1.125,9.5,10.625,2.825,1.7,2.79,2.02,0.0,0.0,0.0,1.41,0.0,3.0,0.0,0.0
G.Davis,BUF,,0.0,0.0,0.0,0.0,0.0,0.0,0.0,0.0,0.0,18.0,12.0,129.0,1.0,159.0,18.9,30.9,0.0,0.0,0.0,6,0.0,0.0,0.0,0.0,0.0,0.0,0.0,3.0,2.0,21.5,26.5,5.15,3.15,3.69,4.55,0.0,0.0,0.0,2.15,0.0,6.0,0.0,2.0
G.Dortch,ARI,,0.0,0.0,0.0,0.0,0.0,0.0,7.0,15.0,1.0,33.0,29.0,206.0,3.0,58.0,46.1,75.10000000000001,0.0,0.0,0.0,12,0.0,0.0,0.0,0.0,0.0,0.583,1.25,2.75,2.417,17.167,4.833,6.258,3.842,5.32,1.3,1.91,0.0,0.0,4.27,3.0,7.0,0.0,1.0
G.Dulcich,MIA,,0.0,0.0,0.0,0.0,0.0,0.0,1.0,-7.0,0.0,34.0,26.0,335.0,1.0,155.0,38.8,64.8,0.0,0.0,0.0,9,0.0,0.0,0.0,0.0,0.0,0.111,-0.778,3.778,2.889,37.222,17.222,7.2,4.311,7.31,4.7,0.23,0.0,0.0,3.98,1.0,7.0,0.0,2.0
G.Helm,TEN,,0.0,0.0,0.0,0.0,0.0,0.0,0.0,0.0,0.0,55.0,44.0,357.0,2.0,303.0,47.7,91.7,0.0,0.0,0.0,16,0.0,0.0,0.0,0.0,0.0,0.0,0.0,3.438,2.75,22.312,18.938,5.731,2.981,10.38,7.72,0.0,0.0,0.0,5.26,0.0,8.0,0.0,1.0
G.Holani,SEA,,0.0,0.0,0.0,0.0,0.0,0.0,22.0,73.0,1.0,2.0,2.0,15.0,0.0,-1.0,14.8,16.8,0.0,0.0,0.0,4,0.0,0.0,0.0,0.0,0.0,5.5,18.25,0.5,0.5,3.75,-0.25,4.2,3.7,0.44,-0.03,4.33,0.0,0.0,1.92,5.0,0.0,0.0,0.0
G.Kittle,SF,,0.0,0.0,0.0,0.0,0.0,0.0,1.0,-3.0,0.0,69.0,57.0,628.0,7.0,460.0,104.5,161.5,0.0,0.0,0.0,11,0.0,0.0,0.0,0.0,0.0,0.091,-0.273,6.273,5.182,57.091,41.818,14.682,9.5,12.45,11.14,0.21,0.0,0.0,5.04,1.0,13.0,0.0,3.0
G.Larvadain,CLE,,0.0,0.0,0.0,0.0,0.0,0.0,1.0,3.0,0.0,15.0,7.0,71.0,0.0,125.0,7.4,14.4,0.0,0.0,0.0,7,0.0,0.0,0.0,0.0,0.0,0.143,0.429,2.143,1.0,10.143,17.857,2.057,1.057,2.86,3.48,0.24,0.0,0.0,0.56,0.0,1.0,0.0,1.0
G.Minshew,KC,QB,13.0,6.0,37.0,0.0,1.0,0.0,1.0,8.0,0.0,0.0,0.0,0.0,0.0,0.0,1.2799999999999998,1.2799999999999998,0.0,0.0,0.0,2,6.5,3.0,18.5,0.0,0.5,0.5,4.0,0.0,0.0,0.0,0.0,0.64,0.64,0.0,0.0,0.23,0.0,0.0,0.0,,,,
G.Minshew,KC,,0.0,0.0,0.0,0.0,0.0,0.0,5.0,-6.0,0.0,0.0,0.0,0.0,0.0,0.0,-0.6,-0.6,0.0,0.0,0.0,2,0.0,0.0,0.0,0.0,0.0,2.5,-3.0,0.0,0.0,0.0,0.0,-0.3,-0.3,0.0,0.0,1.16,0.0,0.0,0.0,,,,
G.Olszewski,NYG,QB,2.0,1.0,33.0,1.0,0.0,0.0,0.0,0.0,0.0,9.0,8.0,102.0,0.0,76.0,15.52,23.52,0.0,0.0,0.0,2,1.0,0.5,16.5,0.5,0.0,0.0,0.0,4.5,4.0,51.0,38.0,11.76,7.76,1.78,1.76,0.0,0.0,0.0,0.77,0.0,2.0,1.0,0.0
G.Olszewski,NYG,,0.0,0.0,0.0,0.0,0.0,0.0,0.0,0.0,0.0,4.0,2.0,43.0,1.0,54.0,10.3,12.3,0.0,0.0,0.0,3,0.0,0.0,0.0,0.0,0.0,0.0,0.0,1.333,0.667,14.333,18.0,4.1,3.433,0.79,1.25,0.0,0.0,0.0,0.77,0.0,2.0,1.0,0.0
G.Pickens,DAL,,0.0,0.0,0.0,0.0,0.0,0.0,0.0,0.0,0.0,138.0,93.0,1429.0,9.0,1547.0,196.9,289.9,0.0,0.0,0.0,17,0.0,0.0,0.0,0.0,0.0,0.0,0.0,8.118,5.471,84.059,91.0,17.053,11.582,22.62,31.41,0.0,0.0,0.0,8.25,0.0,24.0,0.0,7.0
G.Ricci,DET,,0.0,0.0,0.0,0.0,0.0,0.0,0.0,0.0,0.0,1.0,0.0,0.0,0.0,3.0,0.0,0.0,0.0,0.0,0.0,1,0.0,0.0,0.0,0.0,0.0,0.0,0.0,1.0,0.0,0.0,3.0,0.0,0.0,0.18,0.08,0.0,0.0,0.0,0.36,0.0,1.0,0.0,1.0
G.Smith,LV,QB,505.0,302.0,3025.0,19.0,17.0,55.0,41.0,109.0,0.0,0.0,0.0,0.0,0.0,0.0,190.9,190.9,0.0,0.0,0.0,15,33.667,20.133,201.667,1.267,1.133,2.733,7.267,0.0,0.0,0.0,0.0,12.727,12.727,0.0,0.0,11.08,0.0,0.0,4.32,7.0,0.0,66.0,2.0
G.Stuard,DET,,0.0,0.0,0.0,0.0,0.0,0.0,1.0,0.0,0.0,0.0,0.0,0.0,0.0,0.0,0.0,0.0,0.0,0.0,0.0,1,0.0,0.0,0.0,0.0,0.0,1.0,0.0,0.0,0.0,0.0,0.0,0.0,0.0,0.0,0.0,0.23,0.0,0.0,0.0,,,,
G.Wilson,NYJ,,0.0,0.0,0.0,0.0,0.0,0.0,0.0,0.0,0.0,60.0,36.0,395.0,4.0,535.0,63.5,99.5,0.0,0.0,0.0,7,0.0,0.0,0.0,0.0,0.0,0.0,0.0,8.571,5.143,56.429,76.429,14.214,9.071,12.58,16.63,0.0,0.0,0.0,2.79,0.0,5.0,0.0,1.0
H.Bryant,HOU,,0.0,0.0,0.0,0.0,0.0,0.0,0.0,0.0,0.0,6.0,2.0,7.0,0.0,58.0,0.7,2.7,0.0,0.0,0.0,4,0.0,0.0,0.0,0.0,0.0,0.0,0.0,1.5,0.5,1.75,14.5,0.675,0.175,1.08,1.26,0.0,0.0,0.0,0.0,,,,
H.Fannin,CLE,,0.0,0.0,0.0,0.0,0.0,0.0,7.0,13.0,1.0,108.0,72.0,731.0,6.0,646.0,116.4,188.4,0.0,0.0,0.0,16,0.0,0.0,0.0,0.0,0.0,0.438,0.812,6.75,4.5,45.688,40.375,11.775,7.275,20.61,17.99,1.65,0.0,0.0,7.34,2.0,11.0,0.0,4.0
H.Haskins,LAC,,0.0,0.0,0.0,0.0,0.0,0.0,17.0,47.0,0.0,4.0,4.0,13.0,0.0,-3.0,6.0,10.0,0.0,0.0,0.0,5,0.0,0.0,0.0,0.0,0.0,3.4,9.4,0.8,0.8,2.6,-0.6,2.0,1.2,0.74,-0.07,3.64,0.0,0.0,0.83,2.0,0.0,0.0,0.0
H.Henry,NE,,0.0,0.0,0.0,0.0,0.0,0.0,0.0,0.0,0.0,87.0,60.0,768.0,7.0,710.0,118.8,178.8,0.0,0.0,0.0,17,0.0,0.0,0.0,0.0,0.0,0.0,0.0,5.118,3.529,45.176,41.765,10.518,6.988,18.01,15.87,0.0,0.0,0.0,8.4,0.0,22.0,0.0,6.0
H.Long,JAX,,0.0,0.0,0.0,0.0,0.0,0.0,0.0,0.0,0.0,17.0,12.0,85.0,2.0,66.0,20.5,32.5,0.0,0.0,0.0,7,0.0,0.0,0.0,0.0,0.0,0.0,0.0,2.429,1.714,12.143,9.429,4.643,2.929,3.1,1.35,0.0,0.0,0.0,1.38,0.0,4.0,0.0,1.0
H.Luepke,DAL,,0.0,0.0,0.0,0.0,0.0,0.0,16.0,71.0,0.0,15.0,13.0,109.0,1.0,-3.0,24.0,37.0,0.0,0.0,0.0,11,0.0,0.0,0.0,0.0,0.0,1.455,6.455,1.364,1.182,9.909,-0.273,3.364,2.182,2.46,-0.06,3.44,0.0,0.0,1.72,1.0,4.0,0.0,1.0
H.Renfrow,CAR,,0.0,0.0,0.0,0.0,0.0,0.0,0.0,0.0,0.0,26.0,15.0,89.0,2.0,194.0,20.900000000000002,35.900000000000006,0.0,0.0,0.0,6,0.0,0.0,0.0,0.0,0.0,0.0,0.0,4.333,2.5,14.833,32.333,5.983,3.483,5.39,5.95,0.0,0.0,0.0,2.9,0.0,6.0,0.0,2.0
I.Bond,CLE,,0.0,0.0,0.0,0.0,0.0,0.0,5.0,29.0,0.0,44.0,18.0,317.0,0.0,751.0,34.6,52.6,0.0,0.0,0.0,15,0.0,0.0,0.0,0.0,0.0,0.333,1.933,2.933,1.2,21.133,50.067,3.507,2.307,8.4,20.91,1.18,0.0,0.0,2.26,0.0,4.0,0.0,1.0
I.Davis,NYJ,,0.0,0.0,0.0,0.0,0.0,0.0,43.0,236.0,1.0,29.0,21.0,186.0,0.0,32.0,48.2,69.2,0.0,0.0,0.0,15,0.0,0.0,0.0,0.0,0.0,2.867,15.733,1.933,1.4,12.4,2.133,4.613,3.213,6.08,0.99,9.37,0.0,0.0,6.15,9.0,2.0,0.0,1.0
I.Hodgins,NYG,,0.0,0.0,0.0,0.0,0.0,0.0,0.0,0.0,0.0,19.0,10.0,115.0,1.0,207.0,17.5,27.5,0.0,0.0,0.0,6,0.0,0.0,0.0,0.0,0.0,0.0,0.0,3.167,1.667,19.167,34.5,4.583,2.917,3.75,4.8,0.0,0.0,0.0,1.53,0.0,4.0,0.0,0.0
I.Likely,BAL,,0.0,0.0,0.0,0.0,0.0,0.0,0.0,0.0,0.0,36.0,27.0,307.0,1.0,287.0,36.7,63.7,0.0,0.0,0.0,11,0.0,0.0,0.0,0.0,0.0,0.0,0.0,3.273,2.455,27.909,26.091,5.791,3.336,8.8,8.5,0.0,0.0,0.0,2.33,0.0,6.0,0.0,2.0
I.Pacheco,KC,,0.0,0.0,0.0,0.0,0.0,0.0,118.0,462.0,1.0,26.0,19.0,101.0,1.0,-27.0,68.3,87.3,0.0,0.0,0.0,13,0.0,0.0,0.0,0.0,0.0,9.077,35.538,2.0,1.462,7.769,-2.077,6.715,5.254,4.71,-0.63,27.44,0.0,0.0,9.49,20.0,4.0,0.0,1.0
I.Pola-Mao,LV,,0.0,0.0,0.0,0.0,0.0,0.0,1.0,3.0,0.0,0.0,0.0,0.0,0.0,0.0,0.3,0.3,0.0,0.0,0.0,1,0.0,0.0,0.0,0.0,0.0,1.0,3.0,0.0,0.0,0.0,0.0,0.3,0.3,0.0,0.0,0.27,0.0,0.0,0.0,,,,
I.TeSlaa,DET,,0.0,0.0,0.0,0.0,0.0,0.0,0.0,0.0,0.0,27.0,16.0,239.0,6.0,352.0,59.9,75.9,0.0,0.0,0.0,14,0.0,0.0,0.0,0.0,0.0,0.0,0.0,1.929,1.143,17.071,25.143,5.421,4.279,4.91,9.58,0.0,0.0,0.0,3.96,0.0,11.0,0.0,2.0
I.Thomas,LV,,0.0,0.0,0.0,0.0,0.0,0.0,0.0,0.0,0.0,13.0,13.0,114.0,0.0,42.0,11.4,24.4,0.0,0.0,0.0,7,0.0,0.0,0.0,0.0,0.0,0.0,0.0,1.857,1.857,16.286,6.0,3.486,1.629,2.62,1.31,0.0,0.0,0.0,0.0,,,,
I.Williams,NYJ,QB,1.0,0.0,0.0,0.0,0.0,0.0,1.0,4.0,0.0,4.0,1.0,2.0,0.0,17.0,0.6,1.6,0.0,0.0,0.0,1,1.0,0.0,0.0,0.0,0.0,1.0,4.0,4.0,1.0,2.0,17.0,1.6,0.6,0.84,0.53,0.22,0.0,0.0,0.56,0.0,1.0,1.0,0.0
I.Williams,NYJ,,0.0,0.0,0.0,0.0,0.0,0.0,2.0,30.0,0.0,32.0,25.0,191.0,0.0,105.0,22.099999999999998,47.1,0.0,0.0,0.0,8,0.0,0.0,0.0,0.0,0.0,0.25,3.75,4.0,3.125,23.875,13.125,5.888,2.762,6.71,3.26,0.44,0.0,0.0,0.56,0.0,1.0,1.0,0.0
J.Addison,MIN,,0.0,0.0,0.0,0.0,0.0,0.0,2.0,81.0,1.0,79.0,42.0,610.0,3.0,1083.0,93.1,135.1,0.0,0.0,0.0,14,0.0,0.0,0.0,0.0,0.0,0.143,5.786,5.643,3.0,43.571,77.357,9.65,6.65,16.74,29.07,0.49,0.0,0.0,6.16,0.0,13.0,0.0,3.0
J.Allen,BUF,QB,507.0,319.0,3668.0,25.0,10.0,40.0,112.0,579.0,14.0,0.0,0.0,0.0,0.0,0.0,378.62,378.62,0.0,0.0,0.0,16,31.688,19.938,229.25,1.562,0.625,7.0,36.188,0.0,0.0,0.0,0.0,23.664,23.664,0.0,0.0,20.48,0.0,0.0,11.83,33.0,0.0,77.0,17.0
J.Bates,WAS,,0.0,0.0,0.0,0.0,0.0,0.0,0.0,0.0,0.0,16.0,11.0,103.0,1.0,48.0,16.3,27.3,0.0,0.0,0.0,9,0.0,0.0,0.0,0.0,0.0,0.0,0.0,1.778,1.222,11.444,5.333,3.033,1.811,3.67,1.28,0.0,0.0,0.0,0.92,0.0,2.0,0.0,2.0
J.Bech,LV,,0.0,0.0,0.0,0.0,0.0,0.0,0.0,0.0,0.0,29.0,20.0,224.0,0.0,240.0,22.4,42.4,0.0,0.0,0.0,12,0.0,0.0,0.0,0.0,0.0,0.0,0.0,2.417,1.667,18.667,20.0,3.533,1.867,5.85,7.5,0.0,0.0,0.0,2.47,0.0,4.0,0.0,0.0
J.Blue,DAL,,0.0,0.0,0.0,0.0,0.0,0.0,38.0,129.0,1.0,1.0,1.0,5.0,0.0,-5.0,19.4,20.4,0.0,0.0,0.0,5,0.0,0.0,0.0,0.0,0.0,7.6,25.8,0.2,0.2,1.0,-1.0,4.08,3.88,0.16,-0.1,8.17,0.0,0.0,2.41,7.0,0.0,0.0,1.0
J.Bobo,SEA,,0.0,0.0,0.0,0.0,0.0,0.0,0.0,0.0,0.0,2.0,2.0,20.0,0.0,14.0,2.0,4.0,0.0,0.0,0.0,2,0.0,0.0,0.0,0.0,0.0,0.0,0.0,1.0,1.0,10.0,7.0,2.0,1.0,0.44,0.38,0.0,0.0,0.0,0.0,,,,
J.Brissett,ARI,QB,531.0,315.0,3366.0,23.0,8.0,43.0,37.0,166.0,1.0,0.0,0.0,0.0,0.0,0.0,241.24,241.24,0.0,0.0,0.0,13,40.846,24.231,258.923,1.769,0.615,2.846,12.769,0.0,0.0,0.0,0.0,18.557,18.557,0.0,0.0,10.08,0.0,0.0,2.14,5.0,0.0,96.0,3.0
J.Brissett,ARI,,0.0,0.0,0.0,0.0,0.0,0.0,1.0,2.0,0.0,0.0,0.0,0.0,0.0,0.0,0.2,0.2,0.0,0.0,0.0,1,0.0,0.0,0.0,0.0,0.0,1.0,2.0,0.0,0.0,0.0,0.0,0.2,0.2,0.0,0.0,0.27,0.0,0.0,2.14,5.0,0.0,96.0,3.0
J.Brooks,ARI,,0.0,0.0,0.0,0.0,0.0,0.0,0.0,0.0,0.0,6.0,3.0,51.0,0.0,68.0,5.1,8.1,0.0,0.0,0.0,2,0.0,0.0,0.0,0.0,0.0,0.0,0.0,3.0,1.5,25.5,34.0,4.05,2.55,0.97,1.53,0.0,0.0,0.0,0.0,,,,
J.Browning,CIN,QB,134.0,81.0,771.0,6.0,8.0,9.0,9.0,39.0,1.0,0.0,0.0,0.0,0.0,0.0,56.74,56.74,0.0,0.0,0.0,5,26.8,16.2,154.2,1.2,1.6,1.8,7.8,0.0,0.0,0.0,0.0,11.348,11.348,0.0,0.0,2.36,0.0,0.0,0.91,2.0,0.0,12.0,1.0
J.Brownlee,KC,,0.0,0.0,0.0,0.0,0.0,0.0,0.0,0.0,0.0,1.0,0.0,0.0,0.0,9.0,0.0,0.0,0.0,0.0,0.0,1,0.0,0.0,0.0,0.0,0.0,0.0,0.0,1.0,0.0,0.0,9.0,0.0,0.0,0.18,0.21,0.0,0.0,0.0,0.4,0.0,1.0,0.0,0.0
J.Burrow,CIN,QB,278.0,173.0,1809.0,17.0,5.0,17.0,14.0,41.0,0.0,0.0,0.0,0.0,0.0,0.0,139.46,139.46,0.0,0.0,0.0,8,34.75,21.625,226.125,2.125,0.625,1.75,5.125,0.0,0.0,0.0,0.0,17.432,17.432,0.0,0.0,3.66,0.0,0.0,0.91,2.0,0.0,44.0,1.0
J.Chase,CIN,,0.0,0.0,0.0,0.0,0.0,0.0,3.0,14.0,0.0,185.0,125.0,1412.0,8.0,1570.0,190.6,315.6,0.0,0.0,0.0,16,0.0,0.0,0.0,0.0,0.0,0.188,0.875,11.562,7.812,88.25,98.125,19.725,11.912,30.28,34.39,0.79,0.0,0.0,10.05,0.0,22.0,0.0,2.0
J.Chestnut,TEN,,0.0,0.0,0.0,0.0,0.0,0.0,11.0,40.0,0.0,2.0,0.0,0.0,0.0,22.0,4.0,4.0,0.0,0.0,0.0,7,0.0,0.0,0.0,0.0,0.0,1.571,5.714,0.286,0.0,0.0,3.143,0.571,0.571,0.38,0.56,2.91,0.0,0.0,2.63,4.0,0.0,0.0,2.0
J.Coker,CAR,,0.0,0.0,0.0,0.0,0.0,0.0,0.0,0.0,0.0,45.0,33.0,394.0,3.0,435.0,57.400000000000006,90.4,0.0,0.0,0.0,11,0.0,0.0,0.0,0.0,0.0,0.0,0.0,4.091,3.0,35.818,39.545,8.218,5.218,9.34,13.35,0.0,0.0,0.0,2.42,0.0,5.0,0.0,2.0
J.Conner,ARI,,0.0,0.0,0.0,0.0,0.0,0.0,32.0,95.0,1.0,9.0,8.0,38.0,1.0,-9.0,25.3,33.3,0.0,0.0,0.0,3,0.0,0.0,0.0,0.0,0.0,10.667,31.667,3.0,2.667,12.667,-3.0,11.1,8.433,1.45,-0.2,8.72,0.0,0.0,2.56,5.0,1.0,0.0,4.0
J.Cook,BUF,,0.0,0.0,0.0,0.0,0.0,0.0,309.0,1621.0,12.0,40.0,33.0,291.0,2.0,56.0,275.2,308.2,0.0,0.0,0.0,17,0.0,0.0,0.0,0.0,0.0,18.176,95.353,2.353,1.941,17.118,3.294,18.129,16.188,8.2,1.6,56.49,0.0,0.0,21.15,56.0,3.0,0.0,17.0
J.Croskey-Merritt,WAS,,0.0,0.0,0.0,0.0,0.0,0.0,176.0,805.0,8.0,13.0,9.0,68.0,0.0,-19.0,135.3,144.3,0.0,0.0,0.0,17,0.0,0.0,0.0,0.0,0.0,10.353,47.353,0.765,0.529,4.0,-1.118,8.488,7.959,2.98,-0.51,36.14,0.0,0.0,15.14,32.0,1.0,0.0,13.0
J.Daniels,WAS,QB,207.0,114.0,1262.0,8.0,3.0,18.0,59.0,278.0,2.0,0.0,0.0,0.0,0.0,0.0,119.28,119.28,0.0,0.0,0.0,7,29.571,16.286,180.286,1.143,0.429,8.429,39.714,0.0,0.0,0.0,0.0,17.04,17.04,0.0,0.0,12.11,0.0,0.0,3.21,7.0,0.0,26.0,3.0
J.Dart,NYG,QB,376.0,216.0,2272.0,15.0,5.0,35.0,84.0,487.0,9.0,0.0,0.0,0.0,0.0,0.0,248.58,248.58,0.0,0.0,0.0,12,31.333,18.0,189.333,1.25,0.417,7.0,40.583,0.0,0.0,0.0,0.0,20.715,20.715,0.0,0.0,16.41,0.0,0.0,8.43,22.0,0.0,56.0,7.0
J.Dart,NYG,,0.0,0.0,0.0,0.0,0.0,0.0,2.0,0.0,0.0,0.0,0.0,0.0,0.0,0.0,0.0,0.0,0.0,0.0,0.0,2,0.0,0.0,0.0,0.0,0.0,1.0,0.0,0.0,0.0,0.0,0.0,0.0,0.0,0.0,0.0,0.39,0.0,0.0,8.43,22.0,0.0,56.0,7.0
J.Deguara,ARI,,0.0,0.0,0.0,0.0,0.0,0.0,0.0,0.0,0.0,5.0,3.0,21.0,1.0,23.0,8.1,11.1,0.0,0.0,0.0,4,0.0,0.0,0.0,0.0,0.0,0.0,0.0,1.25,0.75,5.25,5.75,2.775,2.025,0.81,0.52,0.0,0.0,0.0,0.43,0.0,1.0,0.0,0.0
J.Dobbins,DEN,,0.0,0.0,0.0,0.0,0.0,0.0,153.0,772.0,4.0,14.0,11.0,37.0,0.0,-30.0,104.9,115.9,0.0,0.0,0.0,10,0.0,0.0,0.0,0.0,0.0,15.3,77.2,1.4,1.1,3.7,-3.0,11.59,10.49,2.38,-0.68,33.48,0.0,0.0,8.06,20.0,0.0,0.0,7.0
J.Dobbs,NE,QB,10.0,7.0,65.0,0.0,0.0,0.0,10.0,-5.0,0.0,0.0,0.0,0.0,0.0,0.0,2.1,2.1,0.0,0.0,0.0,4,2.5,1.75,16.25,0.0,0.0,2.5,-1.25,0.0,0.0,0.0,0.0,0.525,0.525,0.0,0.0,2.02,0.0,0.0,0.0,,,,
J.Dotson,PHI,,0.0,0.0,0.0,0.0,0.0,0.0,0.0,0.0,0.0,36.0,18.0,262.0,1.0,555.0,32.2,50.2,0.0,0.0,0.0,14,0.0,0.0,0.0,0.0,0.0,0.0,0.0,2.571,1.286,18.714,39.643,3.586,2.3,7.73,13.18,0.0,0.0,0.0,2.35,0.0,5.0,0.0,0.0
J.Downs,IND,,0.0,0.0,0.0,0.0,0.0,0.0,2.0,-2.0,0.0,88.0,58.0,559.0,4.0,659.0,79.7,137.7,0.0,0.0,0.0,16,0.0,0.0,0.0,0.0,0.0,0.125,-0.125,5.5,3.625,34.938,41.188,8.606,4.981,16.42,15.42,0.45,0.0,0.0,5.58,0.0,15.0,0.0,2.0
J.Ferguson,DAL,,0.0,0.0,0.0,0.0,0.0,0.0,1.0,1.0,0.0,103.0,82.0,600.0,8.0,475.0,108.1,190.1,0.0,0.0,0.0,17,0.0,0.0,0.0,0.0,0.0,0.059,0.059,6.059,4.824,35.294,27.941,11.182,6.359,16.89,9.64,0.22,0.0,0.0,8.59,0.0,25.0,0.0,9.0
J.Fields,NYJ,QB,235.0,128.0,1259.0,7.0,1.0,27.0,73.0,383.0,4.0,1.0,0.0,0.0,0.0,6.0,139.66,139.66,0.0,0.0,0.0,9,26.111,14.222,139.889,0.778,0.111,8.111,42.556,0.111,0.0,0.0,0.667,15.518,15.518,0.21,0.19,15.9,0.0,0.0,7.82,13.0,1.0,30.0,5.0
J.FitzPatrick,GB,,0.0,0.0,0.0,0.0,0.0,0.0,0.0,0.0,0.0,15.0,12.0,72.0,1.0,24.0,13.200000000000001,25.2,0.0,0.0,0.0,10,0.0,0.0,0.0,0.0,0.0,0.0,0.0,1.5,1.2,7.2,2.4,2.52,1.32,3.25,0.59,0.0,0.0,0.0,1.64,0.0,4.0,0.0,1.0
J.Flacco,CIN,QB,267.0,158.0,1664.0,13.0,4.0,9.0,14.0,20.0,1.0,0.0,0.0,0.0,0.0,0.0,122.56,122.56,0.0,0.0,0.0,8,33.375,19.75,208.0,1.625,0.5,1.75,2.5,0.0,0.0,0.0,0.0,15.32,15.32,0.0,0.0,3.66,0.0,0.0,2.28,5.0,0.0,36.0,1.0
J.Flacco,CIN,,0.0,0.0,0.0,0.0,0.0,0.0,1.0,2.0,0.0,0.0,0.0,0.0,0.0,0.0,0.2,0.2,0.0,0.0,0.0,1,0.0,0.0,0.0,0.0,0.0,1.0,2.0,0.0,0.0,0.0,0.0,0.2,0.2,0.0,0.0,0.26,0.0,0.0,2.28,5.0,0.0,36.0,1.0
J.Flacco,CLE,QB,169.0,93.0,815.0,2.0,6.0,9.0,6.0,13.0,0.0,0.0,0.0,0.0,0.0,0.0,35.9,35.9,0.0,0.0,0.0,4,42.25,23.25,203.75,0.5,1.5,1.5,3.25,0.0,0.0,0.0,0.0,8.975,8.975,0.0,0.0,1.42,0.0,0.0,1.13,2.0,0.0,15.0,2.0
J.Ford,CLE,,0.0,0.0,0.0,0.0,0.0,0.0,24.0,73.0,0.0,32.0,26.0,103.0,0.0,-49.0,17.6,43.6,0.0,0.0,0.0,13,0.0,0.0,0.0,0.0,0.0,1.846,5.615,2.462,2.0,7.923,-3.769,3.354,1.354,6.11,-1.36,5.67,0.0,0.0,5.65,4.0,6.0,0.0,3.0
J.Garoppolo,LA,,0.0,0.0,0.0,0.0,0.0,0.0,9.0,-10.0,0.0,0.0,0.0,0.0,0.0,0.0,-1.0,-1.0,0.0,0.0,0.0,3,0.0,0.0,0.0,0.0,0.0,3.0,-3.333,0.0,0.0,0.0,0.0,-0.333,-0.333,0.0,0.0,1.94,0.0,0.0,0.0,,,,
J.Gibbs,DET,,0.0,0.0,0.0,0.0,0.0,0.0,243.0,1223.0,13.0,94.0,77.0,613.0,5.0,54.0,291.6,368.6,0.0,0.0,0.0,17,0.0,0.0,0.0,0.0,0.0,14.294,71.941,5.529,4.529,36.059,3.176,21.682,17.153,17.09,1.47,54.85,0.0,0.0,24.1,52.0,15.0,0.0,12.0
J.Gillan,NYG,,0.0,0.0,0.0,0.0,0.0,0.0,1.0,-13.0,0.0,0.0,0.0,0.0,0.0,0.0,-1.3,-1.3,0.0,0.0,0.0,1,0.0,0.0,0.0,0.0,0.0,1.0,-13.0,0.0,0.0,0.0,0.0,-1.3,-1.3,0.0,0.0,0.2,0.0,0.0,0.0,,,,
J.Goff,DET,QB,616.0,393.0,4564.0,34.0,8.0,38.0,19.0,45.0,0.0,0.0,0.0,0.0,0.0,0.0,315.06,315.06,0.0,0.0,0.0,17,36.235,23.118,268.471,2.0,0.471,1.118,2.647,0.0,0.0,0.0,0.0,18.533,18.533,0.0,0.0,4.29,0.0,0.0,1.08,3.0,0.0,99.0,0.0
J.Hawes,BUF,,0.0,0.0,0.0,0.0,0.0,0.0,0.0,0.0,0.0,19.0,16.0,187.0,3.0,139.0,36.7,52.7,0.0,0.0,0.0,13,0.0,0.0,0.0,0.0,0.0,0.0,0.0,1.462,1.231,14.385,10.692,4.054,2.823,3.89,3.98,0.0,0.0,0.0,1.08,0.0,3.0,0.0,2.0
J.Herbert,LAC,QB,566.0,340.0,3727.0,26.0,13.0,54.0,84.0,498.0,2.0,0.0,0.0,0.0,0.0,0.0,301.88,301.88,0.0,0.0,0.0,16,35.375,21.25,232.938,1.625,0.812,5.25,31.125,0.0,0.0,0.0,0.0,18.868,18.868,0.0,0.0,17.99,0.0,0.0,5.79,14.0,0.0,89.0,4.0
J.Higgins,HOU,,0.0,0.0,0.0,0.0,0.0,0.0,0.0,0.0,0.0,69.0,41.0,525.0,6.0,839.0,88.5,129.5,0.0,0.0,0.0,17,0.0,0.0,0.0,0.0,0.0,0.0,0.0,4.059,2.412,30.882,49.353,7.618,5.206,12.39,18.26,0.0,0.0,0.0,3.7,0.0,9.0,0.0,2.0
J.Hill,BAL,,0.0,0.0,0.0,0.0,0.0,0.0,18.0,93.0,2.0,27.0,21.0,169.0,1.0,-6.0,44.199999999999996,65.2,0.0,0.0,0.0,9,0.0,0.0,0.0,0.0,0.0,2.0,10.333,3.0,2.333,18.778,-0.667,7.244,4.911,6.6,-0.18,3.55,0.0,0.0,1.55,3.0,1.0,0.0,1.0
J.Hill,MIA,,0.0,0.0,0.0,0.0,0.0,0.0,0.0,0.0,0.0,21.0,15.0,140.0,0.0,66.0,14.0,29.0,0.0,0.0,0.0,11,0.0,0.0,0.0,0.0,0.0,0.0,0.0,1.909,1.364,12.727,6.0,2.636,1.273,4.52,2.0,0.0,0.0,0.0,1.99,0.0,4.0,0.0,1.0
J.Hurts,PHI,QB,488.0,294.0,3224.0,25.0,6.0,32.0,105.0,421.0,8.0,0.0,0.0,0.0,0.0,0.0,313.06,313.06,0.0,0.0,0.0,16,30.5,18.375,201.5,1.562,0.375,6.562,26.312,0.0,0.0,0.0,0.0,19.566,19.566,0.0,0.0,21.92,0.0,0.0,12.68,27.0,0.0,56.0,12.0
J.Hyatt,NYG,,0.0,0.0,0.0,0.0,0.0,0.0,0.0,0.0,0.0,14.0,5.0,35.0,0.0,280.0,3.5,8.5,0.0,0.0,0.0,5,0.0,0.0,0.0,0.0,0.0,0.0,0.0,2.8,1.0,7.0,56.0,1.7,0.7,2.77,6.49,0.0,0.0,0.0,0.38,0.0,1.0,0.0,0.0
J.Jacobs,GB,,0.0,0.0,0.0,0.0,0.0,0.0,234.0,929.0,13.0,44.0,36.0,282.0,1.0,-39.0,205.1,241.1,0.0,0.0,0.0,15,0.0,0.0,0.0,0.0,0.0,15.6,61.933,2.933,2.4,18.8,-2.6,16.073,13.673,9.52,-0.95,47.56,0.0,0.0,23.77,52.0,6.0,0.0,20.0
J.Jefferson,MIN,,0.0,0.0,0.0,0.0,0.0,0.0,2.0,7.0,0.0,142.0,84.0,1048.0,2.0,1438.0,117.5,201.5,0.0,0.0,0.0,17,0.0,0.0,0.0,0.0,0.0,0.118,0.412,8.353,4.941,61.647,84.588,11.853,6.912,30.08,38.59,0.49,0.0,0.0,9.0,0.0,19.0,0.0,6.0
J.Jennings,SF,,0.0,0.0,0.0,0.0,0.0,0.0,0.0,0.0,0.0,93.0,55.0,643.0,9.0,905.0,118.3,173.3,0.0,0.0,0.0,15,0.0,0.0,0.0,0.0,0.0,0.0,0.0,6.2,3.667,42.867,60.333,11.553,7.887,16.79,21.91,0.0,0.0,0.0,7.91,0.0,22.0,0.0,8.0
J.Jeudy,CLE,,0.0,0.0,0.0,0.0,0.0,0.0,1.0,5.0,0.0,106.0,50.0,602.0,2.0,1288.0,72.7,122.7,0.0,0.0,0.0,17,0.0,0.0,0.0,0.0,0.0,0.059,0.294,6.235,2.941,35.412,75.765,7.218,4.276,20.23,35.87,0.24,0.0,0.0,5.08,0.0,9.0,0.0,0.0
J.Johnson,NO,,0.0,0.0,0.0,0.0,0.0,0.0,0.0,0.0,0.0,102.0,77.0,889.0,3.0,773.0,106.89999999999999,183.9,0.0,0.0,0.0,17,0.0,0.0,0.0,0.0,0.0,0.0,0.0,6.0,4.529,52.294,45.471,10.818,6.288,18.02,16.52,0.0,0.0,0.0,4.23,0.0,8.0,0.0,0.0
J.Johnson,WAS,QB,56.0,34.0,372.0,1.0,2.0,2.0,12.0,55.0,1.0,0.0,0.0,0.0,0.0,0.0,28.38,28.38,0.0,0.0,0.0,3,18.667,11.333,124.0,0.333,0.667,4.0,18.333,0.0,0.0,0.0,0.0,9.46,9.46,0.0,0.0,2.46,0.0,0.0,0.92,2.0,0.0,6.0,1.0
J.Jordan,HOU,,0.0,0.0,0.0,0.0,0.0,0.0,43.0,193.0,0.0,7.0,7.0,34.0,0.0,-6.0,22.7,29.7,0.0,0.0,0.0,4,0.0,0.0,0.0,0.0,0.0,10.75,48.25,1.75,1.75,8.5,-1.5,7.425,5.675,1.26,-0.13,9.03,0.0,0.0,2.06,5.0,0.0,0.0,1.0
J.Karty,LA,QB,1.0,0.0,0.0,0.0,0.0,0.0,0.0,0.0,0.0,0.0,0.0,0.0,0.0,0.0,0.0,0.0,0.0,0.0,0.0,1,1.0,0.0,0.0,0.0,0.0,0.0,0.0,0.0,0.0,0.0,0.0,0.0,0.0,0.0,0.0,0.0,0.0,0.0,0.0,0.0,0.0,1.0,0.0
J.Keeney-James,GB,,0.0,0.0,0.0,0.0,0.0,0.0,0.0,0.0,0.0,2.0,2.0,15.0,0.0,15.0,1.5,3.5,0.0,0.0,0.0,1,0.0,0.0,0.0,0.0,0.0,0.0,0.0,2.0,2.0,15.0,15.0,3.5,1.5,0.43,0.37,0.0,0.0,0.0,0.0,,,,
J.Lane,WAS,,0.0,0.0,0.0,0.0,0.0,0.0,1.0,7.0,0.0,32.0,16.0,225.0,0.0,427.0,23.2,39.2,0.0,0.0,0.0,13,0.0,0.0,0.0,0.0,0.0,0.077,0.538,2.462,1.231,17.308,32.846,3.015,1.785,7.34,11.39,0.21,0.0,0.0,0.92,0.0,2.0,0.0,0.0
J.Love,GB,QB,462.0,291.0,3381.0,23.0,6.0,21.0,47.0,199.0,0.0,0.0,0.0,0.0,0.0,0.0,241.14000000000001,241.14000000000001,0.0,0.0,0.0,15,30.8,19.4,225.4,1.533,0.4,3.133,13.267,0.0,0.0,0.0,0.0,16.076,16.076,0.0,0.0,9.55,0.0,0.0,2.46,6.0,0.0,68.0,2.0
J.Mason,MIN,,0.0,0.0,0.0,0.0,0.0,0.0,159.0,758.0,6.0,16.0,14.0,51.0,0.0,-52.0,116.9,130.9,0.0,0.0,0.0,16,0.0,0.0,0.0,0.0,0.0,9.938,47.375,1.0,0.875,3.188,-3.25,8.181,7.306,3.39,-1.4,38.78,0.0,0.0,14.22,29.0,1.0,0.0,7.0
J.Matthews,ATL,,0.0,0.0,0.0,0.0,0.0,0.0,0.0,0.0,0.0,1.0,0.0,0.0,0.0,1.0,0.0,0.0,0.0,0.0,0.0,1,0.0,0.0,0.0,0.0,0.0,0.0,0.0,1.0,0.0,0.0,1.0,0.0,0.0,0.19,0.02,0.0,0.0,0.0,0.49,0.0,1.0,0.0,1.0
J.McCarthy,MIN,QB,273.0,140.0,1632.0,11.0,12.0,27.0,37.0,181.0,4.0,0.0,0.0,0.0,0.0,0.0,139.38,139.38,0.0,0.0,0.0,10,27.3,14.0,163.2,1.1,1.2,3.7,18.1,0.0,0.0,0.0,0.0,13.938,13.938,0.0,0.0,9.02,0.0,0.0,2.84,6.0,0.0,44.0,1.0
J.McLaughlin,DEN,,0.0,0.0,0.0,0.0,0.0,0.0,37.0,187.0,1.0,6.0,4.0,27.0,0.0,-23.0,27.4,31.4,0.0,0.0,0.0,8,0.0,0.0,0.0,0.0,0.0,4.625,23.375,0.75,0.5,3.375,-2.875,3.925,3.425,1.02,-0.52,8.1,0.0,0.0,2.02,5.0,0.0,0.0,1.0
J.McMillan,TB,,0.0,0.0,0.0,0.0,0.0,0.0,1.0,1.0,0.0,15.0,12.0,178.0,0.0,179.0,17.900000000000002,29.9,0.0,0.0,0.0,4,0.0,0.0,0.0,0.0,0.0,0.25,0.25,3.75,3.0,44.5,44.75,7.475,4.475,2.75,4.13,0.21,0.0,0.0,0.92,1.0,1.0,0.0,0.0
J.McNichols,WAS,,0.0,0.0,0.0,0.0,0.0,0.0,45.0,221.0,1.0,32.0,25.0,196.0,0.0,-23.0,47.7,72.7,0.0,0.0,0.0,16,0.0,0.0,0.0,0.0,0.0,2.812,13.812,2.0,1.562,12.25,-1.438,4.544,2.981,7.34,-0.61,9.24,0.0,0.0,4.13,6.0,3.0,0.0,3.0
J.Metchie,NYJ,,0.0,0.0,0.0,0.0,0.0,0.0,3.0,-5.0,0.0,44.0,29.0,256.0,2.0,262.0,37.1,66.1,0.0,0.0,0.0,9,0.0,0.0,0.0,0.0,0.0,0.333,-0.556,4.889,3.222,28.444,29.111,7.344,4.122,9.22,8.14,0.65,0.0,0.0,2.79,0.0,5.0,0.0,0.0
J.Metchie,PHI,,0.0,0.0,0.0,0.0,0.0,0.0,0.0,0.0,0.0,4.0,4.0,18.0,0.0,6.0,1.8,5.8,0.0,0.0,0.0,3,0.0,0.0,0.0,0.0,0.0,0.0,0.0,1.333,1.333,6.0,2.0,1.933,0.6,0.86,0.14,0.0,0.0,0.0,0.0,,,,
J.Meyers,JAX,,0.0,0.0,0.0,0.0,0.0,0.0,5.0,13.0,0.0,61.0,42.0,483.0,3.0,572.0,67.6,109.6,0.0,0.0,0.0,9,0.0,0.0,0.0,0.0,0.0,0.556,1.444,6.778,4.667,53.667,63.556,12.178,7.511,11.11,11.72,1.02,0.0,0.0,3.81,2.0,9.0,0.0,3.0
J.Meyers,LV,,0.0,0.0,0.0,0.0,0.0,0.0,0.0,0.0,0.0,49.0,33.0,352.0,0.0,436.0,35.199999999999996,68.2,0.0,0.0,0.0,7,0.0,0.0,0.0,0.0,0.0,0.0,0.0,7.0,4.714,50.286,62.286,9.743,5.029,9.88,13.63,0.0,0.0,0.0,3.7,0.0,6.0,0.0,0.0
J.Milroe,SEA,,0.0,0.0,0.0,0.0,0.0,0.0,3.0,4.0,0.0,0.0,0.0,0.0,0.0,0.0,0.39999999999999997,0.39999999999999997,0.0,0.0,0.0,3,0.0,0.0,0.0,0.0,0.0,1.0,1.333,0.0,0.0,0.0,0.0,0.133,0.133,0.0,0.0,0.59,0.0,0.0,0.0,,,,
J.Milton,DAL,QB,24.0,15.0,183.0,1.0,2.0,0.0,5.0,50.0,0.0,0.0,0.0,0.0,0.0,0.0,14.32,14.32,0.0,0.0,0.0,4,6.0,3.75,45.75,0.25,0.5,1.25,12.5,0.0,0.0,0.0,0.0,3.58,3.58,0.0,0.0,1.08,0.0,0.0,0.34,1.0,0.0,2.0,1.0
J.Mingo,DAL,,0.0,0.0,0.0,0.0,0.0,0.0,0.0,0.0,0.0,5.0,1.0,25.0,0.0,97.0,2.5,3.5,0.0,0.0,0.0,5,0.0,0.0,0.0,0.0,0.0,0.0,0.0,1.0,0.2,5.0,19.4,0.7,0.5,0.82,1.97,0.0,0.0,0.0,0.0,,,,
J.Mitchell,CAR,,0.0,0.0,0.0,0.0,0.0,0.0,0.0,0.0,0.0,3.0,3.0,28.0,0.0,7.0,2.8,5.800000000000001,0.0,0.0,0.0,2,0.0,0.0,0.0,0.0,0.0,0.0,0.0,1.5,1.5,14.0,3.5,2.9,1.4,0.62,0.21,0.0,0.0,0.0,0.0,,,,
J.Mundt,JAX,,0.0,0.0,0.0,0.0,0.0,0.0,0.0,0.0,0.0,19.0,9.0,111.0,0.0,100.0,11.1,20.1,0.0,0.0,0.0,11,0.0,0.0,0.0,0.0,0.0,0.0,0.0,1.727,0.818,10.091,9.091,1.827,1.009,3.46,2.05,0.0,0.0,0.0,0.35,0.0,1.0,0.0,0.0
J.Nailor,MIN,,0.0,0.0,0.0,0.0,0.0,0.0,2.0,13.0,0.0,54.0,29.0,444.0,4.0,656.0,69.7,98.7,0.0,0.0,0.0,17,0.0,0.0,0.0,0.0,0.0,0.118,0.765,3.176,1.706,26.118,38.588,5.806,4.1,11.44,17.61,0.49,0.0,0.0,6.16,0.0,13.0,0.0,5.0
J.Noel,HOU,,0.0,0.0,0.0,0.0,0.0,0.0,6.0,12.0,0.0,35.0,26.0,292.0,2.0,327.0,42.4,68.4,0.0,0.0,0.0,14,0.0,0.0,0.0,0.0,0.0,0.429,0.857,2.5,1.857,20.857,23.357,4.886,3.029,6.28,7.12,1.26,0.0,0.0,2.88,2.0,5.0,0.0,2.0
J.Oliver,MIN,,0.0,0.0,0.0,0.0,0.0,0.0,0.0,0.0,0.0,20.0,15.0,160.0,4.0,64.0,40.0,55.0,0.0,0.0,0.0,12,0.0,0.0,0.0,0.0,0.0,0.0,0.0,1.667,1.25,13.333,5.333,4.583,3.333,4.24,1.72,0.0,0.0,0.0,3.32,0.0,7.0,0.0,1.0
J.Palmer,BUF,,0.0,0.0,0.0,0.0,0.0,0.0,0.0,0.0,0.0,37.0,22.0,303.0,0.0,424.0,30.3,52.3,0.0,0.0,0.0,12,0.0,0.0,0.0,0.0,0.0,0.0,0.0,3.083,1.833,25.25,35.333,4.358,2.525,7.58,12.14,0.0,0.0,0.0,2.15,0.0,6.0,0.0,1.0
J.Patterson,LAC,,0.0,0.0,0.0,0.0,0.0,0.0,41.0,159.0,1.0,4.0,3.0,8.0,0.0,-1.0,22.7,25.7,0.0,0.0,0.0,6,0.0,0.0,0.0,0.0,0.0,6.833,26.5,0.667,0.5,1.333,-0.167,4.283,3.783,0.74,-0.02,8.78,0.0,0.0,2.48,6.0,0.0,0.0,2.0
J.Proche,TEN,,0.0,0.0,0.0,0.0,0.0,0.0,0.0,0.0,0.0,12.0,6.0,65.0,0.0,175.0,6.5,12.5,0.0,0.0,0.0,6,0.0,0.0,0.0,0.0,0.0,0.0,0.0,2.0,1.0,10.833,29.167,2.083,1.083,2.26,4.46,0.0,0.0,0.0,0.0,,,,
J.Reed,GB,,0.0,0.0,0.0,0.0,0.0,0.0,3.0,28.0,0.0,22.0,19.0,207.0,1.0,179.0,29.5,48.5,0.0,0.0,0.0,5,0.0,0.0,0.0,0.0,0.0,0.6,5.6,4.4,3.8,41.4,35.8,9.7,5.9,4.76,4.38,0.61,0.0,0.0,1.64,0.0,4.0,0.0,0.0
J.Reynolds,NYJ,,0.0,0.0,0.0,0.0,0.0,0.0,0.0,0.0,0.0,22.0,11.0,101.0,0.0,276.0,10.1,21.1,0.0,0.0,0.0,5,0.0,0.0,0.0,0.0,0.0,0.0,0.0,4.4,2.2,20.2,55.2,4.22,2.02,4.61,8.58,0.0,0.0,0.0,1.12,0.0,2.0,0.0,1.0
J.Royals,KC,,0.0,0.0,0.0,0.0,0.0,0.0,0.0,0.0,0.0,3.0,2.0,4.0,0.0,22.0,0.4,2.4,0.0,0.0,0.0,1,0.0,0.0,0.0,0.0,0.0,0.0,0.0,3.0,2.0,4.0,22.0,2.4,0.4,0.54,0.51,0.0,0.0,0.0,0.0,,,,
J.Ruckert,NYJ,,0.0,0.0,0.0,0.0,0.0,0.0,0.0,0.0,0.0,29.0,23.0,168.0,1.0,102.0,22.8,45.8,0.0,0.0,0.0,13,0.0,0.0,0.0,0.0,0.0,0.0,0.0,2.231,1.769,12.923,7.846,3.523,1.754,6.08,3.17,0.0,0.0,0.0,1.68,0.0,3.0,0.0,1.0
J.Sanders,CAR,,0.0,0.0,0.0,0.0,0.0,0.0,0.0,0.0,0.0,34.0,29.0,190.0,1.0,164.0,25.0,54.0,0.0,0.0,0.0,11,0.0,0.0,0.0,0.0,0.0,0.0,0.0,3.091,2.636,17.273,14.909,4.909,2.273,7.05,5.03,0.0,0.0,0.0,4.83,0.0,10.0,0.0,0.0
J.Saylors,DET,,0.0,0.0,0.0,0.0,0.0,0.0,2.0,11.0,0.0,0.0,0.0,0.0,0.0,0.0,1.1,1.1,0.0,0.0,0.0,1,0.0,0.0,0.0,0.0,0.0,2.0,11.0,0.0,0.0,0.0,0.0,1.1,1.1,0.0,0.0,0.45,0.0,0.0,0.0,,,,
J.Simmons,TEN,,0.0,0.0,0.0,0.0,0.0,0.0,0.0,0.0,0.0,1.0,1.0,1.0,1.0,1.0,6.1,7.1,0.0,0.0,0.0,1,0.0,0.0,0.0,0.0,0.0,0.0,0.0,1.0,1.0,1.0,1.0,7.1,6.1,0.19,0.03,0.0,0.0,0.0,0.66,0.0,1.0,0.0,1.0
J.Smith,PIT,,0.0,0.0,0.0,0.0,0.0,0.0,9.0,70.0,1.0,55.0,38.0,222.0,2.0,234.0,47.2,85.2,0.0,0.0,0.0,17,0.0,0.0,0.0,0.0,0.0,0.529,4.118,3.235,2.235,13.059,13.765,5.012,2.776,10.5,7.39,2.21,0.0,0.0,4.29,2.0,8.0,0.0,3.0
J.Smith-Njigba,SEA,,0.0,0.0,0.0,0.0,0.0,0.0,7.0,36.0,0.0,163.0,119.0,1793.0,10.0,1833.0,242.9,361.9,0.0,0.0,0.0,17,0.0,0.0,0.0,0.0,0.0,0.412,2.118,9.588,7.0,105.471,107.824,21.288,14.288,35.67,50.07,1.38,0.0,0.0,6.54,0.0,17.0,0.0,3.0
J.Smith-Schuster,KC,,0.0,0.0,0.0,0.0,0.0,0.0,0.0,0.0,0.0,45.0,33.0,345.0,1.0,244.0,40.5,73.5,0.0,0.0,0.0,16,0.0,0.0,0.0,0.0,0.0,0.0,0.0,2.812,2.062,21.562,15.25,4.594,2.531,8.15,5.68,0.0,0.0,0.0,3.56,0.0,9.0,0.0,2.0
J.Stidham,DEN,,0.0,0.0,0.0,0.0,0.0,0.0,1.0,-1.0,0.0,0.0,0.0,0.0,0.0,0.0,-0.1,-0.1,0.0,0.0,0.0,1,0.0,0.0,0.0,0.0,0.0,1.0,-1.0,0.0,0.0,0.0,0.0,-0.1,-0.1,0.0,0.0,0.22,0.0,0.0,0.0,,,,
J.Stoll,NO,,0.0,0.0,0.0,0.0,0.0,0.0,0.0,0.0,0.0,11.0,6.0,46.0,1.0,34.0,10.6,16.599999999999998,0.0,0.0,0.0,8,0.0,0.0,0.0,0.0,0.0,0.0,0.0,1.375,0.75,5.75,4.25,2.075,1.325,1.94,0.73,0.0,0.0,0.0,0.53,0.0,1.0,0.0,0.0
J.Taylor,IND,,0.0,0.0,0.0,0.0,0.0,0.0,324.0,1585.0,18.0,56.0,46.0,378.0,2.0,-45.0,316.3,362.3,0.0,0.0,0.0,17,0.0,0.0,0.0,0.0,0.0,19.059,93.235,3.294,2.706,22.235,-2.647,21.312,18.606,10.45,-1.05,73.14,0.0,0.0,28.25,71.0,5.0,0.0,25.0
J.Thrash,CLE,,0.0,0.0,0.0,0.0,0.0,0.0,0.0,0.0,0.0,15.0,10.0,107.0,0.0,102.0,10.7,20.7,0.0,0.0,0.0,8,0.0,0.0,0.0,0.0,0.0,0.0,0.0,1.875,1.25,13.375,12.75,2.588,1.338,2.86,2.84,0.0,0.0,0.0,0.56,0.0,1.0,0.0,0.0
J.Tolbert,DAL,,0.0,0.0,0.0,0.0,0.0,0.0,0.0,0.0,0.0,35.0,18.0,203.0,1.0,408.0,26.3,44.3,0.0,0.0,0.0,11,0.0,0.0,0.0,0.0,0.0,0.0,0.0,3.182,1.636,18.455,37.091,4.027,2.391,5.74,8.28,0.0,0.0,0.0,1.72,0.0,5.0,0.0,2.0
J.Tonges,SF,,0.0,0.0,0.0,0.0,0.0,0.0,0.0,0.0,0.0,46.0,34.0,293.0,5.0,233.0,59.3,93.3,0.0,0.0,0.0,9,0.0,0.0,0.0,0.0,0.0,0.0,0.0,5.111,3.778,32.556,25.889,10.367,6.589,8.3,5.64,0.0,0.0,0.0,2.52,0.0,7.0,0.0,3.0
J.Waddle,MIA,QB,1.0,1.0,8.0,0.0,0.0,0.0,0.0,0.0,0.0,8.0,6.0,95.0,0.0,120.0,9.82,15.82,0.0,0.0,0.0,1,1.0,1.0,8.0,0.0,0.0,0.0,0.0,8.0,6.0,95.0,120.0,15.82,9.82,1.72,3.64,0.0,0.0,0.0,5.47,0.0,11.0,0.0,4.0
J.Waddle,MIA,,0.0,0.0,0.0,0.0,0.0,0.0,2.0,28.0,0.0,92.0,58.0,815.0,6.0,1186.0,120.3,178.29999999999998,0.0,0.0,0.0,15,0.0,0.0,0.0,0.0,0.0,0.133,1.867,6.133,3.867,54.333,79.067,11.887,8.02,19.78,35.94,0.46,0.0,0.0,5.47,0.0,11.0,0.0,4.0
J.Walker,CHI,,0.0,0.0,0.0,0.0,0.0,0.0,0.0,0.0,0.0,10.0,6.0,87.0,2.0,130.0,20.7,26.7,0.0,0.0,0.0,3,0.0,0.0,0.0,0.0,0.0,0.0,0.0,3.333,2.0,29.0,43.333,8.9,6.9,1.87,2.87,0.0,0.0,0.0,0.8,0.0,2.0,0.0,1.0
J.Warren,PIT,,0.0,0.0,0.0,0.0,0.0,0.0,211.0,958.0,6.0,45.0,40.0,333.0,2.0,-113.0,177.1,217.1,0.0,0.0,0.0,16,0.0,0.0,0.0,0.0,0.0,13.188,59.875,2.812,2.5,20.812,-7.062,13.569,11.069,8.59,-3.57,51.84,0.0,0.0,19.31,40.0,5.0,0.0,15.0
J.Watkins,SF,,0.0,0.0,0.0,0.0,0.0,0.0,0.0,0.0,0.0,3.0,2.0,26.0,0.0,43.0,2.5999999999999996,4.6,0.0,0.0,0.0,2,0.0,0.0,0.0,0.0,0.0,0.0,0.0,1.5,1.0,13.0,21.5,2.3,1.3,0.54,1.04,0.0,0.0,0.0,0.0,,,,
J.Watson,HOU,,0.0,0.0,0.0,0.0,0.0,0.0,0.0,0.0,0.0,4.0,3.0,30.0,0.0,33.0,3.0,6.0,0.0,0.0,0.0,2,0.0,0.0,0.0,0.0,0.0,0.0,0.0,2.0,1.5,15.0,16.5,3.0,1.5,0.72,0.72,0.0,0.0,0.0,0.82,0.0,2.0,0.0,0.0
J.Wayne,HOU,,0.0,0.0,0.0,0.0,0.0,0.0,0.0,0.0,0.0,2.0,2.0,20.0,0.0,17.0,2.0,4.0,0.0,0.0,0.0,1,0.0,0.0,0.0,0.0,0.0,0.0,0.0,2.0,2.0,20.0,17.0,4.0,2.0,0.36,0.37,0.0,0.0,0.0,0.0,,,,
J.Westover,NE,,0.0,0.0,0.0,0.0,0.0,0.0,0.0,0.0,0.0,2.0,1.0,0.0,0.0,2.0,0.0,1.0,0.0,0.0,0.0,2,0.0,0.0,0.0,0.0,0.0,0.0,0.0,1.0,0.5,0.0,1.0,0.5,0.0,0.41,0.04,0.0,0.0,0.0,0.0,,,,
J.Whittington,LA,,0.0,0.0,0.0,0.0,0.0,0.0,3.0,12.0,0.0,25.0,18.0,171.0,0.0,171.0,18.3,36.3,0.0,0.0,0.0,13,0.0,0.0,0.0,0.0,0.0,0.231,0.923,1.923,1.385,13.154,13.154,2.792,1.408,4.3,3.23,0.65,0.0,0.0,0.66,1.0,1.0,0.0,0.0
J.Whyle,GB,,0.0,0.0,0.0,0.0,0.0,0.0,0.0,0.0,0.0,6.0,5.0,36.0,1.0,23.0,9.6,14.6,0.0,0.0,0.0,6,0.0,0.0,0.0,0.0,0.0,0.0,0.0,1.0,0.833,6.0,3.833,2.433,1.6,1.3,0.56,0.0,0.0,0.0,0.41,0.0,1.0,0.0,1.0
J.Wiley,KC,,0.0,0.0,0.0,0.0,0.0,0.0,0.0,0.0,0.0,1.0,1.0,4.0,0.0,-4.0,0.4,1.4,0.0,0.0,0.0,1,0.0,0.0,0.0,0.0,0.0,0.0,0.0,1.0,1.0,4.0,-4.0,1.4,0.4,0.18,-0.09,0.0,0.0,0.0,0.0,,,,
J.Williams,DAL,,0.0,0.0,0.0,0.0,0.0,0.0,252.0,1201.0,11.0,51.0,35.0,137.0,2.0,-67.0,211.79999999999998,246.8,0.0,0.0,0.0,16,0.0,0.0,0.0,0.0,0.0,15.75,75.062,3.188,2.188,8.562,-4.188,15.425,13.237,8.36,-1.36,54.19,0.0,0.0,22.68,54.0,12.0,0.0,24.0
J.Williams,DET,,0.0,0.0,0.0,0.0,0.0,0.0,6.0,12.0,0.0,102.0,65.0,1109.0,7.0,1289.0,154.1,219.1,0.0,0.0,0.0,17,0.0,0.0,0.0,0.0,0.0,0.353,0.706,6.0,3.824,65.235,75.824,12.888,9.065,18.55,35.09,1.35,0.0,0.0,3.6,1.0,9.0,0.0,1.0
J.Williams,TB,,0.0,0.0,0.0,0.0,0.0,0.0,4.0,11.0,0.0,0.0,0.0,0.0,0.0,0.0,1.1,1.1,0.0,0.0,0.0,1,0.0,0.0,0.0,0.0,0.0,4.0,11.0,0.0,0.0,0.0,0.0,1.1,1.1,0.0,0.0,0.84,0.0,0.0,0.0,,,,
J.Winston,NYG,QB,69.0,37.0,567.0,2.0,2.0,3.0,7.0,23.0,1.0,1.0,1.0,33.0,1.0,13.0,46.28,47.28,0.0,0.0,0.0,3,23.0,12.333,189.0,0.667,0.667,2.333,7.667,0.333,0.333,11.0,4.333,15.76,15.427,0.2,0.3,1.37,0.0,0.0,0.77,2.0,0.0,10.0,1.0
J.Woods,NYJ,,0.0,0.0,0.0,0.0,0.0,0.0,0.0,0.0,0.0,3.0,1.0,4.0,0.0,6.0,0.4,1.4,0.0,0.0,0.0,2,0.0,0.0,0.0,0.0,0.0,0.0,0.0,1.5,0.5,2.0,3.0,0.7,0.2,0.63,0.19,0.0,0.0,0.0,0.56,0.0,1.0,0.0,0.0
J.Wright,MIA,,0.0,0.0,0.0,0.0,0.0,0.0,70.0,288.0,2.0,9.0,5.0,44.0,0.0,-34.0,45.2,50.2,0.0,0.0,0.0,9,0.0,0.0,0.0,0.0,0.0,7.778,32.0,1.0,0.556,4.889,-3.778,5.578,5.022,1.94,-1.03,16.2,0.0,0.0,5.97,12.0,0.0,0.0,4.0
J.Wright,SEA,,0.0,0.0,0.0,0.0,0.0,0.0,5.0,20.0,0.0,0.0,0.0,0.0,0.0,0.0,2.0,2.0,0.0,0.0,0.0,1,0.0,0.0,0.0,0.0,0.0,5.0,20.0,0.0,0.0,0.0,0.0,2.0,2.0,0.0,0.0,0.98,0.0,0.0,0.0,,,,
Ja.Jones,WAS,,0.0,0.0,0.0,0.0,0.0,0.0,0.0,0.0,0.0,1.0,1.0,25.0,0.0,3.0,2.5,3.5,0.0,0.0,0.0,1,0.0,0.0,0.0,0.0,0.0,0.0,0.0,1.0,1.0,25.0,3.0,3.5,2.5,0.23,0.08,0.0,0.0,0.0,0.0,,,,
Ji.Horn,CAR,,0.0,0.0,0.0,0.0,0.0,0.0,8.0,69.0,0.0,15.0,11.0,108.0,0.0,90.0,17.7,28.7,0.0,0.0,0.0,10,0.0,0.0,0.0,0.0,0.0,0.8,6.9,1.5,1.1,10.8,9.0,2.87,1.77,3.11,2.76,1.73,0.0,0.0,1.45,0.0,3.0,0.0,0.0
K.Allen,DET,QB,2.0,0.0,0.0,0.0,0.0,0.0,1.0,-1.0,0.0,0.0,0.0,0.0,0.0,0.0,-0.1,-0.1,0.0,0.0,0.0,1,2.0,0.0,0.0,0.0,0.0,1.0,-1.0,0.0,0.0,0.0,0.0,-0.1,-0.1,0.0,0.0,0.23,0.0,0.0,0.0,,,,
K.Allen,DET,,0.0,0.0,0.0,0.0,0.0,0.0,2.0,-2.0,0.0,0.0,0.0,0.0,0.0,0.0,-0.2,-0.2,0.0,0.0,0.0,1,0.0,0.0,0.0,0.0,0.0,2.0,-2.0,0.0,0.0,0.0,0.0,-0.2,-0.2,0.0,0.0,0.45,0.0,0.0,0.0,,,,
K.Allen,LAC,,0.0,0.0,0.0,0.0,0.0,0.0,0.0,0.0,0.0,122.0,81.0,777.0,4.0,1027.0,101.7,182.7,0.0,0.0,0.0,17,0.0,0.0,0.0,0.0,0.0,0.0,0.0,7.176,4.765,45.706,60.412,10.747,5.982,22.43,23.3,0.0,0.0,0.0,6.61,0.0,16.0,0.0,3.0
K.Austin,NO,,0.0,0.0,0.0,0.0,0.0,0.0,0.0,0.0,0.0,23.0,13.0,140.0,1.0,191.0,20.0,33.0,0.0,0.0,0.0,5,0.0,0.0,0.0,0.0,0.0,0.0,0.0,4.6,2.6,28.0,38.2,6.6,4.0,4.06,4.08,0.0,0.0,0.0,1.06,0.0,2.0,0.0,0.0
K.Bourne,SF,,0.0,0.0,0.0,0.0,0.0,0.0,0.0,0.0,0.0,53.0,37.0,551.0,0.0,584.0,55.1,92.1,0.0,0.0,0.0,14,0.0,0.0,0.0,0.0,0.0,0.0,0.0,3.786,2.643,39.357,41.714,6.579,3.936,9.57,14.14,0.0,0.0,0.0,0.72,0.0,2.0,0.0,0.0
K.Boutte,NE,,0.0,0.0,0.0,0.0,0.0,0.0,0.0,0.0,0.0,46.0,33.0,551.0,6.0,781.0,91.1,124.1,0.0,0.0,0.0,14,0.0,0.0,0.0,0.0,0.0,0.0,0.0,3.286,2.357,39.357,55.786,8.864,6.507,9.52,17.45,0.0,0.0,0.0,1.53,0.0,4.0,0.0,2.0
K.Coleman,BUF,,0.0,0.0,0.0,0.0,0.0,0.0,0.0,0.0,0.0,62.0,38.0,404.0,4.0,659.0,64.4,102.4,0.0,0.0,0.0,12,0.0,0.0,0.0,0.0,0.0,0.0,0.0,5.167,3.167,33.667,54.917,8.533,5.367,12.7,18.87,0.0,0.0,0.0,4.3,0.0,12.0,0.0,6.0
K.Cousins,ATL,QB,284.0,166.0,1721.0,10.0,5.0,13.0,14.0,7.0,1.0,0.0,0.0,0.0,0.0,0.0,110.54,110.54,0.0,0.0,0.0,10,28.4,16.6,172.1,1.0,0.5,1.4,0.7,0.0,0.0,0.0,0.0,11.054,11.054,0.0,0.0,2.93,0.0,0.0,0.49,1.0,0.0,37.0,1.0
K.Gainwell,PIT,,0.0,0.0,0.0,0.0,0.0,0.0,114.0,537.0,5.0,85.0,73.0,486.0,3.0,-17.0,150.29999999999998,223.3,0.0,0.0,0.0,17,0.0,0.0,0.0,0.0,0.0,6.706,31.588,5.0,4.294,28.588,-1.0,13.135,8.841,16.22,-0.54,28.01,0.0,0.0,17.17,23.0,17.0,0.0,10.0
K.Granson,PHI,,0.0,0.0,0.0,0.0,0.0,0.0,0.0,0.0,0.0,9.0,7.0,40.0,0.0,68.0,4.0,11.0,0.0,0.0,0.0,4,0.0,0.0,0.0,0.0,0.0,0.0,0.0,2.25,1.75,10.0,17.0,2.75,1.0,1.93,1.61,0.0,0.0,0.0,0.47,0.0,1.0,0.0,0.0
K.Herbert,NYJ,,0.0,0.0,0.0,0.0,0.0,0.0,16.0,52.0,0.0,4.0,1.0,4.0,0.0,-13.0,5.6,6.6,0.0,0.0,0.0,3,0.0,0.0,0.0,0.0,0.0,5.333,17.333,1.333,0.333,1.333,-4.333,2.2,1.867,0.84,-0.4,3.49,0.0,0.0,2.23,3.0,1.0,0.0,0.0
K.Hodge,ATL,,0.0,0.0,0.0,0.0,0.0,0.0,0.0,0.0,0.0,10.0,3.0,31.0,0.0,150.0,3.1,6.1,0.0,0.0,0.0,3,0.0,0.0,0.0,0.0,0.0,0.0,0.0,3.333,1.0,10.333,50.0,2.033,1.033,1.92,3.59,0.0,0.0,0.0,0.0,,,,
K.Hunt,KC,,0.0,0.0,0.0,0.0,0.0,0.0,163.0,611.0,8.0,25.0,18.0,143.0,1.0,0.0,129.4,147.4,0.0,0.0,0.0,17,0.0,0.0,0.0,0.0,0.0,9.588,35.941,1.471,1.059,8.412,0.0,8.671,7.612,4.53,0.0,37.91,0.0,0.0,17.0,38.0,5.0,0.0,16.0
K.Johnson,PIT,,0.0,0.0,0.0,0.0,0.0,0.0,28.0,69.0,0.0,2.0,1.0,9.0,0.0,-8.0,7.8,8.8,0.0,0.0,0.0,10,0.0,0.0,0.0,0.0,0.0,2.8,6.9,0.2,0.1,0.9,-0.8,0.88,0.78,0.38,-0.25,6.88,0.0,0.0,1.72,4.0,0.0,0.0,0.0
K.Johnson,TB,,0.0,0.0,0.0,0.0,0.0,0.0,2.0,13.0,0.0,7.0,4.0,64.0,1.0,88.0,13.7,17.7,0.0,0.0,0.0,5,0.0,0.0,0.0,0.0,0.0,0.4,2.6,1.4,0.8,12.8,17.6,3.54,2.74,1.28,2.03,0.42,0.0,0.0,0.0,,,,
K.Juszczyk,SF,,0.0,0.0,0.0,0.0,0.0,0.0,2.0,-3.0,0.0,28.0,24.0,213.0,2.0,120.0,33.0,57.0,0.0,0.0,0.0,15,0.0,0.0,0.0,0.0,0.0,0.133,-0.2,1.867,1.6,14.2,8.0,3.8,2.2,5.05,2.91,0.42,0.0,0.0,2.16,1.0,5.0,0.0,3.0
K.Lambert-Smith,LAC,,0.0,0.0,0.0,0.0,0.0,0.0,0.0,0.0,0.0,12.0,5.0,51.0,1.0,211.0,11.1,16.1,0.0,0.0,0.0,7,0.0,0.0,0.0,0.0,0.0,0.0,0.0,1.714,0.714,7.286,30.143,2.3,1.586,2.21,4.79,0.0,0.0,0.0,0.83,0.0,2.0,0.0,0.0
K.Latu,BUF,,0.0,0.0,0.0,0.0,0.0,0.0,0.0,0.0,0.0,4.0,4.0,35.0,0.0,12.0,3.5,7.5,0.0,0.0,0.0,2,0.0,0.0,0.0,0.0,0.0,0.0,0.0,2.0,2.0,17.5,6.0,3.75,1.75,0.82,0.34,0.0,0.0,0.0,0.0,,,,
K.Miller,NO,,0.0,0.0,0.0,0.0,0.0,0.0,47.0,193.0,1.0,5.0,5.0,30.0,0.0,-5.0,28.3,33.3,0.0,0.0,0.0,7,0.0,0.0,0.0,0.0,0.0,6.714,27.571,0.714,0.714,4.286,-0.714,4.757,4.043,0.88,-0.11,10.76,0.0,0.0,2.65,5.0,0.0,0.0,0.0
K.Milton,CIN,,0.0,0.0,0.0,0.0,0.0,0.0,2.0,2.0,0.0,0.0,0.0,0.0,0.0,0.0,0.2,0.2,0.0,0.0,0.0,1,0.0,0.0,0.0,0.0,0.0,2.0,2.0,0.0,0.0,0.0,0.0,0.2,0.2,0.0,0.0,0.52,0.0,0.0,0.0,,,,
K.Mitchell,BAL,,0.0,0.0,0.0,0.0,0.0,0.0,59.0,341.0,1.0,12.0,9.0,63.0,0.0,-28.0,46.4,55.4,0.0,0.0,0.0,12,0.0,0.0,0.0,0.0,0.0,4.917,28.417,1.0,0.75,5.25,-2.333,4.617,3.867,2.93,-0.83,11.64,0.0,0.0,5.43,14.0,0.0,0.0,0.0
K.Monangai,CHI,,0.0,0.0,0.0,0.0,0.0,0.0,171.0,783.0,5.0,30.0,18.0,164.0,0.0,2.0,124.7,142.7,0.0,0.0,0.0,17,0.0,0.0,0.0,0.0,0.0,10.059,46.059,1.765,1.059,9.647,0.118,8.394,7.335,5.6,0.04,33.73,0.0,0.0,16.4,38.0,3.0,0.0,12.0
K.Mullings,TEN,,0.0,0.0,0.0,0.0,0.0,0.0,3.0,7.0,0.0,0.0,0.0,0.0,0.0,0.0,0.7,0.7,0.0,0.0,0.0,3,0.0,0.0,0.0,0.0,0.0,1.0,2.333,0.0,0.0,0.0,0.0,0.233,0.233,0.0,0.0,0.79,0.0,0.0,0.0,,,,
K.Mumpfield,LA,,0.0,0.0,0.0,0.0,0.0,0.0,0.0,0.0,0.0,23.0,10.0,92.0,1.0,296.0,15.2,25.2,0.0,0.0,0.0,9,0.0,0.0,0.0,0.0,0.0,0.0,0.0,2.556,1.111,10.222,32.889,2.8,1.689,3.96,5.59,0.0,0.0,0.0,1.33,0.0,4.0,0.0,1.0
K.Murray,ARI,QB,177.0,110.0,962.0,6.0,3.0,16.0,29.0,173.0,1.0,0.0,0.0,0.0,0.0,0.0,82.78,82.78,0.0,0.0,0.0,5,35.4,22.0,192.4,1.2,0.6,5.8,34.6,0.0,0.0,0.0,0.0,16.556,16.556,0.0,0.0,7.9,0.0,0.0,1.71,4.0,0.0,21.0,1.0
K.Nwangwu,NYJ,,0.0,0.0,0.0,0.0,0.0,0.0,13.0,49.0,0.0,1.0,0.0,0.0,0.0,-6.0,4.9,4.9,0.0,0.0,0.0,2,0.0,0.0,0.0,0.0,0.0,6.5,24.5,0.5,0.0,0.0,-3.0,2.45,2.45,0.21,-0.19,2.83,0.0,0.0,1.68,3.0,0.0,0.0,2.0
K.Pickett,LV,QB,53.0,28.0,188.0,1.0,2.0,8.0,5.0,22.0,0.0,0.0,0.0,0.0,0.0,0.0,11.72,11.72,0.0,0.0,0.0,6,8.833,4.667,31.333,0.167,0.333,0.833,3.667,0.0,0.0,0.0,0.0,1.953,1.953,0.0,0.0,1.35,0.0,0.0,0.0,0.0,0.0,2.0,0.0
K.Pitts,ATL,,0.0,0.0,0.0,0.0,0.0,0.0,0.0,0.0,0.0,119.0,88.0,928.0,5.0,869.0,122.8,210.8,0.0,0.0,0.0,17,0.0,0.0,0.0,0.0,0.0,0.0,0.0,7.0,5.176,54.588,51.118,12.4,7.224,22.8,20.77,0.0,0.0,0.0,6.34,0.0,13.0,0.0,2.0
K.Raymond,DET,,0.0,0.0,0.0,0.0,0.0,0.0,2.0,19.0,0.0,30.0,24.0,289.0,1.0,169.0,36.8,60.8,0.0,0.0,0.0,12,0.0,0.0,0.0,0.0,0.0,0.167,1.583,2.5,2.0,24.083,14.083,5.067,3.067,5.45,4.6,0.45,0.0,0.0,0.72,0.0,2.0,0.0,0.0
K.Shakir,BUF,,0.0,0.0,0.0,0.0,0.0,0.0,1.0,5.0,0.0,97.0,72.0,686.0,4.0,349.0,93.1,165.1,0.0,0.0,0.0,16,0.0,0.0,0.0,0.0,0.0,0.062,0.312,6.062,4.5,42.875,21.812,10.319,5.819,19.88,9.99,0.18,0.0,0.0,5.38,0.0,15.0,0.0,3.0
K.Slovis,ARI,QB,2.0,1.0,-2.0,0.0,0.0,0.0,0.0,0.0,0.0,0.0,0.0,0.0,0.0,0.0,-0.08,-0.08,0.0,0.0,0.0,2,1.0,0.5,-1.0,0.0,0.0,0.0,0.0,0.0,0.0,0.0,0.0,-0.04,-0.04,0.0,0.0,0.0,0.0,0.0,0.0,,,,
K.Turpin,DAL,,0.0,0.0,0.0,0.0,0.0,0.0,17.0,89.0,0.0,38.0,26.0,396.0,2.0,339.0,60.5,86.5,0.0,0.0,0.0,15,0.0,0.0,0.0,0.0,0.0,1.133,5.933,2.533,1.733,26.4,22.6,5.767,4.033,6.23,6.88,3.66,0.0,0.0,1.72,0.0,5.0,0.0,0.0
K.Vidal,LAC,,0.0,0.0,0.0,0.0,0.0,0.0,155.0,643.0,3.0,22.0,16.0,136.0,1.0,-14.0,101.89999999999999,117.89999999999999,0.0,0.0,0.0,12,0.0,0.0,0.0,0.0,0.0,12.917,53.583,1.833,1.333,11.333,-1.167,9.825,8.492,4.04,-0.32,33.19,0.0,0.0,13.22,26.0,6.0,0.0,7.0
K.Walker,SEA,,0.0,0.0,0.0,0.0,0.0,0.0,221.0,1027.0,5.0,36.0,31.0,282.0,0.0,-41.0,160.9,191.9,0.0,0.0,0.0,17,0.0,0.0,0.0,0.0,0.0,13.0,60.412,2.118,1.824,16.588,-2.412,11.288,9.465,7.88,-1.12,43.5,0.0,0.0,14.23,34.0,3.0,0.0,8.0
K.Williams,CIN,,0.0,0.0,0.0,0.0,0.0,0.0,2.0,10.0,0.0,1.0,1.0,5.0,0.0,5.0,1.5,2.5,0.0,0.0,0.0,3,0.0,0.0,0.0,0.0,0.0,0.667,3.333,0.333,0.333,1.667,1.667,0.833,0.5,0.16,0.11,0.52,0.0,0.0,0.0,,,,
K.Williams,LA,,0.0,0.0,0.0,0.0,0.0,0.0,259.0,1252.0,10.0,50.0,36.0,281.0,3.0,125.0,231.29999999999998,267.3,0.0,0.0,0.0,17,0.0,0.0,0.0,0.0,0.0,15.235,73.647,2.941,2.118,16.529,7.353,15.724,13.606,8.61,2.36,55.7,0.0,0.0,20.93,53.0,10.0,0.0,18.0
K.Williams,NE,,0.0,0.0,0.0,0.0,0.0,0.0,2.0,3.0,0.0,21.0,10.0,209.0,3.0,400.0,39.2,49.2,0.0,0.0,0.0,13,0.0,0.0,0.0,0.0,0.0,0.154,0.231,1.615,0.769,16.077,30.769,3.785,3.015,4.35,8.94,0.4,0.0,0.0,0.0,,,,
L.Allen,JAX,,0.0,0.0,0.0,0.0,0.0,0.0,23.0,94.0,0.0,11.0,10.0,54.0,0.0,-15.0,14.8,24.8,0.0,0.0,0.0,14,0.0,0.0,0.0,0.0,0.0,1.643,6.714,0.786,0.714,3.857,-1.071,1.771,1.057,2.0,-0.31,4.68,0.0,0.0,2.08,4.0,2.0,0.0,1.0
L.Burden,CHI,,0.0,0.0,0.0,0.0,0.0,0.0,6.0,37.0,0.0,60.0,47.0,652.0,2.0,460.0,80.9,127.9,0.0,0.0,0.0,15,0.0,0.0,0.0,0.0,0.0,0.4,2.467,4.0,3.133,43.467,30.667,8.527,5.393,11.19,10.14,1.18,0.0,0.0,1.6,0.0,4.0,0.0,0.0
L.Farrell,SF,,0.0,0.0,0.0,0.0,0.0,0.0,0.0,0.0,0.0,14.0,11.0,85.0,2.0,41.0,20.5,31.5,0.0,0.0,0.0,9,0.0,0.0,0.0,0.0,0.0,0.0,0.0,1.556,1.222,9.444,4.556,3.5,2.278,2.53,0.99,0.0,0.0,0.0,1.44,0.0,4.0,0.0,1.0
L.Humphrey,DEN,,0.0,0.0,0.0,0.0,0.0,0.0,0.0,0.0,0.0,15.0,9.0,101.0,1.0,131.0,16.099999999999998,25.099999999999998,0.0,0.0,0.0,5,0.0,0.0,0.0,0.0,0.0,0.0,0.0,3.0,1.8,20.2,26.2,5.02,3.22,2.55,2.99,0.0,0.0,0.0,0.81,0.0,2.0,0.0,1.0
L.Humphrey,NYG,,0.0,0.0,0.0,0.0,0.0,0.0,0.0,0.0,0.0,10.0,4.0,55.0,0.0,146.0,5.5,9.5,0.0,0.0,0.0,2,0.0,0.0,0.0,0.0,0.0,0.0,0.0,5.0,2.0,27.5,73.0,4.75,2.75,1.98,3.39,0.0,0.0,0.0,0.77,0.0,2.0,0.0,1.0
L.Jackson,BAL,QB,340.0,192.0,2549.0,21.0,7.0,36.0,67.0,349.0,2.0,0.0,0.0,0.0,0.0,0.0,225.85999999999999,225.85999999999999,0.0,0.0,0.0,13,26.154,14.769,196.077,1.615,0.538,5.154,26.846,0.0,0.0,0.0,0.0,17.374,17.374,0.0,0.0,13.21,0.0,0.0,5.04,13.0,0.0,53.0,1.0
L.Krull,DEN,,0.0,0.0,0.0,0.0,0.0,0.0,0.0,0.0,0.0,4.0,2.0,15.0,0.0,20.0,1.5,3.5,0.0,0.0,0.0,2,0.0,0.0,0.0,0.0,0.0,0.0,0.0,2.0,1.0,7.5,10.0,1.75,0.75,0.68,0.46,0.0,0.0,0.0,0.0,,,,
L.McCaffrey,WAS,,0.0,0.0,0.0,0.0,0.0,0.0,0.0,0.0,0.0,16.0,11.0,203.0,3.0,218.0,38.3,49.3,0.0,0.0,0.0,7,0.0,0.0,0.0,0.0,0.0,0.0,0.0,2.286,1.571,29.0,31.143,7.043,5.471,3.67,5.81,0.0,0.0,0.0,1.38,0.0,3.0,0.0,2.0
L.McConkey,LAC,,0.0,0.0,0.0,0.0,0.0,0.0,0.0,0.0,0.0,106.0,66.0,789.0,6.0,1046.0,114.9,180.9,0.0,0.0,0.0,16,0.0,0.0,0.0,0.0,0.0,0.0,0.0,6.625,4.125,49.312,65.375,11.306,7.181,19.49,23.73,0.0,0.0,0.0,6.2,0.0,15.0,0.0,4.0
L.Musgrave,GB,,0.0,0.0,0.0,0.0,0.0,0.0,0.0,0.0,0.0,31.0,24.0,252.0,0.0,266.0,25.2,49.2,0.0,0.0,0.0,13,0.0,0.0,0.0,0.0,0.0,0.0,0.0,2.385,1.846,19.385,20.462,3.785,1.938,6.71,6.51,0.0,0.0,0.0,0.41,0.0,1.0,0.0,0.0
L.Schoonmaker,DAL,,0.0,0.0,0.0,0.0,0.0,0.0,0.0,0.0,0.0,23.0,14.0,132.0,0.0,165.0,13.2,27.2,0.0,0.0,0.0,14,0.0,0.0,0.0,0.0,0.0,0.0,0.0,1.643,1.0,9.429,11.786,1.943,0.943,3.77,3.35,0.0,0.0,0.0,0.69,0.0,2.0,0.0,0.0
L.Wypler,CLE,,0.0,0.0,0.0,0.0,0.0,0.0,0.0,0.0,0.0,1.0,0.0,0.0,0.0,1.0,0.0,0.0,0.0,0.0,0.0,1,0.0,0.0,0.0,0.0,0.0,0.0,0.0,1.0,0.0,0.0,1.0,0.0,0.0,0.19,0.03,0.0,0.0,0.0,0.56,0.0,1.0,0.0,1.0
M.Alie-Cox,IND,,0.0,0.0,0.0,0.0,0.0,0.0,0.0,0.0,0.0,20.0,13.0,117.0,1.0,93.0,17.7,30.7,0.0,0.0,0.0,11,0.0,0.0,0.0,0.0,0.0,0.0,0.0,1.818,1.182,10.636,8.455,2.791,1.609,3.73,2.18,0.0,0.0,0.0,2.23,0.0,6.0,0.0,1.0
M.Andrews,BAL,,0.0,0.0,0.0,0.0,0.0,0.0,10.0,48.0,1.0,70.0,48.0,422.0,5.0,508.0,83.0,131.0,0.0,0.0,0.0,17,0.0,0.0,0.0,0.0,0.0,0.588,2.824,4.118,2.824,24.824,29.882,7.706,4.882,17.11,15.05,1.97,0.0,0.0,6.98,3.0,15.0,0.0,10.0
M.Bandy,DEN,,0.0,0.0,0.0,0.0,0.0,0.0,0.0,0.0,0.0,4.0,4.0,50.0,1.0,24.0,11.0,15.0,0.0,0.0,0.0,3,0.0,0.0,0.0,0.0,0.0,0.0,0.0,1.333,1.333,16.667,8.0,5.0,3.667,0.68,0.55,0.0,0.0,0.0,0.4,0.0,1.0,0.0,0.0
M.Brosmer,MIN,QB,85.0,47.0,328.0,0.0,4.0,14.0,6.0,12.0,0.0,0.0,0.0,0.0,0.0,0.0,10.32,10.32,0.0,0.0,0.0,6,14.167,7.833,54.667,0.0,0.667,1.0,2.0,0.0,0.0,0.0,0.0,1.72,1.72,0.0,0.0,1.46,0.0,0.0,0.0,0.0,0.0,9.0,0.0
M.Brosmer,MIN,,0.0,0.0,0.0,0.0,0.0,0.0,1.0,-1.0,0.0,0.0,0.0,0.0,0.0,0.0,-0.1,-0.1,0.0,0.0,0.0,1,0.0,0.0,0.0,0.0,0.0,1.0,-1.0,0.0,0.0,0.0,0.0,-0.1,-0.1,0.0,0.0,0.24,0.0,0.0,0.0,0.0,0.0,9.0,0.0
M.Brown,KC,,0.0,0.0,0.0,0.0,0.0,0.0,0.0,0.0,0.0,74.0,49.0,587.0,5.0,836.0,88.7,137.7,0.0,0.0,0.0,16,0.0,0.0,0.0,0.0,0.0,0.0,0.0,4.625,3.062,36.688,52.25,8.606,5.544,13.41,19.45,0.0,0.0,0.0,3.95,0.0,10.0,0.0,1.0
M.Carter,ARI,,0.0,0.0,0.0,0.0,0.0,0.0,92.0,333.0,1.0,45.0,33.0,267.0,0.0,75.0,66.0,99.0,0.0,0.0,0.0,13,0.0,0.0,0.0,0.0,0.0,7.077,25.615,3.462,2.538,20.538,5.769,7.615,5.077,7.26,1.69,25.07,0.0,0.0,6.41,8.0,7.0,0.0,3.0
M.Corley,CLE,,0.0,0.0,0.0,0.0,0.0,0.0,13.0,127.0,0.0,14.0,11.0,79.0,0.0,-7.0,20.6,31.6,0.0,0.0,0.0,12,0.0,0.0,0.0,0.0,0.0,1.083,10.583,1.167,0.917,6.583,-0.583,2.633,1.717,2.67,-0.19,3.07,0.0,0.0,1.69,2.0,1.0,0.0,1.0
M.Cunningham,DET,,0.0,0.0,0.0,0.0,0.0,0.0,1.0,1.0,0.0,0.0,0.0,0.0,0.0,0.0,0.1,0.1,0.0,0.0,0.0,1,0.0,0.0,0.0,0.0,0.0,1.0,1.0,0.0,0.0,0.0,0.0,0.1,0.1,0.0,0.0,0.23,0.0,0.0,0.0,,,,
M.Davis,DAL,,0.0,0.0,0.0,0.0,0.0,0.0,52.0,250.0,2.0,5.0,2.0,16.0,0.0,18.0,38.599999999999994,40.599999999999994,0.0,0.0,0.0,9,0.0,0.0,0.0,0.0,0.0,5.778,27.778,0.556,0.222,1.778,2.0,4.511,4.289,0.82,0.37,11.18,0.0,0.0,2.75,8.0,0.0,0.0,2.0
M.Evans,CAR,,0.0,0.0,0.0,0.0,0.0,0.0,1.0,1.0,0.0,25.0,19.0,171.0,2.0,91.0,29.200000000000003,48.2,0.0,0.0,0.0,13,0.0,0.0,0.0,0.0,0.0,0.077,0.077,1.923,1.462,13.154,7.0,3.708,2.246,5.19,2.79,0.22,0.0,0.0,1.93,0.0,4.0,0.0,3.0
M.Evans,TB,,0.0,0.0,0.0,0.0,0.0,0.0,0.0,0.0,0.0,62.0,30.0,368.0,3.0,824.0,54.8,84.8,0.0,0.0,0.0,8,0.0,0.0,0.0,0.0,0.0,0.0,0.0,7.75,3.75,46.0,103.0,10.6,6.85,11.38,19.0,0.0,0.0,0.0,4.13,0.0,9.0,0.0,5.0
M.Gaskin,SEA,,0.0,0.0,0.0,0.0,0.0,0.0,3.0,6.0,0.0,0.0,0.0,0.0,0.0,0.0,0.6,0.6,0.0,0.0,0.0,1,0.0,0.0,0.0,0.0,0.0,3.0,6.0,0.0,0.0,0.0,0.0,0.6,0.6,0.0,0.0,0.59,0.0,0.0,0.0,,,,
M.Gesicki,CIN,,0.0,0.0,0.0,0.0,0.0,0.0,0.0,0.0,0.0,43.0,28.0,307.0,2.0,418.0,42.7,70.7,0.0,0.0,0.0,12,0.0,0.0,0.0,0.0,0.0,0.0,0.0,3.583,2.333,25.583,34.833,5.892,3.558,7.04,9.16,0.0,0.0,0.0,3.65,0.0,8.0,0.0,4.0
M.Golden,GB,,0.0,0.0,0.0,0.0,0.0,0.0,10.0,49.0,0.0,44.0,29.0,361.0,0.0,552.0,41.0,70.0,0.0,0.0,0.0,14,0.0,0.0,0.0,0.0,0.0,0.714,3.5,3.143,2.071,25.786,39.429,5.0,2.929,9.52,13.5,2.03,0.0,0.0,1.64,2.0,2.0,0.0,0.0
M.Haack,ARI,QB,1.0,1.0,28.0,0.0,0.0,0.0,0.0,0.0,0.0,0.0,0.0,0.0,0.0,0.0,1.12,1.12,0.0,0.0,0.0,1,1.0,1.0,28.0,0.0,0.0,0.0,0.0,0.0,0.0,0.0,0.0,1.12,1.12,0.0,0.0,0.0,0.0,0.0,0.0,,,,
M.Hardman,BUF,,0.0,0.0,0.0,0.0,0.0,0.0,0.0,0.0,0.0,1.0,0.0,0.0,0.0,46.0,0.0,0.0,0.0,0.0,0.0,1,0.0,0.0,0.0,0.0,0.0,0.0,0.0,1.0,0.0,0.0,46.0,0.0,0.0,0.2,1.32,0.0,0.0,0.0,0.0,,,,
M.Harrison,ARI,,0.0,0.0,0.0,0.0,0.0,0.0,0.0,0.0,0.0,74.0,41.0,608.0,4.0,946.0,84.8,125.80000000000001,0.0,0.0,0.0,12,0.0,0.0,0.0,0.0,0.0,0.0,0.0,6.167,3.417,50.667,78.833,10.483,7.067,11.94,21.26,0.0,0.0,0.0,4.7,0.0,11.0,0.0,4.0
M.Heath,GB,,0.0,0.0,0.0,0.0,0.0,0.0,0.0,0.0,0.0,7.0,6.0,86.0,0.0,65.0,8.6,14.6,0.0,0.0,0.0,5,0.0,0.0,0.0,0.0,0.0,0.0,0.0,1.4,1.2,17.2,13.0,2.92,1.72,1.52,1.59,0.0,0.0,0.0,0.0,,,,
M.Hollins,NE,,0.0,0.0,0.0,0.0,0.0,0.0,1.0,4.0,0.0,65.0,46.0,550.0,2.0,851.0,67.4,113.4,0.0,0.0,0.0,14,0.0,0.0,0.0,0.0,0.0,0.071,0.286,4.643,3.286,39.286,60.786,8.1,4.814,13.46,19.02,0.2,0.0,0.0,1.91,0.0,5.0,0.0,2.0
M.Jones,SF,QB,307.0,201.0,2151.0,13.0,6.0,16.0,28.0,64.0,0.0,0.0,0.0,0.0,0.0,0.0,138.44,138.44,0.0,0.0,0.0,8,38.375,25.125,268.875,1.625,0.75,3.5,8.0,0.0,0.0,0.0,0.0,17.305,17.305,0.0,0.0,5.82,0.0,0.0,1.08,3.0,0.0,43.0,1.0
M.Jones,SF,,0.0,0.0,0.0,0.0,0.0,0.0,8.0,-4.0,0.0,0.0,0.0,0.0,0.0,0.0,-0.39999999999999997,-0.39999999999999997,0.0,0.0,0.0,3,0.0,0.0,0.0,0.0,0.0,2.667,-1.333,0.0,0.0,0.0,0.0,-0.133,-0.133,0.0,0.0,1.66,0.0,0.0,1.08,3.0,0.0,43.0,1.0
M.Kinsey,TEN,,0.0,0.0,0.0,0.0,0.0,0.0,0.0,0.0,0.0,4.0,2.0,48.0,0.0,92.0,4.8,6.800000000000001,0.0,0.0,0.0,2,0.0,0.0,0.0,0.0,0.0,0.0,0.0,2.0,1.0,24.0,46.0,3.4,2.4,0.75,2.35,0.0,0.0,0.0,0.0,,,,
M.Mapu,NE,QB,1.0,0.0,0.0,0.0,0.0,1.0,0.0,0.0,0.0,0.0,0.0,0.0,0.0,0.0,0.0,0.0,0.0,0.0,0.0,1,1.0,0.0,0.0,0.0,0.0,0.0,0.0,0.0,0.0,0.0,0.0,0.0,0.0,0.0,0.0,0.0,0.0,0.0,0.0,,,,
M.Mariota,WAS,QB,246.0,139.0,1695.0,10.0,7.0,16.0,50.0,297.0,1.0,0.0,0.0,0.0,0.0,0.0,136.5,136.5,0.0,0.0,0.0,10,24.6,13.9,169.5,1.0,0.7,5.0,29.7,0.0,0.0,0.0,0.0,13.65,13.65,0.0,0.0,10.27,0.0,0.0,3.67,8.0,0.0,33.0,3.0
M.Matavao,NO,,0.0,0.0,0.0,0.0,0.0,0.0,0.0,0.0,0.0,2.0,2.0,10.0,0.0,5.0,1.0,3.0,0.0,0.0,0.0,1,0.0,0.0,0.0,0.0,0.0,0.0,0.0,2.0,2.0,10.0,5.0,3.0,1.0,0.35,0.11,0.0,0.0,0.0,0.0,,,,
M.Mayer,LV,,0.0,0.0,0.0,0.0,0.0,0.0,0.0,0.0,0.0,50.0,35.0,328.0,1.0,240.0,38.8,73.8,0.0,0.0,0.0,12,0.0,0.0,0.0,0.0,0.0,0.0,0.0,4.167,2.917,27.333,20.0,6.15,3.233,10.08,7.5,0.0,0.0,0.0,3.7,0.0,6.0,0.0,1.0
M.Mims,DEN,,0.0,0.0,0.0,0.0,0.0,0.0,12.0,78.0,1.0,51.0,37.0,322.0,1.0,478.0,52.0,89.0,0.0,0.0,0.0,15,0.0,0.0,0.0,0.0,0.0,0.8,5.2,3.4,2.467,21.467,31.867,5.933,3.467,8.66,10.91,2.63,0.0,0.0,2.02,2.0,3.0,0.0,0.0
M.Moore,NYJ,,0.0,0.0,0.0,0.0,0.0,0.0,0.0,0.0,0.0,1.0,1.0,3.0,0.0,3.0,0.3,1.3,0.0,0.0,0.0,1,0.0,0.0,0.0,0.0,0.0,0.0,0.0,1.0,1.0,3.0,3.0,1.3,0.3,0.21,0.09,0.0,0.0,0.0,0.0,,,,
M.Nabers,NYG,,0.0,0.0,0.0,0.0,0.0,0.0,0.0,0.0,0.0,35.0,18.0,271.0,2.0,555.0,39.1,57.1,0.0,0.0,0.0,4,0.0,0.0,0.0,0.0,0.0,0.0,0.0,8.75,4.5,67.75,138.75,14.275,9.775,6.92,12.87,0.0,0.0,0.0,1.53,0.0,4.0,0.0,2.0
M.Penix,ATL,QB,290.0,166.0,1982.0,9.0,3.0,13.0,21.0,70.0,1.0,0.0,0.0,0.0,0.0,0.0,125.28,125.28,0.0,0.0,0.0,9,32.222,18.444,220.222,1.0,0.333,2.333,7.778,0.0,0.0,0.0,0.0,13.92,13.92,0.0,0.0,4.39,0.0,0.0,1.46,3.0,0.0,33.0,2.0
M.Pittman,IND,,0.0,0.0,0.0,0.0,0.0,0.0,0.0,0.0,0.0,114.0,80.0,793.0,7.0,907.0,121.3,201.3,0.0,0.0,0.0,17,0.0,0.0,0.0,0.0,0.0,0.0,0.0,6.706,4.706,46.647,53.353,11.841,7.135,21.27,21.22,0.0,0.0,0.0,6.69,0.0,18.0,0.0,6.0
M.Rudolph,PIT,QB,54.0,38.0,310.0,2.0,2.0,2.0,4.0,6.0,0.0,0.0,0.0,0.0,0.0,0.0,19.0,19.0,0.0,0.0,0.0,4,13.5,9.5,77.5,0.5,0.5,1.0,1.5,0.0,0.0,0.0,0.0,4.75,4.75,0.0,0.0,0.98,0.0,0.0,0.43,1.0,0.0,5.0,0.0
M.Rudolph,PIT,,0.0,0.0,0.0,0.0,0.0,0.0,3.0,0.0,0.0,0.0,0.0,0.0,0.0,0.0,0.0,0.0,0.0,0.0,0.0,1,0.0,0.0,0.0,0.0,0.0,3.0,0.0,0.0,0.0,0.0,0.0,0.0,0.0,0.0,0.0,0.74,0.0,0.0,0.43,1.0,0.0,5.0,0.0
M.Sanders,DAL,,0.0,0.0,0.0,0.0,0.0,0.0,20.0,117.0,1.0,8.0,8.0,30.0,0.0,-14.0,20.7,28.700000000000003,0.0,0.0,0.0,4,0.0,0.0,0.0,0.0,0.0,5.0,29.25,2.0,2.0,7.5,-3.5,7.175,5.175,1.31,-0.28,4.3,0.0,0.0,2.41,6.0,1.0,0.0,1.0
M.Stafford,LA,QB,620.0,388.0,4707.0,46.0,8.0,23.0,29.0,1.0,0.0,0.0,0.0,0.0,0.0,0.0,364.38,364.38,0.0,0.0,0.0,17,36.471,22.824,276.882,2.706,0.471,1.706,0.059,0.0,0.0,0.0,0.0,21.434,21.434,0.0,0.0,6.24,0.0,0.0,2.33,7.0,0.0,113.0,3.0
M.Taylor,NYJ,,0.0,0.0,0.0,0.0,0.0,0.0,0.0,0.0,0.0,66.0,44.0,369.0,1.0,375.0,42.9,86.9,0.0,0.0,0.0,13,0.0,0.0,0.0,0.0,0.0,0.0,0.0,5.077,3.385,28.385,28.846,6.685,3.3,13.84,11.65,0.0,0.0,0.0,5.03,0.0,9.0,0.0,2.0
M.Tinsley,CIN,,0.0,0.0,0.0,0.0,0.0,0.0,0.0,0.0,0.0,24.0,8.0,116.0,2.0,354.0,23.6,31.6,0.0,0.0,0.0,8,0.0,0.0,0.0,0.0,0.0,0.0,0.0,3.0,1.0,14.5,44.25,3.95,2.95,3.93,7.75,0.0,0.0,0.0,2.28,0.0,5.0,0.0,0.0
M.Tipton,NO,,0.0,0.0,0.0,0.0,0.0,0.0,4.0,18.0,0.0,17.0,11.0,76.0,0.0,149.0,9.399999999999999,20.4,0.0,0.0,0.0,6,0.0,0.0,0.0,0.0,0.0,0.667,3.0,2.833,1.833,12.667,24.833,3.4,1.567,3.0,3.19,0.92,0.0,0.0,1.06,0.0,2.0,0.0,0.0
M.Trubisky,BUF,QB,37.0,25.0,313.0,4.0,0.0,0.0,8.0,2.0,0.0,0.0,0.0,0.0,0.0,0.0,28.72,28.72,0.0,0.0,0.0,3,12.333,8.333,104.333,1.333,0.0,2.667,0.667,0.0,0.0,0.0,0.0,9.573,9.573,0.0,0.0,1.46,0.0,0.0,0.0,0.0,0.0,11.0,0.0
M.Trubisky,BUF,,0.0,0.0,0.0,0.0,0.0,0.0,1.0,4.0,0.0,0.0,0.0,0.0,0.0,0.0,0.4,0.4,0.0,0.0,0.0,1,0.0,0.0,0.0,0.0,0.0,1.0,4.0,0.0,0.0,0.0,0.0,0.4,0.4,0.0,0.0,0.18,0.0,0.0,0.0,0.0,0.0,11.0,0.0
M.Turner,SF,,0.0,0.0,0.0,0.0,0.0,0.0,0.0,0.0,0.0,1.0,0.0,0.0,0.0,-5.0,0.0,0.0,0.0,0.0,0.0,1,0.0,0.0,0.0,0.0,0.0,0.0,0.0,1.0,0.0,0.0,-5.0,0.0,0.0,0.18,-0.12,0.0,0.0,0.0,0.0,,,,
M.Valdes-Scantling,PIT,,0.0,0.0,0.0,0.0,0.0,0.0,0.0,0.0,0.0,21.0,10.0,80.0,1.0,266.0,14.0,24.0,0.0,0.0,0.0,5,0.0,0.0,0.0,0.0,0.0,0.0,0.0,4.2,2.0,16.0,53.2,4.8,2.8,4.01,8.4,0.0,0.0,0.0,2.15,0.0,5.0,0.0,0.0
M.Valdes-Scantling,SF,,0.0,0.0,0.0,0.0,0.0,0.0,0.0,0.0,0.0,8.0,4.0,40.0,0.0,88.0,4.0,8.0,0.0,0.0,0.0,4,0.0,0.0,0.0,0.0,0.0,0.0,0.0,2.0,1.0,10.0,22.0,2.0,1.0,1.44,2.13,0.0,0.0,0.0,0.0,,,,
M.Washington,MIA,,0.0,0.0,0.0,0.0,0.0,0.0,17.0,110.0,1.0,65.0,46.0,317.0,3.0,337.0,66.7,112.7,0.0,0.0,0.0,17,0.0,0.0,0.0,0.0,0.0,1.0,6.471,3.824,2.706,18.647,19.824,6.629,3.924,13.98,10.21,3.94,0.0,0.0,6.97,3.0,11.0,0.0,3.0
M.Willis,GB,QB,38.0,30.0,422.0,3.0,0.0,3.0,22.0,123.0,2.0,0.0,0.0,0.0,0.0,0.0,53.18000000000001,53.18000000000001,0.0,0.0,0.0,4,9.5,7.5,105.5,0.75,0.0,5.5,30.75,0.0,0.0,0.0,0.0,13.295,13.295,0.0,0.0,4.47,0.0,0.0,2.05,5.0,0.0,8.0,1.0
M.Wilson,ARI,,0.0,0.0,0.0,0.0,0.0,0.0,0.0,0.0,0.0,67.0,37.0,547.0,6.0,853.0,90.7,127.7,0.0,0.0,0.0,7,0.0,0.0,0.0,0.0,0.0,0.0,0.0,9.571,5.286,78.143,121.857,18.243,12.957,10.81,19.17,0.0,0.0,0.0,4.7,0.0,11.0,0.0,1.0
Mi.Wilson,ARI,,0.0,0.0,0.0,0.0,0.0,0.0,0.0,0.0,0.0,60.0,41.0,459.0,1.0,649.0,51.9,92.9,0.0,0.0,0.0,11,0.0,0.0,0.0,0.0,0.0,0.0,0.0,5.455,3.727,41.727,59.0,8.445,4.718,9.68,14.58,0.0,0.0,0.0,2.56,0.0,6.0,0.0,0.0
N.Adkins,DEN,,0.0,0.0,0.0,0.0,0.0,0.0,0.0,0.0,0.0,11.0,6.0,48.0,1.0,35.0,10.8,16.8,0.0,0.0,0.0,6,0.0,0.0,0.0,0.0,0.0,0.0,0.0,1.833,1.0,8.0,5.833,2.8,1.8,1.87,0.8,0.0,0.0,0.0,0.81,0.0,2.0,0.0,0.0
N.Brown,WAS,,0.0,0.0,0.0,0.0,0.0,0.0,0.0,0.0,0.0,10.0,5.0,83.0,0.0,145.0,8.3,13.3,0.0,0.0,0.0,4,0.0,0.0,0.0,0.0,0.0,0.0,0.0,2.5,1.25,20.75,36.25,3.325,2.075,2.29,3.87,0.0,0.0,0.0,0.92,0.0,2.0,0.0,0.0
N.Carter,ATL,,0.0,0.0,0.0,0.0,0.0,0.0,9.0,60.0,0.0,0.0,0.0,0.0,0.0,0.0,6.0,6.0,0.0,0.0,0.0,2,0.0,0.0,0.0,0.0,0.0,4.5,30.0,0.0,0.0,0.0,0.0,3.0,3.0,0.0,0.0,1.88,0.0,0.0,0.0,,,,
N.Chubb,HOU,,0.0,0.0,0.0,0.0,0.0,0.0,122.0,506.0,3.0,20.0,13.0,67.0,0.0,15.0,75.3,88.3,0.0,0.0,0.0,15,0.0,0.0,0.0,0.0,0.0,8.133,33.733,1.333,0.867,4.467,1.0,5.887,5.02,3.59,0.33,25.63,0.0,0.0,6.17,13.0,2.0,0.0,6.0
N.Collins,HOU,,0.0,0.0,0.0,0.0,0.0,0.0,2.0,15.0,1.0,121.0,71.0,1117.0,6.0,1529.0,155.2,226.2,0.0,0.0,0.0,15,0.0,0.0,0.0,0.0,0.0,0.133,1.0,8.067,4.733,74.467,101.933,15.08,10.347,21.72,33.28,0.42,0.0,0.0,8.23,1.0,19.0,0.0,8.0
N.Fant,CIN,,0.0,0.0,0.0,0.0,0.0,0.0,0.0,0.0,0.0,41.0,34.0,288.0,3.0,137.0,46.8,80.8,0.0,0.0,0.0,13,0.0,0.0,0.0,0.0,0.0,0.0,0.0,3.154,2.615,22.154,10.538,6.215,3.6,6.71,3.0,0.0,0.0,0.0,1.83,0.0,4.0,0.0,3.0
N.Gray,KC,,0.0,0.0,0.0,0.0,0.0,0.0,0.0,0.0,0.0,38.0,21.0,178.0,0.0,239.0,17.8,38.8,0.0,0.0,0.0,13,0.0,0.0,0.0,0.0,0.0,0.0,0.0,2.923,1.615,13.692,18.385,2.985,1.369,6.88,5.56,0.0,0.0,0.0,1.19,0.0,3.0,0.0,2.0
N.Harris,LAC,,0.0,0.0,0.0,0.0,0.0,0.0,15.0,61.0,0.0,3.0,3.0,25.0,0.0,10.0,8.6,11.6,0.0,0.0,0.0,3,0.0,0.0,0.0,0.0,0.0,5.0,20.333,1.0,1.0,8.333,3.333,3.867,2.867,0.55,0.23,3.21,0.0,0.0,0.41,1.0,0.0,0.0,0.0
N.Kallerup,SEA,,0.0,0.0,0.0,0.0,0.0,0.0,0.0,0.0,0.0,1.0,0.0,0.0,0.0,8.0,0.0,0.0,0.0,0.0,0.0,1,0.0,0.0,0.0,0.0,0.0,0.0,0.0,1.0,0.0,0.0,8.0,0.0,0.0,0.22,0.22,0.0,0.0,0.0,0.38,0.0,1.0,0.0,0.0
N.Miller-Hines,LAC,,0.0,0.0,0.0,0.0,0.0,0.0,2.0,-2.0,0.0,0.0,0.0,0.0,0.0,0.0,-0.2,-0.2,0.0,0.0,0.0,1,0.0,0.0,0.0,0.0,0.0,2.0,-2.0,0.0,0.0,0.0,0.0,-0.2,-0.2,0.0,0.0,0.43,0.0,0.0,0.0,,,,
N.Mullens,JAX,QB,3.0,3.0,19.0,0.0,0.0,0.0,6.0,-3.0,0.0,0.0,0.0,0.0,0.0,0.0,0.46,0.46,0.0,0.0,0.0,2,1.5,1.5,9.5,0.0,0.0,3.0,-1.5,0.0,0.0,0.0,0.0,0.23,0.23,0.0,0.0,1.22,0.0,0.0,0.0,0.0,0.0,1.0,0.0
N.Mullens,JAX,,0.0,0.0,0.0,0.0,0.0,0.0,6.0,-5.0,0.0,0.0,0.0,0.0,0.0,0.0,-0.5,-0.5,0.0,0.0,0.0,2,0.0,0.0,0.0,0.0,0.0,3.0,-2.5,0.0,0.0,0.0,0.0,-0.25,-0.25,0.0,0.0,1.22,0.0,0.0,0.0,0.0,0.0,1.0,0.0
N.Remigio,KC,,0.0,0.0,0.0,0.0,0.0,0.0,1.0,11.0,0.0,1.0,1.0,21.0,0.0,18.0,3.2,4.2,0.0,0.0,0.0,2,0.0,0.0,0.0,0.0,0.0,0.5,5.5,0.5,0.5,10.5,9.0,2.1,1.6,0.18,0.42,0.23,0.0,0.0,0.0,,,,
N.Westbrook-Ikhine,MIA,,0.0,0.0,0.0,0.0,0.0,0.0,0.0,0.0,0.0,20.0,11.0,89.0,0.0,110.0,8.9,19.9,0.0,0.0,0.0,9,0.0,0.0,0.0,0.0,0.0,0.0,0.0,2.222,1.222,9.889,12.222,2.211,0.989,4.3,3.33,0.0,0.0,0.0,1.0,0.0,2.0,0.0,0.0
O.Gadsden,LAC,,0.0,0.0,0.0,0.0,0.0,0.0,0.0,0.0,0.0,69.0,49.0,664.0,3.0,624.0,84.39999999999999,133.4,0.0,0.0,0.0,15,0.0,0.0,0.0,0.0,0.0,0.0,0.0,4.6,3.267,44.267,41.6,8.893,5.627,12.68,14.16,0.0,0.0,0.0,6.2,0.0,15.0,0.0,1.0
O.Gordon,MIA,,0.0,0.0,0.0,0.0,0.0,0.0,70.0,199.0,3.0,9.0,7.0,32.0,1.0,-25.0,47.1,54.1,0.0,0.0,0.0,16,0.0,0.0,0.0,0.0,0.0,4.375,12.438,0.562,0.438,2.0,-1.562,3.381,2.944,1.94,-0.76,16.2,0.0,0.0,10.45,19.0,2.0,0.0,6.0
O.Hampton,LAC,,0.0,0.0,0.0,0.0,0.0,0.0,124.0,545.0,4.0,35.0,32.0,192.0,1.0,-54.0,103.7,135.7,0.0,0.0,0.0,9,0.0,0.0,0.0,0.0,0.0,13.778,60.556,3.889,3.556,21.333,-6.0,15.078,11.522,6.43,-1.23,26.55,0.0,0.0,11.57,26.0,2.0,0.0,9.0
O.Wright,TB,,0.0,0.0,0.0,0.0,0.0,0.0,3.0,6.0,0.0,0.0,0.0,0.0,0.0,0.0,0.6,0.6,0.0,0.0,0.0,1,0.0,0.0,0.0,0.0,0.0,3.0,6.0,0.0,0.0,0.0,0.0,0.6,0.6,0.0,0.0,0.63,0.0,0.0,0.0,,,,
O.Zaccheaus,CHI,,0.0,0.0,0.0,0.0,0.0,0.0,4.0,25.0,0.0,66.0,39.0,313.0,2.0,462.0,45.8,84.8,0.0,0.0,0.0,14,0.0,0.0,0.0,0.0,0.0,0.286,1.786,4.714,2.786,22.357,33.0,6.057,3.271,12.31,10.19,0.79,0.0,0.0,5.2,0.0,13.0,0.0,2.0
P.Brown,ARI,,0.0,0.0,0.0,0.0,0.0,0.0,0.0,0.0,0.0,2.0,2.0,1.0,0.0,1.0,0.1,2.1,0.0,0.0,0.0,1,0.0,0.0,0.0,0.0,0.0,0.0,0.0,2.0,2.0,1.0,1.0,2.1,0.1,0.32,0.02,0.0,0.0,0.0,0.43,0.0,1.0,0.0,1.0
P.Bryant,DEN,,0.0,0.0,0.0,0.0,0.0,0.0,0.0,0.0,0.0,49.0,31.0,378.0,1.0,410.0,43.8,74.8,0.0,0.0,0.0,12,0.0,0.0,0.0,0.0,0.0,0.0,0.0,4.083,2.583,31.5,34.167,6.233,3.65,8.32,9.36,0.0,0.0,0.0,3.23,0.0,8.0,0.0,1.0
P.Durham,TB,,0.0,0.0,0.0,0.0,0.0,0.0,0.0,0.0,0.0,4.0,1.0,11.0,0.0,16.0,1.1,2.1,0.0,0.0,0.0,4,0.0,0.0,0.0,0.0,0.0,0.0,0.0,1.0,0.25,2.75,4.0,0.525,0.275,0.73,0.37,0.0,0.0,0.0,0.46,0.0,1.0,0.0,0.0
P.Freiermuth,PIT,,0.0,0.0,0.0,0.0,0.0,0.0,0.0,0.0,0.0,54.0,41.0,486.0,4.0,323.0,72.60000000000001,113.60000000000001,0.0,0.0,0.0,15,0.0,0.0,0.0,0.0,0.0,0.0,0.0,3.6,2.733,32.4,21.533,7.573,4.84,10.31,10.2,0.0,0.0,0.0,3.86,0.0,9.0,0.0,2.0
P.Mafah,DAL,,0.0,0.0,0.0,0.0,0.0,0.0,5.0,18.0,1.0,2.0,2.0,11.0,0.0,-11.0,8.9,10.9,0.0,0.0,0.0,1,0.0,0.0,0.0,0.0,0.0,5.0,18.0,2.0,2.0,11.0,-11.0,10.9,8.9,0.33,-0.22,1.08,0.0,0.0,0.34,1.0,0.0,0.0,1.0
P.Mahomes,KC,QB,539.0,315.0,3587.0,22.0,11.0,34.0,64.0,422.0,5.0,1.0,1.0,-10.0,0.0,-8.0,291.68,292.68,0.0,0.0,0.0,14,38.5,22.5,256.214,1.571,0.786,4.571,30.143,0.071,0.071,-0.714,-0.571,20.906,20.834,0.18,-0.19,14.88,0.0,0.0,5.93,15.0,0.0,93.0,2.0
P.Nacua,LA,,0.0,0.0,0.0,0.0,0.0,0.0,10.0,105.0,1.0,166.0,129.0,1715.0,10.0,1566.0,248.0,377.0,0.0,0.0,0.0,16,0.0,0.0,0.0,0.0,0.0,0.625,6.562,10.375,8.062,107.188,97.875,23.562,15.5,28.57,29.57,2.15,0.0,0.0,5.98,1.0,17.0,0.0,4.0
P.Ricard,BAL,,0.0,0.0,0.0,0.0,0.0,0.0,1.0,3.0,0.0,2.0,1.0,8.0,0.0,6.0,1.1,2.1,0.0,0.0,0.0,3,0.0,0.0,0.0,0.0,0.0,0.333,1.0,0.667,0.333,2.667,2.0,0.7,0.367,0.49,0.18,0.2,0.0,0.0,0.0,,,,
P.Rivers,IND,QB,97.0,58.0,544.0,4.0,3.0,5.0,2.0,-1.0,0.0,0.0,0.0,0.0,0.0,0.0,34.66,34.66,0.0,0.0,0.0,3,32.333,19.333,181.333,1.333,1.0,0.667,-0.333,0.0,0.0,0.0,0.0,11.553,11.553,0.0,0.0,0.45,0.0,0.0,0.0,0.0,0.0,8.0,0.0
P.Washington,JAX,,0.0,0.0,0.0,0.0,0.0,0.0,7.0,0.0,0.0,97.0,58.0,847.0,5.0,1187.0,114.7,172.7,0.0,0.0,0.0,15,0.0,0.0,0.0,0.0,0.0,0.467,0.0,6.467,3.867,56.467,79.133,11.513,7.647,17.67,24.33,1.43,0.0,0.0,5.88,1.0,16.0,0.0,4.0
Q.Ewers,MIA,QB,91.0,55.0,622.0,3.0,3.0,8.0,8.0,19.0,0.0,1.0,1.0,-6.0,0.0,-6.0,35.18,36.18,0.0,0.0,0.0,4,22.75,13.75,155.5,0.75,0.75,2.0,4.75,0.25,0.25,-1.5,-1.5,9.045,8.795,0.22,-0.18,1.85,0.0,0.0,0.5,0.0,1.0,11.0,1.0
Q.Johnston,LAC,,0.0,0.0,0.0,0.0,0.0,0.0,2.0,7.0,0.0,84.0,51.0,735.0,8.0,989.0,122.2,173.2,0.0,0.0,0.0,13,0.0,0.0,0.0,0.0,0.0,0.154,0.538,6.462,3.923,56.538,76.077,13.323,9.4,15.44,22.44,0.43,0.0,0.0,6.2,0.0,15.0,0.0,2.0
Q.Judkins,CLE,QB,1.0,0.0,0.0,0.0,0.0,0.0,14.0,26.0,0.0,3.0,1.0,58.0,0.0,3.0,8.4,9.4,0.0,0.0,0.0,1,1.0,0.0,0.0,0.0,0.0,14.0,26.0,3.0,1.0,58.0,3.0,9.4,8.4,0.57,0.08,3.31,0.0,0.0,19.21,33.0,1.0,1.0,12.0
Q.Judkins,CLE,,0.0,0.0,0.0,0.0,0.0,0.0,217.0,801.0,7.0,33.0,25.0,113.0,0.0,-18.0,133.4,158.4,0.0,0.0,0.0,13,0.0,0.0,0.0,0.0,0.0,16.692,61.615,2.538,1.923,8.692,-1.385,12.185,10.262,6.3,-0.5,51.3,0.0,0.0,19.21,33.0,1.0,1.0,12.0
Q.Morris,JAX,,0.0,0.0,0.0,0.0,0.0,0.0,0.0,0.0,0.0,9.0,6.0,55.0,1.0,45.0,11.5,17.5,0.0,0.0,0.0,5,0.0,0.0,0.0,0.0,0.0,0.0,0.0,1.8,1.2,11.0,9.0,3.5,2.3,1.64,0.92,0.0,0.0,0.0,0.69,0.0,2.0,0.0,1.0
Q.Skinner,NYJ,,0.0,0.0,0.0,0.0,0.0,0.0,0.0,0.0,0.0,2.0,1.0,10.0,0.0,4.0,1.0,2.0,0.0,0.0,0.0,1,0.0,0.0,0.0,0.0,0.0,0.0,0.0,2.0,1.0,10.0,4.0,2.0,1.0,0.42,0.12,0.0,0.0,0.0,0.56,0.0,1.0,0.0,1.0
R.Ali,BAL,,0.0,0.0,0.0,0.0,0.0,0.0,7.0,24.0,0.0,11.0,9.0,68.0,1.0,-1.0,15.2,24.2,0.0,0.0,0.0,8,0.0,0.0,0.0,0.0,0.0,0.875,3.0,1.375,1.125,8.5,-0.125,3.025,1.9,2.69,-0.03,1.38,0.0,0.0,1.16,2.0,1.0,0.0,0.0
R.Bateman,BAL,,0.0,0.0,0.0,0.0,0.0,0.0,0.0,0.0,0.0,39.0,19.0,224.0,2.0,468.0,34.4,53.4,0.0,0.0,0.0,13,0.0,0.0,0.0,0.0,0.0,0.0,0.0,3.0,1.462,17.231,36.0,4.108,2.646,9.54,13.86,0.0,0.0,0.0,3.49,0.0,9.0,0.0,2.0
R.Bell,NO,,0.0,0.0,0.0,0.0,0.0,0.0,0.0,0.0,0.0,4.0,2.0,23.0,1.0,78.0,8.3,10.3,0.0,0.0,0.0,1,0.0,0.0,0.0,0.0,0.0,0.0,0.0,4.0,2.0,23.0,78.0,10.3,8.3,0.71,1.67,0.0,0.0,0.0,1.06,0.0,2.0,0.0,0.0
R.Chosen,WAS,,0.0,0.0,0.0,0.0,0.0,0.0,0.0,0.0,0.0,9.0,5.0,53.0,0.0,131.0,5.3,10.3,0.0,0.0,0.0,3,0.0,0.0,0.0,0.0,0.0,0.0,0.0,3.0,1.667,17.667,43.667,3.433,1.767,2.06,3.49,0.0,0.0,0.0,0.0,,,,
R.Davis,BUF,,0.0,0.0,0.0,0.0,0.0,0.0,58.0,275.0,0.0,14.0,10.0,86.0,2.0,1.0,48.1,58.1,0.0,0.0,0.0,13,0.0,0.0,0.0,0.0,0.0,4.462,21.154,1.077,0.769,6.615,0.077,4.469,3.7,2.87,0.03,10.6,0.0,0.0,4.3,7.0,5.0,0.0,5.0
R.Doubs,GB,,0.0,0.0,0.0,0.0,0.0,0.0,0.0,0.0,0.0,86.0,55.0,724.0,6.0,1085.0,108.4,163.4,0.0,0.0,0.0,16,0.0,0.0,0.0,0.0,0.0,0.0,0.0,5.375,3.438,45.25,67.812,10.212,6.775,18.61,26.54,0.0,0.0,0.0,7.38,0.0,18.0,0.0,6.0
R.Dowdle,CAR,,0.0,0.0,0.0,0.0,0.0,0.0,237.0,1076.0,6.0,50.0,39.0,297.0,1.0,-52.0,179.3,218.3,0.0,0.0,0.0,17,0.0,0.0,0.0,0.0,0.0,13.941,63.294,2.941,2.294,17.471,-3.059,12.841,10.547,10.37,-1.6,51.19,0.0,0.0,19.32,35.0,5.0,0.0,9.0
R.Dwelley,DET,,0.0,0.0,0.0,0.0,0.0,0.0,0.0,0.0,0.0,5.0,2.0,7.0,0.0,1.0,0.7,2.7,0.0,0.0,0.0,3,0.0,0.0,0.0,0.0,0.0,0.0,0.0,1.667,0.667,2.333,0.333,0.9,0.233,0.91,0.03,0.0,0.0,0.0,1.08,0.0,3.0,0.0,2.0
R.Flournoy,DAL,,0.0,0.0,0.0,0.0,0.0,0.0,4.0,25.0,0.0,56.0,40.0,475.0,4.0,466.0,74.0,114.0,0.0,0.0,0.0,13,0.0,0.0,0.0,0.0,0.0,0.308,1.923,4.308,3.077,36.538,35.846,8.769,5.692,9.18,9.46,0.86,0.0,0.0,2.41,0.0,7.0,0.0,4.0
R.Gilliam,BUF,,0.0,0.0,0.0,0.0,0.0,0.0,2.0,4.0,0.0,3.0,2.0,24.0,0.0,22.0,2.8000000000000003,4.8,0.0,0.0,0.0,3,0.0,0.0,0.0,0.0,0.0,0.667,1.333,1.0,0.667,8.0,7.333,1.6,0.933,0.61,0.63,0.37,0.0,0.0,0.72,1.0,1.0,0.0,2.0
R.Harvey,DEN,QB,1.0,0.0,0.0,0.0,0.0,0.0,11.0,30.0,0.0,3.0,3.0,20.0,0.0,-2.0,5.0,8.0,0.0,0.0,0.0,1,1.0,0.0,0.0,0.0,0.0,11.0,30.0,3.0,3.0,20.0,-2.0,8.0,5.0,0.51,-0.05,2.41,0.0,0.0,16.13,29.0,11.0,1.0,13.0
R.Harvey,DEN,,0.0,0.0,0.0,0.0,0.0,0.0,136.0,510.0,7.0,55.0,44.0,336.0,5.0,30.0,156.6,200.6,0.0,0.0,0.0,16,0.0,0.0,0.0,0.0,0.0,8.5,31.875,3.438,2.75,21.0,1.875,12.538,9.788,9.34,0.68,29.76,0.0,0.0,16.13,29.0,11.0,1.0,13.0
R.Johnson,CHI,,0.0,0.0,0.0,0.0,0.0,0.0,2.0,17.0,0.0,0.0,0.0,0.0,0.0,0.0,1.7000000000000002,1.7000000000000002,0.0,0.0,0.0,2,0.0,0.0,0.0,0.0,0.0,1.0,8.5,0.0,0.0,0.0,0.0,0.85,0.85,0.0,0.0,0.39,0.0,0.0,0.0,,,,
R.Leonard,IND,QB,70.0,39.0,415.0,2.0,3.0,2.0,6.0,27.0,2.0,0.0,0.0,0.0,0.0,0.0,36.3,36.3,0.0,0.0,0.0,5,14.0,7.8,83.0,0.4,0.6,1.2,5.4,0.0,0.0,0.0,0.0,7.26,7.26,0.0,0.0,1.35,0.0,0.0,0.74,2.0,0.0,17.0,1.0
R.McCloud,ATL,,0.0,0.0,0.0,0.0,0.0,0.0,0.0,0.0,0.0,14.0,6.0,64.0,0.0,79.0,6.3999999999999995,12.4,0.0,0.0,0.0,4,0.0,0.0,0.0,0.0,0.0,0.0,0.0,3.5,1.5,16.0,19.75,3.1,1.6,2.68,1.89,0.0,0.0,0.0,0.49,0.0,1.0,0.0,0.0
R.McCloud,NYG,,0.0,0.0,0.0,0.0,0.0,0.0,0.0,0.0,0.0,1.0,1.0,5.0,0.0,5.0,0.5,1.5,0.0,0.0,0.0,1,0.0,0.0,0.0,0.0,0.0,0.0,0.0,1.0,1.0,5.0,5.0,1.5,0.5,0.2,0.12,0.0,0.0,0.0,0.0,,,,
R.Miller,TB,,0.0,0.0,0.0,0.0,0.0,0.0,0.0,0.0,0.0,4.0,2.0,34.0,1.0,70.0,9.4,11.4,0.0,0.0,0.0,4,0.0,0.0,0.0,0.0,0.0,0.0,0.0,1.0,0.5,8.5,17.5,2.85,2.35,0.73,1.61,0.0,0.0,0.0,0.46,0.0,1.0,0.0,0.0
R.Mostert,LV,,0.0,0.0,0.0,0.0,0.0,0.0,22.0,104.0,0.0,12.0,12.0,70.0,0.0,-16.0,17.4,29.4,0.0,0.0,0.0,12,0.0,0.0,0.0,0.0,0.0,1.833,8.667,1.0,1.0,5.833,-1.333,2.45,1.45,2.42,-0.5,5.95,0.0,0.0,3.09,4.0,1.0,0.0,0.0
R.Odunze,CHI,,0.0,0.0,0.0,0.0,0.0,0.0,0.0,0.0,0.0,91.0,44.0,661.0,6.0,1252.0,102.1,146.1,0.0,0.0,0.0,12,0.0,0.0,0.0,0.0,0.0,0.0,0.0,7.583,3.667,55.083,104.333,12.175,8.508,16.98,27.6,0.0,0.0,0.0,5.2,0.0,13.0,0.0,5.0
R.Pearsall,SF,,0.0,0.0,0.0,0.0,0.0,0.0,2.0,-2.0,0.0,53.0,36.0,528.0,0.0,748.0,52.599999999999994,88.6,0.0,0.0,0.0,9,0.0,0.0,0.0,0.0,0.0,0.222,-0.222,5.889,4.0,58.667,83.111,9.844,5.844,9.57,18.11,0.42,0.0,0.0,1.44,0.0,4.0,0.0,0.0
R.Rice,KC,,0.0,0.0,0.0,0.0,0.0,0.0,5.0,20.0,1.0,79.0,53.0,571.0,5.0,338.0,95.1,148.1,0.0,0.0,0.0,8,0.0,0.0,0.0,0.0,0.0,0.625,2.5,9.875,6.625,71.375,42.25,18.512,11.888,14.31,7.86,1.16,0.0,0.0,8.7,3.0,19.0,0.0,10.0
R.Rivers,LA,,0.0,0.0,0.0,0.0,0.0,0.0,9.0,46.0,0.0,0.0,0.0,0.0,0.0,0.0,4.6,4.6,0.0,0.0,0.0,2,0.0,0.0,0.0,0.0,0.0,4.5,23.0,0.0,0.0,0.0,0.0,2.3,2.3,0.0,0.0,1.94,0.0,0.0,0.0,,,,
R.Sanchez,IND,QB,1.0,1.0,16.0,0.0,0.0,0.0,0.0,0.0,0.0,0.0,0.0,0.0,0.0,0.0,0.64,0.64,0.0,0.0,0.0,1,1.0,1.0,16.0,0.0,0.0,0.0,0.0,0.0,0.0,0.0,0.0,0.64,0.64,0.0,0.0,0.0,0.0,0.0,0.0,,,,
R.Sanders,CLE,,0.0,0.0,0.0,0.0,0.0,0.0,27.0,92.0,1.0,4.0,3.0,21.0,0.0,14.0,17.3,20.299999999999997,0.0,0.0,0.0,4,0.0,0.0,0.0,0.0,0.0,6.75,23.0,1.0,0.75,5.25,3.5,5.075,4.325,0.76,0.39,6.38,0.0,0.0,3.95,7.0,0.0,0.0,4.0
R.Shaheed,NO,,0.0,0.0,0.0,0.0,0.0,0.0,2.0,5.0,0.0,66.0,44.0,499.0,2.0,748.0,62.4,106.4,0.0,0.0,0.0,9,0.0,0.0,0.0,0.0,0.0,0.222,0.556,7.333,4.889,55.444,83.111,11.822,6.933,11.66,15.99,0.46,0.0,0.0,4.23,1.0,7.0,0.0,2.0
R.Shaheed,SEA,,0.0,0.0,0.0,0.0,0.0,0.0,7.0,64.0,0.0,26.0,15.0,188.0,0.0,305.0,25.2,40.2,0.0,0.0,0.0,9,0.0,0.0,0.0,0.0,0.0,0.778,7.111,2.889,1.667,20.889,33.889,4.467,2.8,5.69,8.33,1.38,0.0,0.0,0.77,0.0,2.0,0.0,0.0
R.Stevenson,NE,,0.0,0.0,0.0,0.0,0.0,0.0,131.0,603.0,7.0,38.0,32.0,345.0,2.0,159.0,148.8,180.8,0.0,0.0,0.0,14,0.0,0.0,0.0,0.0,0.0,9.357,43.071,2.714,2.286,24.643,11.357,12.914,10.629,7.87,3.55,26.41,0.0,0.0,12.6,27.0,6.0,0.0,13.0
R.Thomas,IND,,0.0,0.0,0.0,0.0,0.0,0.0,1.0,3.0,0.0,0.0,0.0,0.0,0.0,0.0,0.3,0.3,0.0,0.0,0.0,1,0.0,0.0,0.0,0.0,0.0,1.0,3.0,0.0,0.0,0.0,0.0,0.3,0.3,0.0,0.0,0.23,0.0,0.0,0.0,,,,
R.Tonyan,KC,,0.0,0.0,0.0,0.0,0.0,0.0,0.0,0.0,0.0,1.0,1.0,1.0,0.0,1.0,0.1,1.1,0.0,0.0,0.0,1,0.0,0.0,0.0,0.0,0.0,0.0,0.0,1.0,1.0,1.0,1.0,1.1,0.1,0.18,0.02,0.0,0.0,0.0,0.0,,,,
R.White,TB,,0.0,0.0,0.0,0.0,0.0,0.0,133.0,572.0,4.0,45.0,40.0,218.0,0.0,-102.0,103.0,143.0,0.0,0.0,0.0,17,0.0,0.0,0.0,0.0,0.0,7.824,33.647,2.647,2.353,12.824,-6.0,8.412,6.059,8.26,-2.35,28.06,0.0,0.0,13.3,19.0,10.0,0.0,9.0
R.Wilson,NYG,QB,129.0,69.0,831.0,3.0,3.0,10.0,18.0,106.0,0.0,0.0,0.0,0.0,0.0,0.0,52.839999999999996,52.839999999999996,0.0,0.0,0.0,6,21.5,11.5,138.5,0.5,0.5,3.0,17.667,0.0,0.0,0.0,0.0,8.807,8.807,0.0,0.0,3.52,0.0,0.0,2.68,7.0,0.0,20.0,1.0
R.Wilson,PIT,,0.0,0.0,0.0,0.0,0.0,0.0,0.0,0.0,0.0,21.0,12.0,166.0,2.0,277.0,28.6,40.6,0.0,0.0,0.0,9,0.0,0.0,0.0,0.0,0.0,0.0,0.0,2.333,1.333,18.444,30.778,4.511,3.178,4.01,8.75,0.0,0.0,0.0,0.43,0.0,1.0,0.0,0.0
S.Anderson,PIT,,0.0,0.0,0.0,0.0,0.0,0.0,0.0,0.0,0.0,1.0,1.0,4.0,0.0,0.0,0.4,1.4,0.0,0.0,0.0,1,0.0,0.0,0.0,0.0,0.0,0.0,0.0,1.0,1.0,4.0,0.0,1.4,0.4,0.19,0.0,0.0,0.0,0.0,0.0,,,,
S.Barkley,PHI,,0.0,0.0,0.0,0.0,0.0,0.0,281.0,1140.0,7.0,51.0,37.0,273.0,2.0,31.0,195.3,232.29999999999998,0.0,0.0,0.0,16,0.0,0.0,0.0,0.0,0.0,17.562,71.25,3.188,2.312,17.062,1.938,14.519,12.206,10.94,0.74,58.66,0.0,0.0,24.41,44.0,8.0,0.0,17.0
S.Buechele,KC,QB,19.0,7.0,88.0,0.0,0.0,5.0,1.0,4.0,0.0,0.0,0.0,0.0,0.0,0.0,3.92,3.92,0.0,0.0,0.0,1,19.0,7.0,88.0,0.0,0.0,1.0,4.0,0.0,0.0,0.0,0.0,3.92,3.92,0.0,0.0,0.23,0.0,0.0,0.0,0.0,0.0,3.0,0.0
S.Cannella,CLE,,0.0,0.0,0.0,0.0,0.0,0.0,0.0,0.0,0.0,5.0,2.0,11.0,0.0,55.0,1.1,3.1,0.0,0.0,0.0,2,0.0,0.0,0.0,0.0,0.0,0.0,0.0,2.5,1.0,5.5,27.5,1.55,0.55,0.95,1.53,0.0,0.0,0.0,0.0,,,,
S.Darnold,SEA,QB,506.0,323.0,4048.0,25.0,14.0,27.0,35.0,95.0,0.0,0.0,0.0,0.0,0.0,0.0,257.42,257.42,0.0,0.0,0.0,17,29.765,19.0,238.118,1.471,0.824,2.059,5.588,0.0,0.0,0.0,0.0,15.142,15.142,0.0,0.0,6.89,0.0,0.0,2.31,6.0,0.0,73.0,2.0
S.Diggs,NE,,0.0,0.0,0.0,0.0,0.0,0.0,0.0,0.0,0.0,102.0,85.0,1013.0,4.0,871.0,125.3,210.3,0.0,0.0,0.0,17,0.0,0.0,0.0,0.0,0.0,0.0,0.0,6.0,5.0,59.588,51.235,12.371,7.371,21.12,19.46,0.0,0.0,0.0,4.58,0.0,12.0,0.0,4.0
S.Jackson,LV,,0.0,0.0,0.0,0.0,0.0,0.0,1.0,3.0,0.0,5.0,4.0,56.0,1.0,81.0,11.9,15.9,0.0,0.0,0.0,3,0.0,0.0,0.0,0.0,0.0,0.333,1.0,1.667,1.333,18.667,27.0,5.3,3.967,1.01,2.53,0.27,0.0,0.0,0.0,,,,
S.LaPorta,DET,,0.0,0.0,0.0,0.0,0.0,0.0,0.0,0.0,0.0,49.0,40.0,489.0,3.0,277.0,66.89999999999999,106.9,0.0,0.0,0.0,9,0.0,0.0,0.0,0.0,0.0,0.0,0.0,5.444,4.444,54.333,30.778,11.878,7.433,8.91,7.54,0.0,0.0,0.0,2.16,0.0,6.0,0.0,1.0
S.Matlock,LAC,,0.0,0.0,0.0,0.0,0.0,0.0,0.0,0.0,0.0,4.0,4.0,12.0,1.0,0.0,7.2,11.2,0.0,0.0,0.0,3,0.0,0.0,0.0,0.0,0.0,0.0,0.0,1.333,1.333,4.0,0.0,3.733,2.4,0.74,0.0,0.0,0.0,0.0,0.41,0.0,1.0,0.0,1.0
S.Miller,PIT,,0.0,0.0,0.0,0.0,0.0,0.0,0.0,0.0,0.0,14.0,9.0,62.0,0.0,74.0,6.2,15.200000000000001,0.0,0.0,0.0,5,0.0,0.0,0.0,0.0,0.0,0.0,0.0,2.8,1.8,12.4,14.8,3.04,1.24,2.67,2.34,0.0,0.0,0.0,0.86,0.0,2.0,0.0,0.0
S.Moore,SF,,0.0,0.0,0.0,0.0,0.0,0.0,2.0,11.0,0.0,7.0,5.0,87.0,0.0,110.0,9.8,14.8,0.0,0.0,0.0,9,0.0,0.0,0.0,0.0,0.0,0.222,1.222,0.778,0.556,9.667,12.222,1.644,1.089,1.26,2.66,0.42,0.0,0.0,0.0,,,,
S.Perine,CIN,,0.0,0.0,0.0,0.0,0.0,0.0,84.0,382.0,3.0,21.0,17.0,87.0,0.0,-32.0,64.9,81.9,0.0,0.0,0.0,14,0.0,0.0,0.0,0.0,0.0,6.0,27.286,1.5,1.214,6.214,-2.286,5.85,4.636,3.44,-0.7,21.99,0.0,0.0,7.76,16.0,1.0,0.0,4.0
S.Rattler,NO,QB,275.0,174.0,1586.0,8.0,5.0,18.0,32.0,167.0,0.0,2.0,1.0,0.0,0.0,4.0,107.14,108.14,0.0,0.0,0.0,9,30.556,19.333,176.222,0.889,0.556,3.556,18.556,0.222,0.111,0.0,0.444,12.016,11.904,0.35,0.09,7.32,0.0,0.0,3.17,5.0,1.0,32.0,2.0
S.Sanders,CLE,QB,235.0,120.0,1400.0,7.0,10.0,23.0,22.0,169.0,1.0,0.0,0.0,0.0,0.0,0.0,96.89999999999999,96.89999999999999,0.0,0.0,0.0,8,29.375,15.0,175.0,0.875,1.25,2.75,21.125,0.0,0.0,0.0,0.0,12.112,12.112,0.0,0.0,5.2,0.0,0.0,1.13,2.0,0.0,17.0,1.0
S.Shepard,TB,,0.0,0.0,0.0,0.0,0.0,0.0,4.0,19.0,0.0,54.0,39.0,371.0,1.0,453.0,45.0,84.0,0.0,0.0,0.0,13,0.0,0.0,0.0,0.0,0.0,0.308,1.462,4.154,3.0,28.538,34.846,6.462,3.462,9.91,10.45,0.84,0.0,0.0,3.67,0.0,8.0,0.0,2.0
S.Sims,ARI,,0.0,0.0,0.0,0.0,0.0,0.0,0.0,0.0,0.0,1.0,0.0,0.0,0.0,2.0,0.0,0.0,0.0,0.0,0.0,1,0.0,0.0,0.0,0.0,0.0,0.0,0.0,1.0,0.0,0.0,2.0,0.0,0.0,0.16,0.04,0.0,0.0,0.0,0.0,,,,
S.Smartt,NYJ,,0.0,0.0,0.0,0.0,0.0,0.0,0.0,0.0,0.0,9.0,7.0,52.0,0.0,42.0,5.2,12.2,0.0,0.0,0.0,3,0.0,0.0,0.0,0.0,0.0,0.0,0.0,3.0,2.333,17.333,14.0,4.067,1.733,1.89,1.31,0.0,0.0,0.0,0.0,,,,
S.Toure,NO,,0.0,0.0,0.0,0.0,0.0,0.0,0.0,0.0,0.0,3.0,1.0,3.0,0.0,30.0,0.3,1.3,0.0,0.0,0.0,1,0.0,0.0,0.0,0.0,0.0,0.0,0.0,3.0,1.0,3.0,30.0,1.3,0.3,0.53,0.64,0.0,0.0,0.0,0.53,0.0,1.0,0.0,0.0
S.Tucker,TB,,0.0,0.0,0.0,0.0,0.0,0.0,86.0,320.0,7.0,11.0,8.0,34.0,1.0,-10.0,83.4,91.4,0.0,0.0,0.0,14,0.0,0.0,0.0,0.0,0.0,6.143,22.857,0.786,0.571,2.429,-0.714,6.529,5.957,2.02,-0.23,18.14,0.0,0.0,11.01,21.0,3.0,0.0,12.0
S.Vaki,DET,,0.0,0.0,0.0,0.0,0.0,0.0,1.0,4.0,0.0,0.0,0.0,0.0,0.0,0.0,0.4,0.4,0.0,0.0,0.0,1,0.0,0.0,0.0,0.0,0.0,1.0,4.0,0.0,0.0,0.0,0.0,0.4,0.4,0.0,0.0,0.23,0.0,0.0,0.0,,,,
S.Williams,GB,,0.0,0.0,0.0,0.0,0.0,0.0,11.0,37.0,0.0,10.0,10.0,78.0,1.0,17.0,17.5,27.5,0.0,0.0,0.0,11,0.0,0.0,0.0,0.0,0.0,1.0,3.364,0.909,0.909,7.091,1.545,2.5,1.591,2.16,0.42,2.24,0.0,0.0,2.05,1.0,4.0,0.0,0.0
S.Zylstra,DET,,0.0,0.0,0.0,0.0,0.0,0.0,0.0,0.0,0.0,5.0,3.0,20.0,0.0,37.0,2.0,5.0,0.0,0.0,0.0,1,0.0,0.0,0.0,0.0,0.0,0.0,0.0,5.0,3.0,20.0,37.0,5.0,2.0,0.91,1.01,0.0,0.0,0.0,0.36,0.0,1.0,0.0,1.0
T.Allgeier,ATL,,0.0,0.0,0.0,0.0,0.0,0.0,143.0,514.0,8.0,16.0,14.0,96.0,0.0,-26.0,109.0,123.0,0.0,0.0,0.0,17,0.0,0.0,0.0,0.0,0.0,8.412,30.235,0.941,0.824,5.647,-1.529,7.235,6.412,3.07,-0.62,29.92,0.0,0.0,16.1,32.0,1.0,0.0,10.0
T.Atwell,LA,,0.0,0.0,0.0,0.0,0.0,0.0,0.0,0.0,0.0,15.0,6.0,192.0,1.0,302.0,25.200000000000003,31.2,0.0,0.0,0.0,8,0.0,0.0,0.0,0.0,0.0,0.0,0.0,1.875,0.75,24.0,37.75,3.9,3.15,2.58,5.7,0.0,0.0,0.0,0.33,0.0,1.0,0.0,0.0
T.Badie,DEN,,0.0,0.0,0.0,0.0,0.0,0.0,8.0,23.0,0.0,31.0,19.0,141.0,0.0,-44.0,16.4,35.4,0.0,0.0,0.0,14,0.0,0.0,0.0,0.0,0.0,0.571,1.643,2.214,1.357,10.071,-3.143,2.529,1.171,5.26,-1.0,1.75,0.0,0.0,2.42,2.0,4.0,0.0,1.0
T.Bagent,CHI,QB,4.0,3.0,47.0,0.0,0.0,0.0,2.0,7.0,0.0,0.0,0.0,0.0,0.0,0.0,2.58,2.58,0.0,0.0,0.0,2,2.0,1.5,23.5,0.0,0.0,1.0,3.5,0.0,0.0,0.0,0.0,1.29,1.29,0.0,0.0,0.39,0.0,0.0,0.0,,,,
T.Benson,ARI,,0.0,0.0,0.0,0.0,0.0,0.0,29.0,160.0,0.0,16.0,13.0,64.0,0.0,-22.0,22.4,35.4,0.0,0.0,0.0,4,0.0,0.0,0.0,0.0,0.0,7.25,40.0,4.0,3.25,16.0,-5.5,8.85,5.6,2.58,-0.49,7.9,0.0,0.0,2.14,3.0,2.0,0.0,1.0
T.Bigsby,JAX,,0.0,0.0,0.0,0.0,0.0,0.0,5.0,12.0,0.0,0.0,0.0,0.0,0.0,0.0,1.2,1.2,0.0,0.0,0.0,1,0.0,0.0,0.0,0.0,0.0,5.0,12.0,0.0,0.0,0.0,0.0,1.2,1.2,0.0,0.0,1.02,0.0,0.0,0.35,1.0,0.0,0.0,0.0
T.Bigsby,PHI,,0.0,0.0,0.0,0.0,0.0,0.0,58.0,344.0,2.0,4.0,3.0,32.0,0.0,-6.0,49.6,52.6,0.0,0.0,0.0,10,0.0,0.0,0.0,0.0,0.0,5.8,34.4,0.4,0.3,3.2,-0.6,5.26,4.96,0.86,-0.14,12.11,0.0,0.0,8.45,17.0,1.0,0.0,6.0
T.Bridgewater,TB,QB,17.0,8.0,62.0,0.0,0.0,2.0,1.0,6.0,0.0,0.0,0.0,0.0,0.0,0.0,3.08,3.08,0.0,0.0,0.0,1,17.0,8.0,62.0,0.0,0.0,1.0,6.0,0.0,0.0,0.0,0.0,3.08,3.08,0.0,0.0,0.21,0.0,0.0,0.0,0.0,0.0,7.0,0.0
T.Bridgewater,TB,,0.0,0.0,0.0,0.0,0.0,0.0,2.0,-2.0,0.0,0.0,0.0,0.0,0.0,0.0,-0.2,-0.2,0.0,0.0,0.0,2,0.0,0.0,0.0,0.0,0.0,1.0,-1.0,0.0,0.0,0.0,0.0,-0.1,-0.1,0.0,0.0,0.42,0.0,0.0,0.0,0.0,0.0,7.0,0.0
T.Brooks,CIN,,0.0,0.0,0.0,0.0,0.0,0.0,16.0,45.0,0.0,2.0,1.0,9.0,0.0,-5.0,5.4,6.4,0.0,0.0,0.0,6,0.0,0.0,0.0,0.0,0.0,2.667,7.5,0.333,0.167,1.5,-0.833,1.067,0.9,0.33,-0.11,4.19,0.0,0.0,0.0,,,,
T.Burks,WAS,QB,1.0,0.0,0.0,0.0,0.0,1.0,0.0,0.0,0.0,2.0,1.0,11.0,0.0,11.0,1.1,2.1,0.0,0.0,0.0,1,1.0,0.0,0.0,0.0,0.0,0.0,0.0,2.0,1.0,11.0,11.0,2.1,1.1,0.46,0.29,0.0,0.0,0.0,1.83,0.0,4.0,0.0,3.0
T.Burks,WAS,,0.0,0.0,0.0,0.0,0.0,0.0,0.0,0.0,0.0,20.0,9.0,119.0,1.0,285.0,17.9,26.900000000000002,0.0,0.0,0.0,7,0.0,0.0,0.0,0.0,0.0,0.0,0.0,2.857,1.286,17.0,40.714,3.843,2.557,4.59,7.6,0.0,0.0,0.0,1.83,0.0,4.0,0.0,3.0
T.Chandler,MIN,,0.0,0.0,0.0,0.0,0.0,0.0,17.0,47.0,0.0,4.0,3.0,11.0,0.0,-20.0,5.8,8.8,0.0,0.0,0.0,2,0.0,0.0,0.0,0.0,0.0,8.5,23.5,2.0,1.5,5.5,-10.0,4.4,2.9,0.85,-0.54,4.15,0.0,0.0,1.42,1.0,2.0,0.0,1.0
T.Conklin,LAC,,0.0,0.0,0.0,0.0,0.0,0.0,1.0,2.0,0.0,10.0,7.0,101.0,0.0,45.0,10.3,17.3,0.0,0.0,0.0,6,0.0,0.0,0.0,0.0,0.0,0.167,0.333,1.667,1.167,16.833,7.5,2.883,1.717,1.84,1.02,0.21,0.0,0.0,0.0,,,,
T.Conner,MIA,,0.0,0.0,0.0,0.0,0.0,0.0,0.0,0.0,0.0,15.0,9.0,91.0,0.0,119.0,9.1,18.1,0.0,0.0,0.0,7,0.0,0.0,0.0,0.0,0.0,0.0,0.0,2.143,1.286,13.0,17.0,2.586,1.3,3.23,3.61,0.0,0.0,0.0,1.49,0.0,3.0,0.0,0.0
T.Etienne,CAR,,0.0,0.0,0.0,0.0,0.0,0.0,20.0,94.0,0.0,3.0,3.0,13.0,0.0,2.0,10.7,13.7,0.0,0.0,0.0,8,0.0,0.0,0.0,0.0,0.0,2.5,11.75,0.375,0.375,1.625,0.25,1.712,1.338,0.62,0.06,4.32,0.0,0.0,1.93,4.0,0.0,0.0,1.0
T.Etienne,JAX,,0.0,0.0,0.0,0.0,0.0,0.0,260.0,1107.0,7.0,52.0,36.0,292.0,6.0,-76.0,217.9,253.9,0.0,0.0,0.0,17,0.0,0.0,0.0,0.0,0.0,15.294,65.118,3.059,2.118,17.176,-4.471,14.935,12.818,9.47,-1.56,52.95,0.0,0.0,22.15,54.0,10.0,0.0,13.0
T.Felton,MIN,,0.0,0.0,0.0,0.0,0.0,0.0,0.0,0.0,0.0,3.0,3.0,25.0,0.0,11.0,2.5,5.5,0.0,0.0,0.0,3,0.0,0.0,0.0,0.0,0.0,0.0,0.0,1.0,1.0,8.333,3.667,1.833,0.833,0.64,0.3,0.0,0.0,0.0,0.0,,,,
T.Ferguson,LA,,0.0,0.0,0.0,0.0,0.0,0.0,1.0,0.0,0.0,25.0,11.0,231.0,3.0,466.0,41.1,52.1,0.0,0.0,0.0,11,0.0,0.0,0.0,0.0,0.0,0.091,0.0,2.273,1.0,21.0,42.364,4.736,3.736,4.3,8.8,0.22,0.0,0.0,1.33,1.0,3.0,0.0,1.0
T.Fisk,LAC,,0.0,0.0,0.0,0.0,0.0,0.0,0.0,0.0,0.0,4.0,2.0,19.0,0.0,22.0,1.9,3.9000000000000004,0.0,0.0,0.0,4,0.0,0.0,0.0,0.0,0.0,0.0,0.0,1.0,0.5,4.75,5.5,0.975,0.475,0.74,0.5,0.0,0.0,0.0,0.0,,,,
T.Franklin,DEN,,0.0,0.0,0.0,0.0,0.0,0.0,5.0,12.0,0.0,107.0,65.0,709.0,6.0,1321.0,108.10000000000001,173.1,0.0,0.0,0.0,17,0.0,0.0,0.0,0.0,0.0,0.294,0.706,6.294,3.824,41.706,77.706,10.182,6.359,18.17,30.15,1.09,0.0,0.0,8.47,0.0,21.0,0.0,7.0
T.Goodson,IND,,0.0,0.0,0.0,0.0,0.0,0.0,9.0,24.0,0.0,3.0,2.0,8.0,0.0,-3.0,3.2,5.2,0.0,0.0,0.0,7,0.0,0.0,0.0,0.0,0.0,1.286,3.429,0.429,0.286,1.143,-0.429,0.743,0.457,0.56,-0.07,2.03,0.0,0.0,0.37,0.0,1.0,0.0,1.0
T.Harris,LAC,,0.0,0.0,0.0,0.0,0.0,0.0,2.0,10.0,0.0,43.0,30.0,324.0,1.0,398.0,39.4,69.4,0.0,0.0,0.0,16,0.0,0.0,0.0,0.0,0.0,0.125,0.625,2.688,1.875,20.25,24.875,4.338,2.462,7.9,9.03,0.43,0.0,0.0,2.48,1.0,5.0,0.0,0.0
T.Henderson,NE,,0.0,0.0,0.0,0.0,0.0,0.0,180.0,911.0,9.0,42.0,35.0,221.0,1.0,-1.0,173.2,208.2,0.0,0.0,0.0,17,0.0,0.0,0.0,0.0,0.0,10.588,53.588,2.471,2.059,13.0,-0.059,12.247,10.188,8.7,-0.02,36.29,0.0,0.0,15.27,36.0,4.0,0.0,9.0
T.Higbee,LA,,0.0,0.0,0.0,0.0,0.0,0.0,0.0,0.0,0.0,36.0,25.0,281.0,3.0,118.0,46.099999999999994,71.1,0.0,0.0,0.0,9,0.0,0.0,0.0,0.0,0.0,0.0,0.0,4.0,2.778,31.222,13.111,7.9,5.122,6.2,2.23,0.0,0.0,0.0,2.66,0.0,8.0,0.0,1.0
T.Higgins,CIN,,0.0,0.0,0.0,0.0,0.0,0.0,0.0,0.0,0.0,99.0,59.0,846.0,11.0,1314.0,150.6,209.6,0.0,0.0,0.0,15,0.0,0.0,0.0,0.0,0.0,0.0,0.0,6.6,3.933,56.4,87.6,13.973,10.04,16.2,28.78,0.0,0.0,0.0,7.31,0.0,16.0,0.0,5.0
T.Hill,MIA,,0.0,0.0,0.0,0.0,0.0,0.0,0.0,0.0,0.0,29.0,21.0,265.0,1.0,399.0,32.5,53.5,0.0,0.0,0.0,4,0.0,0.0,0.0,0.0,0.0,0.0,0.0,7.25,5.25,66.25,99.75,13.375,8.125,6.24,12.09,0.0,0.0,0.0,1.0,0.0,2.0,0.0,1.0
T.Hill,NO,QB,6.0,2.0,57.0,1.0,0.0,0.0,39.0,108.0,0.0,7.0,4.0,36.0,0.0,32.0,20.68,24.68,0.0,0.0,0.0,5,1.2,0.4,11.4,0.2,0.0,7.8,21.6,1.4,0.8,7.2,6.4,4.936,4.136,1.24,0.68,8.92,0.0,0.0,6.88,13.0,0.0,2.0,3.0
T.Hill,NO,,0.0,0.0,0.0,0.0,0.0,0.0,13.0,6.0,1.0,9.0,7.0,55.0,0.0,22.0,12.1,19.1,0.0,0.0,0.0,8,0.0,0.0,0.0,0.0,0.0,1.625,0.75,1.125,0.875,6.875,2.75,2.388,1.512,1.59,0.47,2.97,0.0,0.0,6.88,13.0,0.0,2.0,3.0
T.Hockenson,MIN,,0.0,0.0,0.0,0.0,0.0,0.0,1.0,0.0,0.0,66.0,51.0,438.0,3.0,329.0,61.8,112.8,0.0,0.0,0.0,15,0.0,0.0,0.0,0.0,0.0,0.067,0.0,4.4,3.4,29.2,21.933,7.52,4.12,13.98,8.83,0.24,0.0,0.0,5.69,1.0,11.0,0.0,2.0
T.Homer,CHI,,0.0,0.0,0.0,0.0,0.0,0.0,1.0,-2.0,0.0,0.0,0.0,0.0,0.0,0.0,-0.2,-0.2,0.0,0.0,0.0,1,0.0,0.0,0.0,0.0,0.0,1.0,-2.0,0.0,0.0,0.0,0.0,-0.2,-0.2,0.0,0.0,0.2,0.0,0.0,0.0,,,,
T.Horton,SEA,,0.0,0.0,0.0,0.0,0.0,0.0,0.0,0.0,0.0,22.0,13.0,161.0,5.0,337.0,46.1,59.1,0.0,0.0,0.0,7,0.0,0.0,0.0,0.0,0.0,0.0,0.0,3.143,1.857,23.0,48.143,8.443,6.586,4.81,9.21,0.0,0.0,0.0,1.54,0.0,4.0,0.0,1.0
T.Hudson,CIN,,0.0,0.0,0.0,0.0,0.0,0.0,0.0,0.0,0.0,24.0,19.0,168.0,2.0,119.0,28.8,47.8,0.0,0.0,0.0,10,0.0,0.0,0.0,0.0,0.0,0.0,0.0,2.4,1.9,16.8,11.9,4.78,2.88,3.93,2.61,0.0,0.0,0.0,2.74,0.0,6.0,0.0,1.0
T.Hunter,JAX,,0.0,0.0,0.0,0.0,0.0,0.0,1.0,0.0,0.0,45.0,28.0,298.0,1.0,354.0,35.800000000000004,63.800000000000004,0.0,0.0,0.0,7,0.0,0.0,0.0,0.0,0.0,0.143,0.0,6.429,4.0,42.571,50.571,9.114,5.114,8.2,7.26,0.2,0.0,0.0,2.08,1.0,5.0,0.0,0.0
T.Huntley,BAL,QB,75.0,52.0,426.0,2.0,0.0,8.0,21.0,154.0,0.0,0.0,0.0,0.0,0.0,0.0,40.44,40.44,0.0,0.0,0.0,4,18.75,13.0,106.5,0.5,0.0,5.25,38.5,0.0,0.0,0.0,0.0,10.11,10.11,0.0,0.0,4.14,0.0,0.0,2.71,7.0,0.0,16.0,0.0
T.Huntley,BAL,,0.0,0.0,0.0,0.0,0.0,0.0,3.0,-3.0,0.0,0.0,0.0,0.0,0.0,0.0,-0.3,-0.3,0.0,0.0,0.0,1,0.0,0.0,0.0,0.0,0.0,3.0,-3.0,0.0,0.0,0.0,0.0,-0.3,-0.3,0.0,0.0,0.59,0.0,0.0,2.71,7.0,0.0,16.0,0.0
T.Jennings,NE,,0.0,0.0,0.0,0.0,0.0,0.0,23.0,73.0,1.0,1.0,1.0,9.0,0.0,2.0,14.200000000000001,15.200000000000001,0.0,0.0,0.0,5,0.0,0.0,0.0,0.0,0.0,4.6,14.6,0.2,0.2,1.8,0.4,3.04,2.84,0.21,0.04,4.64,0.0,0.0,1.53,4.0,0.0,0.0,2.0
T.Johnson,NYG,,0.0,0.0,0.0,0.0,0.0,0.0,0.0,0.0,0.0,74.0,45.0,528.0,5.0,616.0,82.8,127.8,0.0,0.0,0.0,15,0.0,0.0,0.0,0.0,0.0,0.0,0.0,4.933,3.0,35.2,41.067,8.52,5.52,14.62,14.29,0.0,0.0,0.0,5.36,0.0,14.0,0.0,3.0
T.Johnson,NYJ,,0.0,0.0,0.0,0.0,0.0,0.0,0.0,0.0,0.0,18.0,12.0,197.0,1.0,210.0,25.7,37.7,0.0,0.0,0.0,9,0.0,0.0,0.0,0.0,0.0,0.0,0.0,2.0,1.333,21.889,23.333,4.189,2.856,3.77,6.53,0.0,0.0,0.0,1.68,0.0,3.0,0.0,0.0
T.Johnson,TB,,0.0,0.0,0.0,0.0,0.0,0.0,7.0,22.0,0.0,44.0,28.0,322.0,5.0,516.0,64.4,92.4,0.0,0.0,0.0,15,0.0,0.0,0.0,0.0,0.0,0.467,1.467,2.933,1.867,21.467,34.4,6.16,4.293,8.07,11.9,1.48,0.0,0.0,4.13,2.0,7.0,0.0,0.0
T.Jones,JAX,,0.0,0.0,0.0,0.0,0.0,0.0,0.0,0.0,0.0,1.0,1.0,15.0,0.0,4.0,1.5,2.5,0.0,0.0,0.0,1,0.0,0.0,0.0,0.0,0.0,0.0,0.0,1.0,1.0,15.0,4.0,2.5,1.5,0.18,0.08,0.0,0.0,0.0,0.0,,,,
T.Kelce,KC,,0.0,0.0,0.0,0.0,0.0,0.0,1.0,1.0,0.0,109.0,76.0,851.0,5.0,735.0,115.2,191.2,0.0,0.0,0.0,17,0.0,0.0,0.0,0.0,0.0,0.059,0.059,6.412,4.471,50.059,43.235,11.247,6.776,19.75,17.1,0.23,0.0,0.0,5.53,1.0,13.0,0.0,5.0
T.Kennedy,DET,,0.0,0.0,0.0,0.0,0.0,0.0,0.0,0.0,0.0,4.0,4.0,36.0,0.0,32.0,3.6,7.6,0.0,0.0,0.0,1,0.0,0.0,0.0,0.0,0.0,0.0,0.0,4.0,4.0,36.0,32.0,7.6,3.6,0.73,0.87,0.0,0.0,0.0,0.0,,,,
T.Kraft,GB,,0.0,0.0,0.0,0.0,0.0,0.0,1.0,3.0,0.0,44.0,32.0,489.0,6.0,201.0,85.2,117.19999999999999,0.0,0.0,0.0,8,0.0,0.0,0.0,0.0,0.0,0.125,0.375,5.5,4.0,61.125,25.125,14.65,10.65,9.52,4.92,0.2,0.0,0.0,4.92,0.0,12.0,0.0,0.0
T.Lance,LAC,QB,63.0,27.0,226.0,0.0,1.0,6.0,17.0,85.0,0.0,0.0,0.0,0.0,0.0,0.0,16.54,16.54,0.0,0.0,0.0,4,15.75,6.75,56.5,0.0,0.25,4.25,21.25,0.0,0.0,0.0,0.0,4.135,4.135,0.0,0.0,3.64,0.0,0.0,0.0,0.0,0.0,4.0,0.0
T.Lawrence,JAX,QB,603.0,341.0,4007.0,29.0,12.0,41.0,83.0,359.0,9.0,0.0,0.0,0.0,0.0,0.0,354.18,354.18,0.0,0.0,0.0,17,35.471,20.059,235.706,1.706,0.706,4.882,21.118,0.0,0.0,0.0,0.0,20.834,20.834,0.0,0.0,16.9,0.0,0.0,8.3,24.0,0.0,92.0,11.0
T.Lockett,LV,,0.0,0.0,0.0,0.0,0.0,0.0,0.0,0.0,0.0,35.0,22.0,221.0,1.0,266.0,28.1,50.099999999999994,0.0,0.0,0.0,10,0.0,0.0,0.0,0.0,0.0,0.0,0.0,3.5,2.2,22.1,26.6,5.01,2.81,7.06,8.32,0.0,0.0,0.0,1.85,0.0,3.0,0.0,2.0
T.Lockett,TEN,,0.0,0.0,0.0,0.0,0.0,0.0,0.0,0.0,0.0,21.0,10.0,70.0,0.0,160.0,7.0,17.0,0.0,0.0,0.0,7,0.0,0.0,0.0,0.0,0.0,0.0,0.0,3.0,1.429,10.0,22.857,2.429,1.0,3.96,4.08,0.0,0.0,0.0,0.0,,,,
T.Martin,WAS,,0.0,0.0,0.0,0.0,0.0,0.0,0.0,0.0,0.0,2.0,2.0,23.0,0.0,18.0,2.3,4.3,0.0,0.0,0.0,2,0.0,0.0,0.0,0.0,0.0,0.0,0.0,1.0,1.0,11.5,9.0,2.15,1.15,0.46,0.48,0.0,0.0,0.0,0.0,,,,
T.McBride,ARI,,0.0,0.0,0.0,0.0,0.0,0.0,0.0,0.0,0.0,170.0,126.0,1239.0,11.0,1126.0,189.9,315.9,0.0,0.0,0.0,17,0.0,0.0,0.0,0.0,0.0,0.0,0.0,10.0,7.412,72.882,66.235,18.582,11.171,27.42,25.3,0.0,0.0,0.0,14.53,0.0,34.0,0.0,6.0
T.McKee,PHI,QB,46.0,24.0,274.0,1.0,1.0,3.0,3.0,12.0,0.0,0.0,0.0,0.0,0.0,0.0,15.16,15.16,0.0,0.0,0.0,2,23.0,12.0,137.0,0.5,0.5,1.5,6.0,0.0,0.0,0.0,0.0,7.58,7.58,0.0,0.0,0.63,0.0,0.0,0.0,0.0,0.0,8.0,0.0
T.McKee,PHI,,0.0,0.0,0.0,0.0,0.0,0.0,5.0,-4.0,0.0,0.0,0.0,0.0,0.0,0.0,-0.4,-0.4,0.0,0.0,0.0,2,0.0,0.0,0.0,0.0,0.0,2.5,-2.0,0.0,0.0,0.0,0.0,-0.2,-0.2,0.0,0.0,1.04,0.0,0.0,0.0,0.0,0.0,8.0,0.0
T.McLaurin,WAS,,0.0,0.0,0.0,0.0,0.0,0.0,0.0,0.0,0.0,60.0,38.0,582.0,3.0,839.0,76.2,114.2,0.0,0.0,0.0,10,0.0,0.0,0.0,0.0,0.0,0.0,0.0,6.0,3.8,58.2,83.9,11.42,7.62,13.76,22.37,0.0,0.0,0.0,3.67,0.0,8.0,0.0,3.0
T.McMillan,CAR,,0.0,0.0,0.0,0.0,0.0,0.0,0.0,0.0,0.0,122.0,70.0,1013.0,7.0,1410.0,143.3,213.3,0.0,0.0,0.0,17,0.0,0.0,0.0,0.0,0.0,0.0,0.0,7.176,4.118,59.588,82.941,12.547,8.429,25.31,43.26,0.0,0.0,0.0,7.25,0.0,15.0,0.0,3.0
T.Patrick,JAX,,0.0,0.0,0.0,0.0,0.0,0.0,0.0,0.0,0.0,24.0,15.0,187.0,3.0,258.0,36.7,51.7,0.0,0.0,0.0,13,0.0,0.0,0.0,0.0,0.0,0.0,0.0,1.846,1.154,14.385,19.846,3.977,2.823,4.37,5.29,0.0,0.0,0.0,3.11,0.0,9.0,0.0,1.0
T.Penning,LAC,,0.0,0.0,0.0,0.0,0.0,0.0,0.0,0.0,0.0,1.0,0.0,0.0,0.0,5.0,0.0,0.0,0.0,0.0,0.0,1,0.0,0.0,0.0,0.0,0.0,0.0,0.0,1.0,0.0,0.0,5.0,0.0,0.0,0.18,0.11,0.0,0.0,0.0,0.41,0.0,1.0,0.0,1.0
T.Pollard,TEN,,0.0,0.0,0.0,0.0,0.0,0.0,242.0,1082.0,5.0,41.0,33.0,206.0,0.0,12.0,158.8,191.8,0.0,0.0,0.0,17,0.0,0.0,0.0,0.0,0.0,14.235,63.647,2.412,1.941,12.118,0.706,11.282,9.341,7.74,0.31,64.02,0.0,0.0,13.16,19.0,1.0,0.0,4.0
T.Reiman,ARI,,0.0,0.0,0.0,0.0,0.0,0.0,0.0,0.0,0.0,5.0,3.0,18.0,0.0,26.0,1.8,4.8,0.0,0.0,0.0,3,0.0,0.0,0.0,0.0,0.0,0.0,0.0,1.667,1.0,6.0,8.667,1.6,0.6,0.81,0.58,0.0,0.0,0.0,0.0,,,,
T.Shavers,BUF,,0.0,0.0,0.0,0.0,0.0,0.0,0.0,0.0,0.0,23.0,15.0,245.0,1.0,298.0,30.5,45.5,0.0,0.0,0.0,10,0.0,0.0,0.0,0.0,0.0,0.0,0.0,2.3,1.5,24.5,29.8,4.55,3.05,4.71,8.53,0.0,0.0,0.0,0.0,,,,
T.Sherfield,ARI,,0.0,0.0,0.0,0.0,0.0,0.0,0.0,0.0,0.0,1.0,0.0,0.0,0.0,6.0,0.0,0.0,0.0,0.0,0.0,1,0.0,0.0,0.0,0.0,0.0,0.0,0.0,1.0,0.0,0.0,6.0,0.0,0.0,0.16,0.13,0.0,0.0,0.0,0.43,0.0,1.0,0.0,0.0
T.Sherfield,DEN,,0.0,0.0,0.0,0.0,0.0,0.0,0.0,0.0,0.0,4.0,3.0,21.0,0.0,39.0,2.1,5.1,0.0,0.0,0.0,3,0.0,0.0,0.0,0.0,0.0,0.0,0.0,1.333,1.0,7.0,13.0,1.7,0.7,0.68,0.89,0.0,0.0,0.0,0.4,0.0,1.0,0.0,0.0
T.Shough,NO,QB,359.0,221.0,2384.0,10.0,6.0,31.0,46.0,186.0,3.0,0.0,0.0,0.0,0.0,0.0,165.96,165.96,0.0,0.0,0.0,11,32.636,20.091,216.727,0.909,0.545,4.182,16.909,0.0,0.0,0.0,0.0,15.087,15.087,0.0,0.0,10.53,0.0,0.0,7.41,14.0,0.0,28.0,6.0
T.Spears,TEN,,0.0,0.0,0.0,0.0,0.0,0.0,72.0,283.0,2.0,50.0,45.0,264.0,0.0,-115.0,66.7,111.7,0.0,0.0,0.0,13,0.0,0.0,0.0,0.0,0.0,5.538,21.769,3.846,3.462,20.308,-8.846,8.592,5.131,9.43,-2.93,19.05,0.0,0.0,11.18,10.0,7.0,0.0,2.0
T.Tagovailoa,MIA,QB,417.0,260.0,2660.0,20.0,15.0,30.0,20.0,43.0,0.0,0.0,0.0,0.0,0.0,0.0,175.7,175.7,0.0,0.0,0.0,14,29.786,18.571,190.0,1.429,1.071,1.429,3.071,0.0,0.0,0.0,0.0,12.55,12.55,0.0,0.0,4.63,0.0,0.0,1.0,2.0,0.0,62.0,0.0
T.Taylor,NYJ,QB,148.0,80.0,779.0,5.0,5.0,14.0,27.0,143.0,1.0,0.0,0.0,0.0,0.0,0.0,66.46,66.46,0.0,0.0,0.0,6,24.667,13.333,129.833,0.833,0.833,4.5,23.833,0.0,0.0,0.0,0.0,11.077,11.077,0.0,0.0,5.88,0.0,0.0,1.68,3.0,0.0,15.0,0.0
T.Thornton,KC,,0.0,0.0,0.0,0.0,0.0,0.0,0.0,0.0,0.0,37.0,19.0,438.0,3.0,995.0,61.8,80.8,0.0,0.0,0.0,11,0.0,0.0,0.0,0.0,0.0,0.0,0.0,3.364,1.727,39.818,90.455,7.345,5.618,6.7,23.15,0.0,0.0,0.0,1.58,0.0,4.0,0.0,2.0
T.Tracy,NYG,,0.0,0.0,0.0,0.0,0.0,0.0,176.0,740.0,2.0,48.0,36.0,288.0,2.0,19.0,126.8,162.8,0.0,0.0,0.0,15,0.0,0.0,0.0,0.0,0.0,11.733,49.333,3.2,2.4,19.2,1.267,10.853,8.453,9.49,0.44,34.38,0.0,0.0,9.96,21.0,5.0,0.0,2.0
T.Tremble,CAR,,0.0,0.0,0.0,0.0,0.0,0.0,0.0,0.0,0.0,37.0,27.0,249.0,2.0,163.0,36.9,63.900000000000006,0.0,0.0,0.0,15,0.0,0.0,0.0,0.0,0.0,0.0,0.0,2.467,1.8,16.6,10.867,4.26,2.46,7.68,5.0,0.0,0.0,0.0,2.42,0.0,5.0,0.0,0.0
T.Tucker,LV,,0.0,0.0,0.0,0.0,0.0,0.0,11.0,51.0,0.0,92.0,57.0,696.0,5.0,935.0,104.69999999999999,161.7,0.0,0.0,0.0,17,0.0,0.0,0.0,0.0,0.0,0.647,3.0,5.412,3.353,40.941,55.0,9.512,6.159,18.55,29.23,2.97,0.0,0.0,6.79,1.0,10.0,0.0,1.0
T.Wallace,BAL,,0.0,0.0,0.0,0.0,0.0,0.0,0.0,0.0,0.0,8.0,4.0,45.0,1.0,107.0,10.5,14.5,0.0,0.0,0.0,6,0.0,0.0,0.0,0.0,0.0,0.0,0.0,1.333,0.667,7.5,17.833,2.417,1.75,1.96,3.17,0.0,0.0,0.0,0.78,0.0,2.0,0.0,0.0
T.Warren,IND,QB,1.0,0.0,0.0,0.0,0.0,0.0,0.0,0.0,0.0,5.0,4.0,44.0,1.0,33.0,10.4,14.4,0.0,0.0,0.0,1,1.0,0.0,0.0,0.0,0.0,0.0,0.0,5.0,4.0,44.0,33.0,14.4,10.4,0.93,0.77,0.0,0.0,0.0,10.04,4.0,23.0,1.0,9.0
T.Warren,IND,,0.0,0.0,0.0,0.0,0.0,0.0,6.0,8.0,1.0,109.0,72.0,773.0,3.0,569.0,102.10000000000001,174.1,0.0,0.0,0.0,16,0.0,0.0,0.0,0.0,0.0,0.375,0.5,6.812,4.5,48.312,35.562,10.881,6.381,20.34,13.31,1.35,0.0,0.0,10.04,4.0,23.0,1.0,9.0
T.Washington,MIA,,0.0,0.0,0.0,0.0,0.0,0.0,0.0,0.0,0.0,5.0,3.0,37.0,0.0,124.0,3.7,6.699999999999999,0.0,0.0,0.0,2,0.0,0.0,0.0,0.0,0.0,0.0,0.0,2.5,1.5,18.5,62.0,3.35,1.85,1.08,3.76,0.0,0.0,0.0,0.5,0.0,1.0,0.0,0.0
T.Wease,MIA,,0.0,0.0,0.0,0.0,0.0,0.0,0.0,0.0,0.0,10.0,6.0,139.0,1.0,137.0,19.9,25.9,0.0,0.0,0.0,3,0.0,0.0,0.0,0.0,0.0,0.0,0.0,3.333,2.0,46.333,45.667,8.633,6.633,2.15,4.15,0.0,0.0,0.0,0.5,0.0,1.0,0.0,0.0
T.Williams,CLE,,0.0,0.0,0.0,0.0,0.0,0.0,7.0,37.0,0.0,8.0,7.0,55.0,0.0,-33.0,9.2,16.2,0.0,0.0,0.0,4,0.0,0.0,0.0,0.0,0.0,1.75,9.25,2.0,1.75,13.75,-8.25,4.05,2.3,1.53,-0.92,1.65,0.0,0.0,1.13,0.0,2.0,0.0,0.0
T.Williams,LAC,,0.0,0.0,0.0,0.0,0.0,0.0,3.0,-1.0,0.0,1.0,1.0,0.0,0.0,-1.0,-0.1,0.9,0.0,0.0,0.0,1,0.0,0.0,0.0,0.0,0.0,3.0,-1.0,1.0,1.0,0.0,-1.0,0.9,-0.1,0.18,-0.02,0.64,0.0,0.0,0.0,,,,
T.Wirfs,TB,,0.0,0.0,0.0,0.0,0.0,0.0,0.0,0.0,0.0,1.0,1.0,2.0,1.0,1.0,6.2,7.2,0.0,0.0,0.0,1,0.0,0.0,0.0,0.0,0.0,0.0,0.0,1.0,1.0,2.0,1.0,7.2,6.2,0.18,0.02,0.0,0.0,0.0,0.46,0.0,1.0,0.0,1.0
Ty.Johnson,BUF,,0.0,0.0,0.0,0.0,0.0,0.0,50.0,200.0,3.0,33.0,24.0,231.0,2.0,-39.0,73.1,97.1,0.0,0.0,0.0,17,0.0,0.0,0.0,0.0,0.0,2.941,11.765,1.941,1.412,13.588,-2.294,5.712,4.3,6.76,-1.12,9.14,0.0,0.0,8.24,19.0,4.0,0.0,6.0
U.Bentley,IND,,0.0,0.0,0.0,0.0,0.0,0.0,1.0,0.0,0.0,0.0,0.0,0.0,0.0,0.0,0.0,0.0,0.0,0.0,0.0,1,0.0,0.0,0.0,0.0,0.0,1.0,0.0,0.0,0.0,0.0,0.0,0.0,0.0,0.0,0.0,0.23,0.0,0.0,0.0,,,,
V.Jefferson,TEN,,0.0,0.0,0.0,0.0,0.0,0.0,0.0,0.0,0.0,52.0,29.0,350.0,1.0,623.0,41.0,70.0,0.0,0.0,0.0,14,0.0,0.0,0.0,0.0,0.0,0.0,0.0,3.714,2.071,25.0,44.5,5.0,2.929,9.81,15.88,0.0,0.0,0.0,1.97,0.0,3.0,0.0,1.0
V.Jones,SEA,,0.0,0.0,0.0,0.0,0.0,0.0,4.0,32.0,0.0,0.0,0.0,0.0,0.0,0.0,3.2,3.2,0.0,0.0,0.0,1,0.0,0.0,0.0,0.0,0.0,4.0,32.0,0.0,0.0,0.0,0.0,3.2,3.2,0.0,0.0,0.79,0.0,0.0,0.0,,,,
W.Dissly,LAC,,0.0,0.0,0.0,0.0,0.0,0.0,0.0,0.0,0.0,16.0,11.0,97.0,0.0,72.0,9.7,20.7,0.0,0.0,0.0,8,0.0,0.0,0.0,0.0,0.0,0.0,0.0,2.0,1.375,12.125,9.0,2.588,1.212,2.94,1.63,0.0,0.0,0.0,0.41,0.0,1.0,0.0,0.0
W.Mallory,IND,,0.0,0.0,0.0,0.0,0.0,0.0,0.0,0.0,0.0,1.0,1.0,16.0,0.0,16.0,1.6,2.6,0.0,0.0,0.0,1,0.0,0.0,0.0,0.0,0.0,0.0,0.0,1.0,1.0,16.0,16.0,2.6,1.6,0.19,0.37,0.0,0.0,0.0,0.0,,,,
W.Marks,HOU,,0.0,0.0,0.0,0.0,0.0,0.0,196.0,703.0,2.0,36.0,24.0,208.0,3.0,77.0,121.1,145.1,0.0,0.0,0.0,16,0.0,0.0,0.0,0.0,0.0,12.25,43.938,2.25,1.5,13.0,4.812,9.069,7.569,6.46,1.68,41.18,0.0,0.0,16.87,33.0,8.0,0.0,11.0
W.Robinson,NYG,,0.0,0.0,0.0,0.0,0.0,0.0,3.0,5.0,0.0,141.0,92.0,1014.0,4.0,1187.0,125.9,217.89999999999998,0.0,0.0,0.0,16,0.0,0.0,0.0,0.0,0.0,0.188,0.312,8.812,5.75,63.375,74.188,13.619,7.869,27.87,27.53,0.59,0.0,0.0,5.36,0.0,14.0,0.0,6.0
W.Shipley,PHI,,0.0,0.0,0.0,0.0,0.0,0.0,14.0,49.0,0.0,12.0,9.0,56.0,0.0,-10.0,10.5,19.5,0.0,0.0,0.0,11,0.0,0.0,0.0,0.0,0.0,1.273,4.455,1.091,0.818,5.091,-0.909,1.773,0.955,2.58,-0.24,2.92,0.0,0.0,0.47,0.0,1.0,0.0,0.0
X.Gipson,PHI,,0.0,0.0,0.0,0.0,0.0,0.0,0.0,0.0,0.0,2.0,2.0,6.0,0.0,-9.0,0.6,2.6,0.0,0.0,0.0,2,0.0,0.0,0.0,0.0,0.0,0.0,0.0,1.0,1.0,3.0,-4.5,1.3,0.3,0.43,-0.21,0.0,0.0,0.0,0.47,0.0,1.0,0.0,0.0
X.Hutchinson,HOU,,0.0,0.0,0.0,0.0,0.0,0.0,3.0,22.0,0.0,57.0,35.0,428.0,3.0,584.0,63.0,98.0,0.0,0.0,0.0,16,0.0,0.0,0.0,0.0,0.0,0.188,1.375,3.562,2.188,26.75,36.5,6.125,3.938,10.23,12.71,0.63,0.0,0.0,3.29,1.0,7.0,0.0,3.0
X.Legette,CAR,,0.0,0.0,0.0,0.0,0.0,0.0,1.0,0.0,0.0,64.0,35.0,363.0,3.0,633.0,54.3,89.3,0.0,0.0,0.0,15,0.0,0.0,0.0,0.0,0.0,0.067,0.0,4.267,2.333,24.2,42.2,5.953,3.62,13.28,19.42,0.22,0.0,0.0,5.8,0.0,12.0,0.0,2.0
X.Restrepo,TEN,,0.0,0.0,0.0,0.0,0.0,0.0,0.0,0.0,0.0,7.0,3.0,41.0,0.0,77.0,4.1,7.1,0.0,0.0,0.0,2,0.0,0.0,0.0,0.0,0.0,0.0,0.0,3.5,1.5,20.5,38.5,3.55,2.05,1.32,1.96,0.0,0.0,0.0,0.66,0.0,1.0,0.0,0.0
X.Smith,LA,,0.0,0.0,0.0,0.0,0.0,0.0,0.0,0.0,0.0,24.0,18.0,303.0,0.0,405.0,30.3,48.3,0.0,0.0,0.0,10,0.0,0.0,0.0,0.0,0.0,0.0,0.0,2.4,1.8,30.3,40.5,4.83,3.03,4.13,7.65,0.0,0.0,0.0,1.0,0.0,3.0,0.0,0.0
X.Weaver,ARI,,0.0,0.0,0.0,0.0,0.0,0.0,0.0,0.0,0.0,13.0,7.0,67.0,0.0,192.0,6.699999999999999,13.7,0.0,0.0,0.0,6,0.0,0.0,0.0,0.0,0.0,0.0,0.0,2.167,1.167,11.167,32.0,2.283,1.117,2.1,4.31,0.0,0.0,0.0,1.28,0.0,3.0,0.0,0.0
X.Worthy,KC,,0.0,0.0,0.0,0.0,0.0,0.0,11.0,87.0,0.0,73.0,42.0,532.0,1.0,944.0,67.9,109.9,0.0,0.0,0.0,14,0.0,0.0,0.0,0.0,0.0,0.786,6.214,5.214,3.0,38.0,67.429,7.85,4.85,13.22,21.96,2.56,0.0,0.0,2.37,0.0,6.0,0.0,1.0
Z.Charbonnet,SEA,,0.0,0.0,0.0,0.0,0.0,0.0,185.0,730.0,12.0,24.0,20.0,144.0,0.0,40.0,159.4,179.4,0.0,0.0,0.0,16,0.0,0.0,0.0,0.0,0.0,11.562,45.625,1.5,1.25,9.0,2.5,11.212,9.962,5.25,1.09,36.42,0.0,0.0,21.15,52.0,3.0,0.0,20.0
Z.Ertz,WAS,,0.0,0.0,0.0,0.0,0.0,0.0,0.0,0.0,0.0,73.0,50.0,504.0,4.0,656.0,74.4,124.39999999999999,0.0,0.0,0.0,13,0.0,0.0,0.0,0.0,0.0,0.0,0.0,5.615,3.846,38.769,50.462,9.569,5.723,16.74,17.49,0.0,0.0,0.0,4.13,0.0,9.0,0.0,4.0
Z.Flowers,BAL,,0.0,0.0,0.0,0.0,0.0,0.0,10.0,62.0,1.0,119.0,86.0,1211.0,5.0,1204.0,163.3,249.3,0.0,0.0,0.0,17,0.0,0.0,0.0,0.0,0.0,0.588,3.647,7.0,5.059,71.235,70.824,14.665,9.606,29.1,35.66,1.97,0.0,0.0,5.04,1.0,12.0,0.0,2.0
Z.Jones,ARI,,0.0,0.0,0.0,0.0,0.0,0.0,0.0,0.0,0.0,18.0,12.0,183.0,0.0,241.0,18.3,30.3,0.0,0.0,0.0,6,0.0,0.0,0.0,0.0,0.0,0.0,0.0,3.0,2.0,30.5,40.167,5.05,3.05,2.9,5.42,0.0,0.0,0.0,0.85,0.0,2.0,0.0,1.0
Z.Knight,ARI,,0.0,0.0,0.0,0.0,0.0,0.0,83.0,269.0,4.0,31.0,22.0,160.0,1.0,37.0,72.9,94.9,0.0,0.0,0.0,10,0.0,0.0,0.0,0.0,0.0,8.3,26.9,3.1,2.2,16.0,3.7,9.49,7.29,5.0,0.83,22.62,0.0,0.0,9.83,17.0,6.0,0.0,9.0
Z.Mitchell-Paden,BAL,,0.0,0.0,0.0,0.0,0.0,0.0,0.0,0.0,0.0,2.0,1.0,3.0,0.0,4.0,0.3,1.3,0.0,0.0,0.0,2,0.0,0.0,0.0,0.0,0.0,0.0,0.0,1.0,0.5,1.5,2.0,0.65,0.15,0.49,0.12,0.0,0.0,0.0,0.39,0.0,1.0,0.0,1.0
Z.Mitchell-Paden,NO,,0.0,0.0,0.0,0.0,0.0,0.0,0.0,0.0,0.0,1.0,1.0,14.0,0.0,9.0,1.4,2.4,0.0,0.0,0.0,1,0.0,0.0,0.0,0.0,0.0,0.0,0.0,1.0,1.0,14.0,9.0,2.4,1.4,0.18,0.19,0.0,0.0,0.0,0.0,,,,
Z.Scott,MIN,,0.0,0.0,0.0,0.0,0.0,0.0,32.0,114.0,0.0,16.0,14.0,98.0,1.0,17.0,27.2,41.2,0.0,0.0,0.0,9,0.0,0.0,0.0,0.0,0.0,3.556,12.667,1.778,1.556,10.889,1.889,4.578,3.022,3.39,0.46,7.8,0.0,0.0,2.84,3.0,3.0,0.0,1.0
Z.White,LV,,0.0,0.0,0.0,0.0,0.0,0.0,12.0,32.0,0.0,6.0,4.0,24.0,0.0,-3.0,5.6,9.6,0.0,0.0,0.0,5,0.0,0.0,0.0,0.0,0.0,2.4,6.4,1.2,0.8,4.8,-0.6,1.92,1.12,1.21,-0.09,3.24,0.0,0.0,0.0,,,,
Z.Wilson,MIA,QB,11.0,6.0,32.0,0.0,0.0,0.0,1.0,3.0,0.0,0.0,0.0,0.0,0.0,0.0,1.58,1.58,0.0,0.0,0.0,3,3.667,2.0,10.667,0.0,0.0,0.333,1.0,0.0,0.0,0.0,0.0,0.527,0.527,0.0,0.0,0.23,0.0,0.0,0.0,,,,
Z.Wilson,MIA,,0.0,0.0,0.0,0.0,0.0,0.0,2.0,-2.0,0.0,0.0,0.0,0.0,0.0,0.0,-0.2,-0.2,0.0,0.0,0.0,1,0.0,0.0,0.0,0.0,0.0,2.0,-2.0,0.0,0.0,0.0,0.0,-0.2,-0.2,0.0,0.0,0.46,0.0,0.0,0.0,,,,
